state,district,market,commodity,variety,grade,arrival_date,min_price,max_price,modal_price
Andhra Pradesh,NTR,Nandigama APMC,Maize,Hybrid,Grade Range-1,12/09/2026,2350,2350,2350
Andhra Pradesh,NTR,Nandigama APMC,Dry Chillies,Dry Chillies,Grade Range-1,12/09/2026,21500,21500,21500
Andhra Pradesh,Nandyal,Atmakur (Nandyal District) APMC,Paddy(Common),Sona,FAQ,12/09/2026,2300,2441,2400
Andhra Pradesh,Prakasam,Addanki APMC,Paddy(Common),Paddy,FAQ,12/09/2026,2400,2420,2410
Andhra Pradesh,Kakinada,Peddapuram APMC,Paddy(Common),1001,FAQ,12/09/2026,2369,2400,2395
Andhra Pradesh,YSR Kadapa,Pulivendala APMC,Mousambi(Sweet Lime),Other,Grade B,12/09/2026,600,1700,1200
Andhra Pradesh,Prakasam,Maddipadu APMC,Bajra(Pearl Millet/Cumbu),Bold,FAQ,12/09/2026,2850,2850,2850
Andhra Pradesh,Markapuram,Cumbum APMC,Cotton,Other,FAQ,12/09/2026,7900,8200,8200
Andhra Pradesh,Annamayya,B.Kothakota H/Q Angallu,Tomato,Local,FAQ,12/09/2026,1100,1800,1400
Andhra Pradesh,Alluri Sitharama Raju,Araku Valley APMC,Ginger(Dry),Ginger-Organic,Grade Range-1,12/09/2026,12000,12000,12000
Andhra Pradesh,Palnadu,Gurazala APMC,Chili Red,Red,Grade Range-1,12/09/2026,17000,28000,25600
Andhra Pradesh,Markapuram,Kanigiri APMC,Red gram/Arhar/Tur(whole),(Whole),Local,12/09/2026,8600,8800,8700
Andhra Pradesh,Anakapally,Payakaraopeta APMC,Green Gram(Moong)(Whole),Local,Local,12/09/2026,8760,8780,8770
Andhra Pradesh,Anakapally,Payakaraopeta APMC,Cashewnuts,Local(Raw),Local,12/09/2026,10000,11000,10500
Andhra Pradesh,Markapuram,Podili APMC,Red gram/Arhar/Tur(whole),Arhar (Whole),Non-FAQ,12/09/2026,8000,8200,8100
Andhra Pradesh,Prakasam,Darsi APMC,Paddy(Common),B P T,Local,12/09/2026,2500,2600,2600
Andhra Pradesh,Kurnool,Pattikonda APMC,Tomato,Local,FAQ,12/09/2026,1100,1800,1400
Andhra Pradesh,Annamayya,Valmikipuram APMC,Tomato,Hybrid,FAQ,12/09/2026,1280,1680,1480
Andhra Pradesh,Kakinada,Jaggampet APMC,Paddy(Common),Common,FAQ,12/09/2026,2369,2380,2369
Andhra Pradesh,Visakhapatnam,Bhimunipatnam APMC,Ragi(Finger Millet),Local,Local,12/09/2026,5000,5000,5000
Andhra Pradesh,Chittor,V. Kota Sub-yard of AMC Palamaneru,Tomato,Other,FAQ,12/09/2026,1100,1660,1400
Andhra Pradesh,Prakasam,Santhamaguluru APMC,Maize,Hybrid,FAQ,12/09/2026,2400,2480,2450
Andhra Pradesh,Prakasam,Santhamaguluru APMC,Paddy(Common),B P T,FAQ,12/09/2026,2500,2580,2550
Andhra Pradesh,Nandyal,Allagadda APMC,Maize,Local,FAQ,12/09/2026,1990,2100,2050
Andhra Pradesh,Prakasam,Addanki APMC,Bengal Gram(Gram)(Whole),Gulabi,Local,12/09/2026,6000,6100,6060
Andhra Pradesh,Annamayya,Guramkonda Sub-yard of AMC Valmikipuram,Tomato,Hybrid,FAQ,12/09/2026,1280,1680,1480
Andhra Pradesh,Srikakulam,Hiramandalam APMC,Maize,Medium,Local,12/09/2026,2200,2200,2200
Andhra Pradesh,Bapatla,Chirala APMC,Paddy(Common),B P T,Local,12/09/2026,2400,2500,2450
Andhra Pradesh,East Godavari,Gopalapuram APMC,Maize,Local,Local,12/09/2026,2410,2410,2410
Andhra Pradesh,NTR,Jaggayyapeta APMC,Wood,Subabul,Grade Range-1,12/09/2026,550,550,550
Andhra Pradesh,Ananthapuramu,RAYADURG APMC,Maize,Local,Grade Range-1,12/09/2026,2200,2600,2400
Andhra Pradesh,Dr.B.R.A.Konaseema,Razole APMC,Coconut,Medium,FAQ,12/09/2026,18500,19000,18500
Andhra Pradesh,Polavaram,Rampachodvaram APMC,Paddy(Common),1001,Grade Range-2,12/09/2026,2369,2389,2379
Andhra Pradesh,Kakinada,Karapa APMC,Paddy(Common),1001,FAQ,12/09/2026,2362,2369,2365
Andhra Pradesh,Annamayya,Punganur APMC,Tomato,Hybrid,FAQ,12/09/2026,1140,1670,1400
Andhra Pradesh,Kakinada,Prattipadu APMC,Paddy(Common),1001,FAQ,12/09/2026,2369,2389,2379
Andhra Pradesh,Annamayya,Kalikiri APMC,Tomato,Hybrid,FAQ,12/09/2026,1200,1800,1500
Andhra Pradesh,NTR,Nandigama APMC,Paddy(Common),B P T,Grade Range-1,12/09/2026,2340,2340,2340
Andhra Pradesh,NTR,Nandigama APMC,Wood,Subabul,Grade Range-1,12/09/2026,510,510,510
Andhra Pradesh,Tirupathi,Pakala APMC,Gur(Jaggery),NO 3,Local,12/09/2026,2900,2900,2900
Andhra Pradesh,Prakasam,Addanki APMC,Maize,Local,FAQ,12/09/2026,2400,2410,2400
Andhra Pradesh,SPSR Nellore,Kavali APMC,Paddy(Common),Other,Local,12/09/2026,2380,2450,2410
Andhra Pradesh,Srikakulam,Etcherla APMC,Paddy(Common),1121,FAQ,12/09/2026,2369,2369,2369
Andhra Pradesh,Eluru,Kaikaluru APMC,Paddy(Common),MTU-1001,Local,12/09/2026,2440,2440,2440
Andhra Pradesh,Srikakulam,Jalumuru APMC,Paddy(Common),1121,FAQ,12/09/2026,2369,2369,2369
Andhra Pradesh,Ananthapuramu,Guntakal APMC,Bengal Gram(Gram)(Whole),Gulabi,Local,12/09/2026,6000,6200,6100
Andhra Pradesh,Srikakulam,Kothabommali APMC,Paddy(Common),Paddy,Local,12/09/2026,3100,3100,3100
Andhra Pradesh,Annamayya,Madanapalli APMC,Tomato,Local,FAQ,12/09/2026,1500,1900,1700
Andhra Pradesh,Anakapally,Payakaraopeta APMC,Banana,Karpura,Local,12/09/2026,1500,1600,1550
Andhra Pradesh,Anakapally,Payakaraopeta APMC,Mango,Other,Local,12/09/2026,2400,2500,2450
Andhra Pradesh,Anakapally,Payakaraopeta APMC,Paddy(Common),1001,Local,12/09/2026,2421,2441,2431
Andhra Pradesh,Annamayya,Mulakalacheruvu APMC,Tomato,Local,FAQ,12/09/2026,1000,1800,1400
Andhra Pradesh,Prakasam,Darsi APMC,Cotton,Desi,Local,12/09/2026,8100,8200,8200
Andhra Pradesh,SPSR Nellore,Atmakur (SPSR Nellore District) APMC,Paddy(Common),Nellore Sanna,FAQ,12/09/2026,2380,2500,2441
Andhra Pradesh,Kakinada,Kakinada (Urban) APMC,Paddy(Common),Common,FAQ,12/09/2026,2369,2390,2375
Andhra Pradesh,SPSR Nellore,Sarvepalli APMC,Lime,Lime,Grade A,12/09/2026,7000,14000,12000
Andhra Pradesh,Prakasam,Maddipadu APMC,Paddy(Common),B P T,FAQ,12/09/2026,2800,2800,2800
Andhra Pradesh,Prakasam,Maddipadu APMC,Bengal Gram(Gram)(Whole),Gulabi,FAQ,12/09/2026,6000,6000,6000
Andhra Pradesh,Annamayya,Somala APMC,Tomato,Tomato,FAQ,12/09/2026,1000,1400,1200
Andhra Pradesh,Nandyal,Koilkunta APMC,Jowar(Sorghum),Jowar ( White),FAQ,12/09/2026,3000,3400,3200
Andhra Pradesh,Prakasam,Kondapi APMC,Bengal Gram(Gram)(Whole),Average (Whole),Local,12/09/2026,5400,5800,5600
Andhra Pradesh,SPSR Nellore,Udayagiri APMC,Paddy(Common),Paddy,Local,12/09/2026,2444,2464,2454
Andhra Pradesh,Srikakulam,Etcherla APMC,Maize,Deshi White,Local,12/09/2026,2400,2400,2400
Andhra Pradesh,YSR Kadapa,Simhadhripuram APMC,Maize,Hybrid/Local,FAQ,12/09/2026,2150,2550,2350
Andhra Pradesh,Palnadu,Gurazala APMC,Chili Red,Red,Local,12/09/2026,16000,23000,20500
Andhra Pradesh,Srikakulam,Hiramandalam APMC,Paddy(Common),Masuri,Local,12/09/2026,2400,2400,2400
Andhra Pradesh,Ananthapuramu,Kalyandurg APMC,Groundnut,Local,Grade Range-1,12/09/2026,8000,8500,8300
Andhra Pradesh,Markapuram,Giddalur APMC,Bengal Gram(Gram)(Whole),Other,FAQ,12/09/2026,5850,6000,5950
Andhra Pradesh,Kakinada,Pithapuram APMC,Paddy(Common),1001,FAQ,12/09/2026,2369,2389,2379
Andhra Pradesh,Anakapally,Yellamanchili APMC,Paddy(Common),1001,Local,12/09/2026,2390,2450,2400
Andhra Pradesh,Kakinada,Tuni APMC,Cashewnuts,Local(Raw),FAQ,12/09/2026,13000,13000,13000
Andhra Pradesh,Guntur,Phirangipuram APMC,Cotton,Cotton (Unginned),Local,12/09/2026,7500,8700,8100
Andhra Pradesh,Kakinada,Samalkot APMC,Paddy(Common),Paddy,FAQ,12/09/2026,2440,2450,2441
Andhra Pradesh,Kurnool,Kurnool APMC,Castor Seed,Other,FAQ,12/09/2026,7120,7179,7179
Andhra Pradesh,Srikakulam,Narasannapet APMC,Paddy(Common),Paddy,FAQ,12/09/2026,2369,2369,2369
Andhra Pradesh,Chittor,Palamaner APMC,Tomato,Tomato,FAQ,12/09/2026,1200,1800,1500
Andhra Pradesh,SPSR Nellore,Gudur APMC,Paddy(Common),MTU-1010,Local,12/09/2026,2389,2470,2430
Andhra Pradesh,Markapuram,Markapur APMC,Cotton,Desi,FAQ,12/09/2026,8000,8000,8000
Andhra Pradesh,Dr.B.R.A.Konaseema,Mummidivaram APMC,Prawn,Prawn-White Prawn,FAQ,12/09/2026,20000,21000,20000
Andhra Pradesh,Dr.B.R.A.Konaseema,Mummidivaram APMC,Coconut,Medium,FAQ,12/09/2026,17000,18000,17500
Andhra Pradesh,Kakinada,Sampara (Kakinada Rural) APMC,Paddy(Common),1001,FAQ,12/09/2026,2369,2389,2379
Bihar,Madhubani,Madhubani APMC,Cauliflower,Cauliflower,FAQ,12/09/2026,9000,9800,9500
Bihar,Madhubani,Madhubani APMC,Bhindi(Ladies Finger),Bhindi,FAQ,12/09/2026,1000,1200,1100
Bihar,Supaul,Supaul APMC,Potato,Potato,Grade A,12/09/2026,1200,1600,1400
Bihar,Bhagalpur,Bihpur APMC,Pointed gourd(Parval),Other,Local,12/09/2026,4500,4500,4500
Bihar,Madhubani,Madhubani APMC,Potato,Red,FAQ,12/09/2026,1100,1300,1200
Bihar,Aurangabad,Daunagar APMC,Brinjal,Brinjal,Local,12/09/2026,2800,4000,3200
Bihar,East Champaran/ Motihari,Raxaul APMC,Potato,Red Nanital,Grade A,12/09/2026,1400,1600,1500
Bihar,Aurangabad,Daunagar APMC,Onion,1st Sort,Local,12/09/2026,4000,4800,4500
Bihar,Aurangabad,Daunagar APMC,Garlic,Average,Local,12/09/2026,14500,18000,16000
Bihar,Bhagalpur,Bihpur APMC,Bitter gourd,Bitter Gourd,Local,12/09/2026,2500,2500,2500
Bihar,East Champaran/ Motihari,Raxaul APMC,Bhindi(Ladies Finger),Bhindi,Grade A,12/09/2026,900,1100,1000
Bihar,East Champaran/ Motihari,Raxaul APMC,Bitter gourd,Bitter Gourd,Grade A,12/09/2026,1100,1300,1200
Bihar,Aurangabad,Daunagar APMC,Potato,Red Nanital,Local,12/09/2026,900,1100,1000
Bihar,Supaul,Birpur APMC,Onion,Hybrid,Grade A,12/09/2026,3000,3500,3200
Bihar,East Champaran/ Motihari,Raxaul APMC,Pointed gourd(Parval),Other,Grade A,12/09/2026,2700,2900,2800
Bihar,East Champaran/ Motihari,Raxaul APMC,Onion,1st Sort,Grade A,12/09/2026,4200,4400,4300
Bihar,Madhubani,Madhubani APMC,Brinjal,Brinjal,FAQ,12/09/2026,3300,3500,3400
Bihar,Madhubani,Madhubani APMC,Tomato,Tomato,FAQ,12/09/2026,3700,3900,3800
Bihar,Madhubani,Madhubani APMC,Onion,Nasik,FAQ,12/09/2026,4500,4800,4600
Bihar,Supaul,Supaul APMC,Bhindi(Ladies Finger),Bhindi,Grade A,12/09/2026,1700,2100,1900
Goa,North Goa,Mapusa APMC,Mango,Neelam,Medium,12/09/2026,4000,8000,5000
Goa,North Goa,Mapusa APMC,Chikoos(Sapota),Sapota,Medium,12/09/2026,5000,8000,6000
Goa,North Goa,Mapusa APMC,Onion,Onion,FAQ,12/09/2026,2000,3100,2800
Goa,North Goa,Mapusa APMC,Mousambi(Sweet Lime),Mousambi,Medium,12/09/2026,5000,8000,6500
Goa,North Goa,Mapusa APMC,Orange,Orange,Medium,12/09/2026,5000,8000,6500
Goa,North Goa,Mapusa APMC,Green Chilli,Green Chilly,FAQ,12/09/2026,4100,4100,4100
Goa,North Goa,Mapusa APMC,Papaya,Papaya,Medium,12/09/2026,10,25,15
Goa,North Goa,Mapusa APMC,Water Melon,Water Melon,Medium,12/09/2026,2000,2500,2250
Goa,North Goa,Mapusa APMC,Potato,Potato,FAQ,12/09/2026,1200,1700,1600
Goa,North Goa,Mapusa APMC,Apple,Apple,Medium,12/09/2026,12000,18000,15000
Goa,North Goa,Mapusa APMC,Banana,Other,Medium,12/09/2026,3000,7000,5000
Goa,North Goa,Mapusa APMC,Coconut,Other,FAQ,12/09/2026,30,50,40
Goa,North Goa,Mapusa APMC,Marigold(loose),Other,FAQ,12/09/2026,5000,8000,6500
Gujarat,Porbandar,Porbandar APMC,Chikoos(Sapota),Other,Grade A,12/09/2026,10000,11000,10500
Gujarat,Porbandar,Porbandar APMC,Mousambi(Sweet Lime),Mousambi,Grade A,12/09/2026,2500,3500,3000
Gujarat,Gandhinagar,Kalol APMC,Bajra(Pearl Millet/Cumbu),Other,Local,12/09/2026,2300,2305,2300
Gujarat,Gandhinagar,Dehgam APMC,Paddy(Common),Other,FAQ,12/09/2026,2250,2550,2400
Gujarat,Gandhinagar,Dehgam APMC,Castor Seed,Other,FAQ,12/09/2026,7350,7400,7375
Gujarat,Navsari,Navsari APMC,Brinjal,Brinjal,Local,12/09/2026,1500,2500,2000
Gujarat,Navsari,Navsari APMC,Tomato,Tomato,Grade A,12/09/2026,1000,3000,2000
Gujarat,Navsari,Navsari APMC,Cauliflower,Cauliflower,Local,12/09/2026,3000,4000,3500
Gujarat,Navsari,Navsari APMC,Little gourd(Kundru),Little gourd (Kundru),Local,12/09/2026,3500,4000,3750
Gujarat,Navsari,Navsari APMC,Bottle gourd,Bottle Gourd,Local,12/09/2026,1000,1250,1125
Gujarat,Banaskanth,Panthawada APMC,Guar Seed(Cluster Beans Seed),Other,Local,12/09/2026,5760,5760,5760
Gujarat,Gandhinagar,"Kalol(Veg,Market,Kalol) APMC",Green Chilli,Green Chilly,Local,12/09/2026,2000,2750,2250
Gujarat,Gandhinagar,"Kalol(Veg,Market,Kalol) APMC",Lemon,Other,Local,12/09/2026,2750,4250,3000
Gujarat,Dahod,Dahod(Veg. Market) APMC,Little gourd(Kundru),Little gourd (Kundru),Local,12/09/2026,1500,3500,2500
Gujarat,Dahod,Dahod(Veg. Market) APMC,Brinjal,Brinjal,Local,12/09/2026,500,2500,1500
Gujarat,Dahod,Dahod(Veg. Market) APMC,Tomato,Tomato,Local,12/09/2026,500,2000,1500
Gujarat,Dahod,Dahod(Veg. Market) APMC,Pea Pod/Pea Cod/हरी मटर,Peas cod,Local,12/09/2026,10000,12000,11000
Gujarat,Dahod,Dahod(Veg. Market) APMC,Elephant Yam(Suran)/Amorphophallus,Elephant Yam (Suran),Local,12/09/2026,3000,5000,4000
Gujarat,Dahod,Dahod(Veg. Market) APMC,Lemon,Lemon,Local,12/09/2026,6000,12000,9000
Gujarat,Dahod,Dahod(Veg. Market) APMC,Green Chilli,Green Chilly,Local,12/09/2026,500,2500,1500
Gujarat,Sabarkantha,Himatnagar(Veg.Market Himatnagar) APMC,Bottle gourd,Bottle Gourd,Local,12/09/2026,250,500,450
Gujarat,Sabarkantha,Himatnagar(Veg.Market Himatnagar) APMC,Lemon,Other,Local,12/09/2026,5000,5500,5500
Gujarat,Sabarkantha,Himatnagar(Veg.Market Himatnagar) APMC,Tomato,Tomato,Local,12/09/2026,1500,2000,1820
Gujarat,Anand,"Anand(Veg,Yard,Anand) APMC",Cabbage,Cabbage,Grade B,12/09/2026,1000,1750,1375
Gujarat,Anand,"Anand(Veg,Yard,Anand) APMC",Ginger(Green),Green Ginger,Grade B,12/09/2026,10000,12500,11250
Gujarat,Sabarkantha,Modasa(Tintoi) APMC,Bajra(Pearl Millet/Cumbu),Hybrid,Non-FAQ,12/09/2026,2125,2200,2200
Gujarat,Rajkot,Rajkot APMC,Wheat,Sharbati,FAQ,12/09/2026,2775,3170,2860
Gujarat,Rajkot,Rajkot APMC,Groundnut,G20,FAQ,12/09/2026,5805,9020,7850
Gujarat,Rajkot,Rajkot APMC,Groundnut,Bold,FAQ,12/09/2026,6205,7675,6800
Gujarat,Rajkot,Rajkot APMC,Red gram/Arhar/Tur(whole),Arhar (Whole),FAQ,12/09/2026,6000,8555,7500
Gujarat,Morbi,Morbi APMC,"Sesamum(Sesame,Gingelly,Til)",White,FAQ,12/09/2026,9130,12250,10690
Gujarat,Morbi,Morbi APMC,Cummin Seed(Jeera),Cummin Seed(Jeera),FAQ,12/09/2026,16500,19000,18100
Gujarat,Morbi,Morbi APMC,Green Chilli,Green Chilly,FAQ,12/09/2026,1000,1500,1250
Gujarat,Surendranagar,Vadhvan APMC,Potato,Potato,Medium,12/09/2026,1500,2000,1750
Gujarat,Surendranagar,Vadhvan APMC,Coriander(Leaves),Coriander,Medium,12/09/2026,1000,1500,1250
Gujarat,Surendranagar,Vadhvan APMC,Spinach,Spinach,Medium,12/09/2026,500,1000,750
Gujarat,Jamnagar,Jamnagar APMC,Castor Seed,Other,Local,12/09/2026,6250,7430,7050
Gujarat,Jamnagar,Jamnagar APMC,"Sesamum(Sesame,Gingelly,Til)",White,Local,12/09/2026,9000,12450,10975
Gujarat,Jamnagar,Jamnagar APMC,Black Gram(Urd Beans)(Whole),Other,Local,12/09/2026,9000,9150,9150
Gujarat,Rajkot,Dhoraji APMC,"Sesamum(Sesame,Gingelly,Til)",White,Non-FAQ,12/09/2026,9500,10880,10505
Gujarat,Botad,Botad APMC,Jowar(Sorghum),Local,Local,12/09/2026,2400,6730,4615
Gujarat,Botad,Botad APMC,"Sesamum(Sesame,Gingelly,Til)",White,Local,12/09/2026,10775,12275,11575
Gujarat,Botad,Botad APMC,Bajra(Pearl Millet/Cumbu),Other,Local,12/09/2026,2200,2200,2200
Gujarat,Botad,Botad APMC,Wheat,Local,Local,12/09/2026,2700,2875,2780
Gujarat,Jamnagar,Kalawad APMC,Bengal Gram(Gram)(Whole),Other,Local,12/09/2026,5800,6265,5925
Gujarat,Jamnagar,Kalawad APMC,Methi Seeds,Other,Local,12/09/2026,7400,7400,7400
Gujarat,Jamnagar,Kalawad APMC,Cotton,Other,Local,12/09/2026,8025,9525,9025
Gujarat,Surendranagar,Dasada Patadi APMC,Castor Seed,Castor seed,FAQ,12/09/2026,7325,7350,7345
Gujarat,Amreli,Rajula APMC,Kabuli Chana(Chickpeas-White),Kabuli Chana(Chickpeas-white),Local,12/09/2026,6010,6010,6010
Gujarat,Jamnagar,Jam Jodhpur APMC,Cummin Seed(Jeera),Cummin Seed(Jeera),Local,12/09/2026,15000,20150,17750
Gujarat,Junagarh,Bhesan APMC,Cotton,Other,FAQ,12/09/2026,6000,10000,9500
Gujarat,Jamnagar,Dhrol APMC,Groundnut,Other,Local,12/09/2026,5900,6700,6300
Gujarat,Rajkot,Gondal(Veg.market Gondal) APMC,Bitter gourd,Bitter Gourd,Local,12/09/2026,300,1200,750
Gujarat,Rajkot,Gondal(Veg.market Gondal) APMC,Green Chilli,Green Chilly,Local,12/09/2026,300,2500,1400
Gujarat,Rajkot,Gondal(Veg.market Gondal) APMC,Cauliflower,Cauliflower,Local,12/09/2026,250,2500,1375
Gujarat,Bhavnagar,Taleja APMC,Wheat,Kalyan,FAQ,12/09/2026,2230,2900,2565
Gujarat,Bhavnagar,Taleja APMC,"Sesamum(Sesame,Gingelly,Til)",White,FAQ,12/09/2026,8350,12260,10305
Gujarat,Amreli,The Agricultural Produce Market Committee-Amreli,Groundnut(Split),Groundnut(Split),FAQ,12/09/2026,8000,8775,8775
Gujarat,Surat,Surat APMC,Beetroot,Other,FAQ,12/09/2026,1600,2250,1925
Gujarat,Surat,Surat APMC,Bhindi(Ladies Finger),Bhindi,FAQ,12/09/2026,1000,2500,1750
Gujarat,Surat,Surat APMC,Carrot,Carrot,FAQ,12/09/2026,1000,2500,1750
Gujarat,Surat,Surat APMC,Cauliflower,Cauliflower,FAQ,12/09/2026,1000,2500,1750
Gujarat,Surat,Surat APMC,Elephant Yam(Suran)/Amorphophallus,Other,FAQ,12/09/2026,2500,3000,2750
Gujarat,Surat,Surat APMC,Sweet Potato,Other,FAQ,12/09/2026,3500,4500,4000
Gujarat,Surat,Surat APMC,Turmeric(raw),Other,FAQ,12/09/2026,5000,12000,8500
Gujarat,Navsari,Bilimora APMC,Bhindi(Ladies Finger),Other,FAQ,12/09/2026,1000,1750,1500
Gujarat,Navsari,Bilimora APMC,Bottle gourd,Other,FAQ,12/09/2026,1500,2000,1800
Gujarat,Navsari,Bilimora APMC,Brinjal,Other,FAQ,12/09/2026,500,1000,800
Gujarat,Morbi,Vankaner APMC,Jowar(Sorghum),Jowar ( White),FAQ,12/09/2026,6250,6900,6500
Gujarat,Rajkot,Jetpur(Dist.Rajkot) APMC,Groundnut,Other,FAQ,12/09/2026,4255,7905,6355
Gujarat,Rajkot,Jetpur(Dist.Rajkot) APMC,Corriander seed,Coriander Seed,FAQ,12/09/2026,9105,14755,14505
Gujarat,Vadodara(Baroda),Padra APMC,Coriander(Leaves),Other,FAQ,12/09/2026,1000,1250,1125
Gujarat,Vadodara(Baroda),Padra APMC,Ginger(Green),Other,FAQ,12/09/2026,6000,9000,7500
Gujarat,Vadodara(Baroda),Padra APMC,Onion,Other,FAQ,12/09/2026,4000,5000,4500
Gujarat,Vadodara(Baroda),Padra APMC,Lemon,Other,FAQ,12/09/2026,10000,11500,10500
Gujarat,Gandhinagar,Dehgam(Rekhiyal) APMC,Wheat,Other,FAQ,12/09/2026,2700,2750,2725
Gujarat,Gandhinagar,Dehgam(Rekhiyal) APMC,Paddy(Common),Other,FAQ,12/09/2026,2200,2500,2350
Gujarat,Mehsana,Visnagar APMC,Castor Seed,Other,Local,12/09/2026,7300,7605,7452
Gujarat,Mehsana,Visnagar APMC,Jowar(Sorghum),Other,Local,12/09/2026,5755,6900,6327
Gujarat,Dahod,Jhalod APMC,Wheat,Lok-1,Local,12/09/2026,2625,2625,2625
Gujarat,Dahod,Jhalod APMC,Bengal Gram(Gram)(Whole),Desi (Whole),Local,12/09/2026,5250,5250,5250
Gujarat,Rajkot,Rajkot(Veg.Sub Yard) APMC,Cluster beans,Cluster Beans,FAQ,12/09/2026,4035,6115,5075
Gujarat,Rajkot,Rajkot(Veg.Sub Yard) APMC,Coriander(Leaves),Coriander,FAQ,12/09/2026,770,1215,990
Gujarat,Amreli,APMC Bagasara,Wheat,Lokwan Gujrat,Local,12/09/2026,2500,2880,2690
Gujarat,Surendranagar,Dhragradhra APMC,Mustard,Mustard,Local,12/09/2026,5505,5505,5505
Gujarat,Sabarkantha,Himatnagar APMC,Maize,Yellow,Local,12/09/2026,2450,2500,2500
Gujarat,Sabarkantha,Himatnagar APMC,Wheat,Sonalika,Local,12/09/2026,2760,2925,2800
Gujarat,Sabarkantha,Himatnagar APMC,Groundnut,JL-24,Local,12/09/2026,7300,9500,8600
Gujarat,Porbandar,Porbandar APMC,Groundnut(Split),Groundnut(Split),FAQ,12/09/2026,8650,9200,8925
Gujarat,Porbandar,Porbandar APMC,Groundnut,Bold,Non-FAQ,12/09/2026,5500,6850,6175
Gujarat,Porbandar,Porbandar APMC,Orange,Darjeeling,Grade A,12/09/2026,15000,20000,17500
Gujarat,Gandhinagar,Kalol APMC,Jowar(Sorghum),Other,Local,12/09/2026,6750,7000,6900
Gujarat,Navsari,Navsari APMC,Guar,Guaar,Local,12/09/2026,5000,7000,6000
Gujarat,Navsari,Navsari APMC,Potato,Potato,Grade A,12/09/2026,600,1800,1200
Gujarat,Navsari,Navsari APMC,Pointed gourd(Parval),Pointed gourd (Parval),Local,12/09/2026,2500,3000,2750
Gujarat,Navsari,Navsari APMC,Coriander(Leaves),Coriander,Local,12/09/2026,3000,3500,3250
Gujarat,Sabarkantha,Bhiloda APMC,Maize,Other,FAQ,12/09/2026,2400,2600,2500
Gujarat,Sabarkantha,Bhiloda APMC,Wheat,Other,FAQ,12/09/2026,2700,2940,2820
Gujarat,Banaskanth,Panthawada APMC,Mustard,Other,Local,12/09/2026,7470,7470,7470
Gujarat,Gandhinagar,"Kalol(Veg,Market,Kalol) APMC",Tomato,Other,Local,12/09/2026,1900,2900,2000
Gujarat,Dahod,Dahod(Veg. Market) APMC,Methi(Leaves),Methi,Local,12/09/2026,2000,4000,3000
Gujarat,Dahod,Dahod(Veg. Market) APMC,Cabbage,Cabbage,Local,12/09/2026,800,1800,1200
Gujarat,Dahod,Dahod(Veg. Market) APMC,Bhindi(Ladies Finger),Bhindi,Local,12/09/2026,500,1800,1500
Gujarat,Dahod,Dahod(Veg. Market) APMC,Cucumbar(Kheera),Cucumbar,Local,12/09/2026,1500,3000,2500
Gujarat,Dahod,Dahod(Veg. Market) APMC,Garlic,Garlic,Local,12/09/2026,8000,17000,12000
Gujarat,Dahod,Dahod(Veg. Market) APMC,Onion,Onion,Local,12/09/2026,3000,5000,4000
Gujarat,Dahod,Dahod(Veg. Market) APMC,Raddish,Raddish,Local,12/09/2026,600,600,600
Gujarat,Sabarkantha,Himatnagar(Veg.Market Himatnagar) APMC,Bhindi(Ladies Finger),Other,Local,12/09/2026,1000,1500,1300
Gujarat,Sabarkantha,Himatnagar(Veg.Market Himatnagar) APMC,Potato,Potato,Local,12/09/2026,1000,1500,1400
Gujarat,Anand,"Anand(Veg,Yard,Anand) APMC",Tomato,Tomato,Grade B,12/09/2026,1000,1500,1250
Gujarat,Gandhinagar,Mansa(Manas Veg Yard) APMC,Guar,Gwar,Local,12/09/2026,4000,4000,4000
Gujarat,Sabarkantha,Modasa(Tintoi) APMC,Wheat,Lokwan,FAQ,12/09/2026,2550,2600,2600
Gujarat,Mehsana,Mehsana(Jornang) APMC,Bajra(Pearl Millet/Cumbu),Local,Local,12/09/2026,2000,2625,2500
Gujarat,Mehsana,Mehsana(Jornang) APMC,Wheat,Other,Local,12/09/2026,2405,2905,2600
Gujarat,Rajkot,Rajkot APMC,Wheat,Lokwan,FAQ,12/09/2026,2770,2920,2830
Gujarat,Rajkot,Rajkot APMC,Jowar(Sorghum),Jowar ( White),FAQ,12/09/2026,5550,7090,6800
Gujarat,Rajkot,Rajkot APMC,Jowar(Sorghum),Jowar (Yellow),FAQ,12/09/2026,2305,2695,2450
Gujarat,Rajkot,Rajkot APMC,Soyabean,Soyabeen,FAQ,12/09/2026,5275,6525,5950
Gujarat,Rajkot,Rajkot APMC,Bengal Gram(Gram)(Whole),Desi (Whole),FAQ,12/09/2026,5675,6430,6300
Gujarat,Rajkot,Rajkot APMC,Cummin Seed(Jeera),Cummin Seed(Jeera),FAQ,12/09/2026,17500,20220,19400
Gujarat,Morbi,Morbi APMC,Bitter gourd,Bitter Gourd,FAQ,12/09/2026,1500,2000,1750
Gujarat,Morbi,Morbi APMC,Red gram/Arhar/Tur(whole),Other,FAQ,12/09/2026,7310,8020,7665
Gujarat,Morbi,Morbi APMC,Onion,Onion,FAQ,12/09/2026,2500,4700,3600
Gujarat,Surendranagar,Vadhvan APMC,Bhindi(Ladies Finger),Bhindi,Medium,12/09/2026,2000,2500,2250
Gujarat,Surendranagar,Vadhvan APMC,Cabbage,Cabbage,Medium,12/09/2026,1000,1500,1250
Gujarat,Surendranagar,Vadhvan APMC,Onion Green,Onion Green,Medium,12/09/2026,1000,2000,1500
Gujarat,Surendranagar,Vadhvan APMC,Ridgeguard(Tori),Ridgeguard(Tori),Medium,12/09/2026,1000,1500,1250
Gujarat,Surendranagar,Vadhvan APMC,Banana,Medium,Medium,12/09/2026,2000,2500,2250
Gujarat,Jamnagar,Jamnagar APMC,Green Gram(Moong)(Whole),Other,Local,12/09/2026,6000,7950,7950
Gujarat,Botad,Botad APMC,"Sesamum(Sesame,Gingelly,Til)",Black,Local,12/09/2026,10000,17275,13690
Gujarat,Amreli,Babra APMC,Cotton,Shanker 6 (B) 30mm FIne,FAQ,12/09/2026,8900,10000,9450
Gujarat,Amreli,Rajula APMC,Maize,Other,Local,12/09/2026,3010,3010,3010
Gujarat,Jamnagar,Jam Jodhpur APMC,Kabuli Chana(Chickpeas-White),Kabuli Chana(Chickpeas-white),Local,12/09/2026,5500,7900,6500
Gujarat,Jamnagar,Jam Jodhpur APMC,Corriander seed,Coriander Seed,Local,12/09/2026,14250,14750,14500
Gujarat,Rajkot,Gondal(Veg.market Gondal) APMC,Carrot,Carrot,Local,12/09/2026,500,3000,1750
Gujarat,Rajkot,Gondal(Veg.market Gondal) APMC,Guar,Gwar,Local,12/09/2026,1000,6000,3500
Gujarat,Bhavnagar,Taleja APMC,Cotton,Other,FAQ,12/09/2026,7510,9580,8545
Gujarat,Amreli,The Agricultural Produce Market Committee-Amreli,Groundnut,Other,FAQ,12/09/2026,5625,6925,6725
Gujarat,Surat,Surat APMC,Bitter gourd,Bitter Gourd,FAQ,12/09/2026,1500,3000,2250
Gujarat,Surat,Surat APMC,Mango(Raw-Ripe),Other,FAQ,12/09/2026,20000,23000,21500
Gujarat,Surat,Surat APMC,French Beans(Frasbean),Other,FAQ,12/09/2026,2000,4200,3100
Gujarat,Surat,Surat APMC,Indian Beans(Seam),Other,FAQ,12/09/2026,1500,3200,2350
Gujarat,Surat,Surat APMC,Sponge gourd,Other,FAQ,12/09/2026,1000,3000,2000
Gujarat,Patan,Sami APMC,Castor Seed,Castor seed,Local,12/09/2026,7500,7550,7525
Gujarat,Patan,Sami APMC,Ajwan,Ajwan,Local,12/09/2026,16000,16875,16750
Gujarat,Navsari,Bilimora APMC,Tomato,Other,FAQ,12/09/2026,1500,2500,2000
Gujarat,Navsari,Bilimora APMC,Cabbage,Other,FAQ,12/09/2026,1250,1600,1500
Gujarat,Mehsana,Kadi APMC,Paddy(Common),Paddy,Local,12/09/2026,2025,2970,2300
Gujarat,Bharuch,Ankleshwar APMC,Bottle gourd,Bottle Gourd,Grade A,12/09/2026,800,1100,1000
Gujarat,Bharuch,Ankleshwar APMC,Onion,Onion,Grade A,12/09/2026,1900,4200,3900
Gujarat,Bharuch,Ankleshwar APMC,Pointed gourd(Parval),Other,Grade A,12/09/2026,1100,2200,1800
Gujarat,Amreli,Dhari APMC,Groundnut,Other,Non-FAQ,12/09/2026,7070,7070,7070
Gujarat,Morbi,Vankaner APMC,Groundnut,Other,FAQ,12/09/2026,7000,8350,7500
Gujarat,Morbi,Vankaner APMC,Soanf,Soanf,FAQ,12/09/2026,8500,10600,9750
Gujarat,Morbi,Vankaner APMC,Bengal Gram(Gram)(Whole),Desi (Whole),FAQ,12/09/2026,5625,6050,6000
Gujarat,Rajkot,Jetpur(Dist.Rajkot) APMC,Bajra(Pearl Millet/Cumbu),Deshi,FAQ,12/09/2026,1750,2305,2050
Gujarat,Rajkot,Jetpur(Dist.Rajkot) APMC,Cummin Seed(Jeera),Cummin Seed(Jeera),FAQ,12/09/2026,15000,19355,18000
Gujarat,Rajkot,Jetpur(Dist.Rajkot) APMC,Castor Seed,Castor seed,FAQ,12/09/2026,6750,7205,7000
Gujarat,Rajkot,Jetpur(Dist.Rajkot) APMC,Soyabean,Soyabeen,FAQ,12/09/2026,5250,5705,5605
Gujarat,Rajkot,Jetpur(Dist.Rajkot) APMC,Onion,Onion,FAQ,12/09/2026,755,4155,3505
Gujarat,Vadodara(Baroda),Padra APMC,Bitter gourd,Other,FAQ,12/09/2026,1250,1500,1400
Gujarat,Vadodara(Baroda),Padra APMC,Cluster beans,Other,FAQ,12/09/2026,3500,4000,3750
Gujarat,Vadodara(Baroda),Padra APMC,Green Chilli,Green Chilly,FAQ,12/09/2026,1500,2500,2000
Gujarat,Vadodara(Baroda),Padra APMC,Spinach,Spinach,FAQ,12/09/2026,1200,1500,1350
Gujarat,Gandhinagar,Dehgam(Rekhiyal) APMC,Castor Seed,Other,FAQ,12/09/2026,7300,7375,7337
Gujarat,Dahod,Jhalod APMC,Soyabean,Soyabeen,Local,12/09/2026,5250,5250,5250
Gujarat,Rajkot,Rajkot(Veg.Sub Yard) APMC,Tomato,Tomato,FAQ,12/09/2026,1125,2055,1590
Gujarat,Rajkot,Rajkot(Veg.Sub Yard) APMC,Brinjal,Brinjal,FAQ,12/09/2026,535,1060,795
Gujarat,Rajkot,Rajkot(Veg.Sub Yard) APMC,Bhindi(Ladies Finger),Bhindi,FAQ,12/09/2026,2930,3920,3425
Gujarat,Rajkot,Rajkot(Veg.Sub Yard) APMC,Ginger(Green),Green Ginger,FAQ,12/09/2026,6960,14890,10925
Gujarat,Sabarkantha,Modasa APMC,Wheat,Lokwan Gujrat,FAQ,12/09/2026,2640,2700,2700
Gujarat,Amreli,APMC Bagasara,Red gram/Arhar/Tur(whole),777 New Ind,Local,12/09/2026,4500,5000,4750
Gujarat,Amreli,APMC Bagasara,Green Gram(Moong)(Whole),Other,Local,12/09/2026,6500,8370,7435
Gujarat,Amreli,APMC Bagasara,Corriander seed,"A-1, Green",Local,12/09/2026,12000,14650,13325
Gujarat,Surendranagar,Dhragradhra APMC,Wheat,Wheat,Local,12/09/2026,2655,2655,2655
Gujarat,Surendranagar,Dhragradhra APMC,Rajgir,Rajgir,Local,12/09/2026,2775,2775,2775
Gujarat,Sabarkantha,Himatnagar APMC,Castor Seed,Castor seed,Local,12/09/2026,7450,7650,7600
Gujarat,Porbandar,Porbandar APMC,Wheat,Deshi,FAQ,12/09/2026,2650,2800,2725
Gujarat,Porbandar,Porbandar APMC,Banana,Amruthapani,Grade A,12/09/2026,3000,3500,3250
Gujarat,Porbandar,Porbandar APMC,Cummin Seed(Jeera),Cummin Seed(Jeera),FAQ,12/09/2026,17625,19125,18375
Gujarat,Porbandar,Porbandar APMC,Corriander seed,Coriander Seed,Local,12/09/2026,7500,14625,11060
Gujarat,Gandhinagar,Kalol APMC,Wheat,Other,Local,12/09/2026,2750,2900,2800
Gujarat,Navsari,Navsari APMC,Methi(Leaves),Methi,Local,12/09/2026,3000,4000,3500
Gujarat,Navsari,Navsari APMC,Papaya,Papaya,Grade A,12/09/2026,2500,3000,2750
Gujarat,Navsari,Navsari APMC,Bhindi(Ladies Finger),Bhindi,Local,12/09/2026,1000,2000,1500
Gujarat,Navsari,Navsari APMC,Lemon,Lemon,Local,12/09/2026,12500,15000,13750
Gujarat,Navsari,Navsari APMC,Pegeon Pea(Arhar Fali),Pigeon Pea (Arhar Fali),Local,12/09/2026,5000,7500,6250
Gujarat,Banaskanth,Panthawada APMC,Bajra(Pearl Millet/Cumbu),Deshi,Local,12/09/2026,2505,2505,2505
Gujarat,Surat,Songadh APMC,Bhindi(Ladies Finger),Bhindi,FAQ,12/09/2026,1000,2500,1500
Gujarat,Sabarkantha,Malpur APMC,Wheat,Other,FAQ,12/09/2026,2375,2485,2400
Gujarat,Gandhinagar,"Kalol(Veg,Market,Kalol) APMC",Cauliflower,Cauliflower,Local,12/09/2026,1250,2000,1500
Gujarat,Dahod,Dahod(Veg. Market) APMC,Carrot,Carrot,Local,12/09/2026,2500,3000,2700
Gujarat,Dahod,Dahod(Veg. Market) APMC,Colacasia,Colacasia,Local,12/09/2026,3000,4000,3500
Gujarat,Dahod,Dahod(Veg. Market) APMC,"Spiny Gourd / Kartali(Kantola)
",Kartali (Kantola),Local,12/09/2026,6000,10000,8000
Gujarat,Dahod,Dahod(Veg. Market) APMC,Sponge gourd,Sponge gourd,Local,12/09/2026,500,2000,1400
Gujarat,Dahod,Dahod(Veg. Market) APMC,Drumstick,Drumstick,Local,12/09/2026,3000,6000,5000
Gujarat,Dahod,Dahod(Veg. Market) APMC,Potato,Potato,Local,12/09/2026,800,1100,1000
Gujarat,Dahod,Dahod(Veg. Market) APMC,Onion Green,Onion Green,Local,12/09/2026,1500,6000,4000
Gujarat,Dahod,Dahod(Veg. Market) APMC,Pegeon Pea(Arhar Fali),Pigeon Pea (Arhar Fali),Local,12/09/2026,5000,5000,5000
Gujarat,Sabarkantha,Himatnagar(Veg.Market Himatnagar) APMC,Cabbage,Cabbage,Local,12/09/2026,2000,2500,2300
Gujarat,Chhota Udaipur,Kalediya APMC,Cotton,Shanker 6 (B) 30mm FIne,FAQ,12/09/2026,8800,9200,9000
Gujarat,Gandhinagar,Mansa(Manas Veg Yard) APMC,Cauliflower,Cauliflower,Local,12/09/2026,3000,3000,3000
Gujarat,Sabarkantha,Modasa(Tintoi) APMC,Maize,Hybrid Red (Cattle Feed),Non-FAQ,12/09/2026,2300,2355,2355
Gujarat,Surat,Bardoli(Kadod) APMC,Bottle gourd,Other,Local,12/09/2026,1500,3900,3500
Gujarat,Surat,Songadh(Umrada) APMC,Bhindi(Ladies Finger),Bhindi,FAQ,12/09/2026,1000,2500,1500
Gujarat,Rajkot,Rajkot APMC,Garlic,Garlic,FAQ,12/09/2026,5500,12200,8200
Gujarat,Rajkot,Rajkot APMC,Green Gram(Moong)(Whole),Green (Whole),FAQ,12/09/2026,5950,8100,7250
Gujarat,Rajkot,Rajkot APMC,Methi Seeds,Methiseeds,FAQ,12/09/2026,4000,6975,5500
Gujarat,Morbi,Morbi APMC,Bajra(Pearl Millet/Cumbu),Other,FAQ,12/09/2026,2000,2270,2135
Gujarat,Surendranagar,Vadhvan APMC,Guar,Gwar,Medium,12/09/2026,3500,4000,3750
Gujarat,Surendranagar,Vadhvan APMC,Methi(Leaves),Methi,Medium,12/09/2026,1500,2500,2000
Gujarat,Surendranagar,Vadhvan APMC,Bitter gourd,Bitter Gourd,Medium,12/09/2026,500,1000,750
Gujarat,Surendranagar,Vadhvan APMC,Green Chilli,Green Chilly,Medium,12/09/2026,500,1000,750
Gujarat,Surendranagar,Vadhvan APMC,Beetroot,Beetroot,Medium,12/09/2026,1500,2000,1750
Gujarat,Surendranagar,Vadhvan APMC,Peas Wet,Peas Wet,Medium,12/09/2026,9500,11000,10250
Gujarat,Jamnagar,Jamnagar APMC,Other Pulses,Other,Local,12/09/2026,3000,3175,3175
Gujarat,Jamnagar,Jamnagar APMC,Bajra(Pearl Millet/Cumbu),Other,Local,12/09/2026,2150,2385,2385
Gujarat,Jamnagar,Jamnagar APMC,Ground Nut Seed,Other,Local,12/09/2026,7500,9250,9250
Gujarat,Jamnagar,Jamnagar APMC,Mustard,Other,Local,12/09/2026,5500,6025,6025
Gujarat,Jamnagar,Jamnagar APMC,Corriander seed,Other,Local,12/09/2026,10000,11500,11500
Gujarat,Rajkot,Dhoraji APMC,Castor Seed,Castor seed,Local,12/09/2026,6955,7180,7180
Gujarat,Amreli,Rajula APMC,Cotton,Local,Local,12/09/2026,7060,9375,8218
Gujarat,Amreli,Rajula APMC,"Sesamum(Sesame,Gingelly,Til)",Black,Local,12/09/2026,14000,15920,14960
Gujarat,Jamnagar,Jam Jodhpur APMC,Wheat,Other,Local,12/09/2026,2250,2785,2650
Gujarat,Jamnagar,Jam Jodhpur APMC,Groundnut,G20,Local,12/09/2026,5000,7250,6250
Gujarat,Jamnagar,Jam Jodhpur APMC,Cotton,Other,Local,12/09/2026,8250,10050,9350
Gujarat,Jamnagar,Jam Jodhpur APMC,Bengal Gram(Gram)(Whole),Average (Whole),Local,12/09/2026,5000,6350,5900
Gujarat,Rajkot,Gondal(Veg.market Gondal) APMC,Lemon,Other,Local,12/09/2026,3000,18000,10500
Gujarat,Rajkot,Gondal(Veg.market Gondal) APMC,Raddish,Raddish,Local,12/09/2026,1000,2000,1500
Gujarat,Rajkot,Gondal(Veg.market Gondal) APMC,Cucumbar(Kheera),Cucumbar,Local,12/09/2026,500,3000,1750
Gujarat,Amreli,The Agricultural Produce Market Committee-Amreli,Cotton,Other,FAQ,12/09/2026,6400,10225,9975
Gujarat,Surat,Surat APMC,Bottle gourd,Bottle Gourd,FAQ,12/09/2026,1000,3500,2250
Gujarat,Surat,Surat APMC,Little gourd(Kundru),Other,FAQ,12/09/2026,1000,4500,2750
Gujarat,Surat,Surat APMC,Drumstick,Drumstick,FAQ,12/09/2026,2500,5500,4000
Gujarat,Surat,Surat APMC,Ginger(Green),Green Ginger,FAQ,12/09/2026,6000,15500,10750
Gujarat,Surat,Surat APMC,Onion,Other,FAQ,12/09/2026,2500,5300,3900
Gujarat,Surat,Surat APMC,Pumpkin,Other,FAQ,12/09/2026,600,2000,1300
Gujarat,Surat,Surat APMC,Yam(Ratalu),Other,FAQ,12/09/2026,11000,16000,13500
Gujarat,Patan,Sami APMC,Cummin Seed(Jeera),Cummin Seed(Jeera),Local,12/09/2026,19500,20800,20000
Gujarat,Navsari,Bilimora APMC,Onion,Nasik,FAQ,12/09/2026,3500,5500,5000
Gujarat,Mehsana,Kadi APMC,Bajra(Pearl Millet/Cumbu),Other,Local,12/09/2026,2230,2355,2300
Gujarat,Chhota Udaipur,Bodeliu APMC,Cotton,Shanker 6 (B) 30mm FIne,FAQ,12/09/2026,8825,9211,9050
Gujarat,Bharuch,Ankleshwar APMC,Bhindi(Ladies Finger),Bhindi,Grade A,12/09/2026,1000,1250,1100
Gujarat,Bharuch,Ankleshwar APMC,Potato,Potato,Grade A,12/09/2026,900,1100,1000
Gujarat,Bharuch,Ankleshwar APMC,Green Chilli,Green Chilly,Grade A,12/09/2026,1000,2500,2000
Gujarat,Bharuch,Ankleshwar APMC,Cabbage,Cabbage,Grade A,12/09/2026,1000,1400,1200
Gujarat,Rajkot,Jetpur(Dist.Rajkot) APMC,Groundnut,Bold,FAQ,12/09/2026,4105,8005,6305
Gujarat,Rajkot,Jetpur(Dist.Rajkot) APMC,Red gram/Arhar/Tur(whole),Arhar (Whole),FAQ,12/09/2026,6750,8380,7750
Gujarat,Rajkot,Jetpur(Dist.Rajkot) APMC,Green Gram(Moong)(Whole),Green (Whole),FAQ,12/09/2026,6500,7755,7250
Gujarat,Rajkot,Jetpur(Dist.Rajkot) APMC,Wheat,Lokwan,FAQ,12/09/2026,2550,2905,2775
Gujarat,Vadodara(Baroda),Padra APMC,Bottle gourd,Other,FAQ,12/09/2026,500,1000,750
Gujarat,Vadodara(Baroda),Padra APMC,Brinjal,Other,FAQ,12/09/2026,500,1500,1000
Gujarat,Vadodara(Baroda),Padra APMC,Cabbage,Other,FAQ,12/09/2026,1500,1750,1625
Gujarat,Vadodara(Baroda),Padra APMC,Cauliflower,Other,FAQ,12/09/2026,1750,2500,2150
Gujarat,Vadodara(Baroda),Padra APMC,Colacasia,Other,FAQ,12/09/2026,3500,4000,3750
Gujarat,Vadodara(Baroda),Padra APMC,Cowpea(Veg),Other,FAQ,12/09/2026,3000,3500,3250
Gujarat,Vadodara(Baroda),Padra APMC,Drumstick,Other,FAQ,12/09/2026,3500,5000,4250
Gujarat,Vadodara(Baroda),Padra APMC,Bhindi(Ladies Finger),Other,FAQ,12/09/2026,1000,1500,1250
Gujarat,Gandhinagar,Dehgam(Rekhiyal) APMC,Bajra(Pearl Millet/Cumbu),Other,FAQ,12/09/2026,2300,2350,2325
Gujarat,Gir Somnath,Talalagir APMC,Brinjal,Brinjal,FAQ,12/09/2026,350,550,450
Gujarat,Gir Somnath,Talalagir APMC,Green Chilli,Green Chilly,FAQ,12/09/2026,1600,2150,1800
Gujarat,Gir Somnath,Talalagir APMC,Tomato,Hybrid,FAQ,12/09/2026,970,1360,1120
Gujarat,Mehsana,Visnagar APMC,Bajra(Pearl Millet/Cumbu),Other,Local,12/09/2026,2085,2375,2230
Gujarat,Dahod,Jhalod APMC,Paddy(Common),Paddy,Local,12/09/2026,3000,3000,3000
Gujarat,Rajkot,Rajkot(Veg.Sub Yard) APMC,Onion,Onion,FAQ,12/09/2026,1755,4405,3525
Gujarat,Rajkot,Rajkot(Veg.Sub Yard) APMC,Bottle gourd,Bottle Gourd,FAQ,12/09/2026,215,500,355
Gujarat,Sabarkantha,Modasa APMC,Maize,Hybrid Red (Cattle Feed),Non-FAQ,12/09/2026,2400,2455,2455
Gujarat,Amreli,APMC Bagasara,"Sesamum(Sesame,Gingelly,Til)",White,Local,12/09/2026,7500,11500,9500
Gujarat,Amreli,APMC Bagasara,Soyabean,Yellow,Local,12/09/2026,5500,5650,5575
Gujarat,Gir Somnath,Veraval APMC,Millets,Millets,FAQ,12/09/2026,2050,2435,2250
Gujarat,Gir Somnath,Veraval APMC,Black Gram(Urd Beans)(Whole),Other,FAQ,12/09/2026,8005,9305,9050
Gujarat,Surendranagar,Dhragradhra APMC,Cummin Seed(Jeera),Cummin Seed(Jeera),Local,12/09/2026,17510,17510,17510
Gujarat,Surendranagar,Dhragradhra APMC,Cotton,RCH-2,Local,12/09/2026,9105,9105,9105
Gujarat,Surendranagar,Dhragradhra APMC,Mustard,Sarson(Black),Local,12/09/2026,6000,6000,6000
Gujarat,Surendranagar,Dhragradhra APMC,Asalia,Asalia,Local,12/09/2026,5055,5055,5055
Gujarat,Sabarkantha,Himatnagar APMC,Bajra(Pearl Millet/Cumbu),Local,Local,12/09/2026,2250,2750,2305
Gujarat,Porbandar,Porbandar APMC,Wheat,Lokwan,Local,12/09/2026,2275,2275,2275
Gujarat,Porbandar,Porbandar APMC,Apple,Apple,Grade A,12/09/2026,8000,12000,10000
Gujarat,Porbandar,Porbandar APMC,Pomegranate,Other,Grade A,12/09/2026,3000,10000,6500
Gujarat,Porbandar,Porbandar APMC,Water Melon,Water Melon,Grade A,12/09/2026,1000,1500,1250
Gujarat,Gandhinagar,Kalol APMC,Castor Seed,Other,Local,12/09/2026,7440,7585,7500
Gujarat,Gandhinagar,Dehgam APMC,Wheat,Other,FAQ,12/09/2026,2715,2755,2735
Gujarat,Navsari,Navsari APMC,Cowpea(Veg),Cowpea (Veg),Local,12/09/2026,3500,4000,3750
Gujarat,Navsari,Navsari APMC,Long Melon(Kakri),Long Melon (Kakri),Local,12/09/2026,1500,2000,1750
Gujarat,Navsari,Navsari APMC,Green Chilli,Green Chilly,Local,12/09/2026,2000,4000,3000
Gujarat,Navsari,Navsari APMC,Capsicum,Capsicum,Local,12/09/2026,2500,3000,2750
Gujarat,Banaskanth,Panthawada APMC,Wheat,Local,Local,12/09/2026,2700,2700,2700
Gujarat,Banaskanth,Panthawada APMC,Castor Seed,Caster,FAQ,12/09/2026,7475,7475,7475
Gujarat,Dahod,Dahod(Veg. Market) APMC,Pointed gourd(Parval),Pointed gourd (Parval),Local,12/09/2026,3000,3000,3000
Gujarat,Dahod,Dahod(Veg. Market) APMC,Bottle gourd,Bottle Gourd,Local,12/09/2026,300,1200,500
Gujarat,Dahod,Dahod(Veg. Market) APMC,Cluster beans,Cluster Beans,Local,12/09/2026,5000,8500,6500
Gujarat,Dahod,Dahod(Veg. Market) APMC,Ginger(Green),Green Ginger,Local,12/09/2026,7000,16000,13000
Gujarat,Dahod,Dahod(Veg. Market) APMC,Mint(Pudina),Mint(Pudina),Local,12/09/2026,8000,10000,9000
Gujarat,Dahod,Dahod(Veg. Market) APMC,Pumpkin,Pumpkin,Local,12/09/2026,800,1000,900
Gujarat,Sabarkantha,Himatnagar(Veg.Market Himatnagar) APMC,Onion,Onion,Local,12/09/2026,4000,4500,4320
Gujarat,Anand,"Anand(Veg,Yard,Anand) APMC",Green Chilli,Green Chilly,Grade B,12/09/2026,1500,2500,2000
Gujarat,Anand,"Anand(Veg,Yard,Anand) APMC",Potato,Potato,Grade B,12/09/2026,1000,1100,1050
Gujarat,Gandhinagar,Mansa(Manas Veg Yard) APMC,Bottle gourd,Other,Local,12/09/2026,600,1000,600
Gujarat,Gandhinagar,Mansa(Manas Veg Yard) APMC,Cabbage,Other,Local,12/09/2026,1800,1800,1800
Gujarat,Gandhinagar,Mansa(Manas Veg Yard) APMC,Bitter gourd,Other,Local,12/09/2026,2000,2000,2000
Gujarat,Gandhinagar,Mansa(Manas Veg Yard) APMC,Ridgeguard(Tori),Other,Local,12/09/2026,2000,2000,2000
Gujarat,Gandhinagar,Mansa(Manas Veg Yard) APMC,Green Chilli,Other,Local,12/09/2026,1000,2000,1500
Gujarat,Gandhinagar,Mansa(Manas Veg Yard) APMC,Tomato,Tomato,Local,12/09/2026,2000,2000,2000
Gujarat,Gandhinagar,Mansa(Manas Veg Yard) APMC,Cucumbar(Kheera),Other,Local,12/09/2026,2000,2000,2000
Gujarat,Gandhinagar,Mansa(Manas Veg Yard) APMC,Spinach,Other,Local,12/09/2026,1000,1000,1000
Gujarat,Surat,Bardoli(Kadod) APMC,Brinjal,Other,Local,12/09/2026,1750,3750,2850
Gujarat,Surat,Songadh(Badarpada) APMC,Bhindi(Ladies Finger),Bhindi,FAQ,12/09/2026,1000,2500,1500
Gujarat,Rajkot,Rajkot APMC,Castor Seed,Castor seed,FAQ,12/09/2026,6675,7280,7100
Gujarat,Rajkot,Rajkot APMC,Black Gram(Urd Beans)(Whole),Black Gram (Whole),FAQ,12/09/2026,6750,9250,8000
Gujarat,Rajkot,Rajkot APMC,Corriander seed,"A-1, Green",FAQ,12/09/2026,13500,15155,14750
Gujarat,Morbi,Morbi APMC,Groundnut,Other,FAQ,12/09/2026,7500,7750,7625
Gujarat,Morbi,Morbi APMC,Wheat,Other,FAQ,12/09/2026,2570,2970,2770
Gujarat,Morbi,Morbi APMC,Tomato,Tomato,FAQ,12/09/2026,1500,2500,2000
Gujarat,Surendranagar,Vadhvan APMC,Garlic,Garlic,FAQ,12/09/2026,8500,10000,9250
Gujarat,Surendranagar,Vadhvan APMC,Carrot,Carrot,Medium,12/09/2026,2500,3000,2750
Gujarat,Surendranagar,Vadhvan APMC,Lemon,Lemon,Medium,12/09/2026,10000,12000,11000
Gujarat,Surendranagar,Vadhvan APMC,Elephant Yam(Suran)/Amorphophallus,Elephant Yam (Suran),Medium,12/09/2026,3500,4000,3750
Gujarat,Surendranagar,Vadhvan APMC,Cauliflower,Cauliflower,Medium,12/09/2026,2000,3000,2500
Gujarat,Surendranagar,Vadhvan APMC,Apple,Apple,Medium,12/09/2026,6000,7000,6500
Gujarat,Surendranagar,Vadhvan APMC,Banana - Green,Banana - Green,Medium,12/09/2026,1000,1500,1250
Gujarat,Jamnagar,Jamnagar APMC,Bengal Gram(Gram)(Whole),Other,Local,12/09/2026,5205,6660,6175
Gujarat,Jamnagar,Jamnagar APMC,Ajwan,Other,Local,12/09/2026,11500,21425,18325
Gujarat,Rajkot,Dhoraji APMC,Wheat,Lokwan Gujrat,Non-FAQ,12/09/2026,2490,2775,2710
Gujarat,Jamnagar,Kalawad APMC,Groundnut,Other,Local,12/09/2026,6000,8525,7525
Gujarat,Jamnagar,Kalawad APMC,"Sesamum(Sesame,Gingelly,Til)",Other,Local,12/09/2026,11925,11925,11925
Gujarat,Amreli,Babra APMC,Cummin Seed(Jeera),Other,FAQ,12/09/2026,17125,19500,18310
Gujarat,Jamnagar,Jam Jodhpur APMC,"Sesamum(Sesame,Gingelly,Til)",Black,Local,12/09/2026,10000,17300,13000
Gujarat,Jamnagar,Jam Jodhpur APMC,"Sesamum(Sesame,Gingelly,Til)",White,Local,12/09/2026,8750,12100,11000
Gujarat,Jamnagar,Dhrol APMC,Cotton,Other,Local,12/09/2026,8000,8860,8430
Gujarat,Rajkot,Gondal(Veg.market Gondal) APMC,Brinjal,Brinjal,Local,12/09/2026,150,1500,825
Gujarat,Rajkot,Gondal(Veg.market Gondal) APMC,Pumpkin,Pumpkin,Local,12/09/2026,1500,2500,2000
Gujarat,Rajkot,Gondal(Veg.market Gondal) APMC,Bhindi(Ladies Finger),Bhindi,Local,12/09/2026,1000,3500,2250
Gujarat,Rajkot,Gondal(Veg.market Gondal) APMC,Potato,Potato,Local,12/09/2026,800,1300,1050
Gujarat,Botad,Botad(Haddad) APMC,Cotton,Cotton (Unginned),Local,12/09/2026,9175,10125,9700
Gujarat,Amreli,The Agricultural Produce Market Committee-Amreli,Ground Nut Seed,Ground Nut Seed,FAQ,12/09/2026,5500,10700,10250
Gujarat,Amreli,The Agricultural Produce Market Committee-Amreli,Castor Seed,Castor seed,FAQ,12/09/2026,5500,7125,7050
Gujarat,Surat,Surat APMC,Brinjal,Brinjal,FAQ,12/09/2026,600,2500,1550
Gujarat,Surat,Surat APMC,Cucumbar(Kheera),Cucumbar,FAQ,12/09/2026,1000,2500,1750
Gujarat,Surat,Surat APMC,Green Chilli,Other,FAQ,12/09/2026,1500,2500,2000
Gujarat,Surat,Surat APMC,Pointed gourd(Parval),Other,FAQ,12/09/2026,1500,2000,1750
Gujarat,Surat,Surat APMC,Surat Beans(Papadi),Other,FAQ,12/09/2026,3000,9000,6000
Gujarat,Surat,Surat APMC,Potato,Other,FAQ,12/09/2026,600,1700,1150
Gujarat,Surat,Surat APMC,Snakeguard,Other,FAQ,12/09/2026,700,1500,1100
Gujarat,Surat,Surat APMC,Pea Pod/Pea Cod/हरी मटर,Other,FAQ,12/09/2026,5000,7000,6000
Gujarat,Surat,Surat APMC,Pegeon Pea(Arhar Fali),Other,FAQ,12/09/2026,4000,8000,6000
Gujarat,Surat,Surat APMC,Ridgeguard(Tori),Other,FAQ,12/09/2026,1000,2000,1500
Gujarat,Patan,Sami APMC,Wheat,Deshi,Local,12/09/2026,2500,2775,2750
Gujarat,Patan,Sami APMC,Suva(Dill Seed),Other,Local,12/09/2026,7000,7400,7250
Gujarat,Navsari,Bilimora APMC,Green Chilli,Other,FAQ,12/09/2026,2000,2500,2200
Gujarat,Mehsana,Kadi APMC,Mustard,Mustard,FAQ,12/09/2026,6500,7105,7000
Gujarat,Bharuch,Ankleshwar APMC,Cauliflower,Cauliflower,Grade A,12/09/2026,1600,2500,2000
Gujarat,Bharuch,Ankleshwar APMC,Brinjal,Brinjal,Grade A,12/09/2026,1000,1800,1500
Gujarat,Valsad,Valsad APMC,Banana,Other,Local,12/09/2026,1200,1800,1550
Gujarat,Amreli,Dhari APMC,Cotton,Local,FAQ,12/09/2026,9000,10110,9880
Gujarat,Amreli,Dhari APMC,Wheat,Lokwan,FAQ,12/09/2026,2575,2750,2710
Gujarat,Morbi,Vankaner APMC,Wheat,Lokwan,FAQ,12/09/2026,2650,2825,2775
Gujarat,Morbi,Vankaner APMC,Cotton,Other,FAQ,12/09/2026,8000,10225,9450
Gujarat,Morbi,Vankaner APMC,"Sesamum(Sesame,Gingelly,Til)",White,FAQ,12/09/2026,10000,11555,11000
Gujarat,Rajkot,Jetpur(Dist.Rajkot) APMC,Bengal Gram(Gram)(Whole),Desi (Whole),FAQ,12/09/2026,5500,6355,6250
Gujarat,Rajkot,Jetpur(Dist.Rajkot) APMC,Cotton,CO-2 (Unginned),FAQ,12/09/2026,4730,9605,9000
Gujarat,Rajkot,Jetpur(Dist.Rajkot) APMC,Garlic,Garlic,FAQ,12/09/2026,5005,9880,8005
Gujarat,Vadodara(Baroda),Padra APMC,Leafy Vegetable,Leafy Vegetables,FAQ,12/09/2026,1500,1750,1625
Gujarat,Vadodara(Baroda),Padra APMC,Potato,Other,FAQ,12/09/2026,1500,2000,1750
Gujarat,Gir Somnath,Talalagir APMC,Cabbage,Cabbage,FAQ,12/09/2026,240,500,370
Gujarat,Mehsana,Visnagar APMC,Mustard,Other,Local,12/09/2026,7205,7625,7415
Gujarat,Rajkot,Rajkot(Veg.Sub Yard) APMC,Green Chilli,Green Chilly,FAQ,12/09/2026,535,1060,795
Gujarat,Rajkot,Rajkot(Veg.Sub Yard) APMC,Lemon,Lemon,FAQ,12/09/2026,7570,14895,11230
Gujarat,Sabarkantha,Modasa APMC,Bajra(Pearl Millet/Cumbu),Hybrid,Non-FAQ,12/09/2026,2225,2300,2300
Gujarat,Amreli,APMC Bagasara,Cotton,Other,Local,12/09/2026,9500,10100,9800
Gujarat,Amreli,APMC Bagasara,Groundnut,Balli/Habbu,Local,12/09/2026,5500,5550,5525
Gujarat,Gir Somnath,Veraval APMC,Wheat,Medium Fine,FAQ,12/09/2026,2505,2700,2625
Gujarat,Gir Somnath,Veraval APMC,"Sesamum(Sesame,Gingelly,Til)",White,FAQ,12/09/2026,10205,11605,11505
Gujarat,Gir Somnath,Veraval APMC,Bengal Gram(Gram)(Whole),Other,FAQ,12/09/2026,5500,5855,5650
Gujarat,Porbandar,Porbandar APMC,Green Gram(Moong)(Whole),Green (Whole),Non-FAQ,12/09/2026,6250,6650,6450
Gujarat,Gandhinagar,Kalol APMC,Mustard,Mustard,Local,12/09/2026,7500,7625,7550
Gujarat,Gandhinagar,Dehgam APMC,Bajra(Pearl Millet/Cumbu),Local,FAQ,12/09/2026,2325,2375,2350
Gujarat,Navsari,Navsari APMC,Banana,Banana - Ripe,Local,12/09/2026,1250,2250,1750
Gujarat,Navsari,Navsari APMC,Onion,Onion,Grade A,12/09/2026,3600,5500,4550
Gujarat,Navsari,Navsari APMC,Cabbage,Cabbage,Local,12/09/2026,1000,2000,1500
Gujarat,Navsari,Navsari APMC,Carrot,Carrot,Local,12/09/2026,2500,3000,2750
Gujarat,Dahod,Devgadhbaria APMC,Paddy(Common),Common,Non-FAQ,12/09/2026,1330,1450,1430
Gujarat,Surat,Songadh APMC,Guar,Gwar,FAQ,12/09/2026,8000,8000,8000
Gujarat,Gandhinagar,"Kalol(Veg,Market,Kalol) APMC",Bhindi(Ladies Finger),Bhindi,Local,12/09/2026,1500,2500,2000
Gujarat,Dahod,Dahod(Veg. Market) APMC,Cauliflower,Cauliflower,Local,12/09/2026,1000,3500,2900
Gujarat,Dahod,Dahod(Veg. Market) APMC,Coriander(Leaves),Coriander,Local,12/09/2026,500,2000,1000
Gujarat,Dahod,Dahod(Veg. Market) APMC,Cowpea(Veg),Cowpea (Veg),Local,12/09/2026,500,4500,3500
Gujarat,Dahod,Dahod(Veg. Market) APMC,Spinach,Spinach,Local,12/09/2026,1000,3500,2000
Gujarat,Dahod,Dahod(Veg. Market) APMC,Bitter gourd,Bitter Gourd,Local,12/09/2026,500,1800,1500
Gujarat,Sabarkantha,Himatnagar(Veg.Market Himatnagar) APMC,Bitter gourd,Other,Local,12/09/2026,2000,2500,2340
Gujarat,Sabarkantha,Himatnagar(Veg.Market Himatnagar) APMC,Brinjal,Round,Local,12/09/2026,1000,1500,1460
Gujarat,Sabarkantha,Himatnagar(Veg.Market Himatnagar) APMC,Cauliflower,Cauliflower,Local,12/09/2026,3000,3500,3240
Gujarat,Sabarkantha,Himatnagar(Veg.Market Himatnagar) APMC,Green Chilli,Green Chilly,Local,12/09/2026,1000,1500,1400
Gujarat,Sabarkantha,Himatnagar(Veg.Market Himatnagar) APMC,Tinda,Tinda,Local,12/09/2026,1500,2000,1800
Gujarat,Anand,"Anand(Veg,Yard,Anand) APMC",Carrot,Carrot,Grade B,12/09/2026,2000,2500,2250
Gujarat,Anand,"Anand(Veg,Yard,Anand) APMC",Onion,Onion,Grade B,12/09/2026,3500,4500,4000
Gujarat,Anand,"Anand(Veg,Yard,Anand) APMC",Lemon,Lemon,Grade B,12/09/2026,7500,10000,8750
Gujarat,Anand,"Anand(Veg,Yard,Anand) APMC",Bhindi(Ladies Finger),Bhindi,Grade B,12/09/2026,2000,2500,2250
Gujarat,Anand,"Anand(Veg,Yard,Anand) APMC",Bitter gourd,Bitter Gourd,Grade B,12/09/2026,1500,2500,2000
Gujarat,Anand,"Anand(Veg,Yard,Anand) APMC",Cauliflower,Cauliflower,Grade B,12/09/2026,2500,3500,3000
Gujarat,Gandhinagar,Mansa(Manas Veg Yard) APMC,Bhindi(Ladies Finger),Other,Local,12/09/2026,1500,1500,1500
Gujarat,Gandhinagar,Mansa(Manas Veg Yard) APMC,Brinjal,Round,Local,12/09/2026,3000,3500,3000
Gujarat,Surat,Bardoli(Kadod) APMC,Bhindi(Ladies Finger),Other,Local,12/09/2026,1850,4100,3700
Gujarat,Surat,Bardoli(Kadod) APMC,Green Chilli,Other,Local,12/09/2026,2100,5000,3600
Gujarat,Surat,Songadh(Badarpada) APMC,Guar,Other,FAQ,12/09/2026,8000,8000,8000
Gujarat,Dahod,Davgadbaria(Piplod) APMC,Paddy(Common),Common,Non-FAQ,12/09/2026,1330,1450,1420
Gujarat,Mehsana,Mehsana(Jornang) APMC,Castor Seed,Castor seed,Local,12/09/2026,7505,7530,7520
Gujarat,Chhota Udaipur,Modasar APMC,Cotton,Shanker 6 (B) 30mm FIne,FAQ,12/09/2026,8900,9211,9011
Gujarat,Surat,Songadh(Umrada) APMC,Guar,Guaar,FAQ,12/09/2026,8000,8000,8000
Gujarat,Rajkot,Rajkot APMC,Bajra(Pearl Millet/Cumbu),Deshi,FAQ,12/09/2026,1680,2250,2050
Gujarat,Rajkot,Rajkot APMC,Cotton,Narma BT Cotton,FAQ,12/09/2026,8500,9905,9450
Gujarat,Rajkot,Rajkot APMC,Ground Nut Seed,Ground Nut Seed,FAQ,12/09/2026,8605,10630,9750
Gujarat,Rajkot,Rajkot APMC,"Sesamum(Sesame,Gingelly,Til)",White,FAQ,12/09/2026,9750,12650,11800
Gujarat,Rajkot,Rajkot APMC,Mustard,Mustard,FAQ,12/09/2026,5900,7500,7300
Gujarat,Rajkot,Rajkot APMC,Bengal Gram(Gram)(Whole),White (whole),FAQ,12/09/2026,6850,10035,9000
Gujarat,Rajkot,Rajkot APMC,Corriander seed,Coriander Seed,FAQ,12/09/2026,13150,14880,14375
Gujarat,Morbi,Morbi APMC,Bengal Gram(Gram)(Whole),Other,FAQ,12/09/2026,5855,6005,5930
Gujarat,Morbi,Morbi APMC,Bhindi(Ladies Finger),Bhindi,FAQ,12/09/2026,1000,2500,1750
Gujarat,Morbi,Morbi APMC,Bottle gourd,Bottle Gourd,FAQ,12/09/2026,500,1000,750
Gujarat,Morbi,Morbi APMC,Cabbage,Cabbage,FAQ,12/09/2026,1500,2000,1750
Gujarat,Morbi,Morbi APMC,Guar,Gwar,FAQ,12/09/2026,2000,3500,2750
Gujarat,Morbi,Morbi APMC,Cucumbar(Kheera),Cucumbar,FAQ,12/09/2026,1000,2000,1500
Gujarat,Morbi,Morbi APMC,Lemon,Lemon,FAQ,12/09/2026,1500,6000,3750
Gujarat,Surendranagar,Vadhvan APMC,Tomato,Tomato,Medium,12/09/2026,2000,2500,2250
Gujarat,Surendranagar,Vadhvan APMC,Amaranthus,Amaranthus,Medium,12/09/2026,1000,1500,1250
Gujarat,Surendranagar,Vadhvan APMC,Cucumbar(Kheera),Cucumbar,Medium,12/09/2026,1000,2000,1500
Gujarat,Surendranagar,Vadhvan APMC,Drumstick,Drumstick,Medium,12/09/2026,3500,4000,3750
Gujarat,Surendranagar,Vadhvan APMC,Tinda,Tinda,Medium,12/09/2026,3500,4000,3750
Gujarat,Jamnagar,Jamnagar APMC,Wheat,Other,Local,12/09/2026,2000,2890,2725
Gujarat,Jamnagar,Jamnagar APMC,Onion,Other,Local,12/09/2026,2250,4500,3825
Gujarat,Jamnagar,Jamnagar APMC,Cotton,Other,Local,12/09/2026,6450,10350,8975
Gujarat,Jamnagar,Jamnagar APMC,Cummin Seed(Jeera),Other,Local,12/09/2026,17500,20425,19275
Gujarat,Jamnagar,Jamnagar APMC,Groundnut,Other,Local,12/09/2026,5000,6575,6575
Gujarat,Jamnagar,Jamnagar APMC,Garlic,Other,Local,12/09/2026,4000,11625,8675
Gujarat,Rajkot,Dhoraji APMC,Soyabean,Yellow,Non-FAQ,12/09/2026,5505,5755,5705
Gujarat,Jamnagar,Kalawad APMC,Wheat,Other,Local,12/09/2026,2350,2645,2475
Gujarat,Jamnagar,Kalawad APMC,Cummin Seed(Jeera),Other,Local,12/09/2026,18000,19675,18500
Gujarat,Surendranagar,Dasada Patadi APMC,Cummin Seed(Jeera),Cummin Seed(Jeera),FAQ,12/09/2026,18350,19755,19275
Gujarat,Amreli,Babra APMC,Wheat,Medium,FAQ,12/09/2026,2605,2755,2680
Gujarat,Amreli,Rajula APMC,"Sesamum(Sesame,Gingelly,Til)",White,Local,12/09/2026,5000,11250,8125
Gujarat,Amreli,Rajula APMC,Ground Nut Seed,Ground Nut Seed,Local,12/09/2026,6000,8500,7250
Gujarat,Amreli,Rajula APMC,Bajra(Pearl Millet/Cumbu),Local,Local,12/09/2026,2130,2470,2300
Gujarat,Amreli,Rajula APMC,Jowar(Sorghum),Local,Local,12/09/2026,6000,6905,6452
Gujarat,Amreli,Rajula APMC,Wheat,PISSI,Local,12/09/2026,2460,3020,2740
Gujarat,Jamnagar,Jam Jodhpur APMC,Bajra(Pearl Millet/Cumbu),Other,Local,12/09/2026,1500,2400,1750
Gujarat,Jamnagar,Jam Jodhpur APMC,Black Gram(Urd Beans)(Whole),Black Gram (Whole),Local,12/09/2026,5000,6850,6250
Gujarat,Jamnagar,Jam Jodhpur APMC,Castor Seed,Castor seed,Local,12/09/2026,7000,7500,7200
Gujarat,Junagarh,Bhesan APMC,Wheat,Other,FAQ,12/09/2026,2000,2850,2500
Gujarat,Jamnagar,Dhrol APMC,Bengal Gram(Gram)(Whole),Other,Local,12/09/2026,5495,5775,5635
Gujarat,Jamnagar,Dhrol APMC,Cummin Seed(Jeera),Other,Local,12/09/2026,14000,18950,16475
Gujarat,Jamnagar,Dhrol APMC,Wheat,Other,Local,12/09/2026,2250,2765,2510
Gujarat,Jamnagar,Dhrol APMC,"Sesamum(Sesame,Gingelly,Til)",Other,Local,12/09/2026,9000,9400,9200
Gujarat,Rajkot,Gondal(Veg.market Gondal) APMC,Cabbage,Cabbage,Local,12/09/2026,500,2000,1250
Gujarat,Rajkot,Gondal(Veg.market Gondal) APMC,Tomato,Tomato,Local,12/09/2026,1000,3000,2000
Gujarat,Bhavnagar,Taleja APMC,Bajra(Pearl Millet/Cumbu),Local,FAQ,12/09/2026,2055,2335,2195
Gujarat,Bhavnagar,Taleja APMC,Groundnut,Bold,FAQ,12/09/2026,5105,7685,6395
Gujarat,Bhavnagar,Taleja APMC,Bengal Gram(Gram)(Whole),Other,FAQ,12/09/2026,4905,5995,5450
Gujarat,Amreli,The Agricultural Produce Market Committee-Amreli,Soyabean,Soyabeen,FAQ,12/09/2026,5350,5625,5575
Gujarat,Surat,Surat APMC,Cabbage,Cabbage,FAQ,12/09/2026,600,1900,1250
Gujarat,Surat,Surat APMC,Banana - Green,Other,FAQ,12/09/2026,700,1300,1000
Gujarat,Surat,Surat APMC,Capsicum,Other,FAQ,12/09/2026,1500,2750,2125
Gujarat,Surat,Surat APMC,Cluster beans,Other,FAQ,12/09/2026,3000,6500,4750
Gujarat,Surat,Surat APMC,Cowpea(Veg),Cowpea (Veg),FAQ,12/09/2026,2500,6500,4500
Gujarat,Surat,Surat APMC,Lemon,Other,FAQ,12/09/2026,4000,15000,9500
Gujarat,Surat,Surat APMC,Papaya(Raw),Other,FAQ,12/09/2026,800,1500,1150
Gujarat,Surat,Surat APMC,Groundnut pods(raw),Other,FAQ,12/09/2026,3000,4400,3800
Gujarat,Surat,Surat APMC,Tomato,Other,FAQ,12/09/2026,700,2300,1500
Gujarat,Patan,Sami APMC,Bengal Gram(Gram)(Whole),Average (Whole),Local,12/09/2026,5350,5625,5500
Gujarat,Navsari,Bilimora APMC,Cauliflower,Other,FAQ,12/09/2026,1500,3000,2200
Gujarat,Navsari,Bilimora APMC,Long Melon(Kakri),Other,FAQ,12/09/2026,1500,1750,1600
Gujarat,Navsari,Bilimora APMC,Potato,Other,FAQ,12/09/2026,1400,1800,1600
Gujarat,Mehsana,Kadi APMC,Wheat,Other,FAQ,12/09/2026,2600,3175,2850
Gujarat,Mehsana,Kadi APMC,Castor Seed,Caster,FAQ,12/09/2026,7375,7570,7500
Gujarat,Bharuch,Ankleshwar APMC,Cucumbar(Kheera),Cucumbar,Grade A,12/09/2026,1500,3000,2000
Gujarat,Morbi,Vankaner APMC,Cummin Seed(Jeera),Cummin Seed(Jeera),FAQ,12/09/2026,17000,20355,19000
Gujarat,Rajkot,Jetpur(Dist.Rajkot) APMC,Wheat,Other,FAQ,12/09/2026,2625,2925,2805
Gujarat,Rajkot,Jetpur(Dist.Rajkot) APMC,"Sesamum(Sesame,Gingelly,Til)",Sesame,FAQ,12/09/2026,7500,12430,11255
Gujarat,Vadodara(Baroda),Padra APMC,Cucumbar(Kheera),Other,FAQ,12/09/2026,1000,3500,2250
Gujarat,Vadodara(Baroda),Padra APMC,Little gourd(Kundru),Other,FAQ,12/09/2026,750,1750,1250
Gujarat,Vadodara(Baroda),Padra APMC,Pointed gourd(Parval),Other,FAQ,12/09/2026,1750,2250,2000
Gujarat,Gir Somnath,Talalagir APMC,Bhindi(Ladies Finger),Bhindi,FAQ,12/09/2026,850,1240,1000
Gujarat,Mehsana,Visnagar APMC,Wheat,Other,Local,12/09/2026,2625,2905,2765
Gujarat,Dahod,Jhalod APMC,Maize,White (SAFED),Local,12/09/2026,2200,2200,2200
Gujarat,Rajkot,Rajkot(Veg.Sub Yard) APMC,Potato,Potato,FAQ,12/09/2026,465,1480,970
Gujarat,Amreli,APMC Bagasara,Bengal Gram(Gram)(Whole),Desi (Whole),Local,12/09/2026,5900,6050,5975
Gujarat,Gir Somnath,Veraval APMC,Soyabean,Other,FAQ,12/09/2026,5000,5500,5375
Gujarat,Gir Somnath,Veraval APMC,Groundnut,G20,FAQ,12/09/2026,5505,6385,6000
Haryana,Hissar,Barwala(Hisar) APMC,Potato,Potato,Local,12/09/2026,800,1000,900
Haryana,Hissar,Barwala(Hisar) APMC,Spinach,Other,Local,12/09/2026,2000,2000,2000
Haryana,Gurgaon,Gurgaon APMC,Carrot,Other,Grade B,12/09/2026,2000,4000,3000
Haryana,Gurgaon,Gurgaon APMC,Cauliflower,Other,Grade A,12/09/2026,2500,3500,3000
Haryana,Gurgaon,Gurgaon APMC,Brinjal,Brinjal,Grade B,12/09/2026,800,1200,1000
Haryana,Gurgaon,Gurgaon APMC,Potato,Other,Grade B,12/09/2026,600,1000,800
Haryana,Hissar,Hansi APMC,Potato,Other,FAQ,12/09/2026,1000,4000,1000
Haryana,Hissar,Hansi APMC,Ridgeguard(Tori),Other,FAQ,12/09/2026,2500,3000,2750
Haryana,Hissar,Barwala(Hisar) APMC,Onion,Onion,Local,12/09/2026,5000,5000,5000
Haryana,Hissar,Barwala(Hisar) APMC,Banana,Other,Local,12/09/2026,4000,4000,4000
Haryana,Gurgaon,Gurgaon APMC,Bottle gourd,Other,Grade B,12/09/2026,800,1200,1000
Haryana,Gurgaon,Gurgaon APMC,Banana,Other,Grade B,12/09/2026,2000,4000,3000
Haryana,Hissar,Hansi APMC,Guava,Other,Grade B,12/09/2026,4000,5000,4500
Haryana,Hissar,Hansi APMC,Pear(Marasebu),Other,Grade B,12/09/2026,6000,8000,7000
Haryana,Hissar,Hansi APMC,Onion,Other,FAQ,12/09/2026,4500,5500,5000
Haryana,Hissar,Hansi APMC,Lemon,Other,FAQ,12/09/2026,8000,10000,9000
Haryana,Hissar,Hansi APMC,Peas Wet,Other,FAQ,12/09/2026,10000,12000,11000
Haryana,Hissar,Hansi APMC,Karbuja(Musk Melon),Other,Grade B,12/09/2026,4000,5000,4500
Haryana,Hissar,Barwala(Hisar) APMC,Tomato,Tomato,Local,12/09/2026,2500,3000,2800
Haryana,Hissar,Barwala(Hisar) APMC,Cucumbar(Kheera),Cucumbar,Local,12/09/2026,2000,3500,2500
Haryana,Hissar,Barwala(Hisar) APMC,Ginger(Green),Other,Local,12/09/2026,15000,15000,15000
Haryana,Hissar,Barwala(Hisar) APMC,Raddish,Raddish,Local,12/09/2026,1500,1500,1500
Haryana,Gurgaon,Gurgaon APMC,Onion,Other,Grade B,12/09/2026,4000,4500,4250
Haryana,Gurgaon,Gurgaon APMC,Guava,Guava,Grade B,12/09/2026,5000,10000,7500
Haryana,Gurgaon,Gurgaon APMC,Bitter gourd,Other,Grade B,12/09/2026,1000,2000,1500
Haryana,Gurgaon,Gurgaon APMC,Tomato,Other,Grade B,12/09/2026,1000,1400,1200
Haryana,Kurukshetra,Pehowa APMC,Bottle gourd,Other,Medium,12/09/2026,1200,1500,1230
Haryana,Hissar,Hansi APMC,Apple,Other,Grade B,12/09/2026,4000,12000,8000
Haryana,Hissar,Hansi APMC,Cucumbar(Kheera),Other,FAQ,12/09/2026,2000,3000,2500
Haryana,Hissar,Hansi APMC,Bhindi(Ladies Finger),Other,FAQ,12/09/2026,1800,2000,1900
Haryana,Hissar,Hansi APMC,Garlic,Other,FAQ,12/09/2026,10000,20000,15000
Haryana,Hissar,Hansi APMC,Guar,Other,FAQ,12/09/2026,5000,6000,5500
Haryana,Palwal,Hassanpur APMC,Banana,Other,Local,12/09/2026,2500,2500,2500
Haryana,Hissar,Barwala(Hisar) APMC,Mousambi(Sweet Lime),Mousambi,Local,12/09/2026,4000,4000,4000
Haryana,Hissar,Barwala(Hisar) APMC,Apple,Apple,Local,12/09/2026,2000,20000,10000
Haryana,Hissar,Barwala(Hisar) APMC,Garlic,Garlic,Local,12/09/2026,20000,20000,20000
Haryana,Hissar,Barwala(Hisar) APMC,Bhindi(Ladies Finger),Bhindi,Local,12/09/2026,2500,3000,2800
Haryana,Hissar,Barwala(Hisar) APMC,Brinjal,Brinjal,Local,12/09/2026,1000,1200,1100
Haryana,Hissar,Barwala(Hisar) APMC,Ridgeguard(Tori),Ridgeguard(Tori),Local,12/09/2026,2000,2000,2000
Haryana,Hissar,Barwala(Hisar) APMC,Cauliflower,Cauliflower,Local,12/09/2026,2500,4000,3000
Haryana,Hissar,Barwala(Hisar) APMC,Long Melon(Kakri),Long Melon (Kakri),Local,12/09/2026,1000,1000,1000
Haryana,Gurgaon,Gurgaon APMC,Apple,Apple,Grade B,12/09/2026,5000,10000,7500
Haryana,Hissar,Hansi APMC,Chikoos(Sapota),Other,Grade B,12/09/2026,6000,10000,8000
Haryana,Hissar,Hansi APMC,Pineapple,Other,Grade B,12/09/2026,4000,6000,5000
Haryana,Hissar,Hansi APMC,Pomegranate,Other,Grade B,12/09/2026,8000,15000,12000
Haryana,Hissar,Hansi APMC,Bitter gourd,Other,FAQ,12/09/2026,3000,3500,3250
Haryana,Hissar,Hansi APMC,Cabbage,Other,FAQ,12/09/2026,2500,30000,2700
Haryana,Hissar,Hansi APMC,Tomato,Other,FAQ,12/09/2026,2500,3000,2750
Haryana,Hissar,Barwala(Hisar) APMC,Coriander(Leaves),Coriander,Local,12/09/2026,6000,6000,6000
Haryana,Hissar,Barwala(Hisar) APMC,Bottle gourd,Bottle Gourd,Local,12/09/2026,300,500,400
Haryana,Hissar,Barwala(Hisar) APMC,Bitter gourd,Bitter Gourd,Local,12/09/2026,2200,2500,2400
Haryana,Hissar,Barwala(Hisar) APMC,Lemon,Other,Local,12/09/2026,6000,7000,6500
Haryana,Hissar,Barwala(Hisar) APMC,Pumpkin,Pumpkin,Local,12/09/2026,1000,1000,1000
Haryana,Gurgaon,Gurgaon APMC,Cabbage,Other,Grade B,12/09/2026,1000,1400,1200
Haryana,Gurgaon,Gurgaon APMC,Bhindi(Ladies Finger),Other,Grade A,12/09/2026,1500,2500,2000
Haryana,Gurgaon,Gurgaon APMC,Capsicum,Other,Grade A,12/09/2026,2000,4000,3000
Haryana,Hissar,Hansi APMC,Carrot,Other,FAQ,12/09/2026,6000,7000,6500
Haryana,Hissar,Hansi APMC,Mousambi(Sweet Lime),Other,Grade B,12/09/2026,3000,3500,3250
Haryana,Hissar,Hansi APMC,Colacasia,Other,FAQ,12/09/2026,2500,3000,2750
Haryana,Hissar,Hansi APMC,Capsicum,Other,FAQ,12/09/2026,4000,5000,4500
Haryana,Hissar,Hansi APMC,Pumpkin,Other,FAQ,12/09/2026,1000,1500,1250
Haryana,Hissar,Hansi APMC,Raddish,Other,FAQ,12/09/2026,1500,2000,1750
Haryana,Hissar,Hansi APMC,Spinach,Other,FAQ,12/09/2026,2000,2500,2250
Haryana,Hissar,Hansi APMC,Ginger(Dry),Other,FAQ,12/09/2026,8000,10000,9000
Haryana,Hissar,Hansi APMC,Beetroot,Other,FAQ,12/09/2026,6000,8000,7000
Haryana,Hissar,Hansi APMC,Water Melon,Other,Grade B,12/09/2026,2500,3000,2750
Haryana,Hissar,Hansi APMC,Cauliflower,Other,FAQ,12/09/2026,4000,5000,4500
Haryana,Hissar,Hansi APMC,Bottle gourd,Other,FAQ,12/09/2026,600,800,700
Haryana,Hissar,Hansi APMC,Brinjal,Other,FAQ,12/09/2026,800,1000,900
Himachal Pradesh,Solan,SMY Dharampur,Capsicum,Capsicum,Medium,12/09/2026,500,1500,1500
Himachal Pradesh,Solan,SMY Wakhnaghat,Capsicum,Capsicum,Medium,12/09/2026,400,1500,1500
Himachal Pradesh,Solan,SMY Dharampur,French Beans(Frasbean),Other,Medium,12/09/2026,2000,3000,2500
Himachal Pradesh,Solan,SMY Wakhnaghat,Tomato,Deshi,Local,12/09/2026,300,1600,1600
Himachal Pradesh,Solan,SMY Wakhnaghat,Raddish,Other,Medium,12/09/2026,500,1000,1000
Himachal Pradesh,Solan,SMY Wakhnaghat,Cucumbar(Kheera),Cucumbar,Local,12/09/2026,1200,1200,1200
Himachal Pradesh,Solan,SMY Wakhnaghat,Tomato,Deshi,Medium,12/09/2026,2000,3000,3000
Himachal Pradesh,Solan,SMY Dharampur,Tomato,Local,Local,12/09/2026,500,1600,1600
Karnataka,Chamarajanagar,Chamarajanagar APMC,Ladies Finger,Ladies Finger,Local,12/09/2026,1800,2600,2100
Karnataka,Chamarajanagar,Chamarajanagar APMC,Brinjal,Round/Long,Local,12/09/2026,600,1600,1100
Karnataka,Chamarajanagar,Chamarajanagar APMC,Raddish,Raddish,Local,12/09/2026,1200,2200,1700
Karnataka,Bengaluru South,Ramanagara APMC,Brinjal,Brinjal,Local,12/09/2026,2000,3200,2400
Karnataka,Bengaluru South,Ramanagara APMC,Cabbage,Cabbage,Local,12/09/2026,1000,1800,1500
Karnataka,Bengaluru South,Ramanagara APMC,Beetroot,Beetroot,Local,12/09/2026,3000,3600,3200
Karnataka,Bengaluru South,Ramanagara APMC,Bitter gourd,Bitter Gourd,Local,12/09/2026,3200,4000,3500
Karnataka,Belagavi,Belgaum APMC,Beetroot,Beetroot,Large,12/09/2026,2000,2500,1500
Karnataka,Belagavi,Belgaum APMC,Bitter gourd,Bitter Gourd,Large,12/09/2026,2000,3000,2500
Karnataka,Chamarajanagar,Chamarajanagar APMC,Brinjal,Other,Local,12/09/2026,800,1800,1200
Karnataka,Chamarajanagar,Chamarajanagar APMC,Beans,Beans (Whole),Local,12/09/2026,3000,4500,3800
Karnataka,Chamarajanagar,Chamarajanagar APMC,Coconut,Small,Local,12/09/2026,14000,27000,14000
Karnataka,Chamarajanagar,Chamarajanagar APMC,Knool Khol,Knool Khol,Local,12/09/2026,2600,3000,2800
Karnataka,Bengaluru South,Ramanagara APMC,Beans,Beans (Whole),Local,12/09/2026,4800,7000,5600
Karnataka,Bengaluru South,Ramanagara APMC,Ginger(Green),Green Ginger,Local,12/09/2026,5000,12000,8000
Karnataka,Bengaluru South,Ramanagara APMC,Carrot,Carrot,Local,12/09/2026,4000,6000,5000
Karnataka,Belagavi,Belgaum APMC,Cabbage,Cabbage,Large,12/09/2026,400,3000,2500
Karnataka,Belagavi,Belgaum APMC,Beans,Beans (Whole),Large,12/09/2026,2000,3000,2800
Karnataka,Chamarajanagar,Chamarajanagar APMC,Paddy(Common),Paddy Medium,Local,12/09/2026,2000,2000,2000
Karnataka,Chamarajanagar,Chamarajanagar APMC,Arecanut(Betelnut/Supari),Other,Local,12/09/2026,15000,15000,15000
Karnataka,Chamarajanagar,Chamarajanagar APMC,Carrot,Carrot,Local,12/09/2026,1400,3000,2200
Karnataka,Chamarajanagar,Chamarajanagar APMC,Tomato,Tomato,Local,12/09/2026,1600,3600,2600
Karnataka,Chamarajanagar,Chamarajanagar APMC,Tender Coconut,Tender Coconut,Local,12/09/2026,20000,20000,20000
Karnataka,Bengaluru South,Ramanagara APMC,Green Avare(W),Green Avare (W),Local,12/09/2026,3200,4000,3600
Karnataka,Bengaluru South,Ramanagara APMC,Drumstick,Drumstick,Local,12/09/2026,2400,3200,3000
Karnataka,Bengaluru South,Ramanagara APMC,Seemebadnekai,Seemebadanekai,Local,12/09/2026,2000,2800,2400
Karnataka,Bengaluru South,Ramanagara APMC,Knool Khol,Knool Khol,Local,12/09/2026,2400,3200,3000
Karnataka,Belagavi,Belgaum APMC,Capsicum,Capsicum,Large,12/09/2026,2000,2500,2200
Karnataka,Chamarajanagar,Chamarajanagar APMC,Cabbage,Cabbage,Local,12/09/2026,1000,1400,1200
Karnataka,Chamarajanagar,Chamarajanagar APMC,Ridgeguard(Tori),Ridgeguard(Tori),Local,12/09/2026,1600,2200,1900
Karnataka,Bengaluru South,Ramanagara APMC,Cauliflower,Cauliflower,Local,12/09/2026,2000,3000,2400
Karnataka,Bengaluru South,Ramanagara APMC,Tomato,Tomato,Local,12/09/2026,1000,2000,1600
Karnataka,Bengaluru South,Ramanagara APMC,Bottle gourd,Bottle Gourd,Local,12/09/2026,1200,2000,1600
Karnataka,Bengaluru South,Ramanagara APMC,Green Chilli,Green Chilly,Local,12/09/2026,3000,5200,4000
Karnataka,Bengaluru South,Ramanagara APMC,Chilly Capsicum,Chilly Capsicum,Local,12/09/2026,3000,4500,4000
Karnataka,Belagavi,Belgaum APMC,Cauliflower,Local,Large,12/09/2026,4000,3500,2500
Karnataka,Belagavi,Belgaum APMC,Brinjal,Other,Large,12/09/2026,2000,3000,2200
Karnataka,Belagavi,Belgaum APMC,Ladies Finger,Ladies Finger,Large,12/09/2026,2000,2200,2000
Karnataka,Belagavi,Belgaum APMC,Green Chilli,Green Chilly,Large,12/09/2026,2000,3000,2500
Karnataka,Chamarajanagar,Chamarajanagar APMC,Beetroot,Beetroot,Local,12/09/2026,2000,2800,2400
Karnataka,Chamarajanagar,Chamarajanagar APMC,Green Chilli,Green Chilly,Local,12/09/2026,1600,2400,2000
Karnataka,Chamarajanagar,Chamarajanagar APMC,Cucumbar(Kheera),Cucumbar,Local,12/09/2026,800,1800,1300
Karnataka,Bengaluru South,Ramanagara APMC,Brinjal,Round,Local,12/09/2026,1600,2400,2000
Karnataka,Bengaluru South,Ramanagara APMC,Ladies Finger,Ladies Finger,Local,12/09/2026,2000,3200,2800
Karnataka,Bengaluru South,Ramanagara APMC,Snakeguard,Snakeguard,Local,12/09/2026,1600,2400,2000
Karnataka,Bengaluru South,Ramanagara APMC,Cucumbar(Kheera),Cucumbar,Local,12/09/2026,2200,2600,2400
Karnataka,Bengaluru South,Ramanagara APMC,Ridgeguard(Tori),Ridgeguard(Tori),Local,12/09/2026,2000,3200,2400
Karnataka,Bengaluru South,Ramanagara APMC,Raddish,Raddish,Local,12/09/2026,2000,3200,2400
Karnataka,Bengaluru South,Ramanagara APMC,Capsicum,Capsicum,Local,12/09/2026,3000,5000,4000
Karnataka,Belagavi,Belgaum APMC,Tomato,Tomato,Large,12/09/2026,2000,3000,2500
Keralam,Kozhikode(Calicut),Mukkom Market,Bitter gourd,Bitter Gourd,FAQ,12/09/2026,6500,6900,6700
Keralam,Kozhikode(Calicut),Mukkom Market,Tomato,Tomato,FAQ,12/09/2026,1800,2200,2000
Keralam,Kozhikode(Calicut),Mukkom Market,Ashgourd,Other,FAQ,12/09/2026,2400,2600,2500
Keralam,Kollam,Anchal Market,Elephant Yam(Suran)/Amorphophallus,Elephant Yam (Suran),Local,12/09/2026,4500,4500,4500
Keralam,Kollam,Anchal Market,Cabbage,Cabbage,Medium,12/09/2026,6700,6700,6700
Keralam,Kollam,Sasthamkotta Market,Amaranthus,Other,Local,12/09/2026,5000,5000,5000
Keralam,Kollam,Sasthamkotta Market,Cucumbar(Kheera),Other,Local,12/09/2026,3000,3000,3000
Keralam,Kollam,Sasthamkotta Market,Mashrooms,Mashrooms,Local,12/09/2026,8000,8000,8000
Keralam,Kollam,Sasthamkotta Market,Snakeguard,Snakeguard,Local,12/09/2026,2200,2200,2200
Keralam,Kollam,Sasthamkotta Market,Tomato,Tomato,Local,12/09/2026,3000,3000,3000
Keralam,Ernakulam,Perumbavoor Market,Cauliflower,Cauliflower,Medium,12/09/2026,4000,5000,4500
Keralam,Ernakulam,Perumbavoor Market,Little gourd(Kundru),Other,Medium,12/09/2026,3500,4500,4000
Keralam,Ernakulam,Perumbavoor Market,Bhindi(Ladies Finger),Bhindi,Medium,12/09/2026,4000,4800,4400
Keralam,Ernakulam,Perumbavoor Market,Potato,Potato,Medium,12/09/2026,3000,4200,3600
Keralam,Ernakulam,Perumbavoor Market,Tomato,Tomato,Medium,12/09/2026,3500,4300,3800
Keralam,Ernakulam,Perumbavoor Market,Banana,Poovan,Medium,12/09/2026,5500,6500,6000
Keralam,Kottayam,Ettumanoor Market,Cabbage,Cabbage,FAQ,12/09/2026,3000,3400,3200
Keralam,Kottayam,Ettumanoor Market,Colacasia,Other,FAQ,12/09/2026,6000,6400,6200
Keralam,Ernakulam,Piravam Market,Beetroot,Beetroot,Local,12/09/2026,7200,8000,7600
Keralam,Ernakulam,Piravam Market,Cabbage,Cabbage,Local,12/09/2026,5000,6000,5500
Keralam,Ernakulam,Piravam Market,Carrot,Carrot,Local,12/09/2026,7000,8000,7500
Keralam,Ernakulam,Piravam Market,Coriander(Leaves),Other,Local,12/09/2026,8000,9000,8500
Keralam,Ernakulam,Piravam Market,Cowpea(Veg),Cowpea (Veg),Local,12/09/2026,6000,8000,7000
Keralam,Ernakulam,Piravam Market,Ginger(Green),Green Ginger,Local,12/09/2026,18000,20000,19000
Keralam,Ernakulam,Piravam Market,Green Chilli,Green Chilly,Local,12/09/2026,8000,10000,9000
Keralam,Ernakulam,Piravam Market,Indian Beans(Seam),Other,Local,12/09/2026,6000,8000,7000
Keralam,Ernakulam,Piravam Market,Little gourd(Kundru),Other,Local,12/09/2026,5500,6500,6000
Keralam,Ernakulam,Piravam Market,Mango(Raw-Ripe),Mango - Raw-Ripe,Local,12/09/2026,4000,6000,4500
Keralam,Thiruvananthapuram,Parassala Market,Drumstick,Drumstick,Local,12/09/2026,2800,3200,3000
Keralam,Thiruvananthapuram,Parassala Market,Snakeguard,Snakeguard,Local,12/09/2026,2800,3200,3000
Keralam,Kottayam,Ettumanoor VFPCK Market,Bitter gourd,Bitter Gourd,Grade A,12/09/2026,4400,4600,4500
Keralam,Palakad,Palakkad Market,Green Gram(Moong)(Whole),Green Gram Dhall-I,FAQ,12/09/2026,11500,13500,12600
Keralam,Palakad,Palakkad Market,Green Peas,Green Peas,FAQ,12/09/2026,6200,8000,7200
Keralam,Palakad,Palakkad Market,Kabuli Chana(Chickpeas-White),Kabuli Chana(Chickpeas-white),FAQ,12/09/2026,11000,12500,11800
Keralam,Palakad,Palakkad Market,Chili Red,Red,FAQ,12/09/2026,27000,29000,28100
Keralam,Kannur,Maloor VFPCK Market,Banana,Nendra Bale,Grade A,12/09/2026,6200,6400,6300
Keralam,Thiruvananthapuram,Pappanchani VFPCK Market,Cowpea(Veg),Bean Barbati,Grade A,12/09/2026,8000,8000,8000
Keralam,Alappuzha,Chengannur Market,Ginger(Green),Green Ginger,FAQ,12/09/2026,15000,15800,15500
Keralam,Alappuzha,Chengannur Market,Bhindi(Ladies Finger),Other,FAQ,12/09/2026,3800,4200,3900
Keralam,Alappuzha,Chengannur Market,Beetroot,Beetroot,FAQ,12/09/2026,3500,4000,3700
Keralam,Alappuzha,Chengannur Market,Brinjal,Brinjal,FAQ,12/09/2026,4500,4800,4600
Keralam,Alappuzha,Chengannur Market,Cluster beans,Cluster Beans,FAQ,12/09/2026,6500,7000,6800
Keralam,Alappuzha,Chengannur Market,Cowpea(Veg),Cowpea (Veg),FAQ,12/09/2026,3900,4200,4000
Keralam,Alappuzha,Chengannur Market,Ginger(Green),Other,FAQ,12/09/2026,11900,12500,12000
Keralam,Kollam,Kottarakkara Market,Drumstick,Other,Local,12/09/2026,5600,5600,5600
Keralam,Kollam,Kottarakkara Market,Little gourd(Kundru),Other,Local,12/09/2026,3100,3100,3100
Keralam,Kollam,Kottarakkara Market,Onion,Other,Local,12/09/2026,3000,3000,3000
Keralam,Kozhikode(Calicut),Mukkom Market,Coconut,Other,FAQ,12/09/2026,5800,6100,5900
Keralam,Kozhikode(Calicut),Mukkom Market,Green Chilli,Green Chilly,FAQ,12/09/2026,6000,6300,6100
Keralam,Kozhikode(Calicut),Mukkom Market,Cucumbar(Kheera),Cucumbar,FAQ,12/09/2026,1800,2100,1900
Keralam,Kozhikode(Calicut),Mukkom Market,Drumstick,Drumstick,FAQ,12/09/2026,4400,4700,4600
Keralam,Kollam,Anchal Market,Lemon,Lemon,Local,12/09/2026,6400,6400,6400
Keralam,Kollam,Anchal Market,Snakeguard,Other,Local,12/09/2026,3800,3800,3800
Keralam,Kollam,Anchal Market,Bottle gourd,Bottle Gourd,Local,12/09/2026,2700,2700,2700
Keralam,Kollam,Anchal Market,Tomato,Tomato,Local,12/09/2026,5000,5000,5000
Keralam,Kollam,Sasthamkotta Market,Pumpkin,Other,Local,12/09/2026,2500,2500,2500
Keralam,Kollam,Sasthamkotta Market,Bitter gourd,Bitter Gourd,Local,12/09/2026,6000,6000,6000
Keralam,Kollam,Sasthamkotta Market,Colacasia,Other,Local,12/09/2026,6000,6000,6000
Keralam,Kollam,Sasthamkotta Market,Mango(Raw-Ripe),Other,Local,12/09/2026,3000,3000,3000
Keralam,Kollam,Sasthamkotta Market,Banana,Poovan,Local,12/09/2026,3500,3500,3500
Keralam,Kollam,Sasthamkotta Market,Tapioca,Other,Local,12/09/2026,5000,5000,5000
Keralam,Ernakulam,Perumbavoor Market,Bottle gourd,Bottle Gourd,Medium,12/09/2026,3000,4000,3500
Keralam,Ernakulam,Perumbavoor Market,Cabbage,Cabbage,Medium,12/09/2026,3000,4600,3800
Keralam,Ernakulam,Perumbavoor Market,Cowpea(Veg),Cowpea (Veg),Medium,12/09/2026,4000,5500,5000
Keralam,Ernakulam,Perumbavoor Market,Drumstick,Drumstick,Large,12/09/2026,3500,4600,3800
Keralam,Ernakulam,Perumbavoor Market,Ginger(Green),Green Ginger,Medium,12/09/2026,15000,17000,16000
Keralam,Ernakulam,Perumbavoor Market,Pumpkin,Pumpkin,Large,12/09/2026,1500,2400,1800
Keralam,Ernakulam,Perumbavoor Market,Tapioca,Tapioca,Medium,12/09/2026,3000,3800,3400
Keralam,Kottayam,Ettumanoor Market,Beetroot,Beetroot,FAQ,12/09/2026,4400,4800,4600
Keralam,Ernakulam,Piravam Market,Colacasia,Other,Local,12/09/2026,4800,5500,5000
Keralam,Ernakulam,Piravam Market,Elephant Yam(Suran)/Amorphophallus,Amorphophallus,Local,12/09/2026,5000,6000,5500
Keralam,Ernakulam,Piravam Market,Drumstick,Drumstick,Local,12/09/2026,13000,14800,14000
Keralam,Ernakulam,Piravam Market,Galgal(Lemon),Other,Local,12/09/2026,3000,4000,3500
Keralam,Ernakulam,Piravam Market,Lemon,Other,Local,12/09/2026,20000,22000,21000
Keralam,Ernakulam,Piravam Market,Pumpkin,Pumpkin,Local,12/09/2026,3500,4500,4000
Keralam,Ernakulam,Kunnukara  VFPCK Market,Banana,Nendra Bale,Grade A,12/09/2026,4800,5000,4900
Keralam,Thirssur,Irinjalakkuda Market,Ashgourd,Ashgourd,FAQ,12/09/2026,2500,2700,2600
Keralam,Thiruvananthapuram,Parassala Market,Cucumbar(Kheera),Cucumbar,Local,12/09/2026,2000,2400,2200
Keralam,Thiruvananthapuram,Parassala Market,Cluster beans,Cluster Beans,Local,12/09/2026,3800,4200,4000
Keralam,Thiruvananthapuram,Parassala Market,Beetroot,Beetroot,Local,12/09/2026,3800,4200,4000
Keralam,Thiruvananthapuram,Parassala Market,Ginger(Green),Green Ginger,Local,12/09/2026,8000,8400,8200
Keralam,Thiruvananthapuram,Parassala Market,Cowpea(Veg),Cowpea (Veg),Local,12/09/2026,7400,8000,7600
Keralam,Thiruvananthapuram,Parassala Market,Banana,Red Banana,Local,12/09/2026,6800,7200,7000
Keralam,Kottayam,Ettumanoor VFPCK Market,Snakeguard,Snakeguard,Grade A,12/09/2026,2500,2800,2600
Keralam,Thirssur,Karalam VFPCK Market,Banana,Nendra Bale,Grade A,12/09/2026,1000,4800,2450
Keralam,Palakad,Palakkad Market,Banana,Poovan,Medium,12/09/2026,7500,8500,8100
Keralam,Alappuzha,Chengannur Market,Garlic,Garlic,FAQ,12/09/2026,19600,21000,20000
Keralam,Alappuzha,Chengannur Market,Carrot,Other,FAQ,12/09/2026,5900,6200,6000
Keralam,Alappuzha,Chengannur Market,Cabbage,Other,FAQ,12/09/2026,2800,3100,3000
Keralam,Alappuzha,Chengannur Market,Bottle gourd,Other,FAQ,12/09/2026,1900,2200,2000
Keralam,Kollam,Kottarakkara Market,Bhindi(Ladies Finger),Other,Local,12/09/2026,2000,2000,2000
Keralam,Kollam,Kottarakkara Market,Amaranthus,Other,Local,12/09/2026,2800,2800,2800
Keralam,Kollam,Kottarakkara Market,Cucumbar(Kheera),Other,Local,12/09/2026,2000,2000,2000
Keralam,Kollam,Kottarakkara Market,Green Chilli,Other,Local,12/09/2026,3100,3100,3100
Keralam,Kollam,Kottarakkara Market,Tomato,Other,Local,12/09/2026,3000,3000,3000
Keralam,Kozhikode(Calicut),Mukkom Market,Apple,Other,Large,12/09/2026,14500,15500,15000
Keralam,Kozhikode(Calicut),Mukkom Market,Cabbage,Cabbage,FAQ,12/09/2026,2600,2800,2700
Keralam,Kozhikode(Calicut),Mukkom Market,Bottle gourd,Bottle Gourd,FAQ,12/09/2026,3200,3500,3400
Keralam,Kozhikode(Calicut),Mukkom Market,Pumpkin,Pumpkin,FAQ,12/09/2026,1800,2100,1900
Keralam,Kozhikode(Calicut),Perambra Market,Elephant Yam(Suran)/Amorphophallus,Amorphophallus,FAQ,12/09/2026,3500,4000,3800
Keralam,Kozhikode(Calicut),Perambra Market,Banana,Robusta,Local,12/09/2026,2500,2700,2700
Keralam,Kollam,Anchal Market,Bhindi(Ladies Finger),Bhindi,Local,12/09/2026,5400,5400,5400
Keralam,Kollam,Anchal Market,Bitter gourd,Bitter Gourd,Local,12/09/2026,7400,7400,7400
Keralam,Kollam,Anchal Market,Carrot,Carrot,Local,12/09/2026,5300,5300,5300
Keralam,Kollam,Anchal Market,Cucumbar(Kheera),Cucumbar,Local,12/09/2026,3300,3300,3300
Keralam,Kollam,Anchal Market,Pumpkin,Other,Local,12/09/2026,2700,2700,2700
Keralam,Kollam,Sasthamkotta Market,Brinjal,Brinjal,Local,12/09/2026,3000,3000,3000
Keralam,Kollam,Sasthamkotta Market,Sweet Potato,Other,Local,12/09/2026,3500,3500,3500
Keralam,Kollam,Sasthamkotta Market,Banana,Palayamthodan,Local,12/09/2026,2200,2200,2200
Keralam,Kollam,Sasthamkotta Market,Banana,Nendra Bale,Local,12/09/2026,8000,8000,8000
Keralam,Ernakulam,Perumbavoor Market,Ashgourd,Ashgourd,Medium,12/09/2026,2000,2400,2200
Keralam,Ernakulam,Perumbavoor Market,Amaranthus,Amaranthus,Medium,12/09/2026,3000,4000,3500
Keralam,Ernakulam,Perumbavoor Market,Beetroot,Beetroot,Medium,12/09/2026,5000,5800,5400
Keralam,Ernakulam,Perumbavoor Market,Field Pea,Field Pea,Medium,12/09/2026,4000,5000,4500
Keralam,Ernakulam,Perumbavoor Market,Mango(Raw-Ripe),Mango - Raw-Ripe,Medium,12/09/2026,5000,6000,5500
Keralam,Ernakulam,Perumbavoor Market,Banana,Palayamthodan,Medium,12/09/2026,3000,4000,3500
Keralam,Kottayam,Ettumanoor Market,Ashgourd,Ashgourd,FAQ,12/09/2026,1800,2000,1900
Keralam,Ernakulam,Piravam Market,Bhindi(Ladies Finger),Bhindi,Local,12/09/2026,6000,7200,7000
Keralam,Ernakulam,Piravam Market,Snakeguard,Snakeguard,Local,12/09/2026,4000,5000,4500
Keralam,Ernakulam,Vengola  VFPCK Market,Pineapple,Pine Apple,Grade B,12/09/2026,5000,6100,5600
Keralam,Thiruvananthapuram,Parassala Market,Bhindi(Ladies Finger),Bhindi,Local,12/09/2026,5800,6200,6000
Keralam,Thiruvananthapuram,Parassala Market,Banana,Palayamthodan,Local,12/09/2026,2800,3200,3000
Keralam,Thiruvananthapuram,Parassala Market,Elephant Yam(Suran)/Amorphophallus,Elephant Yam (Suran),Local,12/09/2026,8800,9200,9000
Keralam,Kannur,Payyannur Market,Coconut Seed,Other,Local,12/09/2026,5400,5600,5500
Keralam,Kannur,Payyannur Market,Copra,Other,Local,12/09/2026,13900,14100,14000
Keralam,Kannur,Payyannur Market,Black pepper,Other,Local,12/09/2026,65000,67000,66000
Keralam,Thirssur,Nooluvally  VFPCK Market,Banana,Nendra Bale,Grade A,12/09/2026,3800,4500,4000
Keralam,Palakad,Palakkad Market,Green Gram(Moong)(Whole),Green (Whole),FAQ,12/09/2026,11000,12500,11800
Keralam,Palakad,Palakkad Market,Black Gram(Urd Beans)(Whole),Black Gram Dal,FAQ,12/09/2026,12800,14000,13500
Keralam,Thiruvananthapuram,Pappanchani VFPCK Market,Snakeguard,Other,Grade A,12/09/2026,3000,3000,3000
Keralam,Alappuzha,Chengannur Market,Coconut,Big,FAQ,12/09/2026,5900,6200,6000
Keralam,Alappuzha,Chengannur Market,Bitter gourd,Other,FAQ,12/09/2026,5800,6100,6000
Keralam,Alappuzha,Chengannur Market,Drumstick,Other,FAQ,12/09/2026,3900,4200,4100
Keralam,Alappuzha,Chengannur Market,Onion,Big,FAQ,12/09/2026,5300,5600,5400
Keralam,Alappuzha,Chengannur Market,Onion,Small,FAQ,12/09/2026,7800,8200,8000
Keralam,Alappuzha,Chengannur Market,Tomato,Tomato,FAQ,12/09/2026,3800,4100,4000
Keralam,Kollam,Kottarakkara Market,Beetroot,Other,Local,12/09/2026,2000,2000,2000
Keralam,Kollam,Kottarakkara Market,Brinjal,Other,Local,12/09/2026,2000,2000,2000
Keralam,Kollam,Kottarakkara Market,Carrot,Other,Local,12/09/2026,3600,3600,3600
Keralam,Kollam,Kottarakkara Market,Cowpea(Veg),Other,Local,12/09/2026,1000,1000,1000
Keralam,Kollam,Kottarakkara Market,Ginger(Green),Other,Local,12/09/2026,5000,5000,5000
Keralam,Kollam,Kottarakkara Market,Pumpkin,Other,Local,12/09/2026,1500,1500,1500
Keralam,Kollam,Kottarakkara Market,Snakeguard,Other,Local,12/09/2026,2100,2100,2100
Keralam,Kozhikode(Calicut),Mukkom Market,Cowpea(Veg),Cowpea (Veg),FAQ,12/09/2026,7000,7500,7200
Keralam,Kozhikode(Calicut),Mukkom Market,Bhindi(Ladies Finger),Bhindi,FAQ,12/09/2026,4400,4800,4600
Keralam,Kozhikode(Calicut),Mukkom Market,Amaranthus,Amaranthus,FAQ,12/09/2026,3400,3600,3500
Keralam,Kozhikode(Calicut),Mukkom Market,Onion,Onion,FAQ,12/09/2026,5200,5500,5400
Keralam,Kollam,Anchal Market,Colacasia,Colacasia,Medium,12/09/2026,6700,6700,6700
Keralam,Kollam,Anchal Market,Drumstick,Drumstick,Local,12/09/2026,7500,7500,7500
Keralam,Kollam,Anchal Market,Beetroot,Beetroot,Local,12/09/2026,3600,3600,3600
Keralam,Kollam,Anchal Market,Brinjal,Brinjal,Local,12/09/2026,4700,4700,4700
Keralam,Kollam,Anchal Market,Tapioca,Other,Local,12/09/2026,3600,3600,3600
Keralam,Kollam,Sasthamkotta Market,Bhindi(Ladies Finger),Other,Local,12/09/2026,4000,4000,4000
Keralam,Thiruvananthapuram,Vamanapuram Market,Tomato,Other,FAQ,12/09/2026,4000,4500,4000
Keralam,Ernakulam,Perumbavoor Market,Banana - Green,Banana - Green,Medium,12/09/2026,5100,5400,5200
Keralam,Ernakulam,Perumbavoor Market,Carrot,Carrot,Medium,12/09/2026,6000,7000,6500
Keralam,Ernakulam,Perumbavoor Market,Bitter gourd,Bitter Gourd,Medium,12/09/2026,4000,5000,4500
Keralam,Ernakulam,Perumbavoor Market,Cucumbar(Kheera),Cucumbar,Medium,12/09/2026,3500,4500,4000
Keralam,Ernakulam,Perumbavoor Market,Elephant Yam(Suran)/Amorphophallus,Other,Medium,12/09/2026,3500,5000,4500
Keralam,Ernakulam,Perumbavoor Market,Green Chilli,Green Chilly,Medium,12/09/2026,4500,5500,5000
Keralam,Ernakulam,Perumbavoor Market,Lemon,Lemon,Medium,12/09/2026,6500,7500,7000
Keralam,Ernakulam,Perumbavoor Market,Onion,Onion,Medium,12/09/2026,4500,5500,5000
Keralam,Ernakulam,Perumbavoor Market,Indian Beans(Seam),Indian Beans (Seam),Medium,12/09/2026,6000,7000,6500
Keralam,Kottayam,Ettumanoor Market,Bhindi(Ladies Finger),Bhindi,FAQ,12/09/2026,3400,3800,3600
Keralam,Ernakulam,Piravam Market,Ashgourd,Ashgourd,Local,12/09/2026,3000,4000,3500
Keralam,Ernakulam,Piravam Market,Amaranthus,Amaranthus,Local,12/09/2026,6200,7000,6800
Keralam,Ernakulam,Piravam Market,Bitter gourd,Bitter Gourd,Local,12/09/2026,7000,8200,7500
Keralam,Ernakulam,Piravam Market,Brinjal,Brinjal,Local,12/09/2026,3000,4000,3500
Keralam,Ernakulam,Piravam Market,Cauliflower,Cauliflower,Local,12/09/2026,6000,7000,6500
Keralam,Ernakulam,Piravam Market,Cucumbar(Kheera),Cucumbar,Local,12/09/2026,4000,6000,5000
Keralam,Ernakulam,Piravam Market,Potato,Potato,Local,12/09/2026,3800,4500,4200
Keralam,Thirssur,Thottippal VFPCK Market,Banana,Nendra Bale,Grade A,12/09/2026,1000,4500,2580
Keralam,Ernakulam,Kanjoor VFPCK Market,Banana,Nendra Bale,Grade A,12/09/2026,4300,4600,4400
Keralam,Thiruvananthapuram,Parassala Market,Banana,Nendra Bale,Local,12/09/2026,6800,7200,7000
Keralam,Thiruvananthapuram,Parassala Market,Amaranthus,Amaranthus,Local,12/09/2026,6800,7200,7000
Keralam,Thiruvananthapuram,Parassala Market,Carrot,Carrot,Local,12/09/2026,3800,4200,4000
Keralam,Thiruvananthapuram,Parassala Market,Banana,Robusta,Local,12/09/2026,2800,3200,3000
Keralam,Kannur,Payyannur Market,Amaranthus,Other,Local,12/09/2026,3800,4000,3900
Keralam,Kottayam,Ettumanoor VFPCK Market,Cowpea(Veg),Cowpea (Veg),Grade A,12/09/2026,7500,7700,7600
Keralam,Thirssur,Chelakkara VFPCK Market,Cowpea(Veg),Other,Grade A,12/09/2026,3500,4600,4500
Keralam,Palakad,Palakkad Market,Cowpea(Lobia/Karamani),Cowpea (Whole),FAQ,12/09/2026,10000,12000,11100
Keralam,Palakad,Palakkad Market,Banana,Nendra Bale,Small,12/09/2026,4000,5000,4600
Keralam,Palakad,Palakkad Market,Bengal Gram(Gram)(Whole),Average (Whole),FAQ,12/09/2026,7800,9000,8500
Keralam,Palakad,Palakkad Market,Black Gram(Urd Beans)(Whole),Black Gram (Whole),FAQ,12/09/2026,11800,13000,12500
Keralam,Palakad,Palakkad Market,Coconut,Coconut,FAQ,12/09/2026,5700,6000,5900
Keralam,Thiruvananthapuram,Pappanchani VFPCK Market,Cucumbar(Kheera),Cucumbar,Grade A,12/09/2026,5000,5000,5000
Keralam,Thiruvananthapuram,Pappanchani VFPCK Market,Amranthas Red,Chawli Lal,Grade A,12/09/2026,4000,4000,4000
Keralam,Alappuzha,Chengannur Market,Mango(Raw-Ripe),Mango - Raw-Ripe,FAQ,12/09/2026,5900,6200,6000
Keralam,Alappuzha,Chengannur Market,Banana - Green,Banana - Green,FAQ,12/09/2026,5600,5900,5700
Keralam,Alappuzha,Chengannur Market,Capsicum,Other,FAQ,12/09/2026,6000,6500,6200
Keralam,Alappuzha,Chengannur Market,Potato,Potato,FAQ,12/09/2026,2700,3000,2800
Keralam,Alappuzha,Chengannur Market,Pumpkin,Other,FAQ,12/09/2026,1900,2200,2000
Keralam,Kollam,Kottarakkara Market,Banana - Green,Other,Local,12/09/2026,1800,1800,1800
Keralam,Kollam,Kottarakkara Market,Lemon,Other,Local,12/09/2026,3100,3100,3100
Keralam,Kollam,Kottarakkara Market,Potato,Other,Local,12/09/2026,2300,2300,2300
Keralam,Kozhikode(Calicut),Mukkom Market,Grapes,Other,Large,12/09/2026,8000,9000,8500
Keralam,Kozhikode(Calicut),Mukkom Market,Banana,Other,Large,12/09/2026,7000,7400,7200
Keralam,Kozhikode(Calicut),Mukkom Market,Orange,Other,Large,12/09/2026,10000,11000,10500
Keralam,Kozhikode(Calicut),Mukkom Market,Pineapple,Other,Large,12/09/2026,8000,9000,8500
Keralam,Kozhikode(Calicut),Mukkom Market,Banana - Green,Banana - Green,FAQ,12/09/2026,5600,5900,5800
Keralam,Kozhikode(Calicut),Mukkom Market,Beetroot,Beetroot,FAQ,12/09/2026,4800,5200,5000
Keralam,Kozhikode(Calicut),Mukkom Market,Brinjal,Brinjal,FAQ,12/09/2026,4400,4600,4500
Keralam,Kozhikode(Calicut),Mukkom Market,Carrot,Carrot,FAQ,12/09/2026,7400,7600,7500
Keralam,Kozhikode(Calicut),Mukkom Market,Ginger(Green),Green Ginger,FAQ,12/09/2026,16500,17500,17000
Keralam,Kozhikode(Calicut),Mukkom Market,Snakeguard,Snakeguard,FAQ,12/09/2026,3600,3900,3700
Keralam,Kozhikode(Calicut),Mukkom Market,Potato,Potato,FAQ,12/09/2026,2400,2600,2500
Keralam,Kollam,Anchal Market,Onion,Big,Local,12/09/2026,4300,4300,4300
Keralam,Kollam,Anchal Market,Amaranthus,Amaranthus,Local,12/09/2026,3900,3900,3900
Keralam,Kollam,Anchal Market,Ashgourd,Ashgourd,Local,12/09/2026,6100,6100,6100
Keralam,Kollam,Anchal Market,Onion,Small,Local,12/09/2026,4800,4800,4800
Keralam,Kollam,Anchal Market,Capsicum,Capsicum,Local,12/09/2026,5800,5800,5800
Keralam,Kollam,Anchal Market,Potato,Potato,Local,12/09/2026,3800,3800,3800
Keralam,Kollam,Anchal Market,Cauliflower,Cauliflower,Medium,12/09/2026,6800,6800,6800
Keralam,Kollam,Sasthamkotta Market,Ashgourd,Other,Local,12/09/2026,3000,3000,3000
Keralam,Kollam,Sasthamkotta Market,Cowpea(Veg),Other,Local,12/09/2026,5000,5000,5000
Keralam,Kollam,Sasthamkotta Market,Yam(Ratalu),Other,Local,12/09/2026,6000,6000,6000
Keralam,Kollam,Sasthamkotta Market,Banana,Robusta,Local,12/09/2026,1700,1700,1700
Keralam,Kollam,Sasthamkotta Market,Banana,Red Banana,Local,12/09/2026,4500,4500,4500
Keralam,Ernakulam,Perumbavoor Market,Colacasia,Other,Medium,12/09/2026,5500,6500,6000
Keralam,Ernakulam,Perumbavoor Market,Brinjal,Brinjal,Medium,12/09/2026,3000,4400,3800
Keralam,Ernakulam,Perumbavoor Market,Snakeguard,Snakeguard,Large,12/09/2026,3000,4000,3500
Keralam,Ernakulam,Perumbavoor Market,Pineapple,Pine Apple,Medium,12/09/2026,5500,6500,6000
Keralam,Ernakulam,Perumbavoor Market,Black pepper,Garbled,Grade Range-1,12/09/2026,80000,90000,85000
Keralam,Kottayam,Ettumanoor Market,Cucumbar(Kheera),Cucumbar,FAQ,12/09/2026,1800,2200,2000
Keralam,Kottayam,Ettumanoor Market,Bitter gourd,Bitter Gourd,FAQ,12/09/2026,5200,5600,5400
Keralam,Kottayam,Ettumanoor Market,Brinjal,Brinjal,FAQ,12/09/2026,3000,3400,3200
Keralam,Kottayam,Ettumanoor Market,Carrot,Carrot,FAQ,12/09/2026,6600,7000,6800
Keralam,Kottayam,Ettumanoor Market,Cauliflower,Cauliflower,FAQ,12/09/2026,4000,4400,4200
Keralam,Kottayam,Ettumanoor Market,Banana - Green,Banana - Green,FAQ,12/09/2026,4500,5500,5000
Keralam,Kottayam,Ettumanoor Market,Capsicum,Other,FAQ,12/09/2026,6000,6400,6200
Keralam,Ernakulam,Piravam Market,Banana - Green,Banana - Green,Local,12/09/2026,6000,8000,7000
Keralam,Ernakulam,Piravam Market,Bottle gourd,Bottle Gourd,Local,12/09/2026,2800,3500,3000
Keralam,Ernakulam,Piravam Market,Papaya(Raw),Other,Local,12/09/2026,4000,5000,4500
Keralam,Ernakulam,Piravam Market,Long Melon(Kakri),Other,Local,12/09/2026,3500,4500,4000
Keralam,Ernakulam,Piravam Market,Onion,Onion,Local,12/09/2026,5000,7000,6000
Keralam,Ernakulam,Piravam Market,Sweet Potato,Sweet Potato,Local,12/09/2026,4500,5500,5000
Keralam,Ernakulam,Piravam Market,Tapioca,Tapioca,Local,12/09/2026,3000,4000,3500
Keralam,Thirssur,Thottippal VFPCK Market,Banana,Poovan,Grade A,12/09/2026,1000,3000,2500
Keralam,Thiruvananthapuram,Parassala Market,Brinjal,Round,Local,12/09/2026,4800,5200,5000
Keralam,Thiruvananthapuram,Parassala Market,Brinjal,Round/Long,Local,12/09/2026,3800,4200,4000
Keralam,Thiruvananthapuram,Parassala Market,Tomato,Tomato,Local,12/09/2026,3000,3400,3200
Keralam,Thiruvananthapuram,Parassala Market,Green Chilli,Green Chilly,Local,12/09/2026,7800,8200,8000
Keralam,Thiruvananthapuram,Parassala Market,Banana,Rasakathai,Local,12/09/2026,6000,6400,6200
Keralam,Kannur,Payyannur Market,Arecanut(Betelnut/Supari),Other,Local,12/09/2026,37000,39000,38000
Keralam,Thirssur,Kadukutty VFPCK Market,Banana,Robusta,Grade A,12/09/2026,2500,2900,2700
Keralam,Thiruvananthapuram,Kallara  VFPCK Market,Banana,Nendra Bale,Grade A,12/09/2026,6700,6900,6800
Keralam,Palakad,Palakkad Market,Banana,Nendra Bale,Large,12/09/2026,4400,5500,5000
Keralam,Palakad,Palakkad Market,Banana,Palayamthodan,Medium,12/09/2026,3200,4000,3700
Keralam,Palakad,Palakkad Market,Red gram/Arhar/Tur(whole),Arhar Dal(Tur),FAQ,12/09/2026,11500,13500,12600
Keralam,Alappuzha,Chengannur Market,Lemon,Lemon,FAQ,12/09/2026,7800,8100,8000
Keralam,Alappuzha,Chengannur Market,Elephant Yam(Suran)/Amorphophallus,Amorphophallus,FAQ,12/09/2026,4900,5300,5000
Keralam,Alappuzha,Chengannur Market,Ashgourd,Other,FAQ,12/09/2026,1700,2000,1800
Keralam,Alappuzha,Chengannur Market,Colacasia,Colacasia,FAQ,12/09/2026,6400,6800,6500
Keralam,Alappuzha,Chengannur Market,Cauliflower,Other,FAQ,12/09/2026,4900,5200,5000
Keralam,Alappuzha,Chengannur Market,Cucumbar(Kheera),Other,FAQ,12/09/2026,2500,2800,2600
Keralam,Alappuzha,Chengannur Market,Snakeguard,Other,FAQ,12/09/2026,3800,4100,4000
Keralam,Kollam,Kottarakkara Market,Bitter gourd,Other,Local,12/09/2026,4000,4000,4000
Keralam,Kollam,Kottarakkara Market,Cabbage,Other,Local,12/09/2026,2100,2100,2100
Keralam,Kollam,Kottarakkara Market,Ashgourd,Other,Local,12/09/2026,2000,2000,2000
Keralam,Kollam,Kottarakkara Market,Bottle gourd,Other,Local,12/09/2026,1800,1800,1800
Keralam,Kollam,Kottarakkara Market,Elephant Yam(Suran)/Amorphophallus,Other,Local,12/09/2026,3100,3100,3100
Madhya Pradesh,Sidhi,Sidhi APMC,Wheat,Mill Quality,Non-FAQ,12/09/2026,2400,2425,2415
Madhya Pradesh,Mandsaur,Garoth(F&V) APMC,Tomato,Tomato,Local,12/09/2026,900,1350,1250
Madhya Pradesh,Indore,Indore(F&V) APMC,Bhindi(Ladies Finger),Bhindi,Local,12/09/2026,800,2000,1400
Madhya Pradesh,Indore,Indore(F&V) APMC,Cauliflower,Cauliflower,Local,12/09/2026,400,1200,800
Madhya Pradesh,Indore,Indore(F&V) APMC,Karbuja(Musk Melon),Karbhuja,Local,12/09/2026,1500,3000,2500
Madhya Pradesh,Indore,Indore(F&V) APMC,Raddish,Other,Local,12/09/2026,400,800,600
Madhya Pradesh,Indore,Indore(F&V) APMC,Mousambi(Sweet Lime),Mousambi,Local,12/09/2026,1500,5000,3500
Madhya Pradesh,Shivpuri,Karera(F&V) APMC,Brinjal,Brinjal,Local,12/09/2026,600,1000,800
Madhya Pradesh,Dhar,Manawar(F&V) APMC,Cabbage,Cabbage,Grade B,12/09/2026,1300,1500,1375
Madhya Pradesh,Dhar,Manawar(F&V) APMC,Bottle gourd,Bottle Gourd,Grade B,12/09/2026,650,850,707
Madhya Pradesh,Dhar,Manawar(F&V) APMC,Brinjal,Brinjal,Grade B,12/09/2026,700,850,773
Madhya Pradesh,Badwani,Badwani(F&V) APMC,Cucumbar(Kheera),Cucumbar,Local,12/09/2026,900,900,900
Madhya Pradesh,Badwani,Badwani(F&V) APMC,Cauliflower,Cauliflower,Local,12/09/2026,1000,1000,1000
Madhya Pradesh,Badwani,Sendhwa(F&V) APMC,Bottle gourd,Bottle Gourd,Medium,12/09/2026,900,1300,1100
Madhya Pradesh,Badwani,Sendhwa(F&V) APMC,Cucumbar(Kheera),Cucumbar,Medium,12/09/2026,400,900,600
Madhya Pradesh,Badwani,Sendhwa(F&V) APMC,Green Chilli,Green Chilly,Medium,12/09/2026,800,1400,1100
Madhya Pradesh,Ujjain,Ujjain APMC,Soyabean,Soyabeen,FAQ,12/09/2026,6400,6400,6400
Madhya Pradesh,Indore,Indore APMC,Wheat,Malwa Shakti,Non-FAQ,12/09/2026,2700,2700,2700
Madhya Pradesh,Indore,Indore APMC,Kabuli Chana(Chickpeas-White),Dollar Gram,FAQ,12/09/2026,6100,8800,8800
Madhya Pradesh,Morena,Kailaras APMC,Other green and fresh vegetables,Other green and fresh vegetables,FAQ,12/09/2026,2500,3500,3500
Madhya Pradesh,Morena,Kailaras APMC,Bottle gourd,Other,FAQ,12/09/2026,1200,1500,1500
Madhya Pradesh,Rajgarh,Biaora APMC,Coriander(Leaves),Coriander,FAQ,12/09/2026,15050,15050,15050
Madhya Pradesh,Indore,Indore(F&V) APMC,Carrot,Carrot,Local,12/09/2026,400,1000,600
Madhya Pradesh,Indore,Indore(F&V) APMC,Ginger(Green),Green Ginger,Local,12/09/2026,3000,15000,7000
Madhya Pradesh,Indore,Indore(F&V) APMC,Papaya,Papaya,Local,12/09/2026,1000,3500,2500
Madhya Pradesh,Indore,Indore(F&V) APMC,Water Melon,Water Melon,Local,12/09/2026,600,1000,800
Madhya Pradesh,Indore,Indore(F&V) APMC,Capsicum,Capsicum,Local,12/09/2026,1000,2000,1600
Madhya Pradesh,Indore,Indore(F&V) APMC,Cucumbar(Kheera),Cucumbar,Local,12/09/2026,400,800,600
Madhya Pradesh,Indore,Indore(F&V) APMC,Coriander(Leaves),Coriander,Local,12/09/2026,300,1000,600
Madhya Pradesh,Shivpuri,Karera(F&V) APMC,Bottle gourd,Bottle Gourd,Local,12/09/2026,900,1300,1100
Madhya Pradesh,Dhar,Manawar(F&V) APMC,Cauliflower,Cauliflower,Grade B,12/09/2026,1400,1700,1500
Madhya Pradesh,Dhar,Manawar(F&V) APMC,Cucumbar(Kheera),Cucumbar,Grade B,12/09/2026,1000,1200,1100
Madhya Pradesh,Dhar,Manawar(F&V) APMC,Bhindi(Ladies Finger),Bhindi,Grade B,12/09/2026,900,1200,1000
Madhya Pradesh,Badwani,Badwani(F&V) APMC,Bitter gourd,Bitter Gourd,Local,12/09/2026,1000,1000,1000
Madhya Pradesh,Badwani,Badwani(F&V) APMC,Bottle gourd,Bottle Gourd,Local,12/09/2026,1000,1000,1000
Madhya Pradesh,Badwani,Sendhwa(F&V) APMC,Cabbage,Cabbage,Medium,12/09/2026,800,1100,900
Madhya Pradesh,Betul,Betul(F&V) APMC,Ginger(Green),Other,FAQ,12/09/2026,6000,8000,7000
Madhya Pradesh,Morena,Morena APMC,Potato,Desi,Non-FAQ,12/09/2026,200,400,200
Madhya Pradesh,Morena,Kailaras APMC,Onion,Other,FAQ,12/09/2026,2500,2500,2500
Madhya Pradesh,Morena,Kailaras APMC,Cabbage,Cabbage,FAQ,12/09/2026,1800,1800,1800
Madhya Pradesh,Morena,Kailaras APMC,Colacasia,Arabi,FAQ,12/09/2026,2000,2000,2000
Madhya Pradesh,Morena,Kailaras APMC,Raddish,Other,FAQ,12/09/2026,1800,2000,2000
Madhya Pradesh,Morena,Kailaras APMC,Bhindi(Ladies Finger),Bhindi,FAQ,12/09/2026,3000,3000,3000
Madhya Pradesh,Dhar,Dhamnod APMC,Maize,Local,FAQ,12/09/2026,1638,1802,1663
Madhya Pradesh,Dhar,Kukshi APMC,Cotton,Without Ginned Cotton,FAQ,12/09/2026,8000,8000,8000
Madhya Pradesh,Rajgarh,Biaora APMC,Lentil(Masur)(Whole),Masur Dal,FAQ,12/09/2026,6755,7105,7105
Madhya Pradesh,Indore,Indore(F&V) APMC,Pineapple,Pine Apple,Local,12/09/2026,1500,4000,2500
Madhya Pradesh,Indore,Indore(F&V) APMC,Guava,Guava,Local,12/09/2026,2500,8000,6000
Madhya Pradesh,Indore,Indore(F&V) APMC,Round gourd,Round gourd,Local,12/09/2026,200,500,300
Madhya Pradesh,Indore,Indore(F&V) APMC,Bottle gourd,Bottle Gourd,Local,12/09/2026,1000,2500,1600
Madhya Pradesh,Indore,Indore(F&V) APMC,Drumstick,Drumstick,Local,12/09/2026,1500,3500,2500
Madhya Pradesh,Indore,Indore(F&V) APMC,Brinjal,Brinjal,Local,12/09/2026,300,600,400
Madhya Pradesh,Shivpuri,Karera APMC,Wheat,Wheat,Non-FAQ,12/09/2026,2500,2500,2500
Madhya Pradesh,Shivpuri,Karera(F&V) APMC,Banana,Banana-Organic,Local,12/09/2026,1600,2200,1900
Madhya Pradesh,Shivpuri,Karera(F&V) APMC,Green Chilli,Green Chilly,Local,12/09/2026,3000,3800,3500
Madhya Pradesh,Dhar,Manawar(F&V) APMC,Pumpkin,Pumpkin,Grade B,12/09/2026,700,850,714
Madhya Pradesh,Dhar,Manawar(F&V) APMC,Coriander(Leaves),Coriander,Grade B,12/09/2026,900,1200,1000
Madhya Pradesh,Badwani,Badwani(F&V) APMC,Brinjal,Brinjal,Local,12/09/2026,1500,1500,1500
Madhya Pradesh,Badwani,Badwani(F&V) APMC,Sponge gourd,Sponge gourd,Local,12/09/2026,2100,2100,2100
Madhya Pradesh,Badwani,Sendhwa(F&V) APMC,Cauliflower,Cauliflower,Medium,12/09/2026,800,1100,900
Madhya Pradesh,Badwani,Anjad APMC,Cotton,Without Ginned Cotton,FAQ,12/09/2026,6110,8290,7890
Madhya Pradesh,Betul,Betul(F&V) APMC,Potato,Desi,FAQ,12/09/2026,800,1200,1000
Madhya Pradesh,Betul,Betul(F&V) APMC,Cauliflower,Cauliflower,FAQ,12/09/2026,1200,1600,1400
Madhya Pradesh,Indore,Indore APMC,Soyabean,Soyabeen,FAQ,12/09/2026,2980,5885,5885
Madhya Pradesh,Indore,Indore APMC,Garlic,Garlic,FAQ,12/09/2026,2000,12511,5000
Madhya Pradesh,Indore,Indore APMC,Black Gram(Urd Beans)(Whole),Urda/Urd,FAQ,12/09/2026,9200,9200,9200
Madhya Pradesh,Katni,Katni APMC,Wheat,Mill Quality,FAQ,12/09/2026,2575,2575,2575
Madhya Pradesh,Khandwa,Khandwa APMC,Onion,Local,FAQ,12/09/2026,1890,4370,3750
Madhya Pradesh,Morena,Kailaras APMC,Tomato,Other,FAQ,12/09/2026,2200,2200,2200
Madhya Pradesh,Raisen,Bareli APMC,Bengal Gram(Gram)(Whole),Gram,FAQ,12/09/2026,5910,6060,6060
Madhya Pradesh,Rajgarh,Biaora APMC,Mustard,Mustard,FAQ,12/09/2026,7085,7085,7085
Madhya Pradesh,Indore,Indore(F&V) APMC,Cabbage,Cabbage,Local,12/09/2026,300,1000,600
Madhya Pradesh,Indore,Indore(F&V) APMC,Banana,Other,Local,12/09/2026,800,1800,1200
Madhya Pradesh,Indore,Indore(F&V) APMC,Chikoos(Sapota),Sapota,Local,12/09/2026,1500,5000,3500
Madhya Pradesh,Indore,Indore(F&V) APMC,Green Chilli,Green Chilly,Local,12/09/2026,800,2000,1400
Madhya Pradesh,Indore,Indore(F&V) APMC,Bitter gourd,Bitter Gourd,Local,12/09/2026,1000,2500,1600
Madhya Pradesh,Shivpuri,Karera APMC,Wheat,Wheat,FAQ,12/09/2026,2500,2500,2500
Madhya Pradesh,Shivpuri,Karera(F&V) APMC,Tomato,Tomato,Local,12/09/2026,1900,2500,2300
Madhya Pradesh,Shivpuri,Karera(F&V) APMC,Potato,Potato,Local,12/09/2026,600,1500,800
Madhya Pradesh,Dhar,Manawar(F&V) APMC,Potato,Potato,Grade B,12/09/2026,1100,1250,1173
Madhya Pradesh,Dhar,Manawar(F&V) APMC,Bitter gourd,Bitter Gourd,Grade B,12/09/2026,1700,2000,1800
Madhya Pradesh,Dhar,Manawar(F&V) APMC,Green Chilli,Green Chilly,Grade B,12/09/2026,1900,2250,1955
Madhya Pradesh,Badwani,Badwani(F&V) APMC,Tomato,Tomato,Local,12/09/2026,1500,1500,1500
Madhya Pradesh,Badwani,Badwani(F&V) APMC,Pumpkin,Pumpkin,Local,12/09/2026,1000,1000,1000
Madhya Pradesh,Badwani,Badwani(F&V) APMC,Green Chilli,Green Chilly,Local,12/09/2026,1500,1500,1500
Madhya Pradesh,Badwani,Sendhwa(F&V) APMC,Bhindi(Ladies Finger),Bhindi,Local,12/09/2026,800,1100,900
Madhya Pradesh,Badwani,Sendhwa(F&V) APMC,Pumpkin,Pumpkin,Large,12/09/2026,700,1100,800
Madhya Pradesh,Badwani,Sendhwa(F&V) APMC,Onion,Red,Medium,12/09/2026,1100,1600,1300
Madhya Pradesh,Betul,Betul(F&V) APMC,Bhindi(Ladies Finger),Bhindi,FAQ,12/09/2026,1000,2000,1800
Madhya Pradesh,Betul,Betul(F&V) APMC,Tomato,Local,FAQ,12/09/2026,800,1500,1200
Madhya Pradesh,Betul,Betul(F&V) APMC,Brinjal,Brinjal,FAQ,12/09/2026,600,1000,800
Madhya Pradesh,Betul,Betul(F&V) APMC,Cabbage,Cabbage,FAQ,12/09/2026,1000,1500,1200
Madhya Pradesh,Indore,Indore APMC,Wheat,Wheat,FAQ,12/09/2026,2590,2851,2851
Madhya Pradesh,Bhopal,Bhopal APMC,Onion,Onion,FAQ,12/09/2026,1000,4000,3700
Madhya Pradesh,Morena,Kailaras APMC,Ginger(Dry),Other,FAQ,12/09/2026,7000,7000,7000
Madhya Pradesh,Morena,Kailaras APMC,Bitter gourd,Other,FAQ,12/09/2026,1500,1500,1500
Madhya Pradesh,Bhind,Gohad APMC,Wheat,Wheat,Non-FAQ,12/09/2026,2550,2550,2550
Madhya Pradesh,Rajgarh,Biaora APMC,Wheat,Wheat,FAQ,12/09/2026,2605,2665,2640
Madhya Pradesh,Rajgarh,Biaora APMC,Green Gram(Moong)(Whole),Green (Whole),FAQ,12/09/2026,5190,5190,5190
Madhya Pradesh,Mandsaur,Garoth(F&V) APMC,Brinjal,Brinjal,Local,12/09/2026,875,1400,1325
Madhya Pradesh,Indore,Indore(F&V) APMC,Apple,Apple,Local,12/09/2026,4000,12000,8000
Madhya Pradesh,Indore,Indore(F&V) APMC,Pomegranate,Pomogranate,Local,12/09/2026,1500,8000,4500
Madhya Pradesh,Indore,Indore(F&V) APMC,Tomato,Tomato,Local,12/09/2026,600,2000,1400
Madhya Pradesh,Indore,Indore(F&V) APMC,Spinach,Spinach,Local,12/09/2026,200,600,400
Madhya Pradesh,Indore,Indore(F&V) APMC,Pumpkin,Pumpkin,Local,12/09/2026,400,800,600
Madhya Pradesh,Indore,Indore(F&V) APMC,Methi(Leaves),Methi,Local,12/09/2026,1500,3500,3000
Madhya Pradesh,Rajgarh,Pachaur APMC,Soyabean,Soyabeen,FAQ,12/09/2026,5720,5720,5720
Madhya Pradesh,Rewa,Chaakghat APMC,Wheat,Mill Quality,FAQ,12/09/2026,2525,2525,2525
Madhya Pradesh,Dhar,Manawar(F&V) APMC,Tomato,Tomato,Grade B,12/09/2026,1200,1500,1290
Madhya Pradesh,Dhar,Manawar(F&V) APMC,Onion,Onion,Grade B,12/09/2026,2500,3500,3000
Madhya Pradesh,Dhar,Manawar(F&V) APMC,Baby Corn,Baby Corn,Grade B,12/09/2026,600,800,700
Madhya Pradesh,Badwani,Badwani(F&V) APMC,Cabbage,Cabbage,Local,12/09/2026,800,800,800
Madhya Pradesh,Badwani,Badwani(F&V) APMC,Bhindi(Ladies Finger),Bhindi,Local,12/09/2026,1200,1200,1200
Madhya Pradesh,Badwani,Sendhwa(F&V) APMC,Brinjal,Round,Small,12/09/2026,700,1100,900
Madhya Pradesh,Badwani,Sendhwa(F&V) APMC,Ginger(Green),Green Ginger,Medium,12/09/2026,3000,3300,3200
Madhya Pradesh,Badwani,Sendhwa(F&V) APMC,Tomato,Hybrid,Medium,12/09/2026,1400,1700,1600
Madhya Pradesh,Dhar,Manawar APMC,Cotton,Without Ginned Cotton,FAQ,12/09/2026,7825,7825,7825
Madhya Pradesh,Khargone,Badwaha APMC,Maize,Local,FAQ,12/09/2026,2650,2650,2650
Madhya Pradesh,Indore,Indore APMC,Bengal Gram(Gram)(Whole),Gram,FAQ,12/09/2026,5765,6235,6235
Madhya Pradesh,Khargone,Khargone APMC,Cotton,Without Ginned Cotton,FAQ,12/09/2026,7435,7435,7435
Madhya Pradesh,Morena,Kailaras APMC,Potato,Other,FAQ,12/09/2026,800,800,800
Madhya Pradesh,Morena,Kailaras APMC,Cauliflower,Other,FAQ,12/09/2026,2500,2500,2500
Madhya Pradesh,Morena,Kailaras APMC,Sponge gourd,Sponge gourd,FAQ,12/09/2026,2500,2500,2500
Madhya Pradesh,Morena,Kailaras APMC,Coriander(Leaves),Coriander,FAQ,12/09/2026,2000,3000,3000
Madhya Pradesh,Morena,Kailaras APMC,Lemon,Lemon,Large,12/09/2026,5000,5000,5000
Madhya Pradesh,Sehore,Baktara APMC,Bengal Gram(Gram)(Whole),Gram,FAQ,12/09/2026,5950,5950,5950
Madhya Pradesh,Rajgarh,Biaora APMC,Garlic,Garlic,FAQ,12/09/2026,5000,14000,9700
Maharashtra,Ahilyanagar,APMC Shrirampur ,Lime,Other,Local,12/09/2026,8000,10000,9000
Maharashtra,Ahilyanagar,APMC Shrirampur ,Peas Wet,Other,Local,12/09/2026,5000,6000,5500
Maharashtra,Ahilyanagar,Karjat(Rashin) ,Black Gram(Urd Beans)(Whole),Other,FAQ,12/09/2026,8000,8300,8200
Maharashtra,Akola,APMC Akola ,Jowar(Sorghum),Other,Non-FAQ,12/09/2026,2170,2450,2390
Maharashtra,Akola,APMC Akola ,Bengal Gram(Gram)(Whole),Other,FAQ,12/09/2026,5875,6480,6225
Maharashtra,Chattrapati Sambhajinagar,APMC Chattrapati Sambhajinagar ,Onion,Other,Local,12/09/2026,2100,4950,3525
Maharashtra,Jalgaon,APMC Bhusaval ,Beetroot,Other,Local,12/09/2026,2000,2000,2000
Maharashtra,Jalgaon,APMC Bhusaval ,Carrot,Other,Local,12/09/2026,2000,2500,2500
Maharashtra,Jalgaon,APMC Bhusaval ,Guar,Other,Local,12/09/2026,5000,5000,5000
Maharashtra,Jalgaon,APMC Bhusaval ,Onion,Unhali,Local,12/09/2026,4000,4000,4000
Maharashtra,Jalgaon,APMC Bhusaval ,Cabbage,Other,Local,12/09/2026,1500,1500,1500
Maharashtra,Jalgaon,APMC Bhusaval ,Raddish,Other,Local,12/09/2026,500,1000,800
Maharashtra,Jalgaon,APMC Bhusaval ,Tomato,Other,Local,12/09/2026,1200,2000,1500
Maharashtra,Pune,Pune(Moshi) ,Raddish,Other,Local,12/09/2026,10,10,10
Maharashtra,Pune,Pune(Moshi) ,Spinach,Other,Local,12/09/2026,10,10,10
Maharashtra,Pune,Pune(Moshi) ,Sweet Potato,Other,Local,12/09/2026,3000,3000,3000
Maharashtra,Pune,Pune(Moshi) ,Tomato,Local,Local,12/09/2026,800,900,850
Maharashtra,Pune,Pune(Moshi) ,Green Chilli,Other,Local,12/09/2026,2000,2500,2250
Maharashtra,Pune,Pune(Moshi) ,Apple,Other,Local,12/09/2026,16000,18000,17000
Maharashtra,Pune,Pune(Moshi) ,Beans,Other,Local,12/09/2026,3000,5000,4000
Maharashtra,Pune,Pune(Moshi) ,Onion,Local,Local,12/09/2026,2000,4500,3250
Maharashtra,Nagpur,APMC Kalmeshwar ,Green Chilli,Other,Local,12/09/2026,2530,3000,2760
Maharashtra,Sangli,APMC Vita ,Potato,Other,Local,12/09/2026,1500,1800,1700
Maharashtra,Sangli,"Sangli(Phale, Bhajipala Market) ",Orange,Other,Local,12/09/2026,3000,5000,4000
Maharashtra,Sangli,"Sangli(Phale, Bhajipala Market) ",Potato,Local,Local,12/09/2026,800,1800,1300
Maharashtra,Sangli,"Sangli(Phale, Bhajipala Market) ",Onion,Local,Local,12/09/2026,2000,5000,3500
Maharashtra,Satara,APMC Vai ,Bottle gourd,Other,Local,12/09/2026,1500,2000,1800
Maharashtra,Pune,Pune(Pimpri) ,Coriander(Leaves),Other,Local,12/09/2026,5,8,7
Maharashtra,Ahilyanagar,APMC Shrirampur ,Bhindi(Ladies Finger),Other,Local,12/09/2026,1000,2000,1500
Maharashtra,Ahilyanagar,APMC Shrirampur ,Spinach,Other,Local,12/09/2026,7,10,8
Maharashtra,Ahilyanagar,APMC Shrirampur ,Drumstick,Other,Local,12/09/2026,2500,3500,3000
Maharashtra,Ahilyanagar,APMC Shrirampur ,Green Chilli,Other,Local,12/09/2026,1500,2500,2000
Maharashtra,Ahilyanagar,APMC Karjat ,Black Gram(Urd Beans)(Whole),Other,Non-FAQ,12/09/2026,7000,7500,7300
Maharashtra,Chattrapati Sambhajinagar,APMC Chattrapati Sambhajinagar ,Green Chilli,Other,Local,12/09/2026,2000,4500,3250
Maharashtra,Jalgaon,APMC Bhusaval ,Lime,Other,Local,12/09/2026,6000,12000,7500
Maharashtra,Jalgaon,APMC Bhusaval ,Cucumbar(Kheera),Other,Local,12/09/2026,2000,3000,2500
Maharashtra,Jalgaon,APMC Bhusaval ,Methi(Leaves),Other,Local,12/09/2026,1000,1500,1200
Maharashtra,Jalgaon,APMC Bhusaval ,Chilly Capsicum,Other,Local,12/09/2026,2500,2500,2500
Maharashtra,Jalna,APMC BHOKARDAN ,Jowar(Sorghum),Other,Local,12/09/2026,2200,2400,2300
Maharashtra,Kolhapur,Kolhapur(Laxmipuri) ,Wheat,Other,FAQ,12/09/2026,3100,4300,3700
Maharashtra,Nagpur,APMC Kamthi ,Bhindi(Ladies Finger),Other,Local,12/09/2026,2000,2500,2250
Maharashtra,Nagpur,APMC Kamthi ,Cauliflower,Other,Local,12/09/2026,3000,3500,3350
Maharashtra,Nagpur,APMC Kamthi ,Spinach,Other,Local,12/09/2026,2500,3000,2750
Maharashtra,Nagpur,APMC Kamthi ,Green Chilli,Other,Local,12/09/2026,5000,6000,5650
Maharashtra,Pune,Pune(Moshi) ,Methi(Leaves),Other,Local,12/09/2026,10,10,10
Maharashtra,Pune,Pune(Moshi) ,Potato,Local,Local,12/09/2026,1000,1200,1100
Maharashtra,Pune,Pune(Moshi) ,Carrot,Other,Local,12/09/2026,2000,2500,2250
Maharashtra,Pune,Pune(Moshi) ,Cucumbar(Kheera),Other,Local,12/09/2026,1000,1500,1250
Maharashtra,Pune,Pune(Moshi) ,Onion Green,Other,Local,12/09/2026,20,20,20
Maharashtra,Pune,Pune(Moshi) ,Bitter gourd,Other,Local,12/09/2026,3000,4000,3500
Maharashtra,Nagpur,APMC Kalmeshwar ,Cauliflower,Other,Local,12/09/2026,1530,2000,1830
Maharashtra,Nagpur,APMC Kalmeshwar ,Brinjal,Other,Local,12/09/2026,1250,1500,1370
Maharashtra,Sangli,APMC Vita ,Green Chilli,Other,Local,12/09/2026,2500,3000,2800
Maharashtra,Satara,APMC Vai ,Tomato,Local,Local,12/09/2026,1000,2200,1700
Maharashtra,Satara,APMC Vai ,Brinjal,Other,Local,12/09/2026,2500,3000,2700
Maharashtra,Satara,APMC Vai ,Ginger(Green),Other,Local,12/09/2026,9000,13000,11000
Maharashtra,Satara,APMC Vai ,Bhindi(Ladies Finger),Other,Local,12/09/2026,2500,3200,3000
Maharashtra,Pune,Pune(Pimpri) ,Bitter gourd,Other,Local,12/09/2026,3000,3000,3000
Maharashtra,Pune,Pune(Pimpri) ,Spinach,Other,Local,12/09/2026,6,9,8
Maharashtra,Ahilyanagar,APMC Shrirampur ,Bottle gourd,Other,Local,12/09/2026,600,800,700
Maharashtra,Ahilyanagar,APMC Shrirampur ,Cucumbar(Kheera),Other,Local,12/09/2026,1000,1500,1250
Maharashtra,Ahilyanagar,APMC Shrirampur ,Bitter gourd,Other,Local,12/09/2026,2500,3000,2750
Maharashtra,Ahilyanagar,APMC Shrirampur ,Methi(Leaves),Other,Local,12/09/2026,10,12,11
Maharashtra,Ahilyanagar,APMC Shrirampur ,Ridgeguard(Tori),Other,Local,12/09/2026,3000,4000,3500
Maharashtra,Ahilyanagar,APMC Shrirampur ,Tomato,Other,Local,12/09/2026,1000,1500,1250
Maharashtra,Ahilyanagar,APMC Karjat ,Black Gram(Urd Beans)(Whole),Other,FAQ,12/09/2026,8000,8400,8200
Maharashtra,Akola,APMC Akola ,Wheat,Other,FAQ,12/09/2026,2585,3150,2790
Maharashtra,Akola,APMC Akola ,Green Peas,Other,Local,12/09/2026,3100,3100,3100
Maharashtra,Amarawati,Varud(Rajura Bazar) ,Green Chilli,Other,Local,12/09/2026,2500,2500,2500
Maharashtra,Jalgaon,APMC Bhusaval ,Sweet Pumpkin,Other,Local,12/09/2026,500,1000,800
Maharashtra,Jalgaon,APMC Bhusaval ,Coriander(Leaves),Other,Local,12/09/2026,1200,1600,1400
Maharashtra,Jalgaon,APMC Bhusaval ,Little gourd(Kundru),Other,Local,12/09/2026,2500,2500,2500
Maharashtra,Jalgaon,APMC Bhusaval ,Green Chilli,Other,Local,12/09/2026,4500,5500,5000
Maharashtra,Kolhapur,Kolhapur(Laxmipuri) ,Rice,1009 Kar,Local,12/09/2026,3250,9600,6425
Maharashtra,Nagpur,APMC Kamthi ,Methi(Leaves),Other,Local,12/09/2026,4000,4500,4350
Maharashtra,Pune,Pune(Moshi) ,Chilly Capsicum,Other,Local,12/09/2026,3000,3500,3250
Maharashtra,Pune,Pune(Moshi) ,Water Melon,Other,Local,12/09/2026,1000,1000,1000
Maharashtra,Pune,Pune(Moshi) ,Mousambi(Sweet Lime),Other,Local,12/09/2026,3000,4500,3750
Maharashtra,Pune,Pune(Moshi) ,Beetroot,Other,Local,12/09/2026,1500,2000,1750
Maharashtra,Pune,Pune(Moshi) ,Bhindi(Ladies Finger),Other,Local,12/09/2026,2500,2500,2500
Maharashtra,Pune,Pune(Moshi) ,Bottle gourd,Other,Local,12/09/2026,1000,2000,1500
Maharashtra,Pune,Pune(Moshi) ,Guar,Other,Local,12/09/2026,5000,6000,5500
Maharashtra,Nagpur,APMC Kalmeshwar ,Bhindi(Ladies Finger),Other,Local,12/09/2026,1520,2000,1820
Maharashtra,Nagpur,APMC Kalmeshwar ,Cabbage,Other,Local,12/09/2026,1060,1500,1340
Maharashtra,Nagpur,APMC Kalmeshwar ,Tomato,Other,Local,12/09/2026,1540,2000,1730
Maharashtra,Sangli,APMC Vita ,Brinjal,Other,Local,12/09/2026,2000,2500,2300
Maharashtra,Sangli,"Sangli(Phale, Bhajipala Market) ",Chikoos(Sapota),Other,Local,12/09/2026,2000,5000,3500
Maharashtra,Sangli,"Sangli(Phale, Bhajipala Market) ",Apple,Other,Local,12/09/2026,5000,22000,13500
Maharashtra,Satara,APMC Vai ,Green Chilli,Other,Local,12/09/2026,2500,3500,3000
Maharashtra,Satara,APMC Vai ,Cucumbar(Kheera),Other,Local,12/09/2026,2000,2500,2250
Maharashtra,Pune,Pune(Pimpri) ,Beetroot,Other,Local,12/09/2026,2000,2000,2000
Maharashtra,Pune,Pune(Pimpri) ,Bhindi(Ladies Finger),Other,Local,12/09/2026,3000,4000,3500
Maharashtra,Pune,Pune(Pimpri) ,Bottle gourd,Other,Local,12/09/2026,1000,3000,2000
Maharashtra,Pune,Pune(Pimpri) ,Cauliflower,Other,Local,12/09/2026,2500,2500,2500
Maharashtra,Pune,Pune(Pimpri) ,Brinjal,Other,Local,12/09/2026,3000,3000,3000
Maharashtra,Ahilyanagar,APMC Shrirampur ,Pomegranate,Other,Local,12/09/2026,1500,25000,13250
Maharashtra,Ahilyanagar,APMC Shrirampur ,Potato,Other,Local,12/09/2026,800,1000,900
Maharashtra,Ahilyanagar,APMC Shrirampur ,Cabbage,Other,Local,12/09/2026,500,700,600
Maharashtra,Ahilyanagar,APMC Shrirampur ,Chilly Capsicum,Other,Local,12/09/2026,1500,2000,1750
Maharashtra,Ahilyanagar,APMC Shrirampur ,Brinjal,Other,Local,12/09/2026,1500,2500,2000
Maharashtra,Ahilyanagar,APMC Karjat ,Wheat,Other,Non-FAQ,12/09/2026,2200,2500,2400
Maharashtra,Ahilyanagar,APMC Karjat ,Maize,Other,Non-FAQ,12/09/2026,1600,2200,2000
Maharashtra,Akola,APMC Akola ,Red gram/Arhar/Tur(whole),Other,FAQ,12/09/2026,8000,9055,8650
Maharashtra,Jalgaon,APMC Bhusaval ,Cauliflower,Other,Local,12/09/2026,1500,2000,1800
Maharashtra,Jalgaon,APMC Bhusaval ,Spinach,Other,Local,12/09/2026,2500,2500,2500
Maharashtra,Jalgaon,APMC Bhusaval ,Drumstick,Other,Local,12/09/2026,4500,4500,4500
Maharashtra,Jalgaon,APMC Bhusaval ,Brinjal,Other,Local,12/09/2026,3500,5000,4000
Maharashtra,Jalgaon,Jalgaon(Masawat) ,Green Gram(Moong)(Whole),Other,FAQ,12/09/2026,8900,8900,8900
Maharashtra,Jalna,APMC BHOKARDAN ,Wheat,Other,Non-FAQ,12/09/2026,2400,2500,2450
Maharashtra,Jalna,APMC BHOKARDAN ,Maize,Yellow,Non-FAQ,12/09/2026,2200,2350,2300
Maharashtra,Kolhapur,Kolhapur(Laxmipuri) ,Jowar(Sorghum),Other,Local,12/09/2026,3900,5850,4875
Maharashtra,Nagpur,APMC Kamthi ,Bottle gourd,Other,Local,12/09/2026,1500,2000,1850
Maharashtra,Nagpur,APMC Kamthi ,Cucumbar(Kheera),Other,Local,12/09/2026,2000,2500,2350
Maharashtra,Nagpur,APMC Kamthi ,Cabbage,Other,Local,12/09/2026,2000,2500,2250
Maharashtra,Nagpur,APMC Kamthi ,Coriander(Leaves),Other,Local,12/09/2026,4000,4500,4350
Maharashtra,Nagpur,APMC Kamthi ,Tomato,Local,Local,12/09/2026,1500,2000,1750
Maharashtra,Nagpur,APMC Kamthi ,Brinjal,Other,Local,12/09/2026,2000,2500,2350
Maharashtra,Nashik,APMC Manmad ,Onion,Unhali,Local,12/09/2026,500,4300,3900
Maharashtra,Pune,Pune(Moshi) ,Peas Wet,Other,Local,12/09/2026,7000,8000,7500
Maharashtra,Pune,Pune(Moshi) ,Chikoos(Sapota),Other,Local,12/09/2026,4000,5000,4500
Maharashtra,Pune,Pune(Moshi) ,Lime,Other,Local,12/09/2026,10000,10000,10000
Maharashtra,Pune,Pune(Moshi) ,Papaya,Other,Local,12/09/2026,3000,3000,3000
Maharashtra,Pune,Pune(Moshi) ,Cabbage,Other,Local,12/09/2026,1000,1200,1100
Maharashtra,Pune,Pune(Moshi) ,Pineapple,Other,Local,12/09/2026,5000,5000,5000
Maharashtra,Nagpur,APMC Kalmeshwar ,Cucumbar(Kheera),Other,Local,12/09/2026,1220,1500,1360
Maharashtra,Nagpur,APMC Kalmeshwar ,Raddish,Other,Local,12/09/2026,1540,2000,1880
Maharashtra,Sangli,APMC Vita ,Onion,Other,Local,12/09/2026,4500,5500,5000
Maharashtra,Sangli,APMC Vita ,Tomato,Other,Local,12/09/2026,1500,2000,1500
Maharashtra,Satara,APMC Vai ,Cabbage,Other,Local,12/09/2026,1000,1500,1200
Maharashtra,Satara,APMC Vai ,Cauliflower,Other,Local,12/09/2026,2000,2800,2500
Maharashtra,Pune,Pune(Pimpri) ,Beans,Other,Local,12/09/2026,3000,3000,3000
Maharashtra,Pune,Pune(Pimpri) ,Tomato,Local,Local,12/09/2026,1500,1500,1500
Maharashtra,Ahilyanagar,APMC Shrirampur ,Ginger(Green),Other,Local,12/09/2026,4000,10000,7000
Maharashtra,Ahilyanagar,APMC Shrirampur ,Cauliflower,Other,Local,12/09/2026,800,1200,1000
Maharashtra,Ahilyanagar,APMC Karjat ,Jowar(Sorghum),Other,Local,12/09/2026,3000,5000,4000
Maharashtra,Akola,APMC Akola ,Green Gram(Moong)(Whole),Green (Whole),Non-FAQ,12/09/2026,6900,8605,7100
Maharashtra,Akola,APMC Akola ,Soyabean,Yellow,FAQ,12/09/2026,5395,6070,5920
Maharashtra,Jalgaon,APMC Bhusaval ,Potato,Other,Local,12/09/2026,1000,1500,1200
Maharashtra,Jalgaon,APMC Bhusaval ,Bhindi(Ladies Finger),Other,Local,12/09/2026,1500,2000,1800
Maharashtra,Jalgaon,APMC Bhusaval ,Bitter gourd,Other,Local,12/09/2026,1500,2000,2000
Maharashtra,Jalgaon,APMC Bhusaval ,Sweet Potato,Hosur Red,Local,12/09/2026,4500,4500,4500
Maharashtra,Jalgaon,APMC Bhusaval ,Peas Wet,Other,Local,12/09/2026,8000,8000,8000
Maharashtra,Jalgaon,Jalgaon(Masawat) ,Bajra(Pearl Millet/Cumbu),Other,Non-FAQ,12/09/2026,2400,2400,2400
Maharashtra,Ahilyanagar,APMC Rahuri ,Tomato,Other,Local,12/09/2026,500,1500,1000
Maharashtra,Pune,Pune(Moshi) ,Pointed gourd(Parval),Other,Local,12/09/2026,3000,4000,3500
Maharashtra,Pune,Pune(Moshi) ,Mint(Pudina),Other,Local,12/09/2026,7,7,7
Maharashtra,Pune,Pune(Moshi) ,Drumstick,Other,Local,12/09/2026,4000,5000,4500
Maharashtra,Pune,Pune(Moshi) ,Ridgeguard(Tori),Other,Local,12/09/2026,3000,4000,3500
Maharashtra,Pune,Pune(Moshi) ,Brinjal,Other,Local,12/09/2026,1000,1500,1250
Maharashtra,Pune,Pune(Moshi) ,Pomegranate,Other,Local,12/09/2026,7000,10000,8500
Maharashtra,Pune,Pune(Moshi) ,Banana,Other,Local,12/09/2026,2000,6000,4000
Maharashtra,Pune,Pune(Moshi) ,Orange,Other,Local,12/09/2026,7000,9000,8000
Maharashtra,Pune,Pune(Moshi) ,Ginger(Green),Other,Local,12/09/2026,8000,10000,9000
Maharashtra,Pune,Pune(Moshi) ,Cauliflower,Other,Local,12/09/2026,2000,2500,2250
Maharashtra,Pune,Pune(Moshi) ,Coriander(Leaves),Other,Local,12/09/2026,8,10,9
Maharashtra,Pune,Pune(Moshi) ,Garlic,Other,Local,12/09/2026,7500,12000,9750
Maharashtra,Nagpur,APMC Kalmeshwar ,Pumpkin,Other,Local,12/09/2026,1040,1500,1350
Maharashtra,Nagpur,APMC Kalmeshwar ,Coriander(Leaves),Other,Local,12/09/2026,3020,3500,3370
Maharashtra,Sangli,APMC Tasgaon ,Dry Grapes,Other,Local,12/09/2026,30400,40000,31100
Maharashtra,Sangli,APMC Vita ,Bhindi(Ladies Finger),Other,Local,12/09/2026,2500,3000,2600
Maharashtra,Sangli,"Sangli(Phale, Bhajipala Market) ",Pineapple,Other,Local,12/09/2026,3000,7000,5000
Maharashtra,Sangli,"Sangli(Phale, Bhajipala Market) ",Pomegranate,Other,Local,12/09/2026,3000,12000,7500
Maharashtra,Sangli,"Sangli(Phale, Bhajipala Market) ",Water Melon,Other,Local,12/09/2026,500,1000,750
Maharashtra,Sangli,"Sangli(Phale, Bhajipala Market) ",Mousambi(Sweet Lime),Other,Local,12/09/2026,2000,6000,4000
Maharashtra,Sangli,"Sangli(Phale, Bhajipala Market) ",Papaya,Other,Local,12/09/2026,2000,2500,2250
Maharashtra,Sangli,"Sangli(Phale, Bhajipala Market) ",Guava,Other,Local,12/09/2026,2000,8000,5000
Maharashtra,Sangli,"Sangli(Phale, Bhajipala Market) ",Garlic,Other,Local,12/09/2026,8000,21000,14500
Maharashtra,Pune,Pune(Pimpri) ,Cucumbar(Kheera),Other,Local,12/09/2026,1500,2000,1750
Maharashtra,Pune,Pune(Pimpri) ,Onion,Local,Local,12/09/2026,2500,5000,3750
Maharashtra,Pune,Pune(Pimpri) ,Cabbage,Other,Local,12/09/2026,1000,1300,1150
Maharashtra,Pune,Pune(Pimpri) ,Chilly Capsicum,Other,Local,12/09/2026,3000,3000,3000
Nagaland,Dimapur,Dimapur APMC,Bhindi(Ladies Finger),Bhindi,Local,12/09/2026,5000,6000,5500
Nagaland,Dimapur,Dimapur APMC,Leafy Vegetable,Leafy Vegetables,Local,12/09/2026,3000,4000,3500
Nagaland,Kohima,Kohima APMC,Squash(Chappal Kadoo),Other,Local,12/09/2026,2500,2500,2500
Nagaland,Dimapur,Dimapur APMC,Green Chilli,Green Chilly,Local,12/09/2026,5000,7000,6000
Nagaland,Dimapur,Dimapur APMC,Bitter gourd,Bitter Gourd,Local,12/09/2026,5000,7000,6000
Nagaland,Dimapur,Dimapur APMC,Brinjal,Brinjal,Local,12/09/2026,2500,3500,3000
Nagaland,Kohima,Kohima APMC,Potato,Potato,Local,12/09/2026,3000,3000,3000
Nagaland,Kohima,Kohima APMC,Cabbage,Cabbage,Local,12/09/2026,5000,5000,5000
Nagaland,Dimapur,Dimapur APMC,Beans,Local,Local,12/09/2026,4500,6000,5000
Odisha,Rayagada,Gunpur APMC,Cashewnuts,Local(Raw),Local,12/09/2026,27000,27300,27200
Odisha,Sonepur,Dungurapalli APMC,Potato,Other,Local,12/09/2026,1850,2150,2000
Odisha,Sonepur,Dungurapalli APMC,Brinjal,Other,Local,12/09/2026,4000,4500,4200
Odisha,Keonjhar,Anandapur APMC,Pumpkin,Pumpkin,Local,12/09/2026,1050,1050,1050
Odisha,Kalahandi,Bhawanipatna APMC,Cabbage,Cabbage,Local,12/09/2026,2700,2700,2700
Odisha,Kalahandi,Junagarh APMC,Tomato,Other,Grade B,12/09/2026,2500,3000,2800
Odisha,Dhenkanal,Hindol APMC,Pointed gourd(Parval),Other,Grade B,12/09/2026,3500,4000,3800
Odisha,Sundergarh,Sargipali APMC,Brinjal,Brinjal,FAQ,12/09/2026,3000,3500,3200
Odisha,Sundergarh,Sargipali APMC,Potato,Other,FAQ,12/09/2026,1000,1400,1200
Odisha,Mayurbhanja,Narasinghpur APMC,Brinjal,Brinjal,Local,12/09/2026,2000,4000,3000
Odisha,Mayurbhanja,Narasinghpur APMC,Pumpkin,Pumpkin,Local,12/09/2026,2000,3000,2500
Odisha,Mayurbhanja,Narasinghpur APMC,Green Chilli,Green Chilly,Local,12/09/2026,6000,8000,7000
Odisha,Sonepur,Pandkital APMC,Potato,Other,Local,12/09/2026,1800,2000,1950
Odisha,Sonepur,Pandkital APMC,Pumpkin,Other,Local,12/09/2026,1000,1200,1000
Odisha,Rayagada,Gunpur APMC,Seetapal,Other,Grade Range-3,12/09/2026,6840,8900,7500
Odisha,Rayagada,Gunpur APMC,Tomato,Hybrid,Grade C,12/09/2026,1720,2350,1780
Odisha,Rayagada,Gunpur APMC,Carrot,Carrot,Grade B,12/09/2026,7300,8000,7500
Odisha,Bolangir,Kantabaji APMC,Tomato,Other,Grade B,12/09/2026,2500,3500,3000
Odisha,Sonepur,Dungurapalli APMC,Little gourd(Kundru),Other,Local,12/09/2026,3500,3800,3500
Odisha,Sonepur,Dungurapalli APMC,Onion,Other,Local,12/09/2026,5000,5000,5000
Odisha,Kalahandi,Junagarh APMC,Banana - Green,Other,Grade B,12/09/2026,1800,2200,2000
Odisha,Dhenkanal,Hindol APMC,Banana - Green,Other,Grade B,12/09/2026,2600,2800,2700
Odisha,Dhenkanal,Hindol APMC,Bitter gourd,Bitter Gourd,Grade B,12/09/2026,4700,5000,4800
Odisha,Sundergarh,Panposh APMC,Cucumbar(Kheera),Other,FAQ,12/09/2026,4000,4500,4200
Odisha,Sundergarh,Panposh APMC,Brinjal,Brinjal,FAQ,12/09/2026,4000,4500,4200
Odisha,Sundergarh,Panposh APMC,Tomato,Hybrid,FAQ,12/09/2026,3500,4200,4000
Odisha,Sundergarh,Sargipali APMC,Tomato,Other,FAQ,12/09/2026,2200,2600,2400
Odisha,Mayurbhanja,Narasinghpur APMC,Carrot,Carrot,Local,12/09/2026,4000,5000,4500
Odisha,Mayurbhanja,Narasinghpur APMC,Cucumbar(Kheera),Cucumbar,Local,12/09/2026,3000,4000,3500
Odisha,Sonepur,Pandkital APMC,Cabbage,Other,Local,12/09/2026,3500,3900,3800
Odisha,Rayagada,Rayagada(Muniguda) APMC,Ridgeguard(Tori),Other,Grade C,12/09/2026,8100,9440,9000
Odisha,Rayagada,Gunpur APMC,Cucumbar(Kheera),Other,Grade A,12/09/2026,4000,5500,5000
Odisha,Rayagada,Gunpur APMC,Cauliflower,Other,Local,12/09/2026,6960,8500,7500
Odisha,Sonepur,Dungurapalli APMC,Pointed gourd(Parval),Other,Local,12/09/2026,4500,5200,4800
Odisha,Sonepur,Dungurapalli APMC,Tomato,Local,Local,12/09/2026,2140,2350,2200
Odisha,Kalahandi,Bhawanipatna APMC,Cucumbar(Kheera),Cucumbar,Local,12/09/2026,2800,2800,2800
Odisha,Kalahandi,Junagarh APMC,Brinjal,Other,Grade B,12/09/2026,3000,3400,3200
Odisha,Dhenkanal,Hindol APMC,Onion,Other,Grade B,12/09/2026,4500,5000,4800
Odisha,Dhenkanal,Hindol APMC,Pumpkin,Pumpkin,Grade B,12/09/2026,1500,1800,1700
Odisha,Dhenkanal,Hindol APMC,Tomato,Tomato,Grade B,12/09/2026,2800,3200,3000
Odisha,Sundergarh,Panposh APMC,Bhindi(Ladies Finger),Other,FAQ,12/09/2026,4000,4500,4200
Odisha,Gajapati,Parlakhemundi APMC,Tomato,Local,Grade Range-1,12/09/2026,1200,1400,1300
Odisha,Gajapati,Parlakhemundi APMC,Mousambi(Sweet Lime),Mousambi,Grade Range-1,12/09/2026,2300,2500,2400
Odisha,Sundergarh,Sargipali APMC,Green Chilli,Other,FAQ,12/09/2026,5200,6000,5500
Odisha,Sundergarh,Sargipali APMC,Pumpkin,Pumpkin,FAQ,12/09/2026,1500,2000,1800
Odisha,Mayurbhanja,Betnoti APMC,Cucumbar(Kheera),Cucumbar,FAQ,12/09/2026,2200,2600,2400
Odisha,Mayurbhanja,Narasinghpur APMC,Ladies Finger,Ladies Finger,Large,12/09/2026,3000,4000,3500
Odisha,Mayurbhanja,Narasinghpur APMC,Colacasia,Colacasia,Local,12/09/2026,3000,5000,4500
Odisha,Sonepur,Pandkital APMC,Bhindi(Ladies Finger),Other,Local,12/09/2026,3500,3800,3600
Odisha,Rayagada,Gunpur APMC,Cabbage,Cabbage,Medium,12/09/2026,6840,7900,7440
Odisha,Bolangir,Kantabaji APMC,Brinjal,Other,Grade B,12/09/2026,2000,2600,2400
Odisha,Bolangir,Kantabaji APMC,Cabbage,Cabbage,Grade B,12/09/2026,2200,3000,2600
Odisha,Sonepur,Dungurapalli APMC,Cauliflower,Other,Local,12/09/2026,8000,8000,8000
Odisha,Sonepur,Dungurapalli APMC,Pumpkin,Other,Local,12/09/2026,950,1100,1020
Odisha,Sonepur,Dungurapalli APMC,Cabbage,Cabbage,Local,12/09/2026,4500,5000,4800
Odisha,Jagatsinghpur,Rahama APMC,Brinjal,Other,Local,12/09/2026,5000,7000,6000
Odisha,Kalahandi,Bhawanipatna APMC,Pumpkin,Pumpkin,Local,12/09/2026,2200,2200,2200
Odisha,Dhenkanal,Hindol APMC,Cucumbar(Kheera),Cucumbar,Grade B,12/09/2026,4000,4500,4200
Odisha,Sundergarh,Panposh APMC,Bitter gourd,Other,FAQ,12/09/2026,4500,5200,5000
Odisha,Sundergarh,Panposh APMC,Bottle gourd,Bottle Gourd,FAQ,12/09/2026,2000,2500,2200
Odisha,Sundergarh,Sargipali APMC,Bhindi(Ladies Finger),Bhindi,FAQ,12/09/2026,3000,3500,3200
Odisha,Sundergarh,Sargipali APMC,Pointed gourd(Parval),Pointed gourd (Parval),FAQ,12/09/2026,3200,3800,3500
Odisha,Sundergarh,Sargipali APMC,Onion,Red,FAQ,12/09/2026,4800,5200,5000
Odisha,Mayurbhanja,Betnoti APMC,Tomato,Tomato,FAQ,12/09/2026,3300,3700,3500
Odisha,Mayurbhanja,Betnoti APMC,Pointed gourd(Parval),Other,FAQ,12/09/2026,3200,3600,3400
Odisha,Kalahandi,Kalahandi(Dharamagarh) APMC,Tomato,Other,Grade B,12/09/2026,2500,2900,2700
Odisha,Kalahandi,Kalahandi(Dharamagarh) APMC,Green Chilli,Other,Grade B,12/09/2026,5000,5600,5300
Odisha,Angul,Pallahara APMC,Tomato,Other,FAQ,12/09/2026,2800,3500,3000
Odisha,Sonepur,Pandkital APMC,Pointed gourd(Parval),Other,Local,12/09/2026,5500,6000,6000
Odisha,Sonepur,Pandkital APMC,Onion,Other,Local,12/09/2026,5000,5500,5200
Odisha,Sonepur,Pandkital APMC,Tomato,Other,Local,12/09/2026,2380,2650,2450
Odisha,Rayagada,Rayagada(Muniguda) APMC,Beetroot,Beetroot,Grade Range-1,12/09/2026,8500,9240,8900
Odisha,Rayagada,Gunpur APMC,Brinjal,Round,Grade Range-2,12/09/2026,6600,7500,7000
Odisha,Sonepur,Dungurapalli APMC,Green Chilli,Green Chilly,Local,12/09/2026,7000,8000,7500
Odisha,Sonepur,Dungurapalli APMC,Bhindi(Ladies Finger),Bhindi,Local,12/09/2026,4000,4000,4000
Odisha,Jagatsinghpur,Rahama APMC,Pumpkin,Other,Local,12/09/2026,2000,3000,2500
Odisha,Kalahandi,Bhawanipatna APMC,Pointed gourd(Parval),Pointed gourd (Parval),Local,12/09/2026,2900,2900,2900
Odisha,Dhenkanal,Hindol APMC,Bhindi(Ladies Finger),Bhindi,Grade B,12/09/2026,3800,4200,4000
Odisha,Dhenkanal,Hindol APMC,Brinjal,Brinjal,Grade B,12/09/2026,4000,5000,4500
Odisha,Sundergarh,Panposh APMC,Pumpkin,Other,FAQ,12/09/2026,800,1200,1000
Odisha,Sundergarh,Panposh APMC,Cabbage,Cabbage,FAQ,12/09/2026,3000,3500,3200
Odisha,Gajapati,Parlakhemundi APMC,Cucumbar(Kheera),Cucumbar,Grade Range-1,12/09/2026,2800,3000,2900
Odisha,Sundergarh,Sargipali APMC,Capsicum,Other,FAQ,12/09/2026,5600,6000,5800
Odisha,Mayurbhanja,Betnoti APMC,Brinjal,Brinjal,FAQ,12/09/2026,4000,4400,4200
Odisha,Mayurbhanja,Betnoti APMC,Bitter gourd,Bitter Gourd,FAQ,12/09/2026,4200,4600,4400
Odisha,Mayurbhanja,Betnoti APMC,Pumpkin,Pumpkin,FAQ,12/09/2026,1800,2200,2000
Odisha,Mayurbhanja,Betnoti APMC,Papaya(Raw),Other,FAQ,12/09/2026,2300,2700,2500
Odisha,Kalahandi,Kalahandi(Dharamagarh) APMC,Bhindi(Ladies Finger),Other,Grade B,12/09/2026,1900,2300,2100
Odisha,Gajapati,Kasinagar APMC,Seetapal,Other,Grade Range-1,12/09/2026,5300,5500,5400
Odisha,Gajapati,Kasinagar APMC,Banana,Banana - Ripe,Grade Range-1,12/09/2026,2300,2500,2400
Odisha,Mayurbhanja,Narasinghpur APMC,Bitter gourd,Bitter Gourd,Local,12/09/2026,3000,6000,4000
Odisha,Mayurbhanja,Narasinghpur APMC,"Spiny Gourd / Kartali(Kantola)
",Kartali (Kantola),Local,12/09/2026,6000,16000,7000
Odisha,Sonepur,Pandkital APMC,Brinjal,Other,Local,12/09/2026,3800,4200,4000
Odisha,Rayagada,Rayagada(Muniguda) APMC,Bhindi(Ladies Finger),Bhindi,Grade B,12/09/2026,4600,6880,5500
Odisha,Rayagada,Rayagada(Muniguda) APMC,Pointed gourd(Parval),Other,Grade C,12/09/2026,6400,7800,6900
Odisha,Rayagada,Rayagada(Muniguda) APMC,Pumpkin,Other,Small,12/09/2026,2250,2450,2300
Punjab,Gurdaspur,F.G.Churian APMC,Squash(Chappal Kadoo),Other,Grade A,12/09/2026,1000,1000,1000
Punjab,Gurdaspur,Quadian APMC,Papaya,Other,Grade A,12/09/2026,3800,4000,3900
Punjab,Gurdaspur,Quadian APMC,Ginger(Green),Other,Grade A,12/09/2026,7800,8000,7900
Punjab,Gurdaspur,Quadian APMC,Capsicum,Other,Grade A,12/09/2026,3800,4000,3900
Punjab,Ludhiana,Khanna APMC,Papaya,Papaya,Grade A,12/09/2026,2000,2000,2000
Punjab,Ludhiana,Khanna APMC,Mousambi(Sweet Lime),Other,Grade A,12/09/2026,3000,3000,3000
Punjab,Ludhiana,Khanna APMC,Capsicum,Capsicum,Grade A,12/09/2026,2500,2500,2500
Punjab,Ludhiana,Khanna APMC,Ginger(Green),Green Ginger,Grade A,12/09/2026,5000,5000,5000
Punjab,Ludhiana,Khanna APMC,Bottle gourd,Other,Grade A,12/09/2026,1200,1200,1200
Punjab,Ludhiana,Khanna APMC,Cucumbar(Kheera),Cucumbar,Grade A,12/09/2026,1599,1599,1599
Punjab,Gurdaspur,Gurdaspur APMC,Papaya,Other,Grade B,12/09/2026,3300,3300,3300
Punjab,Gurdaspur,Gurdaspur APMC,Pomegranate,Other,Grade A,12/09/2026,9200,9200,9200
Punjab,Gurdaspur,Gurdaspur APMC,Cauliflower,Other,Grade A,12/09/2026,3500,3500,3500
Punjab,Gurdaspur,Gurdaspur APMC,Tomato,Other,Grade A,12/09/2026,2200,2200,2200
Punjab,Ludhiana,Sahnewal APMC,Capsicum,Capsicum,FAQ,12/09/2026,4100,4100,4100
Punjab,Jalandhar,Jalandhar City(Jalandhar) APMC,Banana - Green,Banana - Green,FAQ,12/09/2026,1000,1500,1300
Punjab,Nawanshahr,Nawan Shahar(Subzi Mandi) APMC,Water Melon,Water Melon,Medium,12/09/2026,2500,3000,2800
Punjab,Nawanshahr,Nawan Shahar(Subzi Mandi) APMC,Mousambi(Sweet Lime),Mousambi,Medium,12/09/2026,4000,4500,4300
Punjab,Gurdaspur,Dinanagar APMC,Cauliflower,Cauliflower,Medium,12/09/2026,4500,5000,4800
Punjab,Gurdaspur,Dinanagar APMC,Bitter gourd,Bitter Gourd,Medium,12/09/2026,1800,2000,1900
Punjab,Gurdaspur,Dinanagar APMC,Apple,Apple,Medium,12/09/2026,8000,10000,9000
Punjab,Hoshiarpur,Tanda Urmur APMC,Brinjal,Brinjal,Grade A,12/09/2026,2500,3000,2800
Punjab,Hoshiarpur,Tanda Urmur APMC,Garlic,Garlic,Grade Range-1,12/09/2026,12000,15000,13000
Punjab,Hoshiarpur,Tanda Urmur APMC,Pumpkin,Pumpkin,Grade A,12/09/2026,1000,1200,1100
Punjab,Hoshiarpur,Tanda Urmur APMC,Lemon,Other,Grade A,12/09/2026,6000,7000,6500
Punjab,Hoshiarpur,Tanda Urmur APMC,Tinda,Tinda,Grade A,12/09/2026,2500,3000,2800
Punjab,Jalandhar,Lohian Khas APMC,Brinjal,Other,Local,12/09/2026,1100,1300,1200
Punjab,Ludhiana,Doraha APMC,Tomato,Deshi,Local,12/09/2026,2000,2700,2500
Punjab,Ludhiana,Doraha APMC,Onion,Medium,Local,12/09/2026,4000,4300,4200
Punjab,Mohali,Kurali APMC,Cabbage,Other,Medium,12/09/2026,2200,2300,2250
Punjab,Mohali,Kurali APMC,Ginger(Green),Other,Medium,12/09/2026,8600,8700,8650
Punjab,Mohali,Kurali APMC,Garlic,Other,Grade Range-3,12/09/2026,12800,12900,12850
Punjab,Mohali,Kurali APMC,Cucumbar(Kheera),Other,Medium,12/09/2026,2800,3000,2900
Punjab,Bhatinda,Rampuraphul(Nabha Mandi) APMC,Tomato,Other,Grade A,12/09/2026,2000,3000,2500
Punjab,Bhatinda,Rampuraphul(Nabha Mandi) APMC,Cucumbar(Kheera),Cucumbar,Grade A,12/09/2026,2500,3500,3000
Punjab,Hoshiarpur,Mukerian(Talwara) APMC,Onion,Onion,FAQ,12/09/2026,4000,5000,4500
Punjab,Hoshiarpur,Mukerian(Talwara) APMC,Tomato,Tomato,FAQ,12/09/2026,3000,4000,3500
Punjab,Tarntaran,Patti APMC,Apple,Other,Grade B,12/09/2026,1500,1500,1500
Punjab,Tarntaran,Patti APMC,Garlic,Other,Local,12/09/2026,25.8,25.8,25.8
Punjab,Gurdaspur,F.G.Churian APMC,Ridgeguard(Tori),Ridgeguard(Tori),Grade A,12/09/2026,900,900,900
Punjab,Gurdaspur,F.G.Churian APMC,Brinjal,Brinjal,Grade A,12/09/2026,1500,1500,1500
Punjab,Gurdaspur,F.G.Churian APMC,Tomato,Tomato,Grade A,12/09/2026,2500,2500,2500
Punjab,Gurdaspur,Quadian APMC,Potato,Other,Grade A,12/09/2026,500,700,600
Punjab,Gurdaspur,Quadian APMC,Bitter gourd,Other,Grade A,12/09/2026,1500,1700,1600
Punjab,Ludhiana,Khanna APMC,Apple,Apple,Grade A,12/09/2026,8000,8000,8000
Punjab,Ludhiana,Khanna APMC,Green Chilli,Green Chilly,Grade A,12/09/2026,1500,1500,1500
Punjab,Ludhiana,Khanna APMC,Potato,Local,Grade A,12/09/2026,500,500,500
Punjab,Sangrur,Ahmedgarh APMC,Green Chilli,Green Chilly,Medium,12/09/2026,2000,2500,2500
Punjab,Gurdaspur,Gurdaspur APMC,Apple,Apple,Grade A,12/09/2026,6000,6000,6000
Punjab,Gurdaspur,Gurdaspur APMC,Guava,Other,Grade A,12/09/2026,3500,3500,3500
Punjab,Gurdaspur,Gurdaspur APMC,Onion,Other,Grade A,12/09/2026,3800,3800,3800
Punjab,Ludhiana,Sahnewal APMC,Onion,Onion,FAQ,12/09/2026,4100,4100,4100
Punjab,Ludhiana,Sahnewal APMC,Tomato,Tomato,FAQ,12/09/2026,3750,3750,3750
Punjab,Nawanshahr,Nawan Shahar(Subzi Mandi) APMC,Apple,Apple,Medium,12/09/2026,8000,9000,8600
Punjab,Nawanshahr,Nawan Shahar(Subzi Mandi) APMC,Pomegranate,Pomogranate,Medium,12/09/2026,8500,9500,9000
Punjab,Nawanshahr,Nawan Shahar(Subzi Mandi) APMC,Capsicum,Capsicum,FAQ,12/09/2026,4000,4500,4300
Punjab,Nawanshahr,Nawan Shahar(Subzi Mandi) APMC,Cabbage,Cabbage,FAQ,12/09/2026,2000,2300,2200
Punjab,Gurdaspur,Dinanagar APMC,Capsicum,Capsicum,Medium,12/09/2026,4500,5000,4800
Punjab,Hoshiarpur,Tanda Urmur APMC,Cauliflower,Cauliflower,Grade A,12/09/2026,5000,6000,5500
Punjab,Hoshiarpur,Tanda Urmur APMC,Field Pea,Field Pea,Grade A,12/09/2026,8000,9000,8500
Punjab,Ludhiana,Doraha APMC,Squash(Chappal Kadoo),Other,Local,12/09/2026,1000,1500,1300
Punjab,Ludhiana,Doraha APMC,Spinach,Spinach,Local,12/09/2026,2000,2000,2000
Punjab,Ludhiana,Doraha APMC,Cucumbar(Kheera),Cucumbar,Local,12/09/2026,1800,2800,2500
Punjab,Ludhiana,Doraha APMC,Bottle gourd,Bottle Gourd,Local,12/09/2026,1000,2000,1500
Punjab,Jalandhar,Bhogpur APMC,Ridgeguard(Tori),Other,Local,12/09/2026,3000,3000,3000
Punjab,Mohali,Kurali APMC,Bhindi(Ladies Finger),Bhindi,Medium,12/09/2026,3200,3400,3300
Punjab,Mohali,Kurali APMC,Onion,Other,Medium,12/09/2026,3600,3750,3700
Punjab,Bhatinda,Rampuraphul(Nabha Mandi) APMC,Mousambi(Sweet Lime),Mousambi,Grade A,12/09/2026,3000,4000,3500
Punjab,Bhatinda,Rampuraphul(Nabha Mandi) APMC,Water Melon,Other,Grade A,12/09/2026,1000,1500,1200
Punjab,Bhatinda,Rampuraphul(Nabha Mandi) APMC,Raddish,Other,Grade A,12/09/2026,1500,2500,2000
Punjab,Bhatinda,Rampuraphul(Nabha Mandi) APMC,Lemon,Lemon,Grade A,12/09/2026,7000,10000,8000
Punjab,Bhatinda,Rampuraphul(Nabha Mandi) APMC,Cauliflower,Cauliflower,Grade A,12/09/2026,2500,4000,3500
Punjab,Bhatinda,Rampuraphul(Nabha Mandi) APMC,Onion,Other,Grade A,12/09/2026,3500,4500,4000
Punjab,Hoshiarpur,Mukerian(Talwara) APMC,Bhindi(Ladies Finger),Bhindi,FAQ,12/09/2026,1000,1500,1300
Punjab,Hoshiarpur,Mukerian(Talwara) APMC,Brinjal,Brinjal,FAQ,12/09/2026,1400,2000,1700
Punjab,Hoshiarpur,Mukerian(Talwara) APMC,Capsicum,Capsicum,FAQ,12/09/2026,4000,5000,4500
Punjab,Hoshiarpur,Mukerian(Talwara) APMC,Cauliflower,Cauliflower,FAQ,12/09/2026,4000,5000,4500
Punjab,Tarntaran,Patti APMC,Tomato,Other,Local,12/09/2026,0.05,0.05,0.05
Punjab,Tarntaran,Patti APMC,Cauliflower,Other,Local,12/09/2026,400,400,400
Punjab,Amritsar,Rayya APMC,Bhindi(Ladies Finger),Bhindi,FAQ,12/09/2026,685,685,685
Punjab,Amritsar,Rayya APMC,Potato,Potato,FAQ,12/09/2026,748,748,748
Punjab,Gurdaspur,F.G.Churian APMC,Raddish,Raddish,Grade A,12/09/2026,2500,2500,2500
Punjab,Gurdaspur,F.G.Churian APMC,Cucumbar(Kheera),Cucumbar,Grade A,12/09/2026,3000,3000,3000
Punjab,Gurdaspur,Quadian APMC,Bhindi(Ladies Finger),Other,Grade A,12/09/2026,3600,3800,3700
Punjab,Gurdaspur,Quadian APMC,Brinjal,Other,Grade A,12/09/2026,1200,1400,1300
Punjab,Gurdaspur,Quadian APMC,Green Chilli,Other,Grade A,12/09/2026,2300,2500,2400
Punjab,Gurdaspur,Quadian APMC,Onion,Other,Grade A,12/09/2026,3400,3500,3450
Punjab,Jalandhar,Noor Mehal APMC,Ridgeguard(Tori),Other,Local,12/09/2026,1700,1700,1700
Punjab,Ludhiana,Khanna APMC,Pomegranate,Other,Grade A,12/09/2026,8000,8000,8000
Punjab,Ludhiana,Khanna APMC,Cauliflower,Local,Grade A,12/09/2026,2500,2500,2500
Punjab,Ludhiana,Khanna APMC,Lemon,Other,Grade A,12/09/2026,5000,5000,5000
Punjab,Sangrur,Ahmedgarh APMC,Pumpkin,Pumpkin,Local,12/09/2026,2000,2500,2500
Punjab,Sangrur,Ahmedgarh APMC,Potato,Local,Medium,12/09/2026,370,400,400
Punjab,Gurdaspur,Gurdaspur APMC,French Beans(Frasbean),Other,Grade A,12/09/2026,3000,3000,3000
Punjab,Gurdaspur,Gurdaspur APMC,Mousambi(Sweet Lime),Other,Grade B,12/09/2026,4000,4000,4000
Punjab,Ludhiana,Sahnewal APMC,Cabbage,Cabbage,FAQ,12/09/2026,1800,1800,1800
Punjab,Nawanshahr,Nawan Shahar(Subzi Mandi) APMC,Lime,Lime,Medium,12/09/2026,10500,11000,10700
Punjab,Nawanshahr,Nawan Shahar(Subzi Mandi) APMC,Bitter gourd,Bitter Gourd,FAQ,12/09/2026,2000,2500,2300
Punjab,Nawanshahr,Nawan Shahar(Subzi Mandi) APMC,Cauliflower,Cauliflower,FAQ,12/09/2026,3000,3500,3300
Punjab,Tarntaran,Bhikhiwind APMC,Brinjal,Brinjal,Local,12/09/2026,1000,1000,1000
Punjab,Gurdaspur,Dinanagar APMC,Banana,Medium,Medium,12/09/2026,4500,5000,4800
Punjab,Hoshiarpur,Tanda Urmur APMC,Papaya,Other,Grade A,12/09/2026,4000,5000,4500
Punjab,Hoshiarpur,Tanda Urmur APMC,Bottle gourd,Other,Grade A,12/09/2026,1800,2000,1900
Punjab,Hoshiarpur,Tanda Urmur APMC,Guava,Guava,Grade A,12/09/2026,6000,7000,6500
Punjab,Hoshiarpur,Tanda Urmur APMC,Bitter gourd,Bitter Gourd,Grade A,12/09/2026,2500,3000,2800
Punjab,Hoshiarpur,Tanda Urmur APMC,Capsicum,Capsicum,Grade A,12/09/2026,5000,6000,5500
Punjab,Hoshiarpur,Tanda Urmur APMC,Onion,Nasik,Grade A,12/09/2026,5000,5500,5200
Punjab,Hoshiarpur,Tanda Urmur APMC,Tomato,Tomato,Grade A,12/09/2026,2500,3000,2800
Punjab,Jalandhar,Lohian Khas APMC,Pumpkin,Other,Local,12/09/2026,1300,1500,1400
Punjab,Jalandhar,Lohian Khas APMC,Green Chilli,Other,Local,12/09/2026,3000,3400,3200
Punjab,Ludhiana,Doraha APMC,Garlic,Average,Local,12/09/2026,10000,12000,11000
Punjab,Mohali,Kurali APMC,Bottle gourd,Bottle Gourd,Medium,12/09/2026,2150,2250,2200
Punjab,Mohali,Kurali APMC,French Beans(Frasbean),French Beans (Frasbean),Medium,12/09/2026,6500,6700,6600
Punjab,Bhatinda,Rampuraphul(Nabha Mandi) APMC,Apple,Other,Grade A,12/09/2026,5000,10000,8000
Punjab,Bhatinda,Rampuraphul(Nabha Mandi) APMC,Pumpkin,Other,Grade A,12/09/2026,1000,1500,1200
Punjab,Bhatinda,Rampuraphul(Nabha Mandi) APMC,Carrot,Other,Grade A,12/09/2026,1500,2500,2000
Punjab,Hoshiarpur,Mukerian(Talwara) APMC,Field Pea,Field Pea,FAQ,12/09/2026,7000,9000,8000
Punjab,Hoshiarpur,Mukerian(Talwara) APMC,Cucumbar(Kheera),Cucumbar,FAQ,12/09/2026,1200,1800,1500
Punjab,Tarntaran,Patti APMC,Bitter gourd,Other,Local,12/09/2026,0.06,0.06,0.06
Punjab,Tarntaran,Patti APMC,Brinjal,Other,Local,12/09/2026,0.07,0.07,0.07
Punjab,Tarntaran,Patti APMC,Green Chilli,Other,Local,12/09/2026,0.04,0.04,0.04
Punjab,Tarntaran,Patti APMC,Raddish,Raddish,Local,12/09/2026,10.1,10.1,10.1
Punjab,Amritsar,Rayya APMC,Bitter gourd,Bitter Gourd,FAQ,12/09/2026,1354,1354,1354
Punjab,Amritsar,Rayya APMC,Onion,Other,FAQ,12/09/2026,1410,1410,1410
Punjab,Amritsar,Rayya APMC,Raddish,Other,FAQ,12/09/2026,2080,2080,2080
Punjab,Amritsar,Rayya APMC,Ridgeguard(Tori),Other,FAQ,12/09/2026,2047,2047,2047
Punjab,Amritsar,Rayya APMC,Tinda,Other,FAQ,12/09/2026,1785,1785,1785
Punjab,Gurdaspur,F.G.Churian APMC,Bitter gourd,Bitter Gourd,Grade A,12/09/2026,2500,2500,2500
Punjab,Gurdaspur,F.G.Churian APMC,Onion,Onion,Grade A,12/09/2026,5100,5100,5100
Punjab,Gurdaspur,F.G.Churian APMC,Potato,Potato,Grade A,12/09/2026,1000,1000,1000
Punjab,Gurdaspur,Quadian APMC,Cabbage,Other,Grade A,12/09/2026,1200,1400,1300
Punjab,Gurdaspur,Quadian APMC,Banana,Other,Grade A,12/09/2026,2300,2500,2400
Punjab,Jalandhar,Noor Mehal APMC,Bottle gourd,Other,Local,12/09/2026,1800,1800,1800
Punjab,Ludhiana,Khanna APMC,Raddish,Raddish,Grade A,12/09/2026,1500,1500,1500
Punjab,Ludhiana,Khanna APMC,Tomato,Tomato,Grade A,12/09/2026,2500,2500,2500
Punjab,Ludhiana,Khanna APMC,Pumpkin,Other,Grade A,12/09/2026,800,800,800
Punjab,Ludhiana,Khanna APMC,Bitter gourd,Bitter Gourd,Grade A,12/09/2026,1500,1500,1500
Punjab,Sangrur,Ahmedgarh APMC,Banana,Other,Medium,12/09/2026,3000,3200,3200
Punjab,Gurdaspur,Gurdaspur APMC,Bhindi(Ladies Finger),Other,FAQ,12/09/2026,1450,1450,1450
Punjab,Gurdaspur,Gurdaspur APMC,Banana - Green,Other,FAQ,12/09/2026,2500,2500,2500
Punjab,Amritsar,Chogawan APMC,Bhindi(Ladies Finger),Bhindi,Grade A,12/09/2026,1180,1180,1180
Punjab,Nawanshahr,Nawan Shahar(Subzi Mandi) APMC,Banana,Medium,Medium,12/09/2026,4000,4500,4300
Punjab,Nawanshahr,Nawan Shahar(Subzi Mandi) APMC,Bhindi(Ladies Finger),Bhindi,FAQ,12/09/2026,1000,1200,1100
Punjab,Nawanshahr,Nawan Shahar(Subzi Mandi) APMC,Coriander(Leaves),Coriander,FAQ,12/09/2026,7500,8000,7800
Punjab,Gurdaspur,Dinanagar APMC,Carrot,Other,Medium,12/09/2026,2800,3000,2900
Punjab,Gurdaspur,Dinanagar APMC,Brinjal,Brinjal,Medium,12/09/2026,2300,2500,2400
Punjab,Hoshiarpur,Tanda Urmur APMC,Pineapple,Other,Grade A,12/09/2026,5000,6000,5500
Punjab,Hoshiarpur,Tanda Urmur APMC,Apple,Apple,Grade A,12/09/2026,8000,9000,8500
Punjab,Hoshiarpur,Tanda Urmur APMC,Bhindi(Ladies Finger),Bhindi,Grade A,12/09/2026,3000,4000,3500
Punjab,Hoshiarpur,Tanda Urmur APMC,Cucumbar(Kheera),Cucumbar,Grade A,12/09/2026,3000,4000,3500
Punjab,Hoshiarpur,Tanda Urmur APMC,Potato,Local,Grade A,12/09/2026,1000,1200,1100
Punjab,Hoshiarpur,Tanda Urmur APMC,Ginger(Green),Other,Grade A,12/09/2026,10000,12000,11000
Punjab,Jalandhar,Lohian Khas APMC,Potato,Other,Local,12/09/2026,300,500,400
Punjab,Ludhiana,Doraha APMC,Potato,Desi,Local,12/09/2026,250,700,550
Punjab,Ludhiana,Doraha APMC,Cauliflower,Local,Local,12/09/2026,3000,4000,3500
Punjab,Ludhiana,Doraha APMC,Brinjal,Other,Local,12/09/2026,1000,2000,1500
Punjab,Ludhiana,Doraha APMC,Green Chilli,Other,Local,12/09/2026,2000,3000,2500
Punjab,Ludhiana,Doraha APMC,Raddish,Raddish,Local,12/09/2026,2000,2000,2000
Punjab,Jalandhar,Bhogpur APMC,Bhindi(Ladies Finger),Bhindi,Local,12/09/2026,2600,2600,2600
Punjab,Mohali,Kurali APMC,Brinjal,Other,Medium,12/09/2026,2700,2850,2800
Punjab,Mohali,Kurali APMC,Cauliflower,Cauliflower,Medium,12/09/2026,4700,4800,4750
Punjab,Mohali,Kurali APMC,Coriander(Leaves),Other,Medium,12/09/2026,4000,4169,4100
Punjab,Mohali,Kurali APMC,Field Pea,Other,Medium,12/09/2026,8800,8880,8850
Punjab,Mohali,Kurali APMC,Potato,Other,Medium,12/09/2026,800,820,810
Punjab,Mohali,Kurali APMC,Lemon,Other,Medium,12/09/2026,8000,8100,8050
Punjab,Mohali,Kurali APMC,Tomato,Other,Medium,12/09/2026,3000,3100,3050
Punjab,Bhatinda,Rampuraphul(Nabha Mandi) APMC,Brinjal,Brinjal,Grade A,12/09/2026,1000,1500,1200
Punjab,Bhatinda,Rampuraphul(Nabha Mandi) APMC,Green Chilli,Green Chilly,Grade A,12/09/2026,2500,3500,3000
Punjab,Hoshiarpur,Mukerian(Talwara) APMC,Banana,Banana - Ripe,Medium,12/09/2026,2800,3600,3200
Punjab,Tarntaran,Patti APMC,Potato,Potato,Local,12/09/2026,0.04,0.04,0.04
Punjab,Amritsar,Rayya APMC,Brinjal,Brinjal,FAQ,12/09/2026,500,500,500
Punjab,Amritsar,Rayya APMC,Green Chilli,Green Chilly,FAQ,12/09/2026,1066,1066,1066
Punjab,Amritsar,Rayya APMC,Cauliflower,Local,FAQ,12/09/2026,3174,3174,3174
Punjab,Amritsar,Rayya APMC,Cucumbar(Kheera),Cucumbar,FAQ,12/09/2026,890,890,890
Punjab,Amritsar,Rayya APMC,Tomato,Other,FAQ,12/09/2026,715,715,715
Punjab,Gurdaspur,F.G.Churian APMC,Green Chilli,Green Chilly,Grade A,12/09/2026,2200,2200,2200
Punjab,Gurdaspur,Quadian APMC,Apple,Other,Grade A,12/09/2026,3800,4000,3900
Punjab,Gurdaspur,Quadian APMC,Tomato,Other,Grade A,12/09/2026,2800,3000,2900
Punjab,Jalandhar,Noor Mehal APMC,Brinjal,Other,Local,12/09/2026,1450,1450,1450
Punjab,Jalandhar,Noor Mehal APMC,Raddish,Other,Local,12/09/2026,1250,1250,1250
Punjab,Ludhiana,Khanna APMC,Guava,Guava,Grade A,12/09/2026,3000,3000,3000
Punjab,Ludhiana,Khanna APMC,Onion,Onion,Grade A,12/09/2026,3000,3000,3000
Punjab,Ludhiana,Khanna APMC,Bhindi(Ladies Finger),Bhindi,Grade A,12/09/2026,2000,2000,2000
Punjab,Sangrur,Ahmedgarh APMC,Onion,Other,Medium,12/09/2026,4800,5000,5000
Punjab,Sangrur,Ahmedgarh APMC,Ridgeguard(Tori),Other,Local,12/09/2026,2200,2500,2500
Punjab,Sangrur,Ahmedgarh APMC,Mousambi(Sweet Lime),Mousambi,Medium,12/09/2026,2800,3000,3000
Punjab,Gurdaspur,Gurdaspur APMC,Bitter gourd,Other,FAQ,12/09/2026,2100,2100,2100
Punjab,Gurdaspur,Gurdaspur APMC,Ginger(Green),Other,Grade A,12/09/2026,7500,7500,7500
Punjab,Gurdaspur,Gurdaspur APMC,Brinjal,Other,Grade A,12/09/2026,1350,1350,1350
Punjab,Gurdaspur,Gurdaspur APMC,Green Chilli,Other,Grade A,12/09/2026,2200,2200,2200
Punjab,Gurdaspur,Gurdaspur APMC,Potato,Other,Grade A,12/09/2026,750,750,750
Punjab,Ludhiana,Sahnewal APMC,Brinjal,Brinjal,FAQ,12/09/2026,2400,2400,2400
Punjab,Jalandhar,Jalandhar City(Jalandhar) APMC,Papaya,Papaya,Medium,12/09/2026,1100,2500,1600
Punjab,Nawanshahr,Nawan Shahar(Subzi Mandi) APMC,Brinjal,Brinjal,FAQ,12/09/2026,1000,1500,1200
Punjab,Patiala,Patiala(New Anaj Mandi) APMC,Paddy(Basmati),Basmati 1509,Local,12/09/2026,3700,3750,3740
Punjab,Tarntaran,Bhikhiwind APMC,Ridgeguard(Tori),Ridgeguard(Tori),Local,12/09/2026,1000,1000,1000
Punjab,Gurdaspur,Dinanagar APMC,Bottle gourd,Bottle Gourd,Medium,12/09/2026,2400,2600,2500
Punjab,Gurdaspur,Dinanagar APMC,Tomato,Tomato,Medium,12/09/2026,2500,3000,2800
Punjab,Gurdaspur,Dinanagar APMC,Potato,Potato,Medium,12/09/2026,1000,1200,1100
Punjab,Gurdaspur,Dinanagar APMC,Green Chilli,Green Chilly,Medium,12/09/2026,3800,4000,3900
Punjab,Gurdaspur,Dinanagar APMC,Cucumbar(Kheera),Other,Medium,12/09/2026,2500,3000,2800
Punjab,Gurdaspur,Dinanagar APMC,Onion,Other,Medium,12/09/2026,4600,4800,4700
Punjab,Hoshiarpur,Tanda Urmur APMC,Mousambi(Sweet Lime),Other,Grade A,12/09/2026,4000,5000,4500
Punjab,Hoshiarpur,Tanda Urmur APMC,Cabbage,Cabbage,Grade A,12/09/2026,2500,3000,2800
Punjab,Hoshiarpur,Tanda Urmur APMC,Green Chilli,Green Chilly,Grade A,12/09/2026,2500,3000,2800
Punjab,Hoshiarpur,Tanda Urmur APMC,Raddish,Raddish,Grade A,12/09/2026,2500,3000,2800
Punjab,Jalandhar,Lohian Khas APMC,Ridgeguard(Tori),Other,Local,12/09/2026,1700,1900,1800
Punjab,Ludhiana,Doraha APMC,Capsicum,Capsicum,Local,12/09/2026,3000,5000,4000
Punjab,Ludhiana,Doraha APMC,Ridgeguard(Tori),Other,Local,12/09/2026,1500,1500,1500
Punjab,Ludhiana,Doraha APMC,Bhindi(Ladies Finger),Other,Local,12/09/2026,1500,2000,1800
Punjab,Ludhiana,Doraha APMC,Ginger(Green),Green Ginger,Local,12/09/2026,6000,8000,7000
Punjab,Ludhiana,Doraha APMC,Peas Wet,Other,Local,12/09/2026,7000,8000,7500
Punjab,Jalandhar,Bhogpur APMC,Green Chilli,Green Chilly,Local,12/09/2026,1700,1700,1700
Punjab,Mohali,Kurali APMC,Bitter gourd,Other,Medium,12/09/2026,2600,2700,2650
Punjab,Mohali,Kurali APMC,Capsicum,Other,Medium,12/09/2026,5100,5400,5200
Punjab,Mohali,Kurali APMC,Colacasia,Arabi,Medium,12/09/2026,3100,3300,3200
Punjab,Mohali,Kurali APMC,Green Chilli,Other,Medium,12/09/2026,4000,4150,4100
Punjab,Bhatinda,Rampuraphul(Nabha Mandi) APMC,Banana,Other,Grade A,12/09/2026,2000,2700,2500
Punjab,Bhatinda,Rampuraphul(Nabha Mandi) APMC,Guava,Other,Grade A,12/09/2026,2000,3000,2500
Punjab,Bhatinda,Rampuraphul(Nabha Mandi) APMC,Bhindi(Ladies Finger),Bhindi,Grade A,12/09/2026,2000,3000,2500
Punjab,Bhatinda,Rampuraphul(Nabha Mandi) APMC,Ridgeguard(Tori),Ridgeguard(Tori),Grade A,12/09/2026,2000,2700,2500
Punjab,Bhatinda,Rampuraphul(Nabha Mandi) APMC,Cabbage,Other,Grade A,12/09/2026,1500,2200,2000
Punjab,Bhatinda,Rampuraphul(Nabha Mandi) APMC,Potato,Other,Grade A,12/09/2026,500,7000,600
Punjab,Hoshiarpur,Mukerian(Talwara) APMC,Apple,Apple,Medium,12/09/2026,4000,10000,7000
Punjab,Hoshiarpur,Mukerian(Talwara) APMC,Potato,Potato,FAQ,12/09/2026,800,1600,1200
Punjab,Tarntaran,Patti APMC,Carrot,Other,Local,12/09/2026,280,280,280
Punjab,Tarntaran,Patti APMC,Bhindi(Ladies Finger),Other,Local,12/09/2026,0.08,0.08,0.08
Punjab,Tarntaran,Patti APMC,Banana,Other,Grade B,12/09/2026,1,1,1
Punjab,Tarntaran,Patti APMC,Cucumbar(Kheera),Cucumbar,Local,12/09/2026,0.08,0.08,0.08
Punjab,Tarntaran,Patti APMC,Onion,Other,Non-FAQ,12/09/2026,0.12,0.12,0.12
Rajasthan,Churu,Sadulpur APMC,Guar,Gwar,Local,12/09/2026,5800,6000,5900
Rajasthan,Jalore,Jalore APMC,Bhindi(Ladies Finger),Bhindi,Local,12/09/2026,1200,1500,1300
Rajasthan,Jalore,Jalore APMC,Green Chilli,Green Chilly,Local,12/09/2026,1200,1500,1300
Rajasthan,Jalore,Jalore APMC,Beetroot,Other,Local,12/09/2026,1800,2400,2000
Rajasthan,Chittorgarh,Begu APMC,Maize,Other,Local,12/09/2026,1890,1890,1890
Rajasthan,Bikaner,Bikaner (F&V) APMC,Mint(Pudina),Other,Medium,12/09/2026,3000,3000,3000
Rajasthan,Bikaner,Bikaner (F&V) APMC,Pumpkin,Other,Medium,12/09/2026,1100,1100,1100
Rajasthan,Bharatpur,Bayana APMC,Onion,Onion,Local,12/09/2026,2200,2200,2200
Rajasthan,Jalore,Jalore APMC,Bitter gourd,Other,Local,12/09/2026,2000,2500,2300
Rajasthan,Jalore,Jalore APMC,Cabbage,Cabbage,Local,12/09/2026,1500,2000,1800
Rajasthan,Jalore,Jalore APMC,Capsicum,Other,Local,12/09/2026,2800,3200,3000
Rajasthan,Jalore,Jalore APMC,Coriander(Leaves),Coriander,Local,12/09/2026,2500,3000,2800
Rajasthan,Jalore,Jalore APMC,Cucumbar(Kheera),Cucumbar,Local,12/09/2026,1000,1400,1200
Rajasthan,Jalore,Jalore APMC,Tomato,Tomato,Local,12/09/2026,2000,2400,2200
Rajasthan,Jalore,Jalore APMC,Cluster beans,Other,Local,12/09/2026,4000,4500,4300
Rajasthan,Jalore,Jalore APMC,Tinda,Tinda,Local,12/09/2026,1800,2200,2000
Rajasthan,Bikaner,Bikaner (F&V) APMC,Brinjal,Other,Medium,12/09/2026,1800,1800,1800
Rajasthan,Bikaner,Bikaner (F&V) APMC,Beetroot,Other,Medium,12/09/2026,2100,2100,2100
Rajasthan,Bikaner,Bikaner (F&V) APMC,Tomato,Other,Medium,12/09/2026,2400,2400,2400
Rajasthan,Hanumangarh,Goluwala APMC,Potato,Red Nanital,Non-FAQ,12/09/2026,700,700,700
Rajasthan,Hanumangarh,Goluwala APMC,Onion,1st Sort,Non-FAQ,12/09/2026,4500,4500,4500
Rajasthan,Bikaner,Bikaner (F&V) APMC,Carrot,Other,Medium,12/09/2026,1500,1500,1500
Rajasthan,Bikaner,Bikaner (F&V) APMC,Cauliflower,Other,Medium,12/09/2026,2500,2500,2500
Rajasthan,Bikaner,Bikaner (F&V) APMC,Guar,Other,Medium,12/09/2026,6500,6500,6500
Rajasthan,Bikaner,Bikaner (F&V) APMC,Green Chilli,Other,Medium,12/09/2026,1600,1600,1600
Rajasthan,Bikaner,Bikaner (F&V) APMC,Bottle gourd,Other,Medium,12/09/2026,1100,1100,1100
Rajasthan,Bikaner,Bikaner (F&V) APMC,Bhindi(Ladies Finger),Other,Medium,12/09/2026,1800,1800,1800
Rajasthan,Bikaner,Bikaner (F&V) APMC,Pomegranate,Other,Medium,12/09/2026,9000,9000,9000
Rajasthan,Bharatpur,Bayana APMC,Tomato,Other,Local,12/09/2026,2500,2500,2500
Rajasthan,Bharatpur,Bayana APMC,Garlic,Garlic,Local,12/09/2026,10000,10000,10000
Rajasthan,Hanumangarh,Goluwala APMC,Tomato,Deshi,Non-FAQ,12/09/2026,2500,2500,2500
Rajasthan,Jhunjhunu,Surajgarh APMC,Mustard,Other,FAQ,12/09/2026,7600,7600,7600
Rajasthan,Jalore,Jalore APMC,Brinjal,Brinjal,Local,12/09/2026,1500,1800,1600
Rajasthan,Jalore,Jalore APMC,Ginger(Green),Other,Local,12/09/2026,4000,4500,4300
Rajasthan,Bikaner,Bikaner (F&V) APMC,Ginger(Green),Other,Medium,12/09/2026,5000,5000,5000
Rajasthan,Bikaner,Bikaner (F&V) APMC,Lemon,Other,Medium,12/09/2026,4800,4800,4800
Rajasthan,Bikaner,Bikaner (F&V) APMC,Ridgeguard(Tori),Other,Medium,12/09/2026,2800,2800,2800
Rajasthan,Bikaner,Bikaner (F&V) APMC,Long Melon(Kakri),Other,Medium,12/09/2026,2500,2500,2500
Rajasthan,Bikaner,Bikaner (F&V) APMC,Pineapple,Other,Medium,12/09/2026,5400,5400,5400
Rajasthan,Bikaner,Bikaner (F&V) APMC,Tinda,Other,Medium,12/09/2026,2000,2000,2000
Rajasthan,Bikaner,Bikaner (F&V) APMC,Mousambi(Sweet Lime),Other,Medium,12/09/2026,2800,2800,2800
Rajasthan,Bikaner,Bikaner (F&V) APMC,Water Melon,Other,Medium,12/09/2026,1800,1800,1800
Rajasthan,Hanumangarh,Rawatsar APMC,Potato,Red Nanital,FAQ,12/09/2026,600,1000,800
Rajasthan,Hanumangarh,Rawatsar APMC,Tomato,Deshi,FAQ,12/09/2026,1200,2000,1500
Rajasthan,Hanumangarh,Rawatsar APMC,Onion,1st Sort,FAQ,12/09/2026,1000,1500,1200
Rajasthan,Jalore,Jalore APMC,Bottle gourd,Bottle Gourd,Local,12/09/2026,800,1000,900
Rajasthan,Jalore,Jalore APMC,Cauliflower,Cauliflower,Local,12/09/2026,1800,2200,2000
Rajasthan,Bikaner,Bikaner (F&V) APMC,Cabbage,Other,Medium,12/09/2026,1800,1800,1800
Rajasthan,Bikaner,Bikaner (F&V) APMC,Capsicum,Other,Medium,12/09/2026,3800,3800,3800
Rajasthan,Bikaner,Bikaner (F&V) APMC,Coriander(Leaves),Other,Medium,12/09/2026,4000,4000,4000
Rajasthan,Bikaner,Bikaner (F&V) APMC,Cucumbar(Kheera),Other,Medium,12/09/2026,2000,2000,2000
Rajasthan,Bikaner,Bikaner (F&V) APMC,Potato,Other,Medium,12/09/2026,1000,1000,1000
Rajasthan,Bikaner,Bikaner (F&V) APMC,Apple,Other,Medium,12/09/2026,6000,6000,6000
Rajasthan,Bikaner,Bikaner (F&V) APMC,Spinach,Other,Medium,12/09/2026,1500,1500,1500
Rajasthan,Bikaner,Bikaner (F&V) APMC,Banana,Other,Medium,12/09/2026,3000,3000,3000
Rajasthan,Bharatpur,Bayana APMC,Potato,Other,Local,12/09/2026,1100,1100,1100
Rajasthan,Alwar,Govindgarh APMC,Bajra(Pearl Millet/Cumbu),Deshi,FAQ,12/09/2026,2000,2200,2185
Rajasthan,Deeg,Sikri APMC,Mustard,Mustard,Non-FAQ,12/09/2026,7200,8050,7710
Tamil Nadu,Thirupur,Tiruppur (South) (Uzhavar Sandhai ),Coriander(Leaves),I Sort,Local,12/09/2026,2400,3000,2700
Tamil Nadu,Thirupur,Tiruppur (South) (Uzhavar Sandhai ),Tomato,Local,Local,12/09/2026,1700,2000,1850
Tamil Nadu,Thirupur,Tiruppur (South) (Uzhavar Sandhai ),Drumstick,Drumstick,Local,12/09/2026,2500,3000,2750
Tamil Nadu,Erode,Perundurai(Uzhavar Sandhai ),Coconut,Coconut,Local,12/09/2026,5000,5500,5250
Tamil Nadu,Erode,Perundurai(Uzhavar Sandhai ),Carrot,Pusakesar,Local,12/09/2026,5000,5500,5250
Tamil Nadu,Erode,Perundurai(Uzhavar Sandhai ),Snakeguard,Snakeguard,Local,12/09/2026,3500,3800,3650
Tamil Nadu,Erode,Perundurai(Uzhavar Sandhai ),Onion,Bellary,Local,12/09/2026,6000,6500,6250
Tamil Nadu,Erode,Perundurai(Uzhavar Sandhai ),Potato,Other,Local,12/09/2026,3200,3500,3350
Tamil Nadu,Erode,Perundurai(Uzhavar Sandhai ),Coriander(Leaves),I Sort,Local,12/09/2026,4000,4500,4250
Tamil Nadu,Erode,Perundurai(Uzhavar Sandhai ),Papaya,Papaya,Local,12/09/2026,3000,3400,3200
Tamil Nadu,Erode,Perundurai(Uzhavar Sandhai ),Cluster beans,Cluster Beans,Local,12/09/2026,2600,3000,2800
Tamil Nadu,Erode,Perundurai(Uzhavar Sandhai ),Bhindi(Ladies Finger),Bhindi,Local,12/09/2026,3000,3500,3250
Tamil Nadu,Erode,Perundurai(Uzhavar Sandhai ),Ginger(Green),Green Ginger,Local,12/09/2026,13000,14000,13500
Tamil Nadu,Erode,Perundurai(Uzhavar Sandhai ),Green Avare(W),Green Avare (W),Local,12/09/2026,4500,5000,4750
Tamil Nadu,Erode,Perundurai(Uzhavar Sandhai ),Lemon,Lemon,Local,12/09/2026,18000,20000,19000
Tamil Nadu,Dharmapuri,Dharmapuri(Uzhavar Sandhai ),Groundnut,Big (With Shell),Local,12/09/2026,6200,6600,6400
Tamil Nadu,Dharmapuri,Dharmapuri(Uzhavar Sandhai ),Banana,Besrai,Local,12/09/2026,5200,5500,5350
Tamil Nadu,Dharmapuri,Dharmapuri(Uzhavar Sandhai ),Onion,Bellary,Local,12/09/2026,6200,6400,6300
Tamil Nadu,Dharmapuri,Dharmapuri(Uzhavar Sandhai ),Garlic,Garlic,Local,12/09/2026,23000,24000,23500
Tamil Nadu,Dharmapuri,Dharmapuri(Uzhavar Sandhai ),Amaranthus,Amaranthus,Local,12/09/2026,2400,2500,2450
Tamil Nadu,Dharmapuri,Dharmapuri(Uzhavar Sandhai ),Raddish,Raddish,Local,12/09/2026,1800,2000,1900
Tamil Nadu,Dharmapuri,Dharmapuri(Uzhavar Sandhai ),Thondekai,Thondekai,Local,12/09/2026,4200,4500,4350
Tamil Nadu,Dharmapuri,Dharmapuri(Uzhavar Sandhai ),Tamarind Fruit,Tamarind Fruit,Local,12/09/2026,12000,12400,12200
Tamil Nadu,Dharmapuri,Palacode(Uzhavar Sandhai ),Beetroot,Beetroot,Local,12/09/2026,4600,5000,4800
Tamil Nadu,Dharmapuri,Palacode(Uzhavar Sandhai ),Carrot,Pusakesar,Local,12/09/2026,5600,6000,5800
Tamil Nadu,Dharmapuri,Palacode(Uzhavar Sandhai ),Cabbage,Cabbage,Local,12/09/2026,2800,3000,2900
Tamil Nadu,Dharmapuri,Palacode(Uzhavar Sandhai ),Garlic,Garlic,Local,12/09/2026,23500,24000,23750
Tamil Nadu,Dharmapuri,Palacode(Uzhavar Sandhai ),Coriander(Leaves),I Sort,Local,12/09/2026,4500,5000,4750
Tamil Nadu,Dharmapuri,Palacode(Uzhavar Sandhai ),Bitter gourd,Other,Local,12/09/2026,3800,4000,3900
Tamil Nadu,Dharmapuri,Palacode(Uzhavar Sandhai ),Ashgourd,Gouard,Local,12/09/2026,1600,1800,1700
Tamil Nadu,Dharmapuri,Palacode(Uzhavar Sandhai ),Amaranthus,Amaranthus,Local,12/09/2026,2000,2500,2250
Tamil Nadu,Dharmapuri,Palacode(Uzhavar Sandhai ),Ridgeguard(Tori),Ridgeguard(Tori),Local,12/09/2026,3600,3800,3700
Tamil Nadu,Dharmapuri,Palacode(Uzhavar Sandhai ),Raddish,Raddish,Local,12/09/2026,1600,2000,1800
Tamil Nadu,Dharmapuri,Palacode(Uzhavar Sandhai ),Thondekai,Thondekai,Local,12/09/2026,4300,4500,4400
Tamil Nadu,Dharmapuri,Palacode(Uzhavar Sandhai ),Green Avare(W),Green Avare (W),Local,12/09/2026,5000,5400,5200
Tamil Nadu,Dharmapuri,Palacode(Uzhavar Sandhai ),Knool Khol,Knool Khol,Local,12/09/2026,4200,4500,4350
Tamil Nadu,Dharmapuri,Pennagaram(Uzhavar Sandhai ),Ginger(Green),Green Ginger,Local,12/09/2026,19000,20000,19500
Tamil Nadu,Dharmapuri,Pennagaram(Uzhavar Sandhai ),Tomato,Deshi,Local,12/09/2026,2800,3000,2900
Tamil Nadu,Dharmapuri,Pennagaram(Uzhavar Sandhai ),Bottle gourd,Bottle Gourd,Local,12/09/2026,2200,2400,2300
Tamil Nadu,Dharmapuri,Pennagaram(Uzhavar Sandhai ),Green Chilli,Green Chilly,Local,12/09/2026,4500,5000,4750
Tamil Nadu,Dharmapuri,Pennagaram(Uzhavar Sandhai ),Beans,Beans (Whole),Local,12/09/2026,7000,8000,7500
Tamil Nadu,Dharmapuri,Pennagaram(Uzhavar Sandhai ),Tapioca,Tapioca,Local,12/09/2026,2800,3000,2900
Tamil Nadu,Dharmapuri,Pennagaram(Uzhavar Sandhai ),Raddish,Raddish,Local,12/09/2026,2200,2400,2300
Tamil Nadu,Dindigul,Chinnalapatti(Uzhavar Sandhai ),Bitter gourd,Bitter Gourd,Local,12/09/2026,5000,6000,5500
Tamil Nadu,Dindigul,Chinnalapatti(Uzhavar Sandhai ),Bottle gourd,Bottle Gourd,Local,12/09/2026,2500,3000,2750
Tamil Nadu,Dindigul,Chinnalapatti(Uzhavar Sandhai ),Amaranthus,Amaranthus,Local,12/09/2026,2500,3000,2750
Tamil Nadu,Dindigul,Chinnalapatti(Uzhavar Sandhai ),Green Chilli,Green Chilly,Local,12/09/2026,5000,6000,5500
Tamil Nadu,Dindigul,Chinnalapatti(Uzhavar Sandhai ),Banana - Green,Banana - Green,Local,12/09/2026,2800,3000,2900
Tamil Nadu,Dindigul,Chinnalapatti(Uzhavar Sandhai ),Thondekai,Thondekai,Local,12/09/2026,3600,4000,3800
Tamil Nadu,Dindigul,Chinnalapatti(Uzhavar Sandhai ),Green Avare(W),Other,Local,12/09/2026,7000,8000,7500
Tamil Nadu,Dindigul,Dindigul(Uzhavar Sandhai ),Sweet Potato,Hosur Red,Local,12/09/2026,4000,5000,4500
Tamil Nadu,Dindigul,Dindigul(Uzhavar Sandhai ),Cauliflower,Ranchi,Local,12/09/2026,4000,5000,4500
Tamil Nadu,Dindigul,Dindigul(Uzhavar Sandhai ),Green Peas,Green Peas,Local,12/09/2026,12000,15000,13500
Tamil Nadu,Dindigul,Dindigul(Uzhavar Sandhai ),Ashgourd,Gouard,Local,12/09/2026,2500,3000,2750
Tamil Nadu,Dindigul,Dindigul(Uzhavar Sandhai ),Beetroot,Beetroot,Local,12/09/2026,7000,8000,7500
Tamil Nadu,Dindigul,Dindigul(Uzhavar Sandhai ),Ridgeguard(Tori),Ridgeguard(Tori),Local,12/09/2026,5000,6000,5500
Tamil Nadu,Dindigul,Dindigul(Uzhavar Sandhai ),Knool Khol,Knool Khol,Local,12/09/2026,4000,5000,4500
Tamil Nadu,Dindigul,Dindigul(Uzhavar Sandhai ),Lime,Lime,Local,12/09/2026,12000,14000,13000
Tamil Nadu,Dindigul,Dindigul(Uzhavar Sandhai ),Yam(Ratalu),Yam (Ratalu),Local,12/09/2026,7000,8000,7500
Tamil Nadu,Dindigul,Palani(Uzhavar Sandhai ),Garlic,Garlic,Local,12/09/2026,16000,24000,20000
Tamil Nadu,Dindigul,Palani(Uzhavar Sandhai ),Brinjal,Other,Local,12/09/2026,5000,7000,6000
Tamil Nadu,Dindigul,Palani(Uzhavar Sandhai ),Bhindi(Ladies Finger),Bhindi,Local,12/09/2026,2500,3000,2750
Tamil Nadu,Dindigul,Palani(Uzhavar Sandhai ),Banana - Green,Banana - Green,Local,12/09/2026,3000,3600,3300
Tamil Nadu,Dindigul,Palani(Uzhavar Sandhai ),Beetroot,Beetroot,Local,12/09/2026,6000,7000,6500
Tamil Nadu,Dindigul,Palani(Uzhavar Sandhai ),Chow Chow,Chow Chow,Local,12/09/2026,2500,3000,2750
Tamil Nadu,Dindigul,Palani(Uzhavar Sandhai ),Lemon,Lemon,Local,12/09/2026,12000,26000,19000
Tamil Nadu,Dindigul,Palani(Uzhavar Sandhai ),Mint(Pudina),Mint(Pudina),Local,12/09/2026,6000,7000,6500
Tamil Nadu,Erode,Periyar Nagar(Uzhavar Sandhai ),Bitter gourd,Bitter Gourd,Local,12/09/2026,4000,4400,4200
Tamil Nadu,Erode,Periyar Nagar(Uzhavar Sandhai ),Green Chilli,Green Chilly,Local,12/09/2026,4200,4500,4350
Tamil Nadu,Erode,Periyar Nagar(Uzhavar Sandhai ),Tapioca,Tapioca,Local,12/09/2026,2200,2500,2350
Tamil Nadu,Erode,Periyar Nagar(Uzhavar Sandhai ),Amla(Nelli Kai),Amla,Local,12/09/2026,11000,12000,11500
Tamil Nadu,Erode,Periyar Nagar(Uzhavar Sandhai ),Onion Green,Onion Green,Local,12/09/2026,6000,7000,6500
Tamil Nadu,Kallakuruchi,Sankarapuram(Uzhavar Sandhai ),Coconut,Coconut,Local,12/09/2026,6000,6000,6000
Tamil Nadu,Kallakuruchi,Sankarapuram(Uzhavar Sandhai ),Groundnut,Big (With Shell),Local,12/09/2026,7000,7000,7000
Tamil Nadu,Kallakuruchi,Sankarapuram(Uzhavar Sandhai ),Onion,Bellary,Local,12/09/2026,6000,6000,6000
Tamil Nadu,Kallakuruchi,Sankarapuram(Uzhavar Sandhai ),Coriander(Leaves),I Sort,Local,12/09/2026,6000,6000,6000
Tamil Nadu,Kallakuruchi,Sankarapuram(Uzhavar Sandhai ),Bitter gourd,Bitter Gourd,Local,12/09/2026,7000,7000,7000
Tamil Nadu,Kallakuruchi,Sankarapuram(Uzhavar Sandhai ),Tapioca,Tapioca,Local,12/09/2026,3000,3000,3000
Tamil Nadu,Kallakuruchi,Sankarapuram(Uzhavar Sandhai ),Beetroot,Beetroot,Local,12/09/2026,6000,6000,6000
Tamil Nadu,Kallakuruchi,Sankarapuram(Uzhavar Sandhai ),Tender Coconut,Tender Coconut,Local,12/09/2026,3000,3000,3000
Tamil Nadu,Kancheepuram,Kancheepuram(Uzhavar Sandhai ),Potato,Other,Local,12/09/2026,2800,4000,3400
Tamil Nadu,Kancheepuram,Kancheepuram(Uzhavar Sandhai ),Water Melon,Water Melon,Local,12/09/2026,1200,1800,1500
Tamil Nadu,Kancheepuram,Kancheepuram(Uzhavar Sandhai ),Ashgourd,Gouard,Local,12/09/2026,2000,2500,2250
Tamil Nadu,Kancheepuram,Kancheepuram(Uzhavar Sandhai ),Pumpkin,Pumpkin,Local,12/09/2026,2000,2800,2400
Tamil Nadu,Kancheepuram,Kancheepuram(Uzhavar Sandhai ),Bhindi(Ladies Finger),Bhindi,Local,12/09/2026,2500,3500,3000
Tamil Nadu,Kancheepuram,Kancheepuram(Uzhavar Sandhai ),Banana - Green,Banana - Green,Local,12/09/2026,3500,4500,4000
Tamil Nadu,Kancheepuram,Kancheepuram(Uzhavar Sandhai ),Green Avare(W),Other,Local,12/09/2026,5000,6000,5500
Tamil Nadu,Kancheepuram,Kundrathur(Uzhavar Sandhai ),Beetroot,Beetroot,Local,12/09/2026,4000,4000,4000
Tamil Nadu,Kancheepuram,Kundrathur(Uzhavar Sandhai ),Cabbage,Cabbage,Local,12/09/2026,3000,3000,3000
Tamil Nadu,Kancheepuram,Kundrathur(Uzhavar Sandhai ),Potato,Other,Local,12/09/2026,2800,2800,2800
Tamil Nadu,Kancheepuram,Kundrathur(Uzhavar Sandhai ),Green Chilli,Green Chilly,Local,12/09/2026,5000,5500,5250
Tamil Nadu,Kancheepuram,Kundrathur(Uzhavar Sandhai ),Thondekai,Thondekai,Local,12/09/2026,3500,3500,3500
Tamil Nadu,Kancheepuram,Kundrathur(Uzhavar Sandhai ),Yam(Ratalu),Yam (Ratalu),Local,12/09/2026,4000,4000,4000
Tamil Nadu,Kancheepuram,Padappai(Uzhavar Sandhai ),Ginger(Green),Green Ginger,Local,12/09/2026,9000,14000,11500
Tamil Nadu,Kancheepuram,Padappai(Uzhavar Sandhai ),Carrot,Pusakesar,Local,12/09/2026,4000,6000,5000
Tamil Nadu,Kancheepuram,Padappai(Uzhavar Sandhai ),Cabbage,Cabbage,Local,12/09/2026,2000,2500,2250
Tamil Nadu,Kancheepuram,Padappai(Uzhavar Sandhai ),Potato,Other,Local,12/09/2026,2600,3500,3050
Tamil Nadu,Kancheepuram,Padappai(Uzhavar Sandhai ),Cauliflower,Ranchi,Local,12/09/2026,3000,3500,3250
Tamil Nadu,Kancheepuram,Padappai(Uzhavar Sandhai ),Water Melon,Water Melon,Local,12/09/2026,1200,1800,1500
Tamil Nadu,Kancheepuram,Padappai(Uzhavar Sandhai ),Tomato,Local,Local,12/09/2026,2200,3000,2600
Tamil Nadu,Kancheepuram,Padappai(Uzhavar Sandhai ),Pumpkin,Pumpkin,Local,12/09/2026,2000,2500,2250
Tamil Nadu,Kancheepuram,Padappai(Uzhavar Sandhai ),Beans,Beans (Whole),Local,12/09/2026,6000,8000,7000
Tamil Nadu,Kancheepuram,Padappai(Uzhavar Sandhai ),Thondekai,Thondekai,Local,12/09/2026,3500,4000,3750
Tamil Nadu,Kancheepuram,Padappai(Uzhavar Sandhai ),Green Avare(W),Other,Local,12/09/2026,5000,6000,5500
Tamil Nadu,Kancheepuram,Padappai(Uzhavar Sandhai ),Sweet Corn ,Sweet Corn ,Local,12/09/2026,2500,3000,2750
Tamil Nadu,Kancheepuram,Sunguvarchatram(Uzhavar Sandhai ),Coconut,Coconut,Local,12/09/2026,5000,6000,5500
Tamil Nadu,Kancheepuram,Sunguvarchatram(Uzhavar Sandhai ),Brinjal,Other,Local,12/09/2026,3500,3500,3500
Tamil Nadu,Krishnagiri,Avallapalli(Uzhavar Sandhai ),Knool Khol,Knool Khol,Local,12/09/2026,1500,2000,1750
Tamil Nadu,Krishnagiri,Avallapalli(Uzhavar Sandhai ),Yam(Ratalu),Yam (Ratalu),Local,12/09/2026,4500,5000,4750
Tamil Nadu,Krishnagiri,Avallapalli(Uzhavar Sandhai ),Colacasia,Colacasia,Local,12/09/2026,3500,4000,3750
Tamil Nadu,Krishnagiri,Avallapalli(Uzhavar Sandhai ),Mint(Pudina),Mint(Pudina),Local,12/09/2026,3500,4000,3750
Tamil Nadu,Dharmapuri,Karimangalam(Uzhavar Sandhai),Onion,Bellary,Local,12/09/2026,6000,6400,6200
Tamil Nadu,Dharmapuri,Karimangalam(Uzhavar Sandhai),Cauliflower,Ranchi,Local,12/09/2026,3800,4000,3900
Tamil Nadu,Dharmapuri,Karimangalam(Uzhavar Sandhai),Cluster beans,Cluster Beans,Local,12/09/2026,2300,2500,2400
Tamil Nadu,Dharmapuri,Karimangalam(Uzhavar Sandhai),Green Chilli,Green Chilly,Local,12/09/2026,4000,4500,4250
Tamil Nadu,Dharmapuri,Karimangalam(Uzhavar Sandhai),Tapioca,Tapioca,Local,12/09/2026,3300,3500,3400
Tamil Nadu,Dharmapuri,Karimangalam(Uzhavar Sandhai),Green Avare(W),Other,Local,12/09/2026,4500,5000,4750
Tamil Nadu,Dharmapuri,Karimangalam(Uzhavar Sandhai),Amla(Nelli Kai),Amla,Local,12/09/2026,8000,8500,8250
Tamil Nadu,Krishnagiri,Denkanikottai(Uzhavar Sandhai ),Onion,Bellary,Local,12/09/2026,5500,6000,5750
Tamil Nadu,Krishnagiri,Denkanikottai(Uzhavar Sandhai ),Tomato,Local,Local,12/09/2026,2000,2500,2250
Tamil Nadu,Krishnagiri,Denkanikottai(Uzhavar Sandhai ),Ginger(Green),Green Ginger,Local,12/09/2026,14000,16000,15000
Tamil Nadu,Krishnagiri,Denkanikottai(Uzhavar Sandhai ),Raddish,Raddish,Local,12/09/2026,1200,1500,1350
Tamil Nadu,Krishnagiri,Hosur(Uzhavar Sandhai ),Beetroot,Beetroot,Local,12/09/2026,2500,3000,2750
Tamil Nadu,Krishnagiri,Hosur(Uzhavar Sandhai ),Banana,Red Banana,Local,12/09/2026,8000,9000,8500
Tamil Nadu,Krishnagiri,Hosur(Uzhavar Sandhai ),Bitter gourd,Bitter Gourd,Local,12/09/2026,3500,4000,3750
Tamil Nadu,Krishnagiri,Hosur(Uzhavar Sandhai ),Chow Chow,Chow Chow,Local,12/09/2026,2000,2500,2250
Tamil Nadu,Krishnagiri,Hosur(Uzhavar Sandhai ),Drumstick,Drumstick,Local,12/09/2026,4000,4500,4250
Tamil Nadu,Krishnagiri,Hosur(Uzhavar Sandhai ),Tender Coconut,Tender Coconut,Local,12/09/2026,4500,5000,4750
Tamil Nadu,Krishnagiri,Hosur(Uzhavar Sandhai ),Tube Flower,Tube Flower,Local,12/09/2026,80000,100000,90000
Tamil Nadu,Krishnagiri,Hosur(Uzhavar Sandhai ),Mashrooms,Mashrooms,Local,12/09/2026,15000,20000,17500
Tamil Nadu,Krishnagiri,Hosur(Uzhavar Sandhai ),Amla(Nelli Kai),Amla,Local,12/09/2026,8000,10000,9000
Tamil Nadu,Krishnagiri,Hosur(Uzhavar Sandhai ),Onion Green,Onion Green,Local,12/09/2026,8000,10000,9000
Tamil Nadu,Krishnagiri,Hosur(Uzhavar Sandhai ),Mint(Pudina),Mint(Pudina),Local,12/09/2026,3500,4000,3750
Tamil Nadu,Madurai,Anaiyur(Uzhavar Sandhai ),Ginger(Green),Green Ginger,Local,12/09/2026,15000,19000,17000
Tamil Nadu,Madurai,Anaiyur(Uzhavar Sandhai ),Sweet Potato,Hosur Red,Local,12/09/2026,5500,6000,5750
Tamil Nadu,Madurai,Anaiyur(Uzhavar Sandhai ),Banana,Besrai,Local,12/09/2026,3500,4000,3750
Tamil Nadu,Madurai,Anaiyur(Uzhavar Sandhai ),Snakeguard,Snakeguard,Local,12/09/2026,3600,4000,3800
Tamil Nadu,Madurai,Anaiyur(Uzhavar Sandhai ),Chikoos(Sapota),Sapota,Local,12/09/2026,4000,6000,5000
Tamil Nadu,Madurai,Anaiyur(Uzhavar Sandhai ),Green Chilli,Green Chilly,Local,12/09/2026,4000,4500,4250
Tamil Nadu,Madurai,Anaiyur(Uzhavar Sandhai ),Beetroot,Beetroot,Local,12/09/2026,4500,5000,4750
Tamil Nadu,Madurai,Anaiyur(Uzhavar Sandhai ),Indian Beans(Seam),Indian Beans (Seam),Local,12/09/2026,5500,6000,5750
Tamil Nadu,Madurai,Anaiyur(Uzhavar Sandhai ),Onion Green,Onion Green,Local,12/09/2026,7500,8000,7750
Tamil Nadu,Madurai,Anaiyur(Uzhavar Sandhai ),Sweet Corn ,Sweet Corn ,Local,12/09/2026,2200,2400,2300
Tamil Nadu,Madurai,Usilampatti(Uzhavar Sandhai ),Coconut,Coconut,Local,12/09/2026,6800,7000,6900
Tamil Nadu,Madurai,Usilampatti(Uzhavar Sandhai ),Onion,Bellary,Local,12/09/2026,6500,7000,6750
Tamil Nadu,Madurai,Usilampatti(Uzhavar Sandhai ),Bottle gourd,Bottle Gourd,Local,12/09/2026,2000,2600,2300
Tamil Nadu,Madurai,Usilampatti(Uzhavar Sandhai ),Banana - Green,Banana - Green,Local,12/09/2026,2500,3000,2750
Tamil Nadu,Madurai,Usilampatti(Uzhavar Sandhai ),Mint(Pudina),Mint(Pudina),Local,12/09/2026,4500,5000,4750
Tamil Nadu,Nagapattinam,Sirkali(Uzhavar Sandhai ),Groundnut,Big (With Shell),Local,12/09/2026,5500,6000,5750
Tamil Nadu,Nagapattinam,Sirkali(Uzhavar Sandhai ),Banana,Besrai,Local,12/09/2026,4000,5000,4500
Tamil Nadu,Nagapattinam,Sirkali(Uzhavar Sandhai ),Cluster beans,Cluster Beans,Local,12/09/2026,4500,5000,4750
Tamil Nadu,Nagapattinam,Sirkali(Uzhavar Sandhai ),Bottle gourd,Bottle Gourd,Local,12/09/2026,2500,3000,2750
Tamil Nadu,Nagapattinam,Sirkali(Uzhavar Sandhai ),Pumpkin,Pumpkin,Local,12/09/2026,2500,3000,2750
Tamil Nadu,Nagapattinam,Sirkali(Uzhavar Sandhai ),Ridgeguard(Tori),Ridgeguard(Tori),Local,12/09/2026,5500,6000,5750
Tamil Nadu,Nagapattinam,Sirkali(Uzhavar Sandhai ),Green Avare(W),Green Avare (W),Local,12/09/2026,6500,7000,6750
Tamil Nadu,Namakkal,Kumarapalayam(Uzhavar Sandhai ),Beetroot,Beetroot,Local,12/09/2026,6000,7000,6500
Tamil Nadu,Namakkal,Kumarapalayam(Uzhavar Sandhai ),Cabbage,Cabbage,Local,12/09/2026,2600,3000,2800
Tamil Nadu,Namakkal,Kumarapalayam(Uzhavar Sandhai ),Potato,Other,Local,12/09/2026,2800,3000,2900
Tamil Nadu,Namakkal,Kumarapalayam(Uzhavar Sandhai ),Coriander(Leaves),I Sort,Local,12/09/2026,7000,8000,7500
Tamil Nadu,Namakkal,Kumarapalayam(Uzhavar Sandhai ),Papaya,Papaya,Local,12/09/2026,2500,3000,2750
Tamil Nadu,Namakkal,Kumarapalayam(Uzhavar Sandhai ),Mousambi(Sweet Lime),Mousambi,Local,12/09/2026,3000,3500,3250
Tamil Nadu,Namakkal,Kumarapalayam(Uzhavar Sandhai ),Pumpkin,Pumpkin,Local,12/09/2026,2100,2500,2300
Tamil Nadu,Namakkal,Kumarapalayam(Uzhavar Sandhai ),Bhindi(Ladies Finger),Bhindi,Local,12/09/2026,1700,2500,2100
Tamil Nadu,Namakkal,Kumarapalayam(Uzhavar Sandhai ),Tapioca,Tapioca,Local,12/09/2026,2900,3500,3200
Tamil Nadu,Namakkal,Kumarapalayam(Uzhavar Sandhai ),Guava,Guava Allahabad,Local,12/09/2026,5000,6000,5500
Tamil Nadu,Namakkal,Kumarapalayam(Uzhavar Sandhai ),Lemon,Lemon,Local,12/09/2026,9000,11000,10000
Tamil Nadu,Namakkal,Kumarapalayam(Uzhavar Sandhai ),Baby Corn,Baby Corn,Grade A,12/09/2026,2500,3000,2750
Tamil Nadu,Namakkal,Mohanur(Uzhavar Sandhai ),Ginger(Green),Green Ginger,Local,12/09/2026,18000,20000,19000
Tamil Nadu,Namakkal,Mohanur(Uzhavar Sandhai ),Coconut,Coconut,Local,12/09/2026,5500,6000,5750
Tamil Nadu,Namakkal,Mohanur(Uzhavar Sandhai ),Carrot,Pusakesar,Local,12/09/2026,7000,8000,7500
Tamil Nadu,Namakkal,Mohanur(Uzhavar Sandhai ),Onion,Bellary,Local,12/09/2026,5500,6500,6000
Tamil Nadu,Namakkal,Mohanur(Uzhavar Sandhai ),Cauliflower,Ranchi,Local,12/09/2026,3500,4000,3750
Tamil Nadu,Namakkal,Mohanur(Uzhavar Sandhai ),Pumpkin,Pumpkin,Local,12/09/2026,2400,2800,2600
Tamil Nadu,Namakkal,Mohanur(Uzhavar Sandhai ),Green Chilli,Green Chilly,Local,12/09/2026,6000,7000,6500
Tamil Nadu,Namakkal,Mohanur(Uzhavar Sandhai ),Banana - Green,Banana - Green,Local,12/09/2026,4400,4800,4600
Tamil Nadu,Namakkal,Mohanur(Uzhavar Sandhai ),Lemon,Lemon,Local,12/09/2026,9000,10000,9500
Tamil Nadu,Namakkal,Mohanur(Uzhavar Sandhai ),Mint(Pudina),Mint(Pudina),Local,12/09/2026,5500,6000,5750
Tamil Nadu,Namakkal,Namakkal(Uzhavar Sandhai ),Coconut,Coconut,Local,12/09/2026,5500,6200,5850
Tamil Nadu,Namakkal,Namakkal(Uzhavar Sandhai ),Banana,Red Banana,Local,12/09/2026,7000,8000,7500
Tamil Nadu,Namakkal,Namakkal(Uzhavar Sandhai ),Onion,Bellary,Local,12/09/2026,6000,6400,6200
Tamil Nadu,Namakkal,Namakkal(Uzhavar Sandhai ),Potato,Other,Local,12/09/2026,2500,3000,2750
Tamil Nadu,Namakkal,Namakkal(Uzhavar Sandhai ),Garlic,Garlic,Local,12/09/2026,24000,28000,26000
Tamil Nadu,Namakkal,Namakkal(Uzhavar Sandhai ),Brinjal,Other,Local,12/09/2026,5000,5400,5200
Tamil Nadu,Namakkal,Namakkal(Uzhavar Sandhai ),Coriander(Leaves),I Sort,Local,12/09/2026,11000,12000,11500
Tamil Nadu,Namakkal,Namakkal(Uzhavar Sandhai ),Papaya,Papaya,Local,12/09/2026,3000,3500,3250
Tamil Nadu,Namakkal,Namakkal(Uzhavar Sandhai ),Cluster beans,Cluster Beans,Local,12/09/2026,3000,3400,3200
Tamil Nadu,Namakkal,Namakkal(Uzhavar Sandhai ),Bitter gourd,Other,Local,12/09/2026,6000,6400,6200
Tamil Nadu,Namakkal,Namakkal(Uzhavar Sandhai ),Bottle gourd,Bottle Gourd,Local,12/09/2026,1500,2000,1750
Tamil Nadu,Namakkal,Namakkal(Uzhavar Sandhai ),Cowpea(Veg),Cowpea (Veg),Local,12/09/2026,4500,5000,4750
Tamil Nadu,Namakkal,Namakkal(Uzhavar Sandhai ),Beans,Beans (Whole),Local,12/09/2026,7000,7500,7250
Tamil Nadu,Namakkal,Namakkal(Uzhavar Sandhai ),Tapioca,Tapioca,Local,12/09/2026,3000,3500,3250
Tamil Nadu,Namakkal,Namakkal(Uzhavar Sandhai ),Raddish,Raddish,Local,12/09/2026,3000,3600,3300
Tamil Nadu,Namakkal,Namakkal(Uzhavar Sandhai ),Lime,Lime,Local,12/09/2026,3500,4000,3750
Tamil Nadu,Namakkal,Namakkal(Uzhavar Sandhai ),Lemon,Lemon,Local,12/09/2026,12000,13000,12500
Tamil Nadu,Namakkal,Paramathivelur(Uzhavar Sandhai ),Carrot,Pusakesar,Local,12/09/2026,6300,7000,6650
Tamil Nadu,Namakkal,Paramathivelur(Uzhavar Sandhai ),Cabbage,Cabbage,Local,12/09/2026,2400,2800,2600
Tamil Nadu,Namakkal,Paramathivelur(Uzhavar Sandhai ),Snakeguard,Snakeguard,Local,12/09/2026,5400,6000,5700
Tamil Nadu,Namakkal,Paramathivelur(Uzhavar Sandhai ),Coriander(Leaves),I Sort,Local,12/09/2026,9000,10000,9500
Tamil Nadu,Namakkal,Paramathivelur(Uzhavar Sandhai ),Bhindi(Ladies Finger),Bhindi,Local,12/09/2026,3900,4500,4200
Tamil Nadu,Namakkal,Paramathivelur(Uzhavar Sandhai ),Amaranthus,Amaranthus,Local,12/09/2026,4400,5000,4700
Tamil Nadu,Namakkal,Paramathivelur(Uzhavar Sandhai ),Mint(Pudina),Mint(Pudina),Local,12/09/2026,4400,5000,4700
Tamil Nadu,Namakkal,Rasipuram(Uzhavar Sandhai ),Pineapple,Pine Apple,Local,12/09/2026,4500,5500,5000
Tamil Nadu,Namakkal,Rasipuram(Uzhavar Sandhai ),Potato,Other,Local,12/09/2026,3000,3500,3250
Tamil Nadu,Namakkal,Rasipuram(Uzhavar Sandhai ),Chili Red,Bold,Local,12/09/2026,17000,18000,17500
Tamil Nadu,Namakkal,Rasipuram(Uzhavar Sandhai ),Bottle gourd,Bottle Gourd,Local,12/09/2026,1500,2200,1850
Tamil Nadu,Namakkal,Rasipuram(Uzhavar Sandhai ),Chow Chow,Chow Chow,Local,12/09/2026,2500,3000,2750
Tamil Nadu,Namakkal,Rasipuram(Uzhavar Sandhai ),Mango(Raw-Ripe),Mango - Raw-Ripe,Local,12/09/2026,4500,5500,5000
Tamil Nadu,Namakkal,Rasipuram(Uzhavar Sandhai ),Guava,Guava Allahabad,Local,12/09/2026,5000,6000,5500
Tamil Nadu,Namakkal,Rasipuram(Uzhavar Sandhai ),Marigold(Calcutta),Marigold(Calcutta),Local,12/09/2026,24000,26000,25000
Tamil Nadu,Namakkal,Rasipuram(Uzhavar Sandhai ),Amla(Nelli Kai),Amla,Local,12/09/2026,8000,9000,8500
Tamil Nadu,Namakkal,Rasipuram(Uzhavar Sandhai ),Rose(Local),Rose (Local),Local,12/09/2026,14000,16000,15000
Tamil Nadu,Thanjavur,Tirukattupalli(Uzhavar Sandhai ),Snakeguard,Snakeguard,Local,12/09/2026,4000,4000,4000
Tamil Nadu,Thanjavur,Tirukattupalli(Uzhavar Sandhai ),Onion,Bellary,Local,12/09/2026,6800,6800,6800
Tamil Nadu,Thanjavur,Tirukattupalli(Uzhavar Sandhai ),Tomato,Deshi,Local,12/09/2026,2600,2600,2600
Tamil Nadu,Thanjavur,Tirukattupalli(Uzhavar Sandhai ),Bitter gourd,Bitter Gourd,Local,12/09/2026,5000,5400,5200
Tamil Nadu,Thanjavur,Tirukattupalli(Uzhavar Sandhai ),Banana - Green,Banana - Green,Local,12/09/2026,4000,4000,4000
Tamil Nadu,Madurai,Palanganatham(Uzhavar Sandhai ),Betal Leaves,Mysore,Local,12/09/2026,20000,28000,24000
Tamil Nadu,Madurai,Palanganatham(Uzhavar Sandhai ),Onion,Bellary,Local,12/09/2026,6000,7000,6500
Tamil Nadu,Madurai,Palanganatham(Uzhavar Sandhai ),Garlic,Garlic,Local,12/09/2026,14000,27000,20500
Tamil Nadu,Madurai,Palanganatham(Uzhavar Sandhai ),Bhindi(Ladies Finger),Bhindi,Local,12/09/2026,3600,4000,3800
Tamil Nadu,Madurai,Palanganatham(Uzhavar Sandhai ),Lime,Lime,Local,12/09/2026,12000,15000,13500
Tamil Nadu,Madurai,Palanganatham(Uzhavar Sandhai ),Elephant Yam(Suran)/Amorphophallus,Elephant Yam (Suran),Local,12/09/2026,4000,4500,4250
Tamil Nadu,Madurai,Palanganatham(Uzhavar Sandhai ),Yam(Ratalu),Yam (Ratalu),Local,12/09/2026,6000,7000,6500
Tamil Nadu,Madurai,Palanganatham(Uzhavar Sandhai ),Lemon,Lemon,Local,12/09/2026,22000,26000,24000
Tamil Nadu,Madurai,Palanganatham(Uzhavar Sandhai ),Amla(Nelli Kai),Amla,Local,12/09/2026,8000,9000,8500
Tamil Nadu,Madurai,Palanganatham(Uzhavar Sandhai ),Onion Green,Onion Green,Local,12/09/2026,8000,8500,8250
Tamil Nadu,Madurai,Anna nagar(Uzhavar Sandhai ),Tomato,Deshi,Local,12/09/2026,2600,3000,2800
Tamil Nadu,Madurai,Anna nagar(Uzhavar Sandhai ),Green Avare(W),Green Avare (W),Local,12/09/2026,7000,10000,8500
Tamil Nadu,Madurai,Anna nagar(Uzhavar Sandhai ),Sweet Potato,Hosur Red,Local,12/09/2026,5000,5600,5300
Tamil Nadu,Madurai,Anna nagar(Uzhavar Sandhai ),Carrot,Pusakesar,Local,12/09/2026,8800,8800,8800
Tamil Nadu,Madurai,Anna nagar(Uzhavar Sandhai ),Pineapple,Pine Apple,Local,12/09/2026,7500,7500,7500
Tamil Nadu,Madurai,Anna nagar(Uzhavar Sandhai ),Potato,Other,Local,12/09/2026,5800,5800,5800
Tamil Nadu,Madurai,Anna nagar(Uzhavar Sandhai ),Brinjal,Other,Local,12/09/2026,2600,3000,2800
Tamil Nadu,Madurai,Anna nagar(Uzhavar Sandhai ),Coriander(Leaves),I Sort,Local,12/09/2026,3200,3200,3200
Tamil Nadu,Madurai,Anna nagar(Uzhavar Sandhai ),Chikoos(Sapota),Sapota,Local,12/09/2026,4000,6000,5000
Tamil Nadu,Madurai,Anna nagar(Uzhavar Sandhai ),Ashgourd,Gouard,Local,12/09/2026,1600,1600,1600
Tamil Nadu,Madurai,Anna nagar(Uzhavar Sandhai ),Beans,Beans (Whole),Local,12/09/2026,8400,8800,8600
Tamil Nadu,Madurai,Anna nagar(Uzhavar Sandhai ),Raddish,Raddish,Local,12/09/2026,3000,3600,3300
Tamil Nadu,Madurai,Anna nagar(Uzhavar Sandhai ),Knool Khol,Knool Khol,Local,12/09/2026,3600,3600,3600
Tamil Nadu,Madurai,Anna nagar(Uzhavar Sandhai ),Guava,Guava Allahabad,Local,12/09/2026,10000,10000,10000
Tamil Nadu,Madurai,Anna nagar(Uzhavar Sandhai ),Karbuja(Musk Melon),Karbhuja,Local,12/09/2026,5000,5000,5000
Tamil Nadu,Madurai,Anna nagar(Uzhavar Sandhai ),Pomegranate,Pomogranate,Local,12/09/2026,14000,14000,14000
Tamil Nadu,Madurai,Anna nagar(Uzhavar Sandhai ),Jasmine,Jasmine,Local,12/09/2026,35000,40000,37500
Tamil Nadu,Madurai,Anna nagar(Uzhavar Sandhai ),Colacasia,Colacasia,Local,12/09/2026,5400,5400,5400
Tamil Nadu,Madurai,Anna nagar(Uzhavar Sandhai ),Tube Rose(Loose),Tube Rose (Loose),Local,12/09/2026,12000,12000,12000
Tamil Nadu,Perambalur,Perambalur(Uzhavar Sandhai ),Grapes,Annabesahai,Local,12/09/2026,10000,12000,11000
Tamil Nadu,Perambalur,Perambalur(Uzhavar Sandhai ),Bottle gourd,Bottle Gourd,Local,12/09/2026,1800,2200,2000
Tamil Nadu,Perambalur,Perambalur(Uzhavar Sandhai ),Ginger(Green),Green Ginger,Local,12/09/2026,15000,18000,16500
Tamil Nadu,Perambalur,Perambalur(Uzhavar Sandhai ),Yam(Ratalu),Yam (Ratalu),Local,12/09/2026,5800,6800,6300
Tamil Nadu,Perambalur,Perambalur(Uzhavar Sandhai ),Colacasia,Colacasia,Local,12/09/2026,5600,6000,5800
Tamil Nadu,Salem,Mecheri(Uzhavar Sandhai),Raddish,Raddish,Local,12/09/2026,2600,3000,2800
Tamil Nadu,Salem,Mecheri(Uzhavar Sandhai),Green Avare(W),Green Avare (W),Local,12/09/2026,7000,8000,7500
Tamil Nadu,Salem,Mecheri(Uzhavar Sandhai),Drumstick,Drumstick,Local,12/09/2026,3000,3000,3000
Tamil Nadu,Ranipet,Arcot(Uzhavar Sandhai ),Garlic,Garlic,Local,12/09/2026,20000,20000,20000
Tamil Nadu,Ranipet,Arcot(Uzhavar Sandhai ),Tomato,Deshi,Local,12/09/2026,2400,2400,2400
Tamil Nadu,Ranipet,Arcot(Uzhavar Sandhai ),Bottle gourd,Bottle Gourd,Local,12/09/2026,2000,2000,2000
Tamil Nadu,Ranipet,Arcot(Uzhavar Sandhai ),Cucumbar(Kheera),Cucumbar,Local,12/09/2026,4000,4000,4000
Tamil Nadu,Ranipet,Ranipettai(Uzhavar Sandhai ),Coconut,Coconut,Local,12/09/2026,4000,5000,4500
Tamil Nadu,Ranipet,Ranipettai(Uzhavar Sandhai ),Papaya,Papaya,Local,12/09/2026,5000,5000,5000
Tamil Nadu,Ranipet,Ranipettai(Uzhavar Sandhai ),Cluster beans,Cluster Beans,Local,12/09/2026,2000,2000,2000
Tamil Nadu,Ranipet,Ranipettai(Uzhavar Sandhai ),Green Chilli,Green Chilly,Local,12/09/2026,4000,6000,5000
Tamil Nadu,Ranipet,Ranipettai(Uzhavar Sandhai ),Cowpea(Veg),Cowpea (Veg),Local,12/09/2026,4800,5000,4900
Tamil Nadu,Ranipet,Ranipettai(Uzhavar Sandhai ),Drumstick,Drumstick,Local,12/09/2026,4000,5000,4500
Tamil Nadu,Ranipet,Ranipettai(Uzhavar Sandhai ),Lemon,Lemon,Local,12/09/2026,16000,26000,21000
Tamil Nadu,Salem,Ammapet(Uzhavar Sandhai ),Carrot,Pusakesar,Local,12/09/2026,6000,6500,6250
Tamil Nadu,Salem,Ammapet(Uzhavar Sandhai ),Water Melon,Water Melon,Local,12/09/2026,1800,2000,1900
Tamil Nadu,Salem,Ammapet(Uzhavar Sandhai ),Bhindi(Ladies Finger),Bhindi,Local,12/09/2026,2600,3000,2800
Tamil Nadu,Salem,Ammapet(Uzhavar Sandhai ),Amaranthus,Amaranthus,Local,12/09/2026,2500,2800,2650
Tamil Nadu,Salem,Ammapet(Uzhavar Sandhai ),Cowpea(Veg),Cowpea (Veg),Local,12/09/2026,4500,5000,4750
Tamil Nadu,Salem,Ammapet(Uzhavar Sandhai ),Snakeguard,Snakeguard,Local,12/09/2026,3500,3800,3650
Tamil Nadu,Salem,Ammapet(Uzhavar Sandhai ),Tapioca,Tapioca,Local,12/09/2026,2500,3000,2750
Tamil Nadu,Salem,Ammapet(Uzhavar Sandhai ),Raddish,Raddish,Local,12/09/2026,2500,2800,2650
Tamil Nadu,Salem,Ammapet(Uzhavar Sandhai ),Chow Chow,Chow Chow,Local,12/09/2026,3600,4000,3800
Tamil Nadu,Salem,Ammapet(Uzhavar Sandhai ),Drumstick,Drumstick,Local,12/09/2026,2000,2500,2250
Tamil Nadu,Salem,Ammapet(Uzhavar Sandhai ),Elephant Yam(Suran)/Amorphophallus,Elephant Yam (Suran),Local,12/09/2026,4500,5000,4750
Tamil Nadu,Salem,Ammapet(Uzhavar Sandhai ),Yam(Ratalu),Yam (Ratalu),Local,12/09/2026,6500,7000,6750
Tamil Nadu,Salem,Ammapet(Uzhavar Sandhai ),Onion Green,Onion Green,Local,12/09/2026,6500,7400,6950
Tamil Nadu,Salem,Ammapet(Uzhavar Sandhai ),Rose(Local),Rose (Local),Local,12/09/2026,14000,15000,14500
Tamil Nadu,Salem,Mettur(Uzhavar Sandhai ),Coconut,Coconut,Local,12/09/2026,5000,6000,5500
Tamil Nadu,Salem,Mettur(Uzhavar Sandhai ),Beetroot,Beetroot,Local,12/09/2026,5000,6000,5500
Tamil Nadu,Salem,Mettur(Uzhavar Sandhai ),Cauliflower,Ranchi,Local,12/09/2026,3000,4000,3500
Tamil Nadu,Salem,Mettur(Uzhavar Sandhai ),Tapioca,Tapioca,Local,12/09/2026,3000,3500,3250
Tamil Nadu,Salem,Mettur(Uzhavar Sandhai ),Ridgeguard(Tori),Ridgeguard(Tori),Local,12/09/2026,3000,4000,3500
Tamil Nadu,Salem,Mettur(Uzhavar Sandhai ),Green Avare(W),Other,Local,12/09/2026,5000,5500,5250
Tamil Nadu,Salem,Mettur(Uzhavar Sandhai ),Mint(Pudina),Mint(Pudina),Local,12/09/2026,2500,3000,2750
Tamil Nadu,Salem,Sooramangalam(Uzhavar Sandhai ),Sweet Potato,Hosur Red,Local,12/09/2026,4000,5000,4500
Tamil Nadu,Salem,Sooramangalam(Uzhavar Sandhai ),Banana,Red Banana,Local,12/09/2026,7000,7500,7250
Tamil Nadu,Salem,Sooramangalam(Uzhavar Sandhai ),Onion,Bellary,Local,12/09/2026,6000,6500,6250
Tamil Nadu,Salem,Sooramangalam(Uzhavar Sandhai ),Ashgourd,Gouard,Local,12/09/2026,1500,1800,1650
Tamil Nadu,Salem,Sooramangalam(Uzhavar Sandhai ),Green Chilli,Green Chilly,Local,12/09/2026,3400,3600,3500
Tamil Nadu,Salem,Sooramangalam(Uzhavar Sandhai ),Raddish,Raddish,Local,12/09/2026,2000,2200,2100
Tamil Nadu,Thiruchirappalli,Thuraiyur APMC,Ginger(Green),Green Ginger,Local,12/09/2026,17000,18500,17750
Tamil Nadu,Thiruchirappalli,Thuraiyur APMC,Cabbage,Cabbage,Local,12/09/2026,3000,3500,3250
Tamil Nadu,Thiruchirappalli,Thuraiyur APMC,Snakeguard,Snakeguard,Local,12/09/2026,4000,4500,4250
Tamil Nadu,Thiruchirappalli,Thuraiyur APMC,Banana,Besrai,Local,12/09/2026,4000,6000,5000
Tamil Nadu,Thiruchirappalli,Thuraiyur APMC,Cluster beans,Cluster Beans,Local,12/09/2026,3000,3500,3250
Tamil Nadu,Thiruchirappalli,Thuraiyur APMC,Bottle gourd,Bottle Gourd,Local,12/09/2026,2000,2500,2250
Tamil Nadu,Thiruchirappalli,Thuraiyur APMC,Thondekai,Thondekai,Local,12/09/2026,3500,4000,3750
Tamil Nadu,Thiruchirappalli,Thuraiyur APMC,Mango(Raw-Ripe),Mango - Raw-Ripe,Local,12/09/2026,10000,12000,11000
Tamil Nadu,Thiruchirappalli,Thuraiyur APMC,Elephant Yam(Suran)/Amorphophallus,Elephant Yam (Suran),Local,12/09/2026,3000,3500,3250
Tamil Nadu,Thiruchirappalli,Thuraiyur APMC,Mint(Pudina),Mint(Pudina),Local,12/09/2026,5000,5600,5300
Tamil Nadu,Salem,Thammampatti (Uzhavar Sandhai ),Brinjal,Round,Local,12/09/2026,3000,3800,3400
Tamil Nadu,Salem,Thammampatti (Uzhavar Sandhai ),Chikoos(Sapota),Sapota,Local,12/09/2026,4000,4000,4000
Tamil Nadu,Salem,Thammampatti (Uzhavar Sandhai ),Bottle gourd,Bottle Gourd,Local,12/09/2026,2000,2500,2250
Tamil Nadu,Salem,Thammampatti (Uzhavar Sandhai ),Green Chilli,Green Chilly,Local,12/09/2026,4000,4500,4250
Tamil Nadu,Salem,Thammampatti (Uzhavar Sandhai ),Cucumbar(Kheera),Cucumbar,Local,12/09/2026,6000,7000,6500
Tamil Nadu,Salem,Thammampatti (Uzhavar Sandhai ),Knool Khol,Knool Khol,Local,12/09/2026,4000,4500,4250
Tamil Nadu,Salem,Thammampatti (Uzhavar Sandhai ),Lime,Lime,Local,12/09/2026,3000,3000,3000
Tamil Nadu,Salem,Thammampatti (Uzhavar Sandhai ),Tender Coconut,Tender Coconut,Local,12/09/2026,3500,4000,3750
Tamil Nadu,Salem,Thathakapatti(Uzhavar Sandhai ),Cabbage,Cabbage,Local,12/09/2026,2500,3000,2750
Tamil Nadu,Salem,Thathakapatti(Uzhavar Sandhai ),Banana,Besrai,Local,12/09/2026,4000,8000,6000
Tamil Nadu,Salem,Thathakapatti(Uzhavar Sandhai ),Onion,Bellary,Local,12/09/2026,6000,6500,6250
Tamil Nadu,Salem,Thathakapatti(Uzhavar Sandhai ),Papaya,Papaya,Local,12/09/2026,3500,4000,3750
Tamil Nadu,Salem,Thathakapatti(Uzhavar Sandhai ),Cluster beans,Cluster Beans,Local,12/09/2026,3400,3600,3500
Tamil Nadu,Salem,Thathakapatti(Uzhavar Sandhai ),Amaranthus,Amaranthus,Local,12/09/2026,2000,2400,2200
Tamil Nadu,Salem,Thathakapatti(Uzhavar Sandhai ),Chow Chow,Chow Chow,Local,12/09/2026,3400,3600,3500
Tamil Nadu,Salem,Thathakapatti(Uzhavar Sandhai ),Lime,Lime,Local,12/09/2026,3500,4000,3750
Tamil Nadu,Salem,Thathakapatti(Uzhavar Sandhai ),Tender Coconut,Tender Coconut,Local,12/09/2026,3000,5000,4000
Tamil Nadu,Salem,Thathakapatti(Uzhavar Sandhai ),Indian Beans(Seam),Indian Beans (Seam),Local,12/09/2026,6000,6500,6250
Tamil Nadu,Salem,Thathakapatti(Uzhavar Sandhai ),Mint(Pudina),Mint(Pudina),Local,12/09/2026,3400,3600,3500
Tamil Nadu,Salem,Thathakapatti(Uzhavar Sandhai ),Rose(Local),Rose (Local),Local,12/09/2026,16000,18000,17000
Tamil Nadu,Theni,Chinnamanur(Uzhavar Sandhai ),Coconut,Coconut,Local,12/09/2026,5800,5800,5800
Tamil Nadu,Theni,Chinnamanur(Uzhavar Sandhai ),Bitter gourd,Other,Local,12/09/2026,3800,3800,3800
Tamil Nadu,Theni,Chinnamanur(Uzhavar Sandhai ),Green Chilli,Green Chilly,Local,12/09/2026,4200,5000,4600
Tamil Nadu,Theni,Chinnamanur(Uzhavar Sandhai ),Raddish,Raddish,Local,12/09/2026,3600,3600,3600
Tamil Nadu,Theni,Chinnamanur(Uzhavar Sandhai ),Mint(Pudina),Mint(Pudina),Local,12/09/2026,4800,4800,4800
Tamil Nadu,Theni,Kambam(Uzhavar Sandhai ),Coconut,Coconut,Local,12/09/2026,5800,5800,5800
Tamil Nadu,Theni,Kambam(Uzhavar Sandhai ),Carrot,Pusakesar,Local,12/09/2026,4500,6000,5250
Tamil Nadu,Theni,Kambam(Uzhavar Sandhai ),Potato,Other,Local,12/09/2026,2800,2800,2800
Tamil Nadu,Theni,Kambam(Uzhavar Sandhai ),Brinjal,Round,Local,12/09/2026,3500,3600,3550
Tamil Nadu,Theni,Kambam(Uzhavar Sandhai ),Coriander(Leaves),I Sort,Local,12/09/2026,3000,3000,3000
Tamil Nadu,Theni,Kambam(Uzhavar Sandhai ),Papaya,Papaya,Local,12/09/2026,3000,3000,3000
Tamil Nadu,Theni,Kambam(Uzhavar Sandhai ),Tomato,Local,Local,12/09/2026,2600,2600,2600
Tamil Nadu,Theni,Kambam(Uzhavar Sandhai ),Snakeguard,Snakeguard,Local,12/09/2026,1500,3800,2650
Tamil Nadu,Theni,Kambam(Uzhavar Sandhai ),Bhindi(Ladies Finger),Bhindi,Local,12/09/2026,3600,3600,3600
Tamil Nadu,Theni,Kambam(Uzhavar Sandhai ),Cowpea(Veg),Cowpea (Veg),Local,12/09/2026,4000,4500,4250
Tamil Nadu,Theni,Kambam(Uzhavar Sandhai ),Green Avare(W),Other,Local,12/09/2026,5400,5400,5400
Tamil Nadu,Theni,Kambam(Uzhavar Sandhai ),Chow Chow,Chow Chow,Local,12/09/2026,2400,2400,2400
Tamil Nadu,Theni,Kambam(Uzhavar Sandhai ),Knool Khol,Knool Khol,Local,12/09/2026,3000,3000,3000
Tamil Nadu,Theni,Theni(Uzhavar Sandhai ),Soyabean,Local,Local,12/09/2026,9000,10000,9500
Tamil Nadu,Theni,Theni(Uzhavar Sandhai ),Cauliflower,Ranchi,Local,12/09/2026,2500,3500,3000
Tamil Nadu,Theni,Theni(Uzhavar Sandhai ),Brinjal,Other,Local,12/09/2026,3000,3500,3250
Tamil Nadu,Theni,Theni(Uzhavar Sandhai ),Water Melon,Water Melon,Local,12/09/2026,2500,2500,2500
Tamil Nadu,Theni,Theni(Uzhavar Sandhai ),Bottle gourd,Bottle Gourd,Local,12/09/2026,1000,1400,1200
Tamil Nadu,Theni,Theni(Uzhavar Sandhai ),Pumpkin,Pumpkin,Local,12/09/2026,1500,1800,1650
Tamil Nadu,Theni,Theni(Uzhavar Sandhai ),Thondekai,Thondekai,Local,12/09/2026,3400,3400,3400
Tamil Nadu,Theni,Theni(Uzhavar Sandhai ),Capsicum,Capsicum,Local,12/09/2026,5000,5000,5000
Tamil Nadu,Theni,Theni(Uzhavar Sandhai ),Drumstick,Drumstick,Local,12/09/2026,2000,3500,2750
Tamil Nadu,Theni,Theni(Uzhavar Sandhai ),Mango(Raw-Ripe),Mango - Raw-Ripe,Local,12/09/2026,5000,6000,5500
Tamil Nadu,Theni,Theni(Uzhavar Sandhai ),Yam(Ratalu),Yam (Ratalu),Local,12/09/2026,6000,6000,6000
Tamil Nadu,Thirunelveli,Ambasamudram(Uzhavar Sandhai ),Amaranthus,Amaranthus,Local,12/09/2026,1300,1500,1400
Tamil Nadu,Thirunelveli,Ambasamudram(Uzhavar Sandhai ),Banana - Green,Banana - Green,Local,12/09/2026,2500,3000,2750
Tamil Nadu,Thirunelveli,Ambasamudram(Uzhavar Sandhai ),Onion Green,Onion Green,Local,12/09/2026,5000,6000,5500
Tamil Nadu,Thirunelveli,NGO Colony(Uzhavar Sandhai ),Cabbage,Cabbage,Local,12/09/2026,2200,2600,2400
Tamil Nadu,Thirunelveli,NGO Colony(Uzhavar Sandhai ),Coriander(Leaves),I Sort,Local,12/09/2026,4000,4500,4250
Tamil Nadu,Thirunelveli,NGO Colony(Uzhavar Sandhai ),Cluster beans,Cluster Beans,Local,12/09/2026,1200,2000,1600
Tamil Nadu,Thirunelveli,NGO Colony(Uzhavar Sandhai ),Pumpkin,Pumpkin,Local,12/09/2026,800,1000,900
Tamil Nadu,Thirunelveli,NGO Colony(Uzhavar Sandhai ),Beans,Beans (Whole),Local,12/09/2026,9000,9600,9300
Tamil Nadu,Thirunelveli,NGO Colony(Uzhavar Sandhai ),Raddish,Raddish,Local,12/09/2026,3000,3500,3250
Tamil Nadu,Thirunelveli,NGO Colony(Uzhavar Sandhai ),Green Avare(W),Green Avare (W),Local,12/09/2026,6000,6500,6250
Tamil Nadu,Thirunelveli,NGO Colony(Uzhavar Sandhai ),Drumstick,Drumstick,Local,12/09/2026,2500,3200,2850
Tamil Nadu,Thirunelveli,Palayamkottai(Uzhavar Sandhai ),Coconut,Coconut,Local,12/09/2026,5600,6000,5800
Tamil Nadu,Thirunelveli,Palayamkottai(Uzhavar Sandhai ),Carrot,Pusakesar,Local,12/09/2026,3200,5600,4400
Tamil Nadu,Thirunelveli,Palayamkottai(Uzhavar Sandhai ),Potato,Other,Local,12/09/2026,2200,2500,2350
Tamil Nadu,Thirunelveli,Palayamkottai(Uzhavar Sandhai ),Beans,Beans (Whole),Local,12/09/2026,9000,9600,9300
Tamil Nadu,Thirunelveli,Palayamkottai(Uzhavar Sandhai ),Lemon,Lemon,Local,12/09/2026,18000,20000,19000
Tamil Nadu,Thirunelveli,Palayamkottai(Uzhavar Sandhai ),Mint(Pudina),Mint(Pudina),Local,12/09/2026,5500,6000,5750
Tamil Nadu,Thirupur,Kangayam(Uzhavar Sandhai ),Coconut,Coconut,Local,12/09/2026,5000,5200,5100
Tamil Nadu,Thirupur,Kangayam(Uzhavar Sandhai ),Brinjal,Round,Local,12/09/2026,5500,6000,5750
Tamil Nadu,Thirupur,Kangayam(Uzhavar Sandhai ),Bottle gourd,Bottle Gourd,Local,12/09/2026,1500,1800,1650
Tamil Nadu,Thirupur,Kangayam(Uzhavar Sandhai ),Ashgourd,Gouard,Local,12/09/2026,2000,2400,2200
Tamil Nadu,Thirupur,Kangayam(Uzhavar Sandhai ),Banana - Green,Banana - Green,Local,12/09/2026,2500,3000,2750
Tamil Nadu,Thirupur,Kangayam(Uzhavar Sandhai ),Beetroot,Beetroot,Local,12/09/2026,2500,3000,2750
Tamil Nadu,Thirupur,Kangayam(Uzhavar Sandhai ),Amla(Nelli Kai),Amla,Local,12/09/2026,7500,8000,7750
Tamil Nadu,Thirupur,Tiruppur (North) (Uzhavar Sandhai ),Sweet Potato,Hosur Red,Local,12/09/2026,3500,4000,3750
Tamil Nadu,Thirupur,Tiruppur (North) (Uzhavar Sandhai ),Cluster beans,Cluster Beans,Local,12/09/2026,3500,4000,3750
Tamil Nadu,Thirupur,Tiruppur (North) (Uzhavar Sandhai ),Elephant Yam(Suran)/Amorphophallus,Elephant Yam (Suran),Local,12/09/2026,4500,5000,4750
Tamil Nadu,Thirupur,Tiruppur (North) (Uzhavar Sandhai ),Mint(Pudina),Mint(Pudina),Local,12/09/2026,2000,2500,2250
Tamil Nadu,Thiruvannamalai,Chengam(Uzhavar Sandhai ),Coconut,Coconut,Local,12/09/2026,4200,5000,4600
Tamil Nadu,Thiruvannamalai,Chengam(Uzhavar Sandhai ),Sweet Potato,Hosur Red,Local,12/09/2026,4000,4800,4400
Tamil Nadu,Thiruvannamalai,Chengam(Uzhavar Sandhai ),Carrot,Pusakesar,Local,12/09/2026,7000,8000,7500
Tamil Nadu,Thiruvannamalai,Chengam(Uzhavar Sandhai ),Groundnut,Big (With Shell),Local,12/09/2026,7000,8000,7500
Tamil Nadu,Thiruvannamalai,Chengam(Uzhavar Sandhai ),Ashgourd,Gouard,Local,12/09/2026,1600,2000,1800
Tamil Nadu,Thiruvannamalai,Chengam(Uzhavar Sandhai ),Bhindi(Ladies Finger),Bhindi,Local,12/09/2026,3300,4000,3650
Tamil Nadu,Thiruvannamalai,Chengam(Uzhavar Sandhai ),Capsicum,Capsicum,Local,12/09/2026,7000,8000,7500
Tamil Nadu,Thiruvannamalai,Chengam(Uzhavar Sandhai ),Green Avare(W),Green Avare (W),Local,12/09/2026,5000,6000,5500
Tamil Nadu,Thiruvannamalai,Chengam(Uzhavar Sandhai ),Tamarind Fruit,Tamarind Fruit,Local,12/09/2026,8000,10000,9000
Tamil Nadu,Thiruvannamalai,Chengam(Uzhavar Sandhai ),Yam(Ratalu),Yam (Ratalu),Local,12/09/2026,3300,4000,3650
Tamil Nadu,Thiruvannamalai,Chengam(Uzhavar Sandhai ),Amla(Nelli Kai),Amla,Local,12/09/2026,8000,10000,9000
Tamil Nadu,Thiruvannamalai,Chengam(Uzhavar Sandhai ),Mint(Pudina),Mint(Pudina),Local,12/09/2026,3300,4000,3650
Tamil Nadu,Thiruvannamalai,Keelpennathur(Uzhavar Sandhai ),Tomato,Deshi,Local,12/09/2026,3000,3500,3250
Tamil Nadu,Thiruvannamalai,Keelpennathur(Uzhavar Sandhai ),Banana - Green,Banana - Green,Local,12/09/2026,3500,4000,3750
Tamil Nadu,Thiruvannamalai,Keelpennathur(Uzhavar Sandhai ),Tender Coconut,Tender Coconut,Local,12/09/2026,5000,6000,5500
Tamil Nadu,Thiruvannamalai,Keelpennathur(Uzhavar Sandhai ),Marigold(Calcutta),Marigold(Calcutta),Local,12/09/2026,30000,35000,32500
Tamil Nadu,Thiruvannamalai,Keelpennathur(Uzhavar Sandhai ),Amla(Nelli Kai),Amla,Local,12/09/2026,9000,10000,9500
Tamil Nadu,Thiruvannamalai,Tamarainagar(Uzhavar Sandhai ),Coconut,Coconut,Local,12/09/2026,6800,7800,7300
Tamil Nadu,Thiruvannamalai,Tamarainagar(Uzhavar Sandhai ),Bitter gourd,Bitter Gourd,Local,12/09/2026,5000,6000,5500
Tamil Nadu,Thiruvannamalai,Tamarainagar(Uzhavar Sandhai ),Amaranthus,Amaranthus,Local,12/09/2026,4000,5000,4500
Tamil Nadu,Thiruvannamalai,Tamarainagar(Uzhavar Sandhai ),Drumstick,Drumstick,Local,12/09/2026,4000,5000,4500
Tamil Nadu,Thiruvannamalai,Tamarainagar(Uzhavar Sandhai ),Guava,Guava Allahabad,Local,12/09/2026,5000,6000,5500
Tamil Nadu,Thiruvannamalai,Tamarainagar(Uzhavar Sandhai ),Fig(Anjura/Anjeer),Anjura,Local,12/09/2026,5000,6000,5500
Tamil Nadu,Thiruvannamalai,Tamarainagar(Uzhavar Sandhai ),Lemon,Lemon,Local,12/09/2026,28000,32000,30000
Tamil Nadu,Thiruvannamalai,Vandavasi(Uzhavar Sandhai ),Coconut,Coconut,Local,12/09/2026,4000,5000,4500
Tamil Nadu,Thiruvannamalai,Vandavasi(Uzhavar Sandhai ),Carrot,Pusakesar,Local,12/09/2026,4000,5000,4500
Tamil Nadu,Thiruvannamalai,Vandavasi(Uzhavar Sandhai ),Banana,Karpura,Local,12/09/2026,5000,6000,5500
Tamil Nadu,Thiruvannamalai,Vandavasi(Uzhavar Sandhai ),Bottle gourd,Bottle Gourd,Local,12/09/2026,1600,2000,1800
Tamil Nadu,Thiruvannamalai,Vandavasi(Uzhavar Sandhai ),Green Avare(W),Other,Local,12/09/2026,5000,6000,5500
Tamil Nadu,Thiruvannamalai,Vandavasi(Uzhavar Sandhai ),Chow Chow,Chow Chow,Local,12/09/2026,2500,3000,2750
Tamil Nadu,Thiruvannamalai,Vandavasi(Uzhavar Sandhai ),Mint(Pudina),Mint(Pudina),Local,12/09/2026,3800,4500,4150
Tamil Nadu,Thiruvarur,Muthupettai(Uzhavar Sandhai ),Cabbage,Cabbage,Local,12/09/2026,3400,3400,3400
Tamil Nadu,Thiruvarur,Muthupettai(Uzhavar Sandhai ),Bottle gourd,Bottle Gourd,Local,12/09/2026,2800,2800,2800
Tamil Nadu,Thiruvarur,Muthupettai(Uzhavar Sandhai ),Amaranthus,Amaranthus,Local,12/09/2026,2000,2000,2000
Tamil Nadu,Thiruvarur,Muthupettai(Uzhavar Sandhai ),Green Chilli,Green Chilly,Local,12/09/2026,4800,4800,4800
Tamil Nadu,Coimbatore,Sulur(Uzhavar Sandhai ),Banana,Besrai,Local,12/09/2026,5400,9000,7200
Tamil Nadu,Coimbatore,Sulur(Uzhavar Sandhai ),Papaya,Papaya,Local,12/09/2026,5000,5400,5200
Tamil Nadu,Coimbatore,Sulur(Uzhavar Sandhai ),Pumpkin,Pumpkin,Local,12/09/2026,1600,2000,1800
Tamil Nadu,Coimbatore,Sulur(Uzhavar Sandhai ),Green Avare(W),Green Avare (W),Local,12/09/2026,5400,6000,5700
Tamil Nadu,Coimbatore,Sulur(Uzhavar Sandhai ),Amla(Nelli Kai),Amla,Local,12/09/2026,10000,11000,10500
Tamil Nadu,Pudukkottai,Gandarvakottai(Uzhavar Sandhai ),Potato,Other,Local,12/09/2026,4500,5000,4750
Tamil Nadu,Pudukkottai,Gandarvakottai(Uzhavar Sandhai ),Bitter gourd,Other,Local,12/09/2026,6000,7000,6500
Tamil Nadu,Pudukkottai,Gandarvakottai(Uzhavar Sandhai ),Bottle gourd,Bottle Gourd,Local,12/09/2026,1500,2000,1750
Tamil Nadu,Cuddalore,Panruti(Uzhavar Sandhai ),Banana,Besrai,Local,12/09/2026,4000,8000,6000
Tamil Nadu,Cuddalore,Panruti(Uzhavar Sandhai ),Cluster beans,Cluster Beans,Local,12/09/2026,3000,3000,3000
Tamil Nadu,Cuddalore,Panruti(Uzhavar Sandhai ),Snakeguard,Snakeguard,Local,12/09/2026,3000,3000,3000
Tamil Nadu,Cuddalore,Vadalur(Uzhavar Sandhai ),Carrot,Pusakesar,Local,12/09/2026,6000,6000,6000
Tamil Nadu,Cuddalore,Vadalur(Uzhavar Sandhai ),Garlic,Garlic,Local,12/09/2026,17000,20000,18500
Tamil Nadu,Cuddalore,Vadalur(Uzhavar Sandhai ),Tomato,Local,Local,12/09/2026,2500,2500,2500
Tamil Nadu,Cuddalore,Vadalur(Uzhavar Sandhai ),Bottle gourd,Bottle Gourd,Local,12/09/2026,2000,2000,2000
Tamil Nadu,Cuddalore,Vadalur(Uzhavar Sandhai ),Amaranthus,Amaranthus,Local,12/09/2026,3000,3500,3250
Tamil Nadu,Cuddalore,Vadalur(Uzhavar Sandhai ),Raddish,Raddish,Local,12/09/2026,4000,4000,4000
Tamil Nadu,Cuddalore,Vadalur(Uzhavar Sandhai ),Thondekai,Thondekai,Local,12/09/2026,5000,5000,5000
Tamil Nadu,Cuddalore,Vadalur(Uzhavar Sandhai ),Knool Khol,Knool Khol,Local,12/09/2026,3000,3000,3000
Tamil Nadu,Cuddalore,Vadalur(Uzhavar Sandhai ),Lemon,Lemon,Local,12/09/2026,14000,16000,15000
Tamil Nadu,Dharmapuri,AJattihalli(Uzhavar Sandhai ),Carrot,Pusakesar,Local,12/09/2026,6000,6400,6200
Tamil Nadu,Dharmapuri,AJattihalli(Uzhavar Sandhai ),Banana,Red Banana,Local,12/09/2026,9000,9000,9000
Tamil Nadu,Dharmapuri,AJattihalli(Uzhavar Sandhai ),Potato,Other,Local,12/09/2026,2400,2800,2600
Tamil Nadu,Dharmapuri,AJattihalli(Uzhavar Sandhai ),Coriander(Leaves),I Sort,Local,12/09/2026,4500,5000,4750
Tamil Nadu,Dharmapuri,AJattihalli(Uzhavar Sandhai ),Bottle gourd,Bottle Gourd,Local,12/09/2026,1500,1500,1500
Tamil Nadu,Dharmapuri,AJattihalli(Uzhavar Sandhai ),Beetroot,Beetroot,Local,12/09/2026,5000,5200,5100
Tamil Nadu,Dharmapuri,AJattihalli(Uzhavar Sandhai ),Ridgeguard(Tori),Ridgeguard(Tori),Local,12/09/2026,3000,3000,3000
Tamil Nadu,Dharmapuri,AJattihalli(Uzhavar Sandhai ),Capsicum,Capsicum,Local,12/09/2026,8000,8000,8000
Tamil Nadu,Dharmapuri,AJattihalli(Uzhavar Sandhai ),Chow Chow,Chow Chow,Local,12/09/2026,4800,4800,4800
Tamil Nadu,Thanjavur,Peravurani(Uzhavar Sandhai),Amaranthus,Amaranthus,Local,12/09/2026,2000,2000,2000
Tamil Nadu,Thanjavur,Peravurani(Uzhavar Sandhai),Lemon,Lemon,Local,12/09/2026,12000,12000,12000
Tamil Nadu,Karur,Pallapatti (Uzhavar Sandhai ),Coriander(Leaves),I Sort,Local,12/09/2026,4500,5000,4750
Tamil Nadu,Karur,Pallapatti (Uzhavar Sandhai ),Bhindi(Ladies Finger),Bhindi,Local,12/09/2026,3500,4000,3750
Tamil Nadu,Karur,Velayuthampalayam(Uzhavar Sandhai ),Cluster beans,Cluster Beans,Local,12/09/2026,3200,4000,3600
Tamil Nadu,Karur,Velayuthampalayam(Uzhavar Sandhai ),Ashgourd,Gouard,Local,12/09/2026,2000,2500,2250
Tamil Nadu,Karur,Velayuthampalayam(Uzhavar Sandhai ),Pumpkin,Pumpkin,Local,12/09/2026,2000,2500,2250
Tamil Nadu,Karur,Velayuthampalayam(Uzhavar Sandhai ),Bhindi(Ladies Finger),Bhindi,Local,12/09/2026,2800,3500,3150
Tamil Nadu,Karur,Vengamedu(Uzhavar Sandhai ),Banana,Red Banana,Local,12/09/2026,5000,6000,5500
Tamil Nadu,Karur,Vengamedu(Uzhavar Sandhai ),Tomato,Deshi,Local,12/09/2026,2500,3000,2750
Tamil Nadu,Karur,Vengamedu(Uzhavar Sandhai ),Snakeguard,Snakeguard,Local,12/09/2026,3000,3500,3250
Tamil Nadu,Karur,Vengamedu(Uzhavar Sandhai ),Amaranthus,Amaranthus,Local,12/09/2026,2000,2500,2250
Tamil Nadu,Karur,Vengamedu(Uzhavar Sandhai ),Raddish,Raddish,Local,12/09/2026,2500,3000,2750
Tamil Nadu,Karur,Vengamedu(Uzhavar Sandhai ),Green Avare(W),Other,Local,12/09/2026,8000,9000,8500
Tamil Nadu,Karur,Vengamedu(Uzhavar Sandhai ),Mint(Pudina),Mint(Pudina),Local,12/09/2026,5500,6000,5750
Tamil Nadu,Theni,Devaram(Uzhavar Sandhai ),Chow Chow,Chow Chow,Local,12/09/2026,2400,2400,2400
Tamil Nadu,Theni,Devaram(Uzhavar Sandhai ),Lemon,Lemon,Local,12/09/2026,23000,23000,23000
Tamil Nadu,Theni,Devaram(Uzhavar Sandhai ),Mint(Pudina),Mint(Pudina),Local,12/09/2026,5000,5000,5000
Tamil Nadu,Salem,Attayampatti(Uzhavar Sandhai ),Sweet Potato,Hosur Red,Local,12/09/2026,4000,5000,4500
Tamil Nadu,Salem,Attayampatti(Uzhavar Sandhai ),Groundnut,Big (With Shell),Local,12/09/2026,7000,7500,7250
Tamil Nadu,Salem,Attayampatti(Uzhavar Sandhai ),Green Chilli,Green Chilly,Local,12/09/2026,3400,3600,3500
Tamil Nadu,Salem,Attayampatti(Uzhavar Sandhai ),Mint(Pudina),Mint(Pudina),Local,12/09/2026,3000,4000,3500
Tamil Nadu,Sivaganga,Sivagangai (Uzhavar Sandhai ),Ginger(Green),Green Ginger,Local,12/09/2026,13000,20000,16500
Tamil Nadu,Sivaganga,Sivagangai (Uzhavar Sandhai ),Cabbage,Cabbage,Local,12/09/2026,2800,3200,3000
Tamil Nadu,Sivaganga,Sivagangai (Uzhavar Sandhai ),Coriander(Leaves),I Sort,Local,12/09/2026,5200,5600,5400
Tamil Nadu,Sivaganga,Sivagangai (Uzhavar Sandhai ),Pumpkin,Pumpkin,Local,12/09/2026,1800,2200,2000
Tamil Nadu,Sivaganga,Sivagangai (Uzhavar Sandhai ),Ridgeguard(Tori),Ridgeguard(Tori),Local,12/09/2026,5200,5200,5200
Tamil Nadu,Sivaganga,Sivagangai (Uzhavar Sandhai ),Raddish,Raddish,Local,12/09/2026,2600,3000,2800
Tamil Nadu,Sivaganga,Sivagangai (Uzhavar Sandhai ),Chow Chow,Chow Chow,Local,12/09/2026,3000,3200,3100
Tamil Nadu,Sivaganga,Sivagangai (Uzhavar Sandhai ),Guava,Guava Allahabad,Local,12/09/2026,6200,7200,6700
Tamil Nadu,Sivaganga,Sivagangai (Uzhavar Sandhai ),Elephant Yam(Suran)/Amorphophallus,Elephant Yam (Suran),Local,12/09/2026,4200,4600,4400
Tamil Nadu,Sivaganga,Sivagangai (Uzhavar Sandhai ),Indian Beans(Seam),Indian Beans (Seam),Local,12/09/2026,5600,6200,5900
Tamil Nadu,Sivaganga,Devakottai (Uzhavar Sandhai ),Coconut,Coconut,Local,12/09/2026,6500,7200,6850
Tamil Nadu,Sivaganga,Devakottai (Uzhavar Sandhai ),Coriander(Leaves),I Sort,Local,12/09/2026,5200,5800,5500
Tamil Nadu,Sivaganga,Devakottai (Uzhavar Sandhai ),Pumpkin,Pumpkin,Local,12/09/2026,2200,2500,2350
Tamil Nadu,Sivaganga,Devakottai (Uzhavar Sandhai ),Green Chilli,Green Chilly,Local,12/09/2026,5000,5200,5100
Tamil Nadu,Sivaganga,Devakottai (Uzhavar Sandhai ),Drumstick,Drumstick,Local,12/09/2026,4000,4400,4200
Tamil Nadu,Sivaganga,Devakottai (Uzhavar Sandhai ),Onion Green,Onion Green,Local,12/09/2026,8000,8800,8400
Tamil Nadu,Salem,Edapadi (Uzhavar Sandhai ),Coconut,Coconut,Local,12/09/2026,5500,6000,5750
Tamil Nadu,Salem,Edapadi (Uzhavar Sandhai ),Cabbage,Cabbage,Local,12/09/2026,3000,3500,3250
Tamil Nadu,Salem,Edapadi (Uzhavar Sandhai ),Banana,Red Banana,Local,12/09/2026,7500,8000,7750
Tamil Nadu,Salem,Edapadi (Uzhavar Sandhai ),Coriander(Leaves),I Sort,Local,12/09/2026,1800,2000,1900
Tamil Nadu,Salem,Edapadi (Uzhavar Sandhai ),Mousambi(Sweet Lime),Mousambi,Local,12/09/2026,2800,3000,2900
Tamil Nadu,Salem,Edapadi (Uzhavar Sandhai ),Beetroot,Beetroot,Local,12/09/2026,6500,7000,6750
Tamil Nadu,Salem,Edapadi (Uzhavar Sandhai ),Green Avare(W),Other,Local,12/09/2026,6000,6500,6250
Tamil Nadu,Salem,Edapadi (Uzhavar Sandhai ),Amla(Nelli Kai),Amla,Local,12/09/2026,7500,8000,7750
Tamil Nadu,Salem,Edapadi (Uzhavar Sandhai ),Onion Green,Onion Green,Local,12/09/2026,6500,7000,6750
Tamil Nadu,Salem,Elampillai(Uzhavar Sandhai ),Snakeguard,Snakeguard,Local,12/09/2026,3000,3500,3250
Tamil Nadu,Salem,Elampillai(Uzhavar Sandhai ),Garlic,Garlic,Local,12/09/2026,24000,25000,24500
Tamil Nadu,Salem,Elampillai(Uzhavar Sandhai ),Papaya,Papaya,Local,12/09/2026,2500,3000,2750
Tamil Nadu,Salem,Elampillai(Uzhavar Sandhai ),Tomato,Other,Local,12/09/2026,2000,2600,2300
Tamil Nadu,Salem,Elampillai(Uzhavar Sandhai ),Bitter gourd,Other,Local,12/09/2026,4800,5000,4900
Tamil Nadu,Salem,Elampillai(Uzhavar Sandhai ),Ashgourd,Gouard,Local,12/09/2026,1800,2000,1900
Tamil Nadu,Salem,Elampillai(Uzhavar Sandhai ),Pumpkin,Pumpkin,Local,12/09/2026,1800,2000,1900
Tamil Nadu,Salem,Elampillai(Uzhavar Sandhai ),Bhindi(Ladies Finger),Bhindi,Local,12/09/2026,2500,2800,2650
Tamil Nadu,Salem,Elampillai(Uzhavar Sandhai ),Ginger(Green),Green Ginger,Local,12/09/2026,17000,18000,17500
Tamil Nadu,Salem,Elampillai(Uzhavar Sandhai ),Lemon,Lemon,Local,12/09/2026,4000,5000,4500
Tamil Nadu,Salem,Hasthampatti(Uzhavar Sandhai ),Bottle gourd,Bottle Gourd,Local,12/09/2026,2500,2800,2650
Tamil Nadu,Salem,Hasthampatti(Uzhavar Sandhai ),Ashgourd,Gouard,Local,12/09/2026,1800,2000,1900
Tamil Nadu,Salem,Hasthampatti(Uzhavar Sandhai ),Amaranthus,Amaranthus,Local,12/09/2026,2000,2400,2200
Tamil Nadu,Salem,Hasthampatti(Uzhavar Sandhai ),Cowpea(Veg),Cowpea (Veg),Local,12/09/2026,4000,4500,4250
Tamil Nadu,Salem,Hasthampatti(Uzhavar Sandhai ),Banana - Green,Banana - Green,Local,12/09/2026,2000,2400,2200
Tamil Nadu,Salem,Hasthampatti(Uzhavar Sandhai ),Beans,Beans (Whole),Local,12/09/2026,8000,8200,8100
Tamil Nadu,Salem,Hasthampatti(Uzhavar Sandhai ),Indian Beans(Seam),Indian Beans (Seam),Local,12/09/2026,6000,6500,6250
Tamil Nadu,Salem,Hasthampatti(Uzhavar Sandhai ),Colacasia,Colacasia,Local,12/09/2026,6000,6500,6250
Tamil Nadu,Salem,Hasthampatti(Uzhavar Sandhai ),Amla(Nelli Kai),Amla,Local,12/09/2026,9000,10000,9500
Tamil Nadu,Salem,Jalagandapuram(Uzhavar Sandhai ),Coconut,Coconut,Local,12/09/2026,5500,6000,5750
Tamil Nadu,Salem,Jalagandapuram(Uzhavar Sandhai ),Cabbage,Cabbage,Local,12/09/2026,2500,3000,2750
Tamil Nadu,Salem,Jalagandapuram(Uzhavar Sandhai ),Groundnut,Big (With Shell),Local,12/09/2026,6500,7000,6750
Tamil Nadu,Salem,Jalagandapuram(Uzhavar Sandhai ),Banana,Red Banana,Local,12/09/2026,6500,7000,6750
Tamil Nadu,Salem,Jalagandapuram(Uzhavar Sandhai ),Cauliflower,Ranchi,Local,12/09/2026,2000,2500,2250
Tamil Nadu,Salem,Jalagandapuram(Uzhavar Sandhai ),Tomato,Other,Local,12/09/2026,2200,2600,2400
Tamil Nadu,Salem,Jalagandapuram(Uzhavar Sandhai ),Green Chilli,Green Chilly,Local,12/09/2026,3600,4000,3800
Tamil Nadu,Salem,Jalagandapuram(Uzhavar Sandhai ),Ridgeguard(Tori),Ridgeguard(Tori),Local,12/09/2026,3500,4000,3750
Tamil Nadu,Salem,Jalagandapuram(Uzhavar Sandhai ),Guava,Guava Allahabad,Local,12/09/2026,5500,6000,5750
Tamil Nadu,Sivaganga,Singampunari(Uzhavar Sandhai ),Potato,Other,Local,12/09/2026,4600,5200,4900
Tamil Nadu,Sivaganga,Singampunari(Uzhavar Sandhai ),Tomato,Other,Local,12/09/2026,2800,3200,3000
Tamil Nadu,Sivaganga,Singampunari(Uzhavar Sandhai ),Ginger(Green),Green Ginger,Local,12/09/2026,12000,20000,16000
Tamil Nadu,Sivaganga,Singampunari(Uzhavar Sandhai ),Green Avare(W),Other,Local,12/09/2026,6200,7200,6700
Tamil Nadu,Sivaganga,Singampunari(Uzhavar Sandhai ),Yam(Ratalu),Yam (Ratalu),Local,12/09/2026,6600,7200,6900
Tamil Nadu,Sivaganga,Singampunari(Uzhavar Sandhai ),Onion Green,Onion Green,Local,12/09/2026,8200,8600,8400
Tamil Nadu,Sivaganga,Karaikudi(Uzhavar Sandhai ),Ginger(Green),Green Ginger,Local,12/09/2026,13000,21000,17000
Tamil Nadu,Sivaganga,Karaikudi(Uzhavar Sandhai ),Elephant Yam(Suran)/Amorphophallus,Elephant Yam (Suran),Local,12/09/2026,5000,5500,5250
Tamil Nadu,Sivaganga,Karaikudi(Uzhavar Sandhai ),Banana,Poovan,Local,12/09/2026,3500,4000,3750
Tamil Nadu,Sivaganga,Karaikudi(Uzhavar Sandhai ),Onion,Bellary,Local,12/09/2026,4500,7500,6000
Tamil Nadu,Sivaganga,Karaikudi(Uzhavar Sandhai ),Potato,Red Nanital,Local,12/09/2026,3500,5500,4500
Tamil Nadu,Sivaganga,Karaikudi(Uzhavar Sandhai ),Green Chilli,Green Chilly,Local,12/09/2026,5000,5500,5250
Tamil Nadu,Sivaganga,Karaikudi(Uzhavar Sandhai ),Drumstick,Drumstick,Local,12/09/2026,5000,7000,6000
Tamil Nadu,Sivaganga,Karaikudi(Uzhavar Sandhai ),Knool Khol,Knool Khol,Local,12/09/2026,4000,4500,4250
Tamil Nadu,Sivaganga,Karaikudi(Uzhavar Sandhai ),Yam(Ratalu),Yam (Ratalu),Local,12/09/2026,6500,7500,7000
Tamil Nadu,Sivaganga,Karaikudi(Uzhavar Sandhai ),Onion Green,Onion Green,Local,12/09/2026,8500,9000,8750
Tamil Nadu,Sivaganga,Tirupatthur(Uzhavar Sandhai ),Onion,Bellary,Local,12/09/2026,7000,7500,7250
Tamil Nadu,Sivaganga,Tirupatthur(Uzhavar Sandhai ),Chikoos(Sapota),Sapota,Local,12/09/2026,4400,6500,5450
Tamil Nadu,Sivaganga,Tirupatthur(Uzhavar Sandhai ),Ashgourd,Gouard,Local,12/09/2026,2000,2200,2100
Tamil Nadu,Sivaganga,Tirupatthur(Uzhavar Sandhai ),Pumpkin,Pumpkin,Local,12/09/2026,2000,2500,2250
Tamil Nadu,Sivaganga,Tirupatthur(Uzhavar Sandhai ),Ridgeguard(Tori),Ridgeguard(Tori),Local,12/09/2026,4400,5500,4950
Tamil Nadu,Sivaganga,Tirupatthur(Uzhavar Sandhai ),Drumstick,Drumstick,Local,12/09/2026,4000,4500,4250
Tamil Nadu,Sivaganga,Tirupatthur(Uzhavar Sandhai ),Guava,Guava Allahabad,Local,12/09/2026,6400,7500,6950
Tamil Nadu,Thanjavur,Pattukottai(Uzhavar Sandhai ),Coconut,Coconut,Local,12/09/2026,5000,5000,5000
Tamil Nadu,Thanjavur,Pattukottai(Uzhavar Sandhai ),Onion,Bellary,Local,12/09/2026,4600,6000,5300
Tamil Nadu,Thanjavur,Pattukottai(Uzhavar Sandhai ),Bhindi(Ladies Finger),Bhindi,Local,12/09/2026,4400,4400,4400
Tamil Nadu,Thanjavur,Pattukottai(Uzhavar Sandhai ),Mint(Pudina),Mint(Pudina),Local,12/09/2026,5800,5800,5800
Tamil Nadu,Thanjavur,Thanjavur(Uzhavar Sandhai ),Snakeguard,Snakeguard,Local,12/09/2026,4000,5000,4500
Tamil Nadu,Thanjavur,Thanjavur(Uzhavar Sandhai ),Apple,American,Local,12/09/2026,26000,26000,26000
Tamil Nadu,Thanjavur,Thanjavur(Uzhavar Sandhai ),Onion,Bellary,Local,12/09/2026,6800,6800,6800
Tamil Nadu,Thanjavur,Thanjavur(Uzhavar Sandhai ),Green Avare(W),Green Avare (W),Local,12/09/2026,6400,9000,7700
Tamil Nadu,Thanjavur,Thanjavur(Uzhavar Sandhai ),Chow Chow,Chow Chow,Local,12/09/2026,3400,3400,3400
Tamil Nadu,Thanjavur,Thanjavur(Uzhavar Sandhai ),Elephant Yam(Suran)/Amorphophallus,Elephant Yam (Suran),Local,12/09/2026,4600,4600,4600
Tamil Nadu,Thanjavur,Thanjavur(Uzhavar Sandhai ),Indian Beans(Seam),Indian Beans (Seam),Local,12/09/2026,7000,7000,7000
Tamil Nadu,Thanjavur,Thanjavur(Uzhavar Sandhai ),Lemon,Lemon,Local,12/09/2026,18000,18000,18000
Tamil Nadu,Thanjavur,Thanjavur(Uzhavar Sandhai ),Onion Green,Onion Green,Local,12/09/2026,8400,8400,8400
Tamil Nadu,Thiruchirappalli,KKNagar(Uzhavar Sandhai ),Coconut,Coconut,Local,12/09/2026,7000,7000,7000
Tamil Nadu,Thiruchirappalli,KKNagar(Uzhavar Sandhai ),Betal Leaves,Mysore,Local,12/09/2026,10000,10000,10000
Tamil Nadu,Thiruchirappalli,KKNagar(Uzhavar Sandhai ),Sweet Potato,Hosur Red,Local,12/09/2026,6600,6600,6600
Tamil Nadu,Thiruchirappalli,KKNagar(Uzhavar Sandhai ),Groundnut,Big (With Shell),Local,12/09/2026,8000,8000,8000
Tamil Nadu,Thiruchirappalli,KKNagar(Uzhavar Sandhai ),Potato,Red Nanital,Local,12/09/2026,3000,3000,3000
Tamil Nadu,Thiruchirappalli,KKNagar(Uzhavar Sandhai ),Coriander(Leaves),I Sort,Local,12/09/2026,3200,3200,3200
Tamil Nadu,Thiruchirappalli,KKNagar(Uzhavar Sandhai ),Amaranthus,Amaranthus,Local,12/09/2026,2000,2000,2000
Tamil Nadu,Thiruchirappalli,KKNagar(Uzhavar Sandhai ),Tamarind Fruit,Tamarind Fruit,Local,12/09/2026,18000,18000,18000
Tamil Nadu,Thiruchirappalli,KKNagar(Uzhavar Sandhai ),Elephant Yam(Suran)/Amorphophallus,Elephant Yam (Suran),Local,12/09/2026,5000,5000,5000
Tamil Nadu,Thiruchirappalli,KKNagar(Uzhavar Sandhai ),Colacasia,Colacasia,Local,12/09/2026,6000,6000,6000
Tamil Nadu,Thiruchirappalli,KKNagar(Uzhavar Sandhai ),Mint(Pudina),Mint(Pudina),Local,12/09/2026,5600,5600,5600
Tamil Nadu,Thiruchirappalli,KKNagar(Uzhavar Sandhai ),Sweet Corn ,Sweet Corn ,Local,12/09/2026,3000,3000,3000
Tamil Nadu,Thiruchirappalli,Lalgudi(Uzhavar Sandhai ),Ginger(Green),Green Ginger,Local,12/09/2026,18000,18000,18000
Tamil Nadu,Thiruchirappalli,Lalgudi(Uzhavar Sandhai ),Carrot,Pusakesar,Local,12/09/2026,8000,8000,8000
Tamil Nadu,Thiruchirappalli,Lalgudi(Uzhavar Sandhai ),Banana,Poovan,Local,12/09/2026,4000,5000,4500
Tamil Nadu,Thiruchirappalli,Lalgudi(Uzhavar Sandhai ),Onion,Bellary,Local,12/09/2026,5000,6000,5500
Tamil Nadu,Thiruchirappalli,Lalgudi(Uzhavar Sandhai ),Cauliflower,Ranchi,Local,12/09/2026,4000,4000,4000
Tamil Nadu,Thiruchirappalli,Lalgudi(Uzhavar Sandhai ),Ashgourd,Gouard,Local,12/09/2026,2000,2000,2000
Tamil Nadu,Thiruchirappalli,Lalgudi(Uzhavar Sandhai ),Bhindi(Ladies Finger),Bhindi,Local,12/09/2026,4600,4600,4600
Tamil Nadu,Thiruchirappalli,Lalgudi(Uzhavar Sandhai ),Green Chilli,Green Chilly,Local,12/09/2026,5000,5000,5000
Tamil Nadu,Thiruchirappalli,Lalgudi(Uzhavar Sandhai ),Cowpea(Veg),Cowpea (Veg),Local,12/09/2026,3600,3600,3600
Tamil Nadu,Thiruchirappalli,Lalgudi(Uzhavar Sandhai ),Green Avare(W),Other,Local,12/09/2026,7000,7000,7000
Tamil Nadu,Thiruchirappalli,Lalgudi(Uzhavar Sandhai ),Chow Chow,Chow Chow,Local,12/09/2026,4000,4000,4000
Tamil Nadu,Thiruchirappalli,Lalgudi(Uzhavar Sandhai ),Mango(Raw-Ripe),Mango - Raw-Ripe,Local,12/09/2026,10000,10000,10000
Tamil Nadu,Thiruchirappalli,Manachanallur(Uzhavar Sandhai ),Coconut,Coconut,Local,12/09/2026,7000,7000,7000
Tamil Nadu,Thiruchirappalli,Manachanallur(Uzhavar Sandhai ),Garlic,Garlic,Local,12/09/2026,18000,18000,18000
Tamil Nadu,Thiruchirappalli,Manachanallur(Uzhavar Sandhai ),Snakeguard,Snakeguard,Local,12/09/2026,4000,4000,4000
Tamil Nadu,Thiruchirappalli,Manachanallur(Uzhavar Sandhai ),Ashgourd,Gouard,Local,12/09/2026,2000,2000,2000
Tamil Nadu,Thiruchirappalli,Manachanallur(Uzhavar Sandhai ),Pumpkin,Pumpkin,Local,12/09/2026,2000,2000,2000
Tamil Nadu,Thiruchirappalli,Manachanallur(Uzhavar Sandhai ),Green Chilli,Green Chilly,Local,12/09/2026,5000,5000,5000
Tamil Nadu,Thiruchirappalli,Manachanallur(Uzhavar Sandhai ),Beans,Beans (Whole),Local,12/09/2026,9000,9000,9000
Tamil Nadu,Thiruchirappalli,Manachanallur(Uzhavar Sandhai ),Chow Chow,Chow Chow,Local,12/09/2026,4000,4000,4000
Tamil Nadu,Thiruchirappalli,Manapparai(Uzhavar Sandhai ),Coconut,Coconut,Local,12/09/2026,7000,7000,7000
Tamil Nadu,Thiruchirappalli,Manapparai(Uzhavar Sandhai ),Banana,Poovan,Local,12/09/2026,4000,5000,4500
Tamil Nadu,Thiruchirappalli,Manapparai(Uzhavar Sandhai ),Potato,Other,Local,12/09/2026,3000,3000,3000
Tamil Nadu,Thiruchirappalli,Manapparai(Uzhavar Sandhai ),Papaya,Papaya,Local,12/09/2026,4000,4000,4000
Tamil Nadu,Thiruchirappalli,Manapparai(Uzhavar Sandhai ),Bottle gourd,Bottle Gourd,Local,12/09/2026,2500,3000,2750
Tamil Nadu,Thiruchirappalli,Manapparai(Uzhavar Sandhai ),Amaranthus,Amaranthus,Local,12/09/2026,2000,2000,2000
Tamil Nadu,Thiruchirappalli,Manapparai(Uzhavar Sandhai ),Green Chilli,Green Chilly,Local,12/09/2026,5000,5000,5000
Tamil Nadu,Thiruchirappalli,Manapparai(Uzhavar Sandhai ),Cowpea(Veg),Cowpea (Veg),Local,12/09/2026,3600,3600,3600
Tamil Nadu,Thiruchirappalli,Manapparai(Uzhavar Sandhai ),Ginger(Green),Green Ginger,Local,12/09/2026,22000,22000,22000
Tamil Nadu,Thiruchirappalli,Manapparai(Uzhavar Sandhai ),Chow Chow,Chow Chow,Local,12/09/2026,4000,4000,4000
Tamil Nadu,Thiruchirappalli,Manapparai(Uzhavar Sandhai ),Drumstick,Drumstick,Local,12/09/2026,4000,4000,4000
Tamil Nadu,Thiruchirappalli,Musiri(Uzhavar Sandhai ),Potato,Other,Local,12/09/2026,2600,3000,2800
Tamil Nadu,Thiruchirappalli,Musiri(Uzhavar Sandhai ),Snakeguard,Snakeguard,Local,12/09/2026,3600,4000,3800
Tamil Nadu,Thiruchirappalli,Musiri(Uzhavar Sandhai ),Green Chilli,Green Chilly,Local,12/09/2026,4000,4600,4300
Tamil Nadu,Thiruchirappalli,Musiri(Uzhavar Sandhai ),Capsicum,Capsicum,Local,12/09/2026,4000,5000,4500
Tamil Nadu,Thiruchirappalli,Musiri(Uzhavar Sandhai ),Chow Chow,Chow Chow,Local,12/09/2026,3500,4000,3750
Tamil Nadu,Thiruchirappalli,Musiri(Uzhavar Sandhai ),Lime,Lime,Local,12/09/2026,4000,4000,4000
Tamil Nadu,Thiruchirappalli,Musiri(Uzhavar Sandhai ),Indian Beans(Seam),Indian Beans (Seam),Local,12/09/2026,5000,6000,5500
Tamil Nadu,Thiruchirappalli,Musiri(Uzhavar Sandhai ),Mashrooms,Mashrooms,Local,12/09/2026,18000,20000,19000
Tamil Nadu,Thiruchirappalli,Musiri(Uzhavar Sandhai ),Sweet Corn ,Sweet Corn ,Local,12/09/2026,3500,4000,3750
Tamil Nadu,Thiruchirappalli,Thiruverumbur(Uzhavar Sandhai ),Potato,Other,Local,12/09/2026,3000,4000,3500
Tamil Nadu,Thiruchirappalli,Thiruverumbur(Uzhavar Sandhai ),Bottle gourd,Bottle Gourd,Local,12/09/2026,2500,2500,2500
Tamil Nadu,Thiruchirappalli,Thiruverumbur(Uzhavar Sandhai ),Pumpkin,Pumpkin,Local,12/09/2026,2000,2000,2000
Tamil Nadu,Thiruchirappalli,Thiruverumbur(Uzhavar Sandhai ),Green Avare(W),Other,Local,12/09/2026,6000,6000,6000
Tamil Nadu,Thiruchirappalli,Thiruverumbur(Uzhavar Sandhai ),Drumstick,Drumstick,Local,12/09/2026,4000,4000,4000
Tamil Nadu,Thiruchirappalli,Thiruverumbur(Uzhavar Sandhai ),Mango(Raw-Ripe),Mango - Raw-Ripe,Local,12/09/2026,10000,10000,10000
Tamil Nadu,Thiruchirappalli,Thiruverumbur(Uzhavar Sandhai ),Indian Beans(Seam),Indian Beans (Seam),Local,12/09/2026,6000,6000,6000
Tamil Nadu,Virudhunagar,Rajapalayam(Uzhavar Sandhai ),Carrot,Pusakesar,Local,12/09/2026,4000,4500,4250
Tamil Nadu,Virudhunagar,Rajapalayam(Uzhavar Sandhai ),Banana,Besrai,Local,12/09/2026,3500,4000,3750
Tamil Nadu,Virudhunagar,Rajapalayam(Uzhavar Sandhai ),Ashgourd,Gouard,Local,12/09/2026,2500,3000,2750
Tamil Nadu,Virudhunagar,Rajapalayam(Uzhavar Sandhai ),Pumpkin,Pumpkin,Local,12/09/2026,1500,2000,1750
Tamil Nadu,Virudhunagar,Rajapalayam(Uzhavar Sandhai ),Banana - Green,Banana - Green,Local,12/09/2026,3000,3500,3250
Tamil Nadu,Virudhunagar,Rajapalayam(Uzhavar Sandhai ),Beans,Beans (Whole),Local,12/09/2026,8000,9000,8500
Tamil Nadu,Virudhunagar,Rajapalayam(Uzhavar Sandhai ),Chow Chow,Chow Chow,Local,12/09/2026,3000,3600,3300
Tamil Nadu,Virudhunagar,Rajapalayam(Uzhavar Sandhai ),Knool Khol,Knool Khol,Local,12/09/2026,6000,7000,6500
Tamil Nadu,Virudhunagar,Sathur(Uzhavar Sandhai ),Onion,Bellary,Local,12/09/2026,4500,5000,4750
Tamil Nadu,Virudhunagar,Sathur(Uzhavar Sandhai ),Chikoos(Sapota),Sapota,Local,12/09/2026,2500,3000,2750
Tamil Nadu,Virudhunagar,Sathur(Uzhavar Sandhai ),Papaya,Papaya,Local,12/09/2026,2500,3000,2750
Tamil Nadu,Virudhunagar,Sathur(Uzhavar Sandhai ),Tomato,Deshi,Local,12/09/2026,2000,2500,2250
Tamil Nadu,Virudhunagar,Sathur(Uzhavar Sandhai ),Bitter gourd,Bitter Gourd,Local,12/09/2026,5500,6000,5750
Tamil Nadu,Virudhunagar,Sathur(Uzhavar Sandhai ),Beans,Beans (Whole),Local,12/09/2026,8000,9000,8500
Tamil Nadu,Virudhunagar,Sathur(Uzhavar Sandhai ),Ridgeguard(Tori),Ridgeguard(Tori),Local,12/09/2026,4500,5000,4750
Tamil Nadu,Virudhunagar,Sathur(Uzhavar Sandhai ),Onion Green,Onion Green,Local,12/09/2026,6500,7000,6750
Tamil Nadu,Virudhunagar,Sivakasi(Uzhavar Sandhai ),Cabbage,Cabbage,Local,12/09/2026,2500,3000,2750
Tamil Nadu,Virudhunagar,Sivakasi(Uzhavar Sandhai ),Cauliflower,Ranchi,Local,12/09/2026,3500,4000,3750
Tamil Nadu,Virudhunagar,Sivakasi(Uzhavar Sandhai ),Brinjal,Round,Local,12/09/2026,3500,4000,3750
Tamil Nadu,Virudhunagar,Sivakasi(Uzhavar Sandhai ),Snakeguard,Snakeguard,Local,12/09/2026,3500,4000,3750
Tamil Nadu,Virudhunagar,Sivakasi(Uzhavar Sandhai ),Cluster beans,Cluster Beans,Local,12/09/2026,2500,3000,2750
Tamil Nadu,Virudhunagar,Sivakasi(Uzhavar Sandhai ),Ashgourd,Gouard,Local,12/09/2026,2000,2500,2250
Tamil Nadu,Virudhunagar,Sivakasi(Uzhavar Sandhai ),Pumpkin,Pumpkin,Local,12/09/2026,1500,2000,1750
Tamil Nadu,Virudhunagar,Sivakasi(Uzhavar Sandhai ),Banana - Green,Banana - Green,Local,12/09/2026,3500,4000,3750
Tamil Nadu,Virudhunagar,Sivakasi(Uzhavar Sandhai ),Beans,Beans (Whole),Local,12/09/2026,7000,8000,7500
Tamil Nadu,Virudhunagar,Sivakasi(Uzhavar Sandhai ),Beetroot,Beetroot,Local,12/09/2026,4000,5000,4500
Tamil Nadu,Virudhunagar,Sivakasi(Uzhavar Sandhai ),Chow Chow,Chow Chow,Local,12/09/2026,4000,5000,4500
Tamil Nadu,Virudhunagar,Thalavaipuram(Uzhavar Sandhai ),Cauliflower,Ranchi,Local,12/09/2026,2500,3000,2750
Tamil Nadu,Virudhunagar,Thalavaipuram(Uzhavar Sandhai ),Coriander(Leaves),I Sort,Local,12/09/2026,3600,4500,4050
Tamil Nadu,Virudhunagar,Thalavaipuram(Uzhavar Sandhai ),Bhindi(Ladies Finger),Bhindi,Local,12/09/2026,3200,4000,3600
Tamil Nadu,Virudhunagar,Thalavaipuram(Uzhavar Sandhai ),Raddish,Raddish,Local,12/09/2026,2800,3500,3150
Tamil Nadu,Virudhunagar,Virudhunagar(Uzhavar Sandhai ),Cauliflower,Ranchi,Local,12/09/2026,3300,3500,3400
Tamil Nadu,Virudhunagar,Virudhunagar(Uzhavar Sandhai ),Bhindi(Ladies Finger),Bhindi,Local,12/09/2026,3000,3200,3100
Tamil Nadu,Virudhunagar,Virudhunagar(Uzhavar Sandhai ),Green Avare(W),Green Avare (W),Local,12/09/2026,5600,5800,5700
Tamil Nadu,Chengalpattu,Madhuranthagam(Uzhavar Sandhai ),Banana,Poovan,Local,12/09/2026,3000,4000,3500
Tamil Nadu,Chengalpattu,Madhuranthagam(Uzhavar Sandhai ),Coriander(Leaves),I Sort,Local,12/09/2026,4000,4000,4000
Tamil Nadu,Chengalpattu,Medavakkam(Uzhavar Sandhai ),Ginger(Green),Green Ginger,Local,12/09/2026,10000,20000,15000
Tamil Nadu,Chengalpattu,Medavakkam(Uzhavar Sandhai ),Coriander(Leaves),I Sort,Local,12/09/2026,4000,4000,4000
Tamil Nadu,Chengalpattu,Nanganallur(Uzhavar Sandhai ),Cabbage,Cabbage,Local,12/09/2026,3500,4000,3750
Tamil Nadu,Chengalpattu,Nanganallur(Uzhavar Sandhai ),Apple,American,Local,12/09/2026,13500,15000,14250
Tamil Nadu,Chengalpattu,Nanganallur(Uzhavar Sandhai ),Onion,Bellary,Local,12/09/2026,5500,6000,5750
Tamil Nadu,Chengalpattu,Nanganallur(Uzhavar Sandhai ),Garlic,Garlic,Local,12/09/2026,19000,20000,19500
Tamil Nadu,Chengalpattu,Nanganallur(Uzhavar Sandhai ),Brinjal,Round,Local,12/09/2026,3500,4000,3750
Tamil Nadu,Chengalpattu,Nanganallur(Uzhavar Sandhai ),Tomato,Deshi,Local,12/09/2026,3000,3500,3250
Tamil Nadu,Chengalpattu,Nanganallur(Uzhavar Sandhai ),Ashgourd,Gouard,Local,12/09/2026,2500,3000,2750
Tamil Nadu,Chengalpattu,Nanganallur(Uzhavar Sandhai ),Green Chilli,Green Chilly,Local,12/09/2026,5500,6000,5750
Tamil Nadu,Chengalpattu,Nanganallur(Uzhavar Sandhai ),Thondekai,Thondekai,Local,12/09/2026,4500,5000,4750
Tamil Nadu,Chengalpattu,Nanganallur(Uzhavar Sandhai ),Green Avare(W),Green Avare (W),Local,12/09/2026,5500,6000,5750
Tamil Nadu,Chengalpattu,Nanganallur(Uzhavar Sandhai ),Chow Chow,Chow Chow,Local,12/09/2026,3500,4000,3750
Tamil Nadu,Chengalpattu,Nanganallur(Uzhavar Sandhai ),Amla(Nelli Kai),Amla,Local,12/09/2026,9000,10000,9500
Tamil Nadu,Chengalpattu,Pallavaram(Uzhavar Sandhai ),Groundnut,Big (With Shell),Local,12/09/2026,8000,10000,9000
Tamil Nadu,Chengalpattu,Pallavaram(Uzhavar Sandhai ),Onion,Bellary,Local,12/09/2026,5000,6000,5500
Tamil Nadu,Chengalpattu,Pallavaram(Uzhavar Sandhai ),Bhindi(Ladies Finger),Bhindi,Local,12/09/2026,3500,4000,3750
Tamil Nadu,Chengalpattu,Pallavaram(Uzhavar Sandhai ),Banana - Green,Banana - Green,Local,12/09/2026,3500,4000,3750
Tamil Nadu,Chengalpattu,Pallavaram(Uzhavar Sandhai ),Ridgeguard(Tori),Ridgeguard(Tori),Local,12/09/2026,6000,7000,6500
Tamil Nadu,Chengalpattu,Pallavaram(Uzhavar Sandhai ),Thondekai,Thondekai,Local,12/09/2026,5000,6000,5500
Tamil Nadu,Chengalpattu,Pallavaram(Uzhavar Sandhai ),Tender Coconut,Tender Coconut,Local,12/09/2026,2500,3000,2750
Tamil Nadu,Chengalpattu,Pallavaram(Uzhavar Sandhai ),Lemon,Lemon,Local,12/09/2026,25000,28000,26500
Tamil Nadu,Chengalpattu,Pallavaram(Uzhavar Sandhai ),Colacasia,Colacasia,Local,12/09/2026,5000,6000,5500
Tamil Nadu,Chengalpattu,Pallavaram(Uzhavar Sandhai ),Amla(Nelli Kai),Amla,Local,12/09/2026,10000,12000,11000
Tamil Nadu,Chengalpattu,Pallavaram(Uzhavar Sandhai ),Onion Green,Onion Green,Local,12/09/2026,10000,11000,10500
Tamil Nadu,Nagercoil (Kannyiakumari),Myladi(Uzhavar Sandhai ),Potato,Red Nanital,Local,12/09/2026,3000,3500,3250
Tamil Nadu,Nagercoil (Kannyiakumari),Myladi(Uzhavar Sandhai ),Cauliflower,Ranchi,Local,12/09/2026,5000,5500,5250
Tamil Nadu,Nagercoil (Kannyiakumari),Myladi(Uzhavar Sandhai ),Papaya,Papaya,Local,12/09/2026,2500,3000,2750
Tamil Nadu,Nagercoil (Kannyiakumari),Myladi(Uzhavar Sandhai ),Cluster beans,Cluster Beans,Local,12/09/2026,3500,4000,3750
Tamil Nadu,Nagercoil (Kannyiakumari),Myladi(Uzhavar Sandhai ),Tapioca,Tapioca,Local,12/09/2026,3500,4000,3750
Tamil Nadu,Nagercoil (Kannyiakumari),Myladi(Uzhavar Sandhai ),Elephant Yam(Suran)/Amorphophallus,Elephant Yam (Suran),Local,12/09/2026,5500,6000,5750
Tamil Nadu,Chengalpattu,Jameenrayapettai(Uzhavar Sandhai ),Beetroot,Beetroot,Local,12/09/2026,3500,4000,3750
Tamil Nadu,Chengalpattu,Jameenrayapettai(Uzhavar Sandhai ),Apple,American,Local,12/09/2026,24000,25000,24500
Tamil Nadu,Chengalpattu,Jameenrayapettai(Uzhavar Sandhai ),Garlic,Garlic,Local,12/09/2026,26000,28000,27000
Tamil Nadu,Chengalpattu,Jameenrayapettai(Uzhavar Sandhai ),Bitter gourd,Other,Local,12/09/2026,6000,7000,6500
Tamil Nadu,Chengalpattu,Jameenrayapettai(Uzhavar Sandhai ),Drumstick,Drumstick,Local,12/09/2026,6000,7000,6500
Tamil Nadu,Chengalpattu,Jameenrayapettai(Uzhavar Sandhai ),Guava,Guava Allahabad,Local,12/09/2026,6000,7000,6500
Tamil Nadu,Chengalpattu,Jameenrayapettai(Uzhavar Sandhai ),Onion Green,Onion Green,Local,12/09/2026,10000,11000,10500
Tamil Nadu,Villupuram,Tindivanam APMC,Ginger(Green),Green Ginger,Local,12/09/2026,9000,9000,9000
Tamil Nadu,Villupuram,Tindivanam APMC,Sweet Potato,Hosur Red,Local,12/09/2026,4500,4500,4500
Tamil Nadu,Villupuram,Tindivanam APMC,Groundnut,Big (With Shell),Local,12/09/2026,7000,7000,7000
Tamil Nadu,Villupuram,Tindivanam APMC,Cluster beans,Cluster Beans,Local,12/09/2026,4000,4000,4000
Tamil Nadu,Villupuram,Tindivanam APMC,Bitter gourd,Bitter Gourd,Local,12/09/2026,5000,6000,5500
Tamil Nadu,Villupuram,Tindivanam APMC,Bottle gourd,Bottle Gourd,Local,12/09/2026,2000,3000,2500
Tamil Nadu,Villupuram,Tindivanam APMC,Green Chilli,Green Chilly,Local,12/09/2026,5500,5500,5500
Tamil Nadu,Villupuram,Tindivanam APMC,Cucumbar(Kheera),Cucumbar,Local,12/09/2026,4500,4500,4500
Tamil Nadu,Villupuram,Tindivanam APMC,Ridgeguard(Tori),Ridgeguard(Tori),Local,12/09/2026,4000,4000,4000
Tamil Nadu,Villupuram,Tindivanam APMC,Thondekai,Thondekai,Local,12/09/2026,3500,3500,3500
Tamil Nadu,Villupuram,Tindivanam APMC,Capsicum,Capsicum,Local,12/09/2026,6000,6000,6000
Tamil Nadu,Villupuram,Tindivanam APMC,Green Avare(W),Green Avare (W),Local,12/09/2026,5800,5800,5800
Tamil Nadu,Villupuram,Tindivanam APMC,Mango(Raw-Ripe),Mango - Raw-Ripe,Local,12/09/2026,6000,6000,6000
Tamil Nadu,Villupuram,Tindivanam APMC,Tender Coconut,Tender Coconut,Local,12/09/2026,3500,4000,3750
Tamil Nadu,Villupuram,Tindivanam APMC,Colacasia,Colacasia,Local,12/09/2026,5800,5800,5800
Tamil Nadu,Villupuram,Tindivanam APMC,Rose(Local),Rose (Local),Local,12/09/2026,20000,20000,20000
Tamil Nadu,Villupuram,Tindivanam APMC,Sweet Corn ,Sweet Corn ,Local,12/09/2026,4000,4000,4000
Tamil Nadu,Villupuram,Ulundurpettai APMC,Bitter gourd,Bitter Gourd,Local,12/09/2026,6000,6000,6000
Tamil Nadu,Villupuram,Ulundurpettai APMC,Thondekai,Thondekai,Local,12/09/2026,5000,5000,5000
Tamil Nadu,Villupuram,Ulundurpettai APMC,Green Avare(W),Green Avare (W),Local,12/09/2026,14000,14000,14000
Tamil Nadu,Villupuram,Ulundurpettai APMC,Tender Coconut,Tender Coconut,Local,12/09/2026,3000,3000,3000
Tamil Nadu,Villupuram,Ulundurpettai APMC,Amla(Nelli Kai),Amla,Local,12/09/2026,8000,8000,8000
Tamil Nadu,Madurai,Chokkikulam(Uzhavar Sandhai ),Carrot,Pusakesar,Local,12/09/2026,3200,6000,4600
Tamil Nadu,Madurai,Chokkikulam(Uzhavar Sandhai ),Cabbage,Cabbage,Local,12/09/2026,2600,3000,2800
Tamil Nadu,Madurai,Chokkikulam(Uzhavar Sandhai ),Potato,Red Nanital,Local,12/09/2026,2400,5000,3700
Tamil Nadu,Madurai,Chokkikulam(Uzhavar Sandhai ),Garlic,Garlic,Local,12/09/2026,14000,27000,20500
Tamil Nadu,Madurai,Chokkikulam(Uzhavar Sandhai ),Cauliflower,Ranchi,Local,12/09/2026,2500,3000,2750
Tamil Nadu,Madurai,Chokkikulam(Uzhavar Sandhai ),Green Chilli,Green Chilly,Local,12/09/2026,4500,6000,5250
Tamil Nadu,Madurai,Chokkikulam(Uzhavar Sandhai ),Cucumbar(Kheera),Cucumbar,Local,12/09/2026,4000,5000,4500
Tamil Nadu,Madurai,Chokkikulam(Uzhavar Sandhai ),Ridgeguard(Tori),Ridgeguard(Tori),Local,12/09/2026,4000,5000,4500
Tamil Nadu,Madurai,Chokkikulam(Uzhavar Sandhai ),Chow Chow,Chow Chow,Local,12/09/2026,2800,3000,2900
Tamil Nadu,Madurai,Chokkikulam(Uzhavar Sandhai ),Lime,Lime,Local,12/09/2026,3600,4000,3800
Tamil Nadu,Erode,Thalavadi(Uzhavar Sandhai ),Cabbage,Cabbage,Local,12/09/2026,1400,1800,1600
Tamil Nadu,Erode,Thalavadi(Uzhavar Sandhai ),Papaya,Papaya,Local,12/09/2026,2000,2400,2200
Tamil Nadu,Erode,Thalavadi(Uzhavar Sandhai ),Amaranthus,Amaranthus,Local,12/09/2026,3500,4000,3750
Tamil Nadu,Erode,Thalavadi(Uzhavar Sandhai ),Tapioca,Tapioca,Local,12/09/2026,2500,3000,2750
Tamil Nadu,Erode,Thalavadi(Uzhavar Sandhai ),Green Avare(W),Other,Local,12/09/2026,4000,4400,4200
Tamil Nadu,Erode,Thalavadi(Uzhavar Sandhai ),Onion Green,Onion Green,Local,12/09/2026,7000,7500,7250
Tamil Nadu,Erode,Thalavadi(Uzhavar Sandhai ),Mint(Pudina),Mint(Pudina),Local,12/09/2026,4400,4800,4600
Tamil Nadu,Cuddalore,Viruthachalam(Uzhavar Sandhai ),Beetroot,Beetroot,Local,12/09/2026,4000,4000,4000
Tamil Nadu,Cuddalore,Viruthachalam(Uzhavar Sandhai ),Cabbage,Cabbage,Local,12/09/2026,3000,3000,3000
Tamil Nadu,Cuddalore,Viruthachalam(Uzhavar Sandhai ),Pumpkin,Pumpkin,Local,12/09/2026,2000,2000,2000
Tamil Nadu,Cuddalore,Viruthachalam(Uzhavar Sandhai ),Bhindi(Ladies Finger),Bhindi,Local,12/09/2026,2000,2000,2000
Tamil Nadu,Cuddalore,Viruthachalam(Uzhavar Sandhai ),Beans,Beans (Whole),Local,12/09/2026,8000,8000,8000
Tamil Nadu,Cuddalore,Viruthachalam(Uzhavar Sandhai ),Chow Chow,Chow Chow,Local,12/09/2026,3000,3000,3000
Tamil Nadu,Cuddalore,Viruthachalam(Uzhavar Sandhai ),Drumstick,Drumstick,Local,12/09/2026,4000,4000,4000
Tamil Nadu,Krishnagiri,Krishnagiri(Uzhavar Sandhai ),Sweet Potato,Hosur Red,Local,12/09/2026,2000,2800,2400
Tamil Nadu,Krishnagiri,Krishnagiri(Uzhavar Sandhai ),Water Melon,Water Melon,Local,12/09/2026,1500,2000,1750
Tamil Nadu,Krishnagiri,Krishnagiri(Uzhavar Sandhai ),Amaranthus,Amaranthus,Local,12/09/2026,2500,3000,2750
Tamil Nadu,Krishnagiri,Krishnagiri(Uzhavar Sandhai ),Cowpea(Veg),Cowpea (Veg),Local,12/09/2026,5000,5500,5250
Tamil Nadu,Krishnagiri,Krishnagiri(Uzhavar Sandhai ),Raddish,Raddish,Local,12/09/2026,1600,1800,1700
Tamil Nadu,Krishnagiri,Krishnagiri(Uzhavar Sandhai ),Capsicum,Capsicum,Local,12/09/2026,5000,6000,5500
Tamil Nadu,Krishnagiri,Krishnagiri(Uzhavar Sandhai ),Chow Chow,Chow Chow,Local,12/09/2026,3000,4000,3500
Tamil Nadu,Krishnagiri,Krishnagiri(Uzhavar Sandhai ),Drumstick,Drumstick,Local,12/09/2026,2000,2500,2250
Tamil Nadu,Krishnagiri,Krishnagiri(Uzhavar Sandhai ),Tender Coconut,Tender Coconut,Local,12/09/2026,3000,4000,3500
Tamil Nadu,Krishnagiri,Krishnagiri(Uzhavar Sandhai ),Sweet Corn ,Sweet Corn ,Local,12/09/2026,2500,3000,2750
Tamil Nadu,Nagapattinam,Nagapattinam(Uzhavar Sandhai ),Carrot,Pusakesar,Local,12/09/2026,6900,7500,7200
Tamil Nadu,Nagapattinam,Nagapattinam(Uzhavar Sandhai ),Beetroot,Beetroot,Local,12/09/2026,3700,3700,3700
Tamil Nadu,Nagapattinam,Nagapattinam(Uzhavar Sandhai ),Groundnut,Big (With Shell),Local,12/09/2026,5600,5600,5600
Tamil Nadu,Nagapattinam,Nagapattinam(Uzhavar Sandhai ),Coriander(Leaves),I Sort,Local,12/09/2026,4700,4700,4700
Tamil Nadu,Nagapattinam,Nagapattinam(Uzhavar Sandhai ),Bitter gourd,Bitter Gourd,Local,12/09/2026,5000,6500,5750
Tamil Nadu,Nagapattinam,Nagapattinam(Uzhavar Sandhai ),Ashgourd,Gouard,Local,12/09/2026,2800,2800,2800
Tamil Nadu,Nagapattinam,Nagapattinam(Uzhavar Sandhai ),Lime,Lime,Local,12/09/2026,2300,2300,2300
Tamil Nadu,Tenkasi,Sankarankoil(Uzhavar Sandhai ),Coriander(Leaves),I Sort,Local,12/09/2026,5000,5000,5000
Tamil Nadu,Tenkasi,Sankarankoil(Uzhavar Sandhai ),Cluster beans,Cluster Beans,Local,12/09/2026,3500,3500,3500
Tamil Nadu,Tenkasi,Sankarankoil(Uzhavar Sandhai ),Cowpea(Veg),Cowpea (Veg),Local,12/09/2026,3500,3500,3500
Tamil Nadu,Tenkasi,Sankarankoil(Uzhavar Sandhai ),Banana - Green,Banana - Green,Local,12/09/2026,3500,3500,3500
Tamil Nadu,Tenkasi,Tenkasi(Uzhavar Sandhai ),Sweet Potato,Hosur Red,Local,12/09/2026,5000,6000,5500
Tamil Nadu,Tenkasi,Tenkasi(Uzhavar Sandhai ),Snakeguard,Snakeguard,Local,12/09/2026,2500,2500,2500
Tamil Nadu,Tenkasi,Tenkasi(Uzhavar Sandhai ),Papaya,Papaya,Local,12/09/2026,3000,3000,3000
Tamil Nadu,Tenkasi,Tenkasi(Uzhavar Sandhai ),Pumpkin,Pumpkin,Local,12/09/2026,1500,1500,1500
Tamil Nadu,Tenkasi,Tenkasi(Uzhavar Sandhai ),Ridgeguard(Tori),Ridgeguard(Tori),Local,12/09/2026,4000,4000,4000
Tamil Nadu,Tenkasi,Tenkasi(Uzhavar Sandhai ),Lime,Lime,Local,12/09/2026,4000,4000,4000
Tamil Nadu,Tenkasi,Tenkasi(Uzhavar Sandhai ),Jack Fruit(Ripe),Jack Fruit,Local,12/09/2026,3000,3000,3000
Tamil Nadu,Tenkasi,Tenkasi(Uzhavar Sandhai ),Mint(Pudina),Mint(Pudina),Local,12/09/2026,5000,5000,5000
Tamil Nadu,Pudukkottai,Pudukottai(Uzhavar Sandhai ),Garlic,Garlic,Local,12/09/2026,28000,30000,29000
Tamil Nadu,Pudukkottai,Pudukottai(Uzhavar Sandhai ),Cauliflower,Ranchi,Local,12/09/2026,5000,6000,5500
Tamil Nadu,Pudukkottai,Pudukottai(Uzhavar Sandhai ),Papaya,Papaya,Local,12/09/2026,4000,4500,4250
Tamil Nadu,Pudukkottai,Pudukottai(Uzhavar Sandhai ),Amaranthus,Amaranthus,Local,12/09/2026,1500,2000,1750
Tamil Nadu,Pudukkottai,Pudukottai(Uzhavar Sandhai ),Beans,Beans (Whole),Local,12/09/2026,7000,8000,7500
Tamil Nadu,Pudukkottai,Pudukottai(Uzhavar Sandhai ),Ginger(Green),Green Ginger,Local,12/09/2026,27000,28000,27500
Tamil Nadu,Pudukkottai,Pudukottai(Uzhavar Sandhai ),Beetroot,Beetroot,Local,12/09/2026,4000,4500,4250
Tamil Nadu,Pudukkottai,Pudukottai(Uzhavar Sandhai ),Green Avare(W),Other,Local,12/09/2026,6000,7000,6500
Tamil Nadu,Pudukkottai,Pudukottai(Uzhavar Sandhai ),Drumstick,Drumstick,Local,12/09/2026,4000,5000,4500
Tamil Nadu,Pudukkottai,Pudukottai(Uzhavar Sandhai ),Jack Fruit(Ripe),Jack Fruit,Local,12/09/2026,1500,2000,1750
Tamil Nadu,Thanjavur,Kumbakonam (Uzhavar Sandhai ),Carrot,Pusakesar,Local,12/09/2026,7800,9600,8700
Tamil Nadu,Thanjavur,Kumbakonam (Uzhavar Sandhai ),Garlic,Garlic,Local,12/09/2026,20000,20000,20000
Tamil Nadu,Thanjavur,Kumbakonam (Uzhavar Sandhai ),Cauliflower,Ranchi,Local,12/09/2026,5400,5400,5400
Tamil Nadu,Thanjavur,Kumbakonam (Uzhavar Sandhai ),Coriander(Leaves),I Sort,Local,12/09/2026,3600,3600,3600
Tamil Nadu,Thanjavur,Kumbakonam (Uzhavar Sandhai ),Green Chilli,Green Chilly,Local,12/09/2026,4800,4800,4800
Tamil Nadu,Thanjavur,Kumbakonam (Uzhavar Sandhai ),Capsicum,Capsicum,Local,12/09/2026,8400,8400,8400
Tamil Nadu,Thanjavur,Kumbakonam (Uzhavar Sandhai ),Drumstick,Drumstick,Local,12/09/2026,6000,6000,6000
Tamil Nadu,Thanjavur,Kumbakonam (Uzhavar Sandhai ),Mango(Raw-Ripe),Mango - Raw-Ripe,Local,12/09/2026,12000,12000,12000
Tamil Nadu,Thanjavur,Kumbakonam (Uzhavar Sandhai ),Guava,Guava Allahabad,Local,12/09/2026,8000,8000,8000
Tamil Nadu,Thanjavur,Kumbakonam (Uzhavar Sandhai ),Lemon,Lemon,Local,12/09/2026,22000,22000,22000
Tamil Nadu,Thanjavur,Kumbakonam (Uzhavar Sandhai ),Mashrooms,Mashrooms,Local,12/09/2026,30000,30000,30000
Tamil Nadu,Thanjavur,Kumbakonam (Uzhavar Sandhai ),Mint(Pudina),Mint(Pudina),Local,12/09/2026,5400,5400,5400
Tamil Nadu,The Nilgiris,Udhagamandalam(Uzhavar Sandhai ),Coconut,Coconut,Local,12/09/2026,6000,6500,6250
Tamil Nadu,The Nilgiris,Udhagamandalam(Uzhavar Sandhai ),Sweet Potato,Hosur Red,Local,12/09/2026,4000,4500,4250
Tamil Nadu,The Nilgiris,Udhagamandalam(Uzhavar Sandhai ),Banana,Besrai,Local,12/09/2026,4000,5000,4500
Tamil Nadu,The Nilgiris,Udhagamandalam(Uzhavar Sandhai ),Green Peas,Green Peas,Local,12/09/2026,11000,12000,11500
Tamil Nadu,The Nilgiris,Udhagamandalam(Uzhavar Sandhai ),Mousambi(Sweet Lime),Mousambi,Local,12/09/2026,10000,11000,10500
Tamil Nadu,The Nilgiris,Udhagamandalam(Uzhavar Sandhai ),Pumpkin,Pumpkin,Local,12/09/2026,1500,2000,1750
Tamil Nadu,The Nilgiris,Udhagamandalam(Uzhavar Sandhai ),Tapioca,Tapioca,Local,12/09/2026,3000,3500,3250
Tamil Nadu,The Nilgiris,Udhagamandalam(Uzhavar Sandhai ),Raddish,Raddish,Local,12/09/2026,2500,3000,2750
Tamil Nadu,Theni,Andipatti(Uzhavar Sandhai ),Ginger(Green),Green Ginger,Local,12/09/2026,9000,15000,12000
Tamil Nadu,Theni,Andipatti(Uzhavar Sandhai ),Banana,Karpura,Local,12/09/2026,5500,6000,5750
Tamil Nadu,Theni,Andipatti(Uzhavar Sandhai ),Cauliflower,Ranchi,Local,12/09/2026,3500,4000,3750
Tamil Nadu,Theni,Andipatti(Uzhavar Sandhai ),Cluster beans,Cluster Beans,Local,12/09/2026,2600,2800,2700
Tamil Nadu,Theni,Andipatti(Uzhavar Sandhai ),Bottle gourd,Bottle Gourd,Local,12/09/2026,1200,1400,1300
Tamil Nadu,Theni,Andipatti(Uzhavar Sandhai ),Beetroot,Beetroot,Local,12/09/2026,2800,3000,2900
Tamil Nadu,Theni,Andipatti(Uzhavar Sandhai ),Knool Khol,Knool Khol,Local,12/09/2026,2800,3000,2900
Tamil Nadu,Theni,Andipatti(Uzhavar Sandhai ),Lime,Lime,Local,12/09/2026,12500,13000,12750
Tamil Nadu,Theni,Andipatti(Uzhavar Sandhai ),Indian Beans(Seam),Indian Beans (Seam),Local,12/09/2026,5600,5800,5700
Tamil Nadu,Theni,Andipatti(Uzhavar Sandhai ),Mashrooms,Mashrooms,Local,12/09/2026,25000,25000,25000
Tamil Nadu,Theni,Bodinayakanur(Uzhavar Sandhai ),Potato,Red Nanital,Local,12/09/2026,2800,2800,2800
Tamil Nadu,Theni,Bodinayakanur(Uzhavar Sandhai ),Cucumbar(Kheera),Cucumbar,Local,12/09/2026,2000,2000,2000
Tamil Nadu,Theni,Bodinayakanur(Uzhavar Sandhai ),Raddish,Raddish,Local,12/09/2026,2400,2400,2400
Tamil Nadu,Thiruvarur,Needamangalam(Uzhavar Sandhai ),Coconut,Coconut,Local,12/09/2026,4000,4000,4000
Tamil Nadu,Thiruvarur,Needamangalam(Uzhavar Sandhai ),Onion,Bellary,Local,12/09/2026,5400,5400,5400
Tamil Nadu,Thiruvarur,Needamangalam(Uzhavar Sandhai ),Mango(Raw-Ripe),Mango - Raw-Ripe,Local,12/09/2026,10200,10200,10200
Tamil Nadu,Thiruvarur,Needamangalam(Uzhavar Sandhai ),Mint(Pudina),Mint(Pudina),Local,12/09/2026,6000,6000,6000
Tamil Nadu,Thiruvarur,Tiruvarur(Uzhavar Sandhai ),Tomato,Deshi,Local,12/09/2026,2800,2800,2800
Tamil Nadu,Thiruvarur,Tiruvarur(Uzhavar Sandhai ),Ashgourd,Gouard,Local,12/09/2026,3000,3000,3000
Tamil Nadu,Thiruvarur,Tiruvarur(Uzhavar Sandhai ),Bhindi(Ladies Finger),Bhindi,Local,12/09/2026,4000,4000,4000
Tamil Nadu,Thiruvarur,Tiruvarur(Uzhavar Sandhai ),Amaranthus,Amaranthus,Local,12/09/2026,1500,2000,1750
Tamil Nadu,Thiruvarur,Tiruvarur(Uzhavar Sandhai ),Raddish,Raddish,Local,12/09/2026,3000,3000,3000
Tamil Nadu,Virudhunagar,Aruppukottai(Uzhavar Sandhai ),Coconut,Coconut,Local,12/09/2026,5500,6000,5750
Tamil Nadu,Virudhunagar,Aruppukottai(Uzhavar Sandhai ),Carrot,Pusakesar,Local,12/09/2026,6500,7000,6750
Tamil Nadu,Virudhunagar,Aruppukottai(Uzhavar Sandhai ),Snakeguard,Snakeguard,Local,12/09/2026,3500,4000,3750
Tamil Nadu,Virudhunagar,Aruppukottai(Uzhavar Sandhai ),Soyabean,Local,Local,12/09/2026,9500,10000,9750
Tamil Nadu,Virudhunagar,Aruppukottai(Uzhavar Sandhai ),Onion,Bellary,Local,12/09/2026,6500,7000,6750
Tamil Nadu,Virudhunagar,Aruppukottai(Uzhavar Sandhai ),Garlic,Garlic,Local,12/09/2026,23000,24000,23500
Tamil Nadu,Virudhunagar,Aruppukottai(Uzhavar Sandhai ),Papaya,Papaya,Local,12/09/2026,3000,3500,3250
Tamil Nadu,Virudhunagar,Aruppukottai(Uzhavar Sandhai ),Bhindi(Ladies Finger),Bhindi,Local,12/09/2026,3500,4000,3750
Tamil Nadu,Virudhunagar,Aruppukottai(Uzhavar Sandhai ),Beetroot,Beetroot,Local,12/09/2026,4500,5000,4750
Tamil Nadu,Virudhunagar,Aruppukottai(Uzhavar Sandhai ),Drumstick,Drumstick,Local,12/09/2026,3500,4000,3750
Tamil Nadu,Virudhunagar,Aruppukottai(Uzhavar Sandhai ),Tender Coconut,Tender Coconut,Local,12/09/2026,4500,5000,4750
Tamil Nadu,Virudhunagar,Aruppukottai(Uzhavar Sandhai ),Elephant Yam(Suran)/Amorphophallus,Elephant Yam (Suran),Local,12/09/2026,4500,5000,4750
Tamil Nadu,Villupuram,Gingee(Uzhavar Sandhai ),Groundnut,Big (With Shell),Local,12/09/2026,7000,7000,7000
Tamil Nadu,Villupuram,Gingee(Uzhavar Sandhai ),Onion,Bellary,Local,12/09/2026,5000,6000,5500
Tamil Nadu,Villupuram,Gingee(Uzhavar Sandhai ),Potato,Red Nanital,Local,12/09/2026,4000,4000,4000
Tamil Nadu,Villupuram,Gingee(Uzhavar Sandhai ),Bottle gourd,Bottle Gourd,Local,12/09/2026,2500,2500,2500
Tamil Nadu,Villupuram,Gingee(Uzhavar Sandhai ),Ashgourd,Gouard,Local,12/09/2026,2000,2000,2000
Tamil Nadu,Villupuram,Gingee(Uzhavar Sandhai ),Pumpkin,Pumpkin,Local,12/09/2026,2000,2000,2000
Tamil Nadu,Villupuram,Gingee(Uzhavar Sandhai ),Bhindi(Ladies Finger),Bhindi,Local,12/09/2026,2500,2500,2500
Tamil Nadu,Villupuram,Gingee(Uzhavar Sandhai ),Beetroot,Beetroot,Local,12/09/2026,4500,4500,4500
Tamil Nadu,Villupuram,Gingee(Uzhavar Sandhai ),Ridgeguard(Tori),Ridgeguard(Tori),Local,12/09/2026,4000,4000,4000
Tamil Nadu,Villupuram,Gingee(Uzhavar Sandhai ),Raddish,Raddish,Local,12/09/2026,4000,4000,4000
Tamil Nadu,Villupuram,Gingee(Uzhavar Sandhai ),Chow Chow,Chow Chow,Local,12/09/2026,4500,4500,4500
Tamil Nadu,Villupuram,Gingee(Uzhavar Sandhai ),Tender Coconut,Tender Coconut,Local,12/09/2026,3500,4000,3750
Tamil Nadu,Villupuram,Gingee(Uzhavar Sandhai ),Lemon,Lemon,Local,12/09/2026,15000,15000,15000
Tamil Nadu,Villupuram,Gingee(Uzhavar Sandhai ),Colacasia,Colacasia,Local,12/09/2026,6000,6000,6000
Tamil Nadu,Villupuram,Gingee(Uzhavar Sandhai ),Onion Green,Onion Green,Local,12/09/2026,7500,7500,7500
Tamil Nadu,Villupuram,Gingee(Uzhavar Sandhai ),Mint(Pudina),Mint(Pudina),Local,12/09/2026,4000,4000,4000
Tamil Nadu,Thiruvarur,Valangaiman APMC,Snakeguard,Snakeguard,Local,12/09/2026,4000,4000,4000
Tamil Nadu,Thiruvarur,Valangaiman APMC,Amaranthus,Amaranthus,Local,12/09/2026,2000,2000,2000
Tamil Nadu,Thiruvarur,Valangaiman APMC,Mango(Raw-Ripe),Mango - Raw-Ripe,Local,12/09/2026,6000,6000,6000
Tamil Nadu,Thiruvarur,Valangaiman APMC,Onion Green,Onion Green,Local,12/09/2026,8000,8000,8000
Tamil Nadu,Thiruvellore,Tiruthani(Uzhavar Sandhai ),Cabbage,Cabbage,Local,12/09/2026,4000,4000,4000
Tamil Nadu,Thiruvellore,Tiruthani(Uzhavar Sandhai ),Garlic,Garlic,Local,12/09/2026,24000,24000,24000
Tamil Nadu,Thiruvellore,Tiruthani(Uzhavar Sandhai ),Ginger(Green),Green Ginger,Local,12/09/2026,10000,10000,10000
Tamil Nadu,Virudhunagar,Kariyapatti(Uzhavar Sandhai ),Cabbage,Cabbage,Local,12/09/2026,3000,3500,3250
Tamil Nadu,Virudhunagar,Kariyapatti(Uzhavar Sandhai ),Papaya,Papaya,Local,12/09/2026,3000,3500,3250
Tamil Nadu,Virudhunagar,Kariyapatti(Uzhavar Sandhai ),Tomato,Deshi,Local,12/09/2026,2500,3000,2750
Tamil Nadu,Virudhunagar,Kariyapatti(Uzhavar Sandhai ),Pumpkin,Pumpkin,Local,12/09/2026,2500,3000,2750
Tamil Nadu,Virudhunagar,Kariyapatti(Uzhavar Sandhai ),Bhindi(Ladies Finger),Bhindi,Local,12/09/2026,3500,4000,3750
Tamil Nadu,Virudhunagar,Kariyapatti(Uzhavar Sandhai ),Amaranthus,Amaranthus,Local,12/09/2026,3000,3500,3250
Tamil Nadu,Virudhunagar,Kariyapatti(Uzhavar Sandhai ),Beans,Beans (Whole),Local,12/09/2026,8500,9000,8750
Tamil Nadu,Thiruvellore,Tiruvallur(Uzhavar Sandhai ),Banana,Karpura,Local,12/09/2026,7000,7000,7000
Tamil Nadu,Thiruvellore,Tiruvallur(Uzhavar Sandhai ),Ashgourd,Gouard,Local,12/09/2026,3000,4000,3500
Tamil Nadu,Thiruvellore,Tiruvallur(Uzhavar Sandhai ),Snakeguard,Snakeguard,Local,12/09/2026,4000,4000,4000
Tamil Nadu,Thiruvellore,Tiruvallur(Uzhavar Sandhai ),Bhindi(Ladies Finger),Bhindi,Local,12/09/2026,5000,5000,5000
Tamil Nadu,Thiruvellore,Tiruvallur(Uzhavar Sandhai ),Green Chilli,Green Chilly,Local,12/09/2026,5000,5000,5000
Tamil Nadu,Thiruvellore,Tiruvallur(Uzhavar Sandhai ),Lemon,Lemon,Local,12/09/2026,20000,20000,20000
Tamil Nadu,Thiruvellore,Tiruvallur(Uzhavar Sandhai ),Colacasia,Colacasia,Local,12/09/2026,4000,4000,4000
Tamil Nadu,Vellore,Katpadi (Uzhavar Sandhai ),Groundnut,Big (With Shell),Local,12/09/2026,8000,8000,8000
Tamil Nadu,Vellore,Katpadi (Uzhavar Sandhai ),Onion,Bellary,Local,12/09/2026,6500,6500,6500
Tamil Nadu,Vellore,Katpadi (Uzhavar Sandhai ),Coriander(Leaves),I Sort,Local,12/09/2026,3500,3500,3500
Tamil Nadu,Vellore,Katpadi (Uzhavar Sandhai ),Pumpkin,Pumpkin,Local,12/09/2026,2500,2500,2500
Tamil Nadu,Vellore,Katpadi (Uzhavar Sandhai ),Amaranthus,Amaranthus,Local,12/09/2026,3500,3500,3500
Tamil Nadu,Vellore,Katpadi (Uzhavar Sandhai ),Green Chilli,Green Chilly,Local,12/09/2026,4000,5000,4500
Tamil Nadu,Vellore,Katpadi (Uzhavar Sandhai ),Cowpea(Veg),Cowpea (Veg),Local,12/09/2026,6000,6000,6000
Tamil Nadu,Vellore,Katpadi (Uzhavar Sandhai ),Colacasia,Colacasia,Local,12/09/2026,4000,4000,4000
Tamil Nadu,Vellore,Katpadi (Uzhavar Sandhai ),Onion Green,Onion Green,Local,12/09/2026,9000,10000,9500
Tamil Nadu,Madurai,Thirumangalam(Uzhavar Sandhai ),Bottle gourd,Bottle Gourd,Local,12/09/2026,1600,2000,1800
Tamil Nadu,Madurai,Thirumangalam(Uzhavar Sandhai ),Ashgourd,Gouard,Local,12/09/2026,1600,1800,1700
Tamil Nadu,Madurai,Thirumangalam(Uzhavar Sandhai ),Amaranthus,Amaranthus,Local,12/09/2026,3000,3600,3300
Tamil Nadu,Madurai,Thirumangalam(Uzhavar Sandhai ),Ridgeguard(Tori),Ridgeguard(Tori),Local,12/09/2026,4500,5000,4750
Tamil Nadu,Madurai,Melur(Uzhavar Sandhai ),Brinjal,Round,Local,12/09/2026,3600,4200,3900
Tamil Nadu,Madurai,Melur(Uzhavar Sandhai ),Coriander(Leaves),I Sort,Local,12/09/2026,5000,5500,5250
Tamil Nadu,Madurai,Melur(Uzhavar Sandhai ),Papaya,Papaya,Local,12/09/2026,4500,5000,4750
Tamil Nadu,Madurai,Melur(Uzhavar Sandhai ),Bhindi(Ladies Finger),Bhindi,Local,12/09/2026,3600,4000,3800
Tamil Nadu,Madurai,Melur(Uzhavar Sandhai ),Amaranthus,Amaranthus,Local,12/09/2026,3000,3600,3300
Tamil Nadu,Madurai,Melur(Uzhavar Sandhai ),Cowpea(Veg),Cowpea (Veg),Local,12/09/2026,3000,4000,3500
Tamil Nadu,Madurai,Melur(Uzhavar Sandhai ),Green Avare(W),Green Avare (W),Local,12/09/2026,9000,10000,9500
Tamil Nadu,Madurai,Melur(Uzhavar Sandhai ),Colacasia,Colacasia,Local,12/09/2026,5000,6000,5500
Tamil Nadu,Salem,Vazhapadi(Uzhavar Sandhai),Cauliflower,Ranchi,Local,12/09/2026,2400,3000,2700
Tamil Nadu,Salem,Vazhapadi(Uzhavar Sandhai),Brinjal,Round,Local,12/09/2026,2600,2800,2700
Tamil Nadu,Salem,Vazhapadi(Uzhavar Sandhai),Ashgourd,Gouard,Local,12/09/2026,1800,2000,1900
Tamil Nadu,Salem,Vazhapadi(Uzhavar Sandhai),Bhindi(Ladies Finger),Bhindi,Local,12/09/2026,2800,3000,2900
Tamil Nadu,Salem,Vazhapadi(Uzhavar Sandhai),Beans,Beans (Whole),Local,12/09/2026,4600,7000,5800
Tamil Nadu,Karur,Gandhigramam(Uzhavar Sandhai),Coconut,Coconut,Local,12/09/2026,5500,6000,5750
Tamil Nadu,Karur,Gandhigramam(Uzhavar Sandhai),Sweet Potato,Hosur Red,Local,12/09/2026,3500,4000,3750
Tamil Nadu,Karur,Gandhigramam(Uzhavar Sandhai),Cabbage,Cabbage,Local,12/09/2026,3500,4000,3750
Tamil Nadu,Karur,Gandhigramam(Uzhavar Sandhai),Banana,Other,Local,12/09/2026,5000,6000,5500
Tamil Nadu,Karur,Gandhigramam(Uzhavar Sandhai),Brinjal,Other,Local,12/09/2026,3000,3500,3250
Tamil Nadu,Karur,Gandhigramam(Uzhavar Sandhai),Tomato,Other,Local,12/09/2026,2800,3000,2900
Tamil Nadu,Karur,Gandhigramam(Uzhavar Sandhai),Cluster beans,Cluster Beans,Local,12/09/2026,3500,4000,3750
Tamil Nadu,Karur,Gandhigramam(Uzhavar Sandhai),Cowpea(Veg),Cowpea (Veg),Local,12/09/2026,3500,4000,3750
Tamil Nadu,Karur,Gandhigramam(Uzhavar Sandhai),Guava,Guava Allahabad,Local,12/09/2026,6000,7000,6500
Tamil Nadu,Karur,Gandhigramam(Uzhavar Sandhai),Mint(Pudina),Mint(Pudina),Local,12/09/2026,5500,6000,5750
Tamil Nadu,Pudukkottai,Aranthangi(Uzhavar Sandhai ),Bottle gourd,Bottle Gourd,Local,12/09/2026,2500,3000,2750
Tamil Nadu,Pudukkottai,Aranthangi(Uzhavar Sandhai ),Snakeguard,Snakeguard,Local,12/09/2026,2500,3000,2750
Tamil Nadu,Pudukkottai,Aranthangi(Uzhavar Sandhai ),Pumpkin,Pumpkin,Local,12/09/2026,1000,1500,1250
Tamil Nadu,Pudukkottai,Aranthangi(Uzhavar Sandhai ),Ridgeguard(Tori),Ridgeguard(Tori),Local,12/09/2026,4500,5000,4750
Tamil Nadu,Nagapattinam,Vedaranyam(Uzhavar Sandhai),Coconut,Coconut,Local,12/09/2026,5000,5500,5250
Tamil Nadu,Nagapattinam,Vedaranyam(Uzhavar Sandhai),Cabbage,Cabbage,Local,12/09/2026,3600,4000,3800
Tamil Nadu,Nagapattinam,Vedaranyam(Uzhavar Sandhai),Snakeguard,Snakeguard,Local,12/09/2026,3500,4000,3750
Tamil Nadu,Nagapattinam,Vedaranyam(Uzhavar Sandhai),Beetroot,Beetroot,Local,12/09/2026,3500,4000,3750
Tamil Nadu,Nagapattinam,Vedaranyam(Uzhavar Sandhai),Chow Chow,Chow Chow,Local,12/09/2026,2500,3000,2750
Tamil Nadu,Nagapattinam,Vedaranyam(Uzhavar Sandhai),Yam(Ratalu),Yam (Ratalu),Local,12/09/2026,6500,7000,6750
Tamil Nadu,Vellore,Perampet(Uzhavar Sandhai),Coconut,Coconut,Local,12/09/2026,3500,3500,3500
Tamil Nadu,Vellore,Perampet(Uzhavar Sandhai),Brinjal,Other,Local,12/09/2026,3600,3600,3600
Tamil Nadu,Vellore,Perampet(Uzhavar Sandhai),Cowpea(Veg),Cowpea (Veg),Local,12/09/2026,5600,5600,5600
Tamil Nadu,Vellore,Perampet(Uzhavar Sandhai),Green Avare(W),Green Avare (W),Local,12/09/2026,6500,6500,6500
Tamil Nadu,Vellore,Perampet(Uzhavar Sandhai),Yam(Ratalu),Yam (Ratalu),Local,12/09/2026,5600,5600,5600
Tamil Nadu,Karur,Kulithalai(Uzhavar Sandhai ),Tomato,Deshi,Local,12/09/2026,2500,3000,2750
Tamil Nadu,Karur,Kulithalai(Uzhavar Sandhai ),Banana - Green,Banana - Green,Local,12/09/2026,3000,4000,3500
Tamil Nadu,Karur,Kulithalai(Uzhavar Sandhai ),Mango(Raw-Ripe),Mango - Raw-Ripe,Local,12/09/2026,7000,9000,8000
Tamil Nadu,Karur,Kulithalai(Uzhavar Sandhai ),Onion Green,Onion Green,Local,12/09/2026,8500,9000,8750
Tamil Nadu,Karur,Kulithalai(Uzhavar Sandhai ),Mint(Pudina),Mint(Pudina),Local,12/09/2026,4500,5000,4750
Tamil Nadu,Karur,Kulithalai(Uzhavar Sandhai ),Sweet Corn ,Sweet Corn ,Local,12/09/2026,4500,5000,4750
Tamil Nadu,Chengalpattu,Guduvancheri(Uzhavar Sandhai ),Ginger(Green),Green Ginger,Local,12/09/2026,15000,17000,16000
Tamil Nadu,Chengalpattu,Guduvancheri(Uzhavar Sandhai ),Orange,Darjeeling,Local,12/09/2026,12000,13000,12500
Tamil Nadu,Chengalpattu,Guduvancheri(Uzhavar Sandhai ),Coriander(Leaves),I Sort,Local,12/09/2026,5000,6000,5500
Tamil Nadu,Chengalpattu,Guduvancheri(Uzhavar Sandhai ),Amaranthus,Amaranthus,Local,12/09/2026,2500,3000,2750
Tamil Nadu,Chengalpattu,Guduvancheri(Uzhavar Sandhai ),Raddish,Raddish,Local,12/09/2026,3500,4000,3750
Tamil Nadu,Chengalpattu,Guduvancheri(Uzhavar Sandhai ),Capsicum,Capsicum,Local,12/09/2026,5000,6000,5500
Tamil Nadu,Chengalpattu,Guduvancheri(Uzhavar Sandhai ),Colacasia,Colacasia,Local,12/09/2026,5000,6000,5500
Tamil Nadu,Chengalpattu,Guduvancheri(Uzhavar Sandhai ),Rose(Local),Rose (Local),Local,12/09/2026,15000,18000,16500
Tamil Nadu,Thirupur,Dharapuram(Uzhavar Sandhai ),Cabbage,Cabbage,Local,12/09/2026,3000,3500,3250
Tamil Nadu,Thirupur,Dharapuram(Uzhavar Sandhai ),Green Chilli,Green Chilly,Local,12/09/2026,4000,4500,4250
Tamil Nadu,Thirupur,Dharapuram(Uzhavar Sandhai ),Beetroot,Beetroot,Local,12/09/2026,4000,7000,5500
Tamil Nadu,Thirupur,Palladam(Uzhavar Sandhai ),Potato,Other,Local,12/09/2026,2500,3000,2750
Tamil Nadu,Thirupur,Palladam(Uzhavar Sandhai ),Coriander(Leaves),I Sort,Local,12/09/2026,3500,4000,3750
Tamil Nadu,Thirupur,Palladam(Uzhavar Sandhai ),Tomato,Local,Local,12/09/2026,2000,2400,2200
Tamil Nadu,Thirupur,Palladam(Uzhavar Sandhai ),Cowpea(Veg),Cowpea (Veg),Local,12/09/2026,3500,4000,3750
Tamil Nadu,Thirupur,Palladam(Uzhavar Sandhai ),Beans,Beans (Whole),Local,12/09/2026,7500,8000,7750
Tamil Nadu,Thirupur,Palladam(Uzhavar Sandhai ),Chow Chow,Chow Chow,Local,12/09/2026,2500,3000,2750
Tamil Nadu,Kallakuruchi,Kallakurichi(Uzhavar Sandhai ),Cabbage,Cabbage,Local,12/09/2026,4000,4000,4000
Tamil Nadu,Kallakuruchi,Kallakurichi(Uzhavar Sandhai ),Brinjal,Other,Local,12/09/2026,7000,7000,7000
Tamil Nadu,Kallakuruchi,Kallakurichi(Uzhavar Sandhai ),Papaya,Papaya,Local,12/09/2026,3500,3500,3500
Tamil Nadu,Kallakuruchi,Kallakurichi(Uzhavar Sandhai ),Ginger(Green),Green Ginger,Local,12/09/2026,22000,22000,22000
Tamil Nadu,Kallakuruchi,Kallakurichi(Uzhavar Sandhai ),Beetroot,Beetroot,Local,12/09/2026,6000,6000,6000
Tamil Nadu,Kallakuruchi,Kallakurichi(Uzhavar Sandhai ),Capsicum,Capsicum,Local,12/09/2026,8000,8000,8000
Tamil Nadu,Kallakuruchi,Kallakurichi(Uzhavar Sandhai ),Green Avare(W),Green Avare (W),Local,12/09/2026,7000,7000,7000
Tamil Nadu,Kallakuruchi,Kallakurichi(Uzhavar Sandhai ),Jasmine,Jasmine,Local,12/09/2026,40000,40000,40000
Tamil Nadu,Kallakuruchi,Kallakurichi(Uzhavar Sandhai ),Yam(Ratalu),Yam (Ratalu),Local,12/09/2026,3000,3000,3000
Tamil Nadu,Kallakuruchi,Kallakurichi(Uzhavar Sandhai ),Baby Corn,Baby Corn,Grade A,12/09/2026,3000,3000,3000
Tamil Nadu,Thirupathur,Natrampalli(Uzhavar Sandhai ),Coconut,Coconut,Local,12/09/2026,2500,3000,2750
Tamil Nadu,Thirupathur,Natrampalli(Uzhavar Sandhai ),Cabbage,Cabbage,Local,12/09/2026,2500,3000,2750
Tamil Nadu,Thirupathur,Natrampalli(Uzhavar Sandhai ),Banana,Besrai,Local,12/09/2026,5000,6000,5500
Tamil Nadu,Thirupathur,Natrampalli(Uzhavar Sandhai ),Amaranthus,Amaranthus,Local,12/09/2026,1500,2000,1750
Tamil Nadu,Thirupathur,Natrampalli(Uzhavar Sandhai ),Beans,Beans (Whole),Local,12/09/2026,7000,8000,7500
Tamil Nadu,Thirupathur,Natrampalli(Uzhavar Sandhai ),Raddish,Raddish,Local,12/09/2026,1500,2000,1750
Tamil Nadu,Salem,Athur(Uzhavar Sandhai ),Garlic,Garlic,Local,12/09/2026,20000,22000,21000
Tamil Nadu,Salem,Athur(Uzhavar Sandhai ),Brinjal,Other,Local,12/09/2026,3000,3500,3250
Tamil Nadu,Salem,Athur(Uzhavar Sandhai ),Tomato,Local,Local,12/09/2026,2000,2800,2400
Tamil Nadu,Salem,Athur(Uzhavar Sandhai ),Bottle gourd,Bottle Gourd,Local,12/09/2026,2200,2500,2350
Tamil Nadu,Salem,Athur(Uzhavar Sandhai ),Bhindi(Ladies Finger),Bhindi,Local,12/09/2026,2500,3000,2750
Tamil Nadu,Salem,Athur(Uzhavar Sandhai ),Beans,Beans (Whole),Local,12/09/2026,8000,9000,8500
Tamil Nadu,Salem,Athur(Uzhavar Sandhai ),Beetroot,Beetroot,Local,12/09/2026,4000,6000,5000
Tamil Nadu,Salem,Athur(Uzhavar Sandhai ),Ridgeguard(Tori),Ridgeguard(Tori),Local,12/09/2026,4000,4500,4250
Tamil Nadu,Salem,Athur(Uzhavar Sandhai ),Raddish,Raddish,Local,12/09/2026,1800,2000,1900
Tamil Nadu,Salem,Athur(Uzhavar Sandhai ),Kakada,Kakada,Local,12/09/2026,45000,50000,47500
Tamil Nadu,Salem,Athur(Uzhavar Sandhai ),Lemon,Lemon,Local,12/09/2026,9000,10000,9500
Tamil Nadu,Salem,Athur(Uzhavar Sandhai ),Amla(Nelli Kai),Amla,Local,12/09/2026,7000,8000,7500
Tamil Nadu,Salem,Athur(Uzhavar Sandhai ),Onion Green,Onion Green,Local,12/09/2026,5000,6500,5750
Tamil Nadu,Theni,Periyakulam(Uzhavar Sandhai ),Carrot,Pusakesar,Local,12/09/2026,6000,6000,6000
Tamil Nadu,Theni,Periyakulam(Uzhavar Sandhai ),Beetroot,Beetroot,Local,12/09/2026,3000,3000,3000
Tamil Nadu,Theni,Periyakulam(Uzhavar Sandhai ),Pumpkin,Pumpkin,Local,12/09/2026,1500,1800,1650
Tamil Nadu,Theni,Periyakulam(Uzhavar Sandhai ),Amaranthus,Amaranthus,Local,12/09/2026,2000,2500,2250
Tamil Nadu,Theni,Periyakulam(Uzhavar Sandhai ),Thondekai,Thondekai,Local,12/09/2026,3400,3400,3400
Tamil Nadu,Theni,Periyakulam(Uzhavar Sandhai ),Chow Chow,Chow Chow,Local,12/09/2026,2400,2400,2400
Tamil Nadu,Theni,Periyakulam(Uzhavar Sandhai ),Drumstick,Drumstick,Local,12/09/2026,3000,3500,3250
Tamil Nadu,Theni,Periyakulam(Uzhavar Sandhai ),Elephant Yam(Suran)/Amorphophallus,Elephant Yam (Suran),Local,12/09/2026,4000,4000,4000
Tamil Nadu,Theni,Periyakulam(Uzhavar Sandhai ),Mint(Pudina),Mint(Pudina),Local,12/09/2026,5000,5000,5000
Tamil Nadu,Virudhunagar,Srivilliputhur(Uzhavar Sandhai ),Coconut,Coconut,Local,12/09/2026,5000,6000,5500
Tamil Nadu,Virudhunagar,Srivilliputhur(Uzhavar Sandhai ),Pumpkin,Pumpkin,Local,12/09/2026,1700,2000,1850
Tamil Nadu,Virudhunagar,Srivilliputhur(Uzhavar Sandhai ),Banana - Green,Banana - Green,Local,12/09/2026,2500,3000,2750
Tamil Nadu,Virudhunagar,Srivilliputhur(Uzhavar Sandhai ),Chow Chow,Chow Chow,Local,12/09/2026,3000,3500,3250
Tamil Nadu,Virudhunagar,Srivilliputhur(Uzhavar Sandhai ),Drumstick,Drumstick,Local,12/09/2026,3500,4000,3750
Tamil Nadu,Virudhunagar,Srivilliputhur(Uzhavar Sandhai ),Elephant Yam(Suran)/Amorphophallus,Elephant Yam (Suran),Local,12/09/2026,4500,5000,4750
Tamil Nadu,Coimbatore,Vadavalli(Uzhavar Sandhai ),Potato,Other,Local,12/09/2026,5000,6000,5500
Tamil Nadu,Coimbatore,Vadavalli(Uzhavar Sandhai ),Garlic,Garlic,Local,12/09/2026,22000,23600,22800
Tamil Nadu,Coimbatore,Vadavalli(Uzhavar Sandhai ),Bottle gourd,Bottle Gourd,Local,12/09/2026,2800,3200,3000
Tamil Nadu,Coimbatore,Vadavalli(Uzhavar Sandhai ),Pumpkin,Pumpkin,Local,12/09/2026,1600,1800,1700
Tamil Nadu,Coimbatore,Vadavalli(Uzhavar Sandhai ),Green Chilli,Green Chilly,Local,12/09/2026,4000,4500,4250
Tamil Nadu,Coimbatore,Vadavalli(Uzhavar Sandhai ),Beans,Beans (Whole),Local,12/09/2026,6000,7000,6500
Tamil Nadu,Coimbatore,Vadavalli(Uzhavar Sandhai ),Tapioca,Tapioca,Local,12/09/2026,3000,3500,3250
Tamil Nadu,Coimbatore,Vadavalli(Uzhavar Sandhai ),Guava,Guava Allahabad,Local,12/09/2026,5000,5500,5250
Tamil Nadu,Coimbatore,Vadavalli(Uzhavar Sandhai ),Elephant Yam(Suran)/Amorphophallus,Elephant Yam (Suran),Local,12/09/2026,3400,3800,3600
Tamil Nadu,Dindigul,Vedasanthur(Uzhavar Sandhai ),Brinjal,Other,Local,12/09/2026,6000,7000,6500
Tamil Nadu,Dindigul,Vedasanthur(Uzhavar Sandhai ),Tomato,Other,Local,12/09/2026,1500,2000,1750
Tamil Nadu,Dindigul,Vedasanthur(Uzhavar Sandhai ),Bhindi(Ladies Finger),Bhindi,Local,12/09/2026,2500,3000,2750
Tamil Nadu,Dindigul,Vedasanthur(Uzhavar Sandhai ),Raddish,Raddish,Local,12/09/2026,2500,3000,2750
Tamil Nadu,Dindigul,Vedasanthur(Uzhavar Sandhai ),Onion Green,Onion Green,Local,12/09/2026,7000,8000,7500
Tamil Nadu,Coimbatore,Udumalpet APMC,Ginger(Green),Green Ginger,Local,12/09/2026,17000,18500,17750
Tamil Nadu,Coimbatore,Udumalpet APMC,Sweet Potato,Hosur Red,Local,12/09/2026,6500,7500,7000
Tamil Nadu,Coimbatore,Udumalpet APMC,Papaya,Papaya,Local,12/09/2026,3000,3500,3250
Tamil Nadu,Coimbatore,Udumalpet APMC,Cucumbar(Kheera),Cucumbar,Local,12/09/2026,4500,5000,4750
Tamil Nadu,Coimbatore,Udumalpet APMC,Onion Green,Onion Green,Local,12/09/2026,6500,8800,7650
Tamil Nadu,Coimbatore,Udumalpet APMC,Mint(Pudina),Mint(Pudina),Local,12/09/2026,5000,5500,5250
Tamil Nadu,Erode,Gobichettipalayam(Uzhavar Sandhai ),Groundnut,Big (With Shell),Local,12/09/2026,4500,5000,4750
Tamil Nadu,Erode,Gobichettipalayam(Uzhavar Sandhai ),Papaya,Papaya,Local,12/09/2026,3000,3500,3250
Tamil Nadu,Erode,Gobichettipalayam(Uzhavar Sandhai ),Ashgourd,Gouard,Local,12/09/2026,3000,3500,3250
Tamil Nadu,Erode,Gobichettipalayam(Uzhavar Sandhai ),Amaranthus,Amaranthus,Local,12/09/2026,4200,4500,4350
Tamil Nadu,Erode,Gobichettipalayam(Uzhavar Sandhai ),Raddish,Raddish,Local,12/09/2026,2200,2500,2350
Tamil Nadu,Erode,Gobichettipalayam(Uzhavar Sandhai ),Tender Coconut,Tender Coconut,Local,12/09/2026,3500,4000,3750
Tamil Nadu,Erode,Sampath Nagar(Uzhavar Sandhai ),Snakeguard,Snakeguard,Local,12/09/2026,3000,3200,3100
Tamil Nadu,Erode,Sampath Nagar(Uzhavar Sandhai ),Potato,Other,Local,12/09/2026,4500,5000,4750
Tamil Nadu,Erode,Sampath Nagar(Uzhavar Sandhai ),Cluster beans,Cluster Beans,Local,12/09/2026,3000,3200,3100
Tamil Nadu,Erode,Sampath Nagar(Uzhavar Sandhai ),Bitter gourd,Other,Local,12/09/2026,4000,4400,4200
Tamil Nadu,Erode,Sampath Nagar(Uzhavar Sandhai ),Beans,Beans (Whole),Local,12/09/2026,7000,7200,7100
Tamil Nadu,Erode,Sampath Nagar(Uzhavar Sandhai ),Beetroot,Beetroot,Local,12/09/2026,6000,6400,6200
Tamil Nadu,Erode,Sampath Nagar(Uzhavar Sandhai ),Baby Corn,Baby Corn,Grade A,12/09/2026,1500,1700,1600
Tamil Nadu,Vellore,Pallikonda(Uzhavar Sandhai),Banana,Other,Local,12/09/2026,5000,6000,5500
Tamil Nadu,Vellore,Pallikonda(Uzhavar Sandhai),Onion,Bellary,Local,12/09/2026,5000,5500,5250
Tamil Nadu,Vellore,Pallikonda(Uzhavar Sandhai),Bottle gourd,Bottle Gourd,Local,12/09/2026,2000,2500,2250
Tamil Nadu,Vellore,Pallikonda(Uzhavar Sandhai),Green Chilli,Green Chilly,Local,12/09/2026,3000,3500,3250
Tamil Nadu,Vellore,Pallikonda(Uzhavar Sandhai),Drumstick,Drumstick,Local,12/09/2026,3500,3500,3500
Tamil Nadu,Vellore,Pallikonda(Uzhavar Sandhai),Lemon,Lemon,Local,12/09/2026,8000,9000,8500
Tamil Nadu,Vellore,Pallikonda(Uzhavar Sandhai),Mint(Pudina),Mint(Pudina),Local,12/09/2026,3500,3500,3500
Tamil Nadu,Pudukkottai,Ponnamaravathi(Uzhavar Sandhai),Coriander(Leaves),I Sort,Local,12/09/2026,4500,5000,4750
Tamil Nadu,Pudukkottai,Ponnamaravathi(Uzhavar Sandhai),Cowpea(Veg),Cowpea (Veg),Local,12/09/2026,1500,2000,1750
Tamil Nadu,Pudukkottai,Ponnamaravathi(Uzhavar Sandhai),Raddish,Raddish,Local,12/09/2026,3500,4000,3750
Tamil Nadu,Nagapattinam,Mayiladuthurai(Uzhavar Sandhai ),Cluster beans,Cluster Beans,Local,12/09/2026,4500,5000,4750
Tamil Nadu,Nagapattinam,Mayiladuthurai(Uzhavar Sandhai ),Bitter gourd,Bitter Gourd,Local,12/09/2026,5500,6000,5750
Tamil Nadu,Nagapattinam,Mayiladuthurai(Uzhavar Sandhai ),Banana - Green,Banana - Green,Local,12/09/2026,3600,4000,3800
Tamil Nadu,Nagapattinam,Mayiladuthurai(Uzhavar Sandhai ),Raddish,Raddish,Local,12/09/2026,2500,3000,2750
Tamil Nadu,Nagapattinam,Mayiladuthurai(Uzhavar Sandhai ),Chow Chow,Chow Chow,Local,12/09/2026,3600,4000,3800
Tamil Nadu,Nagapattinam,Mayiladuthurai(Uzhavar Sandhai ),Mango(Raw-Ripe),Mango - Raw-Ripe,Local,12/09/2026,9000,10000,9500
Tamil Nadu,Pudukkottai,Viralimalai(Uzhavar Sandhai ),Coriander(Leaves),I Sort,Local,12/09/2026,4500,5000,4750
Tamil Nadu,Pudukkottai,Viralimalai(Uzhavar Sandhai ),Cluster beans,Cluster Beans,Local,12/09/2026,3500,4000,3750
Tamil Nadu,Pudukkottai,Viralimalai(Uzhavar Sandhai ),Pumpkin,Pumpkin,Local,12/09/2026,1200,1500,1350
Tamil Nadu,Pudukkottai,Viralimalai(Uzhavar Sandhai ),Amaranthus,Amaranthus,Local,12/09/2026,1500,2000,1750
Tamil Nadu,Pudukkottai,Viralimalai(Uzhavar Sandhai ),Mango(Raw-Ripe),Mango - Raw-Ripe,Local,12/09/2026,9500,10000,9750
Tamil Nadu,Ramanathapuram,Paramakudi(Uzhavar Sandhai ),Cabbage,Cabbage,Local,12/09/2026,4500,4800,4650
Tamil Nadu,Ramanathapuram,Paramakudi(Uzhavar Sandhai ),Onion,Bellary,Local,12/09/2026,5000,6000,5500
Tamil Nadu,Ramanathapuram,Paramakudi(Uzhavar Sandhai ),Cauliflower,Ranchi,Local,12/09/2026,5000,5500,5250
Tamil Nadu,Ramanathapuram,Paramakudi(Uzhavar Sandhai ),Bitter gourd,Bitter Gourd,Local,12/09/2026,6000,7000,6500
Tamil Nadu,Ramanathapuram,Paramakudi(Uzhavar Sandhai ),Ashgourd,Gouard,Local,12/09/2026,2000,2500,2250
Tamil Nadu,Ramanathapuram,Paramakudi(Uzhavar Sandhai ),Green Chilli,Green Chilly,Local,12/09/2026,6000,7000,6500
Tamil Nadu,Ramanathapuram,Paramakudi(Uzhavar Sandhai ),Banana - Green,Banana - Green,Local,12/09/2026,3000,3200,3100
Tamil Nadu,Ramanathapuram,Paramakudi(Uzhavar Sandhai ),Beetroot,Beetroot,Local,12/09/2026,4500,5000,4750
Tamil Nadu,Ramanathapuram,Paramakudi(Uzhavar Sandhai ),Ridgeguard(Tori),Ridgeguard(Tori),Local,12/09/2026,5800,6000,5900
Tamil Nadu,Ramanathapuram,Paramakudi(Uzhavar Sandhai ),Green Avare(W),Green Avare (W),Local,12/09/2026,7000,8000,7500
Tamil Nadu,Ramanathapuram,Paramakudi(Uzhavar Sandhai ),Drumstick,Drumstick,Local,12/09/2026,5800,6000,5900
Tamil Nadu,Ramanathapuram,Paramakudi(Uzhavar Sandhai ),Lemon,Lemon,Local,12/09/2026,15000,18000,16500
Tamil Nadu,Ramanathapuram,Paramakudi(Uzhavar Sandhai ),Mint(Pudina),Mint(Pudina),Local,12/09/2026,6800,7000,6900
Tamil Nadu,Ramanathapuram,Ramanathapuram(Uzhavar Sandhai ),Onion,Bellary,Local,12/09/2026,5000,6000,5500
Tamil Nadu,Ramanathapuram,Ramanathapuram(Uzhavar Sandhai ),Pumpkin,Pumpkin,Local,12/09/2026,2000,2400,2200
Tamil Nadu,Ramanathapuram,Ramanathapuram(Uzhavar Sandhai ),Green Chilli,Green Chilly,Local,12/09/2026,5500,6000,5750
Tamil Nadu,Ramanathapuram,Ramanathapuram(Uzhavar Sandhai ),Beans,Beans (Whole),Local,12/09/2026,9000,9200,9100
Tamil Nadu,Ramanathapuram,Ramanathapuram(Uzhavar Sandhai ),Drumstick,Drumstick,Local,12/09/2026,5500,6000,5750
Tamil Nadu,Ramanathapuram,Ramanathapuram(Uzhavar Sandhai ),Lime,Lime,Local,12/09/2026,11000,12000,11500
Tamil Nadu,Ramanathapuram,Ramanathapuram(Uzhavar Sandhai ),Tender Coconut,Tender Coconut,Local,12/09/2026,5000,6000,5500
Tamil Nadu,Pudukkottai,Alangudi(Uzhavar Sandhai ),Tomato,Other,Local,12/09/2026,2500,3000,2750
Tamil Nadu,Pudukkottai,Alangudi(Uzhavar Sandhai ),Amaranthus,Amaranthus,Local,12/09/2026,1500,2000,1750
Tamil Nadu,Thiruvannamalai,Arani(Uzhavar Sandhai ),Onion,Bellary,Local,12/09/2026,5000,6000,5500
Tamil Nadu,Thiruvannamalai,Arani(Uzhavar Sandhai ),Beans,Beans (Whole),Local,12/09/2026,6000,7200,6600
Tamil Nadu,Thiruvannamalai,Arani(Uzhavar Sandhai ),Tender Coconut,Tender Coconut,Local,12/09/2026,1500,2000,1750
Tamil Nadu,Thiruvannamalai,Arani(Uzhavar Sandhai ),Lemon,Lemon,Local,12/09/2026,10000,12000,11000
Tamil Nadu,Thiruvannamalai,Arani(Uzhavar Sandhai ),Mint(Pudina),Mint(Pudina),Local,12/09/2026,4000,4500,4250
Tamil Nadu,Thiruvannamalai,Polur(Uzhavar Sandhai ),Sweet Potato,Hosur Red,Local,12/09/2026,3300,4000,3650
Tamil Nadu,Thiruvannamalai,Polur(Uzhavar Sandhai ),Carrot,Pusakesar,Local,12/09/2026,5000,6000,5500
Tamil Nadu,Thiruvannamalai,Polur(Uzhavar Sandhai ),Cabbage,Cabbage,Local,12/09/2026,2500,3000,2750
Tamil Nadu,Thiruvannamalai,Polur(Uzhavar Sandhai ),Bottle gourd,Bottle Gourd,Local,12/09/2026,1600,2000,1800
Tamil Nadu,Thiruvannamalai,Polur(Uzhavar Sandhai ),Amaranthus,Amaranthus,Local,12/09/2026,1600,2000,1800
Tamil Nadu,Thiruvannamalai,Polur(Uzhavar Sandhai ),Drumstick,Drumstick,Local,12/09/2026,3300,4000,3650
Tamil Nadu,Thiruvannamalai,Polur(Uzhavar Sandhai ),Lemon,Lemon,Local,12/09/2026,16000,20000,18000
Tamil Nadu,Thiruvannamalai,Polur(Uzhavar Sandhai ),Custard Apple(Sharifa),Custard Apple(Sharifa),Local,12/09/2026,3300,4000,3650
Tamil Nadu,Thiruvannamalai,Polur(Uzhavar Sandhai ),Mint(Pudina),Mint(Pudina),Local,12/09/2026,3300,4000,3650
Tamil Nadu,Thiruvannamalai,Polur(Uzhavar Sandhai ),Rose(Local),Rose (Local),Local,12/09/2026,10000,12000,11000
Tamil Nadu,Thiruvannamalai,Tiruvannamalai(Uzhavar Sandhai ),Apple,American,Local,12/09/2026,22000,24000,23000
Tamil Nadu,Thiruvannamalai,Tiruvannamalai(Uzhavar Sandhai ),Cluster beans,Cluster Beans,Local,12/09/2026,3000,3600,3300
Tamil Nadu,Thiruvannamalai,Tiruvannamalai(Uzhavar Sandhai ),Ashgourd,Gouard,Local,12/09/2026,2000,2500,2250
Tamil Nadu,Thiruvannamalai,Tiruvannamalai(Uzhavar Sandhai ),Cowpea(Veg),Cowpea (Veg),Local,12/09/2026,5000,6000,5500
Tamil Nadu,Thiruvannamalai,Tiruvannamalai(Uzhavar Sandhai ),Beans,Beans (Whole),Local,12/09/2026,8000,10000,9000
Tamil Nadu,Thiruvannamalai,Tiruvannamalai(Uzhavar Sandhai ),Cucumbar(Kheera),Cucumbar,Local,12/09/2026,4000,5000,4500
Tamil Nadu,Thiruvannamalai,Tiruvannamalai(Uzhavar Sandhai ),Raddish,Raddish,Local,12/09/2026,2000,2400,2200
Tamil Nadu,Thiruvannamalai,Tiruvannamalai(Uzhavar Sandhai ),Green Avare(W),Green Avare (W),Local,12/09/2026,6400,7200,6800
Tamil Nadu,Thiruvannamalai,Tiruvannamalai(Uzhavar Sandhai ),Karbuja(Musk Melon),Karbhuja,Local,12/09/2026,3000,3500,3250
Tamil Nadu,Thiruvannamalai,Tiruvannamalai(Uzhavar Sandhai ),Tamarind Fruit,Tamarind Fruit,Local,12/09/2026,12000,15000,13500
Tamil Nadu,Thiruvannamalai,Tiruvannamalai(Uzhavar Sandhai ),Indian Beans(Seam),Indian Beans (Seam),Local,12/09/2026,5000,6000,5500
Tamil Nadu,Thiruvannamalai,Tiruvannamalai(Uzhavar Sandhai ),Amla(Nelli Kai),Amla,Local,12/09/2026,10000,12000,11000
Tamil Nadu,Thiruvarur,Mannargudi I(Uzhavar Sandhai ),Pineapple,Pine Apple,Local,12/09/2026,8000,8000,8000
Tamil Nadu,Thiruvarur,Mannargudi I(Uzhavar Sandhai ),Coriander(Leaves),I Sort,Local,12/09/2026,4000,4000,4000
Tamil Nadu,Thiruvarur,Mannargudi I(Uzhavar Sandhai ),Mousambi(Sweet Lime),Mousambi,Local,12/09/2026,5000,5000,5000
Tamil Nadu,Thiruvarur,Mannargudi I(Uzhavar Sandhai ),Pumpkin,Pumpkin,Local,12/09/2026,2800,2800,2800
Tamil Nadu,Thiruvarur,Mannargudi I(Uzhavar Sandhai ),Green Avare(W),Green Avare (W),Local,12/09/2026,6400,6400,6400
Tamil Nadu,Thiruvarur,Mannargudi I(Uzhavar Sandhai ),Mango(Raw-Ripe),Mango - Raw-Ripe,Local,12/09/2026,10400,10400,10400
Tamil Nadu,Thiruvarur,Mannargudi II(Uzhavar Sandhai ),Snakeguard,Snakeguard,Local,12/09/2026,3600,3600,3600
Tamil Nadu,Thiruvarur,Mannargudi II(Uzhavar Sandhai ),Bottle gourd,Bottle Gourd,Local,12/09/2026,3000,3000,3000
Tamil Nadu,Thiruvarur,Mannargudi II(Uzhavar Sandhai ),Tapioca,Tapioca,Local,12/09/2026,4000,4000,4000
Tamil Nadu,Thiruvarur,Mannargudi II(Uzhavar Sandhai ),Raddish,Raddish,Local,12/09/2026,3400,3400,3400
Tamil Nadu,Thiruvarur,Mannargudi II(Uzhavar Sandhai ),Elephant Yam(Suran)/Amorphophallus,Elephant Yam (Suran),Local,12/09/2026,6000,6000,6000
Tamil Nadu,Thiruvarur,Tiruthuraipoondi(Uzhavar Sandhai ),Sweet Potato,Hosur Red,Local,12/09/2026,6000,6000,6000
Tamil Nadu,Thiruvarur,Tiruthuraipoondi(Uzhavar Sandhai ),Snakeguard,Snakeguard,Local,12/09/2026,3000,3500,3250
Tamil Nadu,Thiruvarur,Tiruthuraipoondi(Uzhavar Sandhai ),Ashgourd,Gouard,Local,12/09/2026,3000,3000,3000
Tamil Nadu,Thiruvarur,Tiruthuraipoondi(Uzhavar Sandhai ),Mango(Raw-Ripe),Mango - Raw-Ripe,Local,12/09/2026,6000,6000,6000
Tamil Nadu,Thiruvellore,Ambattur(Uzhavar Sandhai ),Potato,Red Nanital,Local,12/09/2026,4000,4000,4000
Tamil Nadu,Thiruvellore,Paruthipattu(Uzhavar Sandhai ),Green Chilli,Green Chilly,Local,12/09/2026,5000,5000,5000
Tamil Nadu,Thiruvellore,Paruthipattu(Uzhavar Sandhai ),Banana - Green,Banana - Green,Local,12/09/2026,4000,4000,4000
Tamil Nadu,Thiruvellore,Paruthipattu(Uzhavar Sandhai ),Green Avare(W),Green Avare (W),Local,12/09/2026,7000,7000,7000
Tamil Nadu,Thiruvellore,Perambakkam(Uzhavar Sandhai ),Ridgeguard(Tori),Ridgeguard(Tori),Local,12/09/2026,6000,6000,6000
Tamil Nadu,Tuticorin,Kovilpatti(Uzhavar Sandhai ),Beetroot,Beetroot,Local,12/09/2026,3500,4000,3750
Tamil Nadu,Tuticorin,Kovilpatti(Uzhavar Sandhai ),Cabbage,Cabbage,Local,12/09/2026,3000,3500,3250
Tamil Nadu,Tuticorin,Kovilpatti(Uzhavar Sandhai ),Banana,Other,Local,12/09/2026,3000,3500,3250
Tamil Nadu,Tuticorin,Kovilpatti(Uzhavar Sandhai ),Onion,Bellary,Local,12/09/2026,5500,6000,5750
Tamil Nadu,Tuticorin,Kovilpatti(Uzhavar Sandhai ),Brinjal,Other,Local,12/09/2026,3000,3500,3250
Tamil Nadu,Tuticorin,Kovilpatti(Uzhavar Sandhai ),Papaya,Papaya,Local,12/09/2026,3000,3500,3250
Tamil Nadu,Tuticorin,Kovilpatti(Uzhavar Sandhai ),Bottle gourd,Bottle Gourd,Local,12/09/2026,3500,4000,3750
Tamil Nadu,Tuticorin,Kovilpatti(Uzhavar Sandhai ),Amaranthus,Amaranthus,Local,12/09/2026,1500,1800,1650
Tamil Nadu,Tuticorin,Kovilpatti(Uzhavar Sandhai ),Ridgeguard(Tori),Ridgeguard(Tori),Local,12/09/2026,4000,4500,4250
Tamil Nadu,Vellore,Gudiyatham(Uzhavar Sandhai ),Sweet Potato,Hosur Red,Local,12/09/2026,3600,3600,3600
Tamil Nadu,Vellore,Gudiyatham(Uzhavar Sandhai ),Snakeguard,Snakeguard,Local,12/09/2026,2400,2400,2400
Tamil Nadu,Vellore,Gudiyatham(Uzhavar Sandhai ),Groundnut,Big (With Shell),Local,12/09/2026,7600,7600,7600
Tamil Nadu,Vellore,Gudiyatham(Uzhavar Sandhai ),Coriander(Leaves),I Sort,Local,12/09/2026,5000,5000,5000
Tamil Nadu,Vellore,Gudiyatham(Uzhavar Sandhai ),Bitter gourd,Bitter Gourd,Local,12/09/2026,4000,4000,4000
Tamil Nadu,Vellore,Gudiyatham(Uzhavar Sandhai ),Green Chilli,Green Chilly,Local,12/09/2026,5600,5600,5600
Tamil Nadu,Vellore,Gudiyatham(Uzhavar Sandhai ),Mango(Raw-Ripe),Mango - Raw-Ripe,Local,12/09/2026,7600,7600,7600
Tamil Nadu,Vellore,Gudiyatham(Uzhavar Sandhai ),Yam(Ratalu),Yam (Ratalu),Local,12/09/2026,5600,5600,5600
Tamil Nadu,Vellore,Kahithapattarai(Uzhavar Sandhai ),Sweet Potato,Hosur Red,Local,12/09/2026,4000,4000,4000
Tamil Nadu,Vellore,Kahithapattarai(Uzhavar Sandhai ),Carrot,Pusakesar,Local,12/09/2026,5000,5000,5000
Tamil Nadu,Vellore,Kahithapattarai(Uzhavar Sandhai ),Apple,American,Local,12/09/2026,20000,20000,20000
Tamil Nadu,Vellore,Kahithapattarai(Uzhavar Sandhai ),Onion,Bellary,Local,12/09/2026,6000,6800,6400
Tamil Nadu,Vellore,Kahithapattarai(Uzhavar Sandhai ),Potato,Other,Local,12/09/2026,2400,2400,2400
Tamil Nadu,Vellore,Kahithapattarai(Uzhavar Sandhai ),Garlic,Garlic,Local,12/09/2026,22000,22000,22000
Tamil Nadu,Vellore,Kahithapattarai(Uzhavar Sandhai ),Cauliflower,Ranchi,Local,12/09/2026,2500,2500,2500
Tamil Nadu,Vellore,Kahithapattarai(Uzhavar Sandhai ),Mousambi(Sweet Lime),Mousambi,Local,12/09/2026,6000,6000,6000
Tamil Nadu,Vellore,Kahithapattarai(Uzhavar Sandhai ),Pumpkin,Pumpkin,Local,12/09/2026,2000,2000,2000
Tamil Nadu,Vellore,Kahithapattarai(Uzhavar Sandhai ),Amaranthus,Amaranthus,Local,12/09/2026,3000,4000,3500
Tamil Nadu,Vellore,Kahithapattarai(Uzhavar Sandhai ),Banana - Green,Banana - Green,Local,12/09/2026,6000,6000,6000
Tamil Nadu,Vellore,Kahithapattarai(Uzhavar Sandhai ),Ginger(Green),Green Ginger,Local,12/09/2026,8000,8000,8000
Tamil Nadu,Vellore,Kahithapattarai(Uzhavar Sandhai ),Beetroot,Beetroot,Local,12/09/2026,3500,3500,3500
Tamil Nadu,Vellore,Kahithapattarai(Uzhavar Sandhai ),Raddish,Raddish,Local,12/09/2026,3000,3000,3000
Tamil Nadu,Vellore,Kahithapattarai(Uzhavar Sandhai ),Tender Coconut,Tender Coconut,Local,12/09/2026,3000,3000,3000
Tamil Nadu,Vellore,Kahithapattarai(Uzhavar Sandhai ),Jasmine,Jasmine,Local,12/09/2026,80000,80000,80000
Tamil Nadu,Vellore,Kahithapattarai(Uzhavar Sandhai ),Indian Beans(Seam),Indian Beans (Seam),Local,12/09/2026,5500,5500,5500
Tamil Nadu,Vellore,Kahithapattarai(Uzhavar Sandhai ),Sweet Corn ,Sweet Corn ,Local,12/09/2026,3500,3500,3500
Tamil Nadu,Villupuram,Villupuram(Uzhavar Sandhai ),Snakeguard,Snakeguard,Local,12/09/2026,3000,3000,3000
Tamil Nadu,Villupuram,Villupuram(Uzhavar Sandhai ),Bitter gourd,Bitter Gourd,Local,12/09/2026,6000,6000,6000
Tamil Nadu,Villupuram,Villupuram(Uzhavar Sandhai ),Bottle gourd,Bottle Gourd,Local,12/09/2026,2500,2500,2500
Tamil Nadu,Villupuram,Villupuram(Uzhavar Sandhai ),Pumpkin,Pumpkin,Local,12/09/2026,2000,2000,2000
Tamil Nadu,Villupuram,Villupuram(Uzhavar Sandhai ),Green Chilli,Green Chilly,Local,12/09/2026,6000,6000,6000
Tamil Nadu,Villupuram,Villupuram(Uzhavar Sandhai ),Chow Chow,Chow Chow,Local,12/09/2026,4000,4000,4000
Tamil Nadu,Villupuram,Villupuram(Uzhavar Sandhai ),Knool Khol,Knool Khol,Local,12/09/2026,5000,5000,5000
Tamil Nadu,Thiruvannamalai,Cheyyar(Uzhavar Sandhai ),Coconut,Coconut,Local,12/09/2026,3700,4500,4100
Tamil Nadu,Thiruvannamalai,Cheyyar(Uzhavar Sandhai ),Snakeguard,Snakeguard,Local,12/09/2026,2500,3000,2750
Tamil Nadu,Thiruvannamalai,Cheyyar(Uzhavar Sandhai ),Banana,Poovan,Local,12/09/2026,4000,5000,4500
Tamil Nadu,Thiruvannamalai,Cheyyar(Uzhavar Sandhai ),Brinjal,Other,Local,12/09/2026,3200,4000,3600
Tamil Nadu,Thiruvannamalai,Cheyyar(Uzhavar Sandhai ),Amaranthus,Amaranthus,Local,12/09/2026,2000,2500,2250
Tamil Nadu,Thiruvannamalai,Cheyyar(Uzhavar Sandhai ),Yam(Ratalu),Yam (Ratalu),Local,12/09/2026,4800,6000,5400
Tamil Nadu,Thiruvannamalai,Cheyyar(Uzhavar Sandhai ),Lemon,Lemon,Local,12/09/2026,10000,12000,11000
Tamil Nadu,Thanjavur,Papanasam(Uzhavar Sandhai ),Banana,Besrai,Local,12/09/2026,4000,6000,5000
Tamil Nadu,Ariyalur,Ariyalur(Uzhavar Sandhai),Coconut,Coconut,Local,12/09/2026,5500,6500,6000
Tamil Nadu,Ariyalur,Ariyalur(Uzhavar Sandhai),Brinjal,Round,Local,12/09/2026,4500,5000,4750
Tamil Nadu,Ariyalur,Ariyalur(Uzhavar Sandhai),Tomato,Deshi,Local,12/09/2026,3000,3500,3250
Tamil Nadu,Ariyalur,Ariyalur(Uzhavar Sandhai),Amaranthus,Amaranthus,Local,12/09/2026,3000,3500,3250
Tamil Nadu,Ariyalur,Ariyalur(Uzhavar Sandhai),Beans,Beans (Whole),Local,12/09/2026,8000,9000,8500
Tamil Nadu,Ariyalur,Ariyalur(Uzhavar Sandhai),Ginger(Green),Green Ginger,Local,12/09/2026,17000,18000,17500
Tamil Nadu,Dindigul,Kodaikkanal(Uzhavar Sandhai),Cabbage,Cabbage,Local,12/09/2026,3500,4000,3750
Tamil Nadu,Dindigul,Kodaikkanal(Uzhavar Sandhai),Bottle gourd,Bottle Gourd,Local,12/09/2026,2000,2500,2250
Tamil Nadu,Coimbatore,Sundarapuram(Uzhavar Sandhai ),Coconut,Coconut,Local,12/09/2026,5700,6000,5850
Tamil Nadu,Coimbatore,Sundarapuram(Uzhavar Sandhai ),Brinjal,Other,Local,12/09/2026,3500,4000,3750
Tamil Nadu,Coimbatore,Sundarapuram(Uzhavar Sandhai ),Snakeguard,Snakeguard,Local,12/09/2026,3000,3500,3250
Tamil Nadu,Coimbatore,Sundarapuram(Uzhavar Sandhai ),Green Peas,Green Peas,Local,12/09/2026,23000,24000,23500
Tamil Nadu,Coimbatore,Sundarapuram(Uzhavar Sandhai ),Bhindi(Ladies Finger),Bhindi,Local,12/09/2026,4000,4800,4400
Tamil Nadu,Coimbatore,Sundarapuram(Uzhavar Sandhai ),Tapioca,Tapioca,Local,12/09/2026,3000,3500,3250
Tamil Nadu,Coimbatore,Sundarapuram(Uzhavar Sandhai ),Ginger(Green),Green Ginger,Local,12/09/2026,15000,16000,15500
Tamil Nadu,Coimbatore,Sundarapuram(Uzhavar Sandhai ),Green Avare(W),Green Avare (W),Local,12/09/2026,5500,6200,5850
Tamil Nadu,Coimbatore,Sundarapuram(Uzhavar Sandhai ),Elephant Yam(Suran)/Amorphophallus,Elephant Yam (Suran),Local,12/09/2026,3500,4000,3750
Tamil Nadu,Coimbatore,Sundarapuram(Uzhavar Sandhai ),Onion Green,Onion Green,Local,12/09/2026,8500,9000,8750
Tamil Nadu,Erode,Sathiyamagalam(Uzhavar Sandhai ),Carrot,Pusakesar,Local,12/09/2026,5000,5400,5200
Tamil Nadu,Erode,Sathiyamagalam(Uzhavar Sandhai ),Beetroot,Beetroot,Local,12/09/2026,5000,5500,5250
Tamil Nadu,Erode,Sathiyamagalam(Uzhavar Sandhai ),Coriander(Leaves),I Sort,Local,12/09/2026,4500,5000,4750
Tamil Nadu,Erode,Sathiyamagalam(Uzhavar Sandhai ),Bottle gourd,Bottle Gourd,Local,12/09/2026,1500,2000,1750
Tamil Nadu,Erode,Sathiyamagalam(Uzhavar Sandhai ),Amaranthus,Amaranthus,Local,12/09/2026,3500,4000,3750
Tamil Nadu,Erode,Sathiyamagalam(Uzhavar Sandhai ),Cowpea(Veg),Cowpea (Veg),Local,12/09/2026,2000,2400,2200
Tamil Nadu,Erode,Sathiyamagalam(Uzhavar Sandhai ),Lemon,Lemon,Local,12/09/2026,10000,11000,10500
Tamil Nadu,Erode,Sathiyamagalam(Uzhavar Sandhai ),Mint(Pudina),Mint(Pudina),Local,12/09/2026,4500,5000,4750
Tamil Nadu,Coimbatore,Mettupalayam(Uzhavar Sandhai ),Beetroot,Beetroot,Local,12/09/2026,5500,6000,5750
Tamil Nadu,Coimbatore,Mettupalayam(Uzhavar Sandhai ),Apple,American,Local,12/09/2026,18000,20000,19000
Tamil Nadu,Coimbatore,Mettupalayam(Uzhavar Sandhai ),Banana,Besrai,Local,12/09/2026,4000,8000,6000
Tamil Nadu,Coimbatore,Mettupalayam(Uzhavar Sandhai ),Coriander(Leaves),I Sort,Local,12/09/2026,4000,4500,4250
Tamil Nadu,Coimbatore,Mettupalayam(Uzhavar Sandhai ),Papaya,Papaya,Local,12/09/2026,3500,4000,3750
Tamil Nadu,Coimbatore,Mettupalayam(Uzhavar Sandhai ),Bitter gourd,Bitter Gourd,Local,12/09/2026,4000,4500,4250
Tamil Nadu,Coimbatore,Mettupalayam(Uzhavar Sandhai ),Ashgourd,Gouard,Local,12/09/2026,1500,1800,1650
Tamil Nadu,Coimbatore,Mettupalayam(Uzhavar Sandhai ),Pumpkin,Pumpkin,Local,12/09/2026,1500,1800,1650
Tamil Nadu,Coimbatore,Mettupalayam(Uzhavar Sandhai ),Bhindi(Ladies Finger),Bhindi,Local,12/09/2026,3500,4000,3750
Tamil Nadu,Coimbatore,Mettupalayam(Uzhavar Sandhai ),Guava,Guava Allahabad,Local,12/09/2026,5000,6000,5500
Tamil Nadu,Coimbatore,Mettupalayam(Uzhavar Sandhai ),Turnip,Turnip,Local,12/09/2026,4500,5000,4750
Tamil Nadu,Namakkal,Tiruchengode APMC,Ginger(Green),Green Ginger,Local,12/09/2026,16000,18000,17000
Tamil Nadu,Namakkal,Tiruchengode APMC,Carrot,Pusakesar,Local,12/09/2026,6200,7000,6600
Tamil Nadu,Namakkal,Tiruchengode APMC,Tomato,Other,Local,12/09/2026,2200,2600,2400
Tamil Nadu,Namakkal,Tiruchengode APMC,Snakeguard,Snakeguard,Local,12/09/2026,4500,5000,4750
Tamil Nadu,Namakkal,Tiruchengode APMC,Banana - Green,Banana - Green,Local,12/09/2026,4000,4500,4250
Tamil Nadu,Namakkal,Tiruchengode APMC,Tapioca,Tapioca,Local,12/09/2026,3000,3500,3250
Tamil Nadu,Namakkal,Tiruchengode APMC,Capsicum,Capsicum,Local,12/09/2026,6200,7000,6600
Tamil Nadu,Namakkal,Tiruchengode APMC,Elephant Yam(Suran)/Amorphophallus,Elephant Yam (Suran),Local,12/09/2026,3000,3500,3250
Tamil Nadu,Namakkal,Tiruchengode APMC,Amla(Nelli Kai),Amla,Local,12/09/2026,8000,9000,8500
Tamil Nadu,Namakkal,Tiruchengode APMC,Onion Green,Onion Green,Local,12/09/2026,7000,8000,7500
Tamil Nadu,Namakkal,Tiruchengode APMC,Sweet Corn ,Sweet Corn ,Local,12/09/2026,4800,5500,5150
Tamil Nadu,Ariyalur,Jeyankondam (Uzhavar Sandhai ),Onion,Bellary,Local,12/09/2026,6000,6500,6250
Tamil Nadu,Ariyalur,Jeyankondam (Uzhavar Sandhai ),Bhindi(Ladies Finger),Bhindi,Local,12/09/2026,3600,4000,3800
Tamil Nadu,Coimbatore,RSPuram(Uzhavar Sandhai ),Coconut,Coconut,Local,12/09/2026,5400,5800,5600
Tamil Nadu,Coimbatore,RSPuram(Uzhavar Sandhai ),Cabbage,Cabbage,Local,12/09/2026,2000,2200,2100
Tamil Nadu,Coimbatore,RSPuram(Uzhavar Sandhai ),Banana,Red Banana,Local,12/09/2026,8000,8600,8300
Tamil Nadu,Coimbatore,RSPuram(Uzhavar Sandhai ),Ashgourd,Gouard,Local,12/09/2026,1800,2000,1900
Tamil Nadu,Coimbatore,RSPuram(Uzhavar Sandhai ),Pumpkin,Pumpkin,Local,12/09/2026,1600,1800,1700
Tamil Nadu,Coimbatore,RSPuram(Uzhavar Sandhai ),Beans,Beans (Whole),Local,12/09/2026,6500,7000,6750
Tamil Nadu,Coimbatore,RSPuram(Uzhavar Sandhai ),Guava,Guava Allahabad,Local,12/09/2026,5500,6000,5750
Tamil Nadu,Coimbatore,RSPuram(Uzhavar Sandhai ),Yam(Ratalu),Yam (Ratalu),Local,12/09/2026,7500,8000,7750
Tamil Nadu,Coimbatore,RSPuram(Uzhavar Sandhai ),Onion Green,Onion Green,Local,12/09/2026,8000,8800,8400
Tamil Nadu,Coimbatore,RSPuram(Uzhavar Sandhai ),Baby Corn,Baby Corn,Grade A,12/09/2026,2200,2600,2400
Tamil Nadu,Coimbatore,Singanallur(Uzhavar Sandhai ),Sweet Potato,Hosur Red,Local,12/09/2026,5500,6000,5750
Tamil Nadu,Coimbatore,Singanallur(Uzhavar Sandhai ),Cabbage,Cabbage,Local,12/09/2026,2500,2800,2650
Tamil Nadu,Coimbatore,Singanallur(Uzhavar Sandhai ),Apple,American,Local,12/09/2026,18000,28000,23000
Tamil Nadu,Coimbatore,Singanallur(Uzhavar Sandhai ),Orange,Darjeeling,Local,12/09/2026,14000,17000,15500
Tamil Nadu,Coimbatore,Singanallur(Uzhavar Sandhai ),Onion,Bellary,Local,12/09/2026,5200,5900,5550
Tamil Nadu,Coimbatore,Singanallur(Uzhavar Sandhai ),Potato,Other,Local,12/09/2026,5800,6200,6000
Tamil Nadu,Coimbatore,Singanallur(Uzhavar Sandhai ),Mousambi(Sweet Lime),Mousambi,Local,12/09/2026,4500,5000,4750
Tamil Nadu,Coimbatore,Singanallur(Uzhavar Sandhai ),Cluster beans,Cluster Beans,Local,12/09/2026,3000,3600,3300
Tamil Nadu,Coimbatore,Singanallur(Uzhavar Sandhai ),Bitter gourd,Other,Local,12/09/2026,4500,5000,4750
Tamil Nadu,Coimbatore,Singanallur(Uzhavar Sandhai ),Bottle gourd,Bottle Gourd,Local,12/09/2026,3000,3200,3100
Tamil Nadu,Coimbatore,Singanallur(Uzhavar Sandhai ),Pumpkin,Pumpkin,Local,12/09/2026,2000,2200,2100
Tamil Nadu,Coimbatore,Singanallur(Uzhavar Sandhai ),Green Chilli,Green Chilly,Local,12/09/2026,4000,4500,4250
Tamil Nadu,Coimbatore,Singanallur(Uzhavar Sandhai ),Ridgeguard(Tori),Ridgeguard(Tori),Local,12/09/2026,4000,4500,4250
Tamil Nadu,Coimbatore,Singanallur(Uzhavar Sandhai ),Knool Khol,Knool Khol,Local,12/09/2026,4000,4500,4250
Tamil Nadu,Coimbatore,Singanallur(Uzhavar Sandhai ),Pomegranate,Pomogranate,Local,12/09/2026,10000,15000,12500
Tamil Nadu,Coimbatore,Singanallur(Uzhavar Sandhai ),Yam(Ratalu),Yam (Ratalu),Local,12/09/2026,7500,8000,7750
Tamil Nadu,Coimbatore,Singanallur(Uzhavar Sandhai ),Amla(Nelli Kai),Amla,Local,12/09/2026,10000,11000,10500
Tamil Nadu,Coimbatore,Pollachi(Uzhavar Sandhai ),Brinjal,Other,Local,12/09/2026,4000,4500,4250
Tamil Nadu,Coimbatore,Pollachi(Uzhavar Sandhai ),Snakeguard,Snakeguard,Local,12/09/2026,3500,4000,3750
Tamil Nadu,Coimbatore,Pollachi(Uzhavar Sandhai ),Bhindi(Ladies Finger),Bhindi,Local,12/09/2026,4500,5000,4750
Tamil Nadu,Coimbatore,Pollachi(Uzhavar Sandhai ),Chow Chow,Chow Chow,Local,12/09/2026,3500,4000,3750
Tamil Nadu,Coimbatore,Pollachi(Uzhavar Sandhai ),Yam(Ratalu),Yam (Ratalu),Local,12/09/2026,5000,6000,5500
Tamil Nadu,Karur,Karur(Uzhavar Sandhai ),Coconut,Coconut,Local,12/09/2026,5500,6000,5750
Tamil Nadu,Karur,Karur(Uzhavar Sandhai ),Carrot,Pusakesar,Local,12/09/2026,6500,7000,6750
Tamil Nadu,Karur,Karur(Uzhavar Sandhai ),Coriander(Leaves),I Sort,Local,12/09/2026,5500,6000,5750
Tamil Nadu,Karur,Karur(Uzhavar Sandhai ),Papaya,Papaya,Local,12/09/2026,4000,4500,4250
Tamil Nadu,Karur,Karur(Uzhavar Sandhai ),Pumpkin,Pumpkin,Local,12/09/2026,2000,2500,2250
Tamil Nadu,Karur,Karur(Uzhavar Sandhai ),Yam(Ratalu),Yam (Ratalu),Local,12/09/2026,9000,10000,9500
Tamil Nadu,Karur,Karur(Uzhavar Sandhai ),Sweet Corn ,Sweet Corn ,Local,12/09/2026,3500,4000,3750
Tamil Nadu,Coimbatore,Kurichi(Uzhavar Sandhai ),Cluster beans,Cluster Beans,Local,12/09/2026,3500,4000,3750
Tamil Nadu,Coimbatore,Kurichi(Uzhavar Sandhai ),Bhindi(Ladies Finger),Bhindi,Local,12/09/2026,4000,4500,4250
Tamil Nadu,Coimbatore,Kurichi(Uzhavar Sandhai ),Amaranthus,Amaranthus,Local,12/09/2026,5000,6500,5750
Tamil Nadu,Coimbatore,Kurichi(Uzhavar Sandhai ),Green Chilli,Green Chilly,Local,12/09/2026,4000,4500,4250
Tamil Nadu,Coimbatore,Kurichi(Uzhavar Sandhai ),Green Avare(W),Green Avare (W),Local,12/09/2026,5500,6000,5750
Tamil Nadu,Cuddalore,Chidambaram(Uzhavar Sandhai ),Onion,Bellary,Local,12/09/2026,5000,5000,5000
Tamil Nadu,Cuddalore,Chidambaram(Uzhavar Sandhai ),Potato,Red Nanital,Local,12/09/2026,4000,4000,4000
Tamil Nadu,Cuddalore,Cuddalore(Uzhavar Sandhai ),Coconut,Coconut,Local,12/09/2026,6000,7000,6500
Tamil Nadu,Cuddalore,Cuddalore(Uzhavar Sandhai ),Cabbage,Cabbage,Local,12/09/2026,3000,3000,3000
Tamil Nadu,Cuddalore,Cuddalore(Uzhavar Sandhai ),Groundnut,Big (With Shell),Local,12/09/2026,8000,8000,8000
Tamil Nadu,Cuddalore,Cuddalore(Uzhavar Sandhai ),Brinjal,Round,Local,12/09/2026,4000,5000,4500
Tamil Nadu,Cuddalore,Cuddalore(Uzhavar Sandhai ),Ashgourd,Gouard,Local,12/09/2026,2000,3000,2500
Tamil Nadu,Cuddalore,Cuddalore(Uzhavar Sandhai ),Green Chilli,Green Chilly,Local,12/09/2026,4000,5000,4500
Tamil Nadu,Cuddalore,Cuddalore(Uzhavar Sandhai ),Tapioca,Tapioca,Local,12/09/2026,4000,5000,4500
Tamil Nadu,Cuddalore,Cuddalore(Uzhavar Sandhai ),Ridgeguard(Tori),Ridgeguard(Tori),Local,12/09/2026,6000,6000,6000
Tamil Nadu,Cuddalore,Cuddalore(Uzhavar Sandhai ),Green Avare(W),Green Avare (W),Local,12/09/2026,6000,6000,6000
Tamil Nadu,Cuddalore,Cuddalore(Uzhavar Sandhai ),Drumstick,Drumstick,Local,12/09/2026,5000,5000,5000
Tamil Nadu,Cuddalore,Cuddalore(Uzhavar Sandhai ),Guava,Guava Allahabad,Local,12/09/2026,4000,5000,4500
Tamil Nadu,Cuddalore,Cuddalore(Uzhavar Sandhai ),Yam(Ratalu),Yam (Ratalu),Local,12/09/2026,6000,6000,6000
Tamil Nadu,Cuddalore,Cuddalore(Uzhavar Sandhai ),Amla(Nelli Kai),Amla,Local,12/09/2026,13000,13000,13000
Tamil Nadu,Tuticorin,Tuticorin(Uzhavar Sandhai ),Sweet Potato,Hosur Red,Local,12/09/2026,5000,6000,5500
Tamil Nadu,Tuticorin,Tuticorin(Uzhavar Sandhai ),Snakeguard,Snakeguard,Local,12/09/2026,4500,5000,4750
Tamil Nadu,Tuticorin,Tuticorin(Uzhavar Sandhai ),Orange,Darjeeling,Local,12/09/2026,14000,15000,14500
Tamil Nadu,Tuticorin,Tuticorin(Uzhavar Sandhai ),Chikoos(Sapota),Sapota,Local,12/09/2026,5000,6000,5500
Tamil Nadu,Tuticorin,Tuticorin(Uzhavar Sandhai ),Bottle gourd,Bottle Gourd,Local,12/09/2026,1500,2000,1750
Tamil Nadu,Tuticorin,Tuticorin(Uzhavar Sandhai ),Tapioca,Tapioca,Local,12/09/2026,3000,3500,3250
Tamil Nadu,Tuticorin,Tuticorin(Uzhavar Sandhai ),Guava,Guava Allahabad,Local,12/09/2026,5000,6000,5500
Tamil Nadu,Tuticorin,Tuticorin(Uzhavar Sandhai ),Pomegranate,Pomogranate,Local,12/09/2026,21000,22000,21500
Tamil Nadu,Tuticorin,Tuticorin(Uzhavar Sandhai ),Elephant Yam(Suran)/Amorphophallus,Elephant Yam (Suran),Local,12/09/2026,4500,5000,4750
Tamil Nadu,Nagercoil (Kannyiakumari),Vadaseri APMC,Banana,Besrai,Local,12/09/2026,7000,7500,7250
Tamil Nadu,Nagercoil (Kannyiakumari),Vadaseri APMC,Cauliflower,Ranchi,Local,12/09/2026,5000,5500,5250
Tamil Nadu,Nagercoil (Kannyiakumari),Vadaseri APMC,Papaya,Papaya,Local,12/09/2026,3500,4000,3750
Tamil Nadu,Nagercoil (Kannyiakumari),Vadaseri APMC,Tomato,Local,Local,12/09/2026,3300,3800,3550
Tamil Nadu,Nagercoil (Kannyiakumari),Vadaseri APMC,Banana - Green,Banana - Green,Local,12/09/2026,6500,7000,6750
Tamil Nadu,Nagercoil (Kannyiakumari),Vadaseri APMC,Tapioca,Tapioca,Local,12/09/2026,3500,4000,3750
Tamil Nadu,Nagercoil (Kannyiakumari),Vadaseri APMC,Cucumbar(Kheera),Cucumbar,Local,12/09/2026,3500,4000,3750
Tamil Nadu,Nagercoil (Kannyiakumari),Vadaseri APMC,Chow Chow,Chow Chow,Local,12/09/2026,4300,4800,4550
Tamil Nadu,Nagercoil (Kannyiakumari),Vadaseri APMC,Jack Fruit(Ripe),Jack Fruit,Local,12/09/2026,3000,3500,3250
Tamil Nadu,Nagercoil (Kannyiakumari),Vadaseri APMC,Elephant Yam(Suran)/Amorphophallus,Elephant Yam (Suran),Local,12/09/2026,5500,6000,5750
Tamil Nadu,Pudukkottai,Karambakkudi(Uzhavar Sandhai ),Banana,Other,Local,12/09/2026,6000,7000,6500
Tamil Nadu,Pudukkottai,Karambakkudi(Uzhavar Sandhai ),Pumpkin,Pumpkin,Local,12/09/2026,1000,1500,1250
Tamil Nadu,Pudukkottai,Karambakkudi(Uzhavar Sandhai ),Green Chilli,Green Chilly,Local,12/09/2026,5000,6000,5500
Tamil Nadu,Pudukkottai,Karambakkudi(Uzhavar Sandhai ),Raddish,Raddish,Local,12/09/2026,3500,4000,3750
Tamil Nadu,Pudukkottai,Karambakkudi(Uzhavar Sandhai ),Lemon,Lemon,Local,12/09/2026,17000,18000,17500
Tamil Nadu,Pudukkottai,Karambakkudi(Uzhavar Sandhai ),Mint(Pudina),Mint(Pudina),Local,12/09/2026,4500,5000,4750
Tamil Nadu,Vellore,Thirupathur APMC,Coconut,Coconut,Local,12/09/2026,5000,5000,5000
Tamil Nadu,Vellore,Thirupathur APMC,Banana,Besrai,Local,12/09/2026,4000,4000,4000
Tamil Nadu,Vellore,Thirupathur APMC,Garlic,Garlic,Local,12/09/2026,26000,26000,26000
Tamil Nadu,Vellore,Thirupathur APMC,Coriander(Leaves),I Sort,Local,12/09/2026,4000,4000,4000
Tamil Nadu,Vellore,Thirupathur APMC,Chikoos(Sapota),Sapota,Local,12/09/2026,4000,4000,4000
Tamil Nadu,Vellore,Thirupathur APMC,Bitter gourd,Bitter Gourd,Local,12/09/2026,5000,5000,5000
Tamil Nadu,Vellore,Thirupathur APMC,Ashgourd,Gouard,Local,12/09/2026,2000,2000,2000
Tamil Nadu,Vellore,Thirupathur APMC,Amaranthus,Amaranthus,Local,12/09/2026,2000,2000,2000
Tamil Nadu,Vellore,Thirupathur APMC,Banana - Green,Banana - Green,Local,12/09/2026,2500,2500,2500
Tamil Nadu,Vellore,Thirupathur APMC,Tapioca,Tapioca,Local,12/09/2026,3000,3000,3000
Tamil Nadu,Vellore,Thirupathur APMC,Cucumbar(Kheera),Cucumbar,Local,12/09/2026,4000,4000,4000
Tamil Nadu,Vellore,Thirupathur APMC,Yam(Ratalu),Yam (Ratalu),Local,12/09/2026,4000,4000,4000
Tamil Nadu,Vellore,Thirupathur APMC,Amla(Nelli Kai),Amla,Local,12/09/2026,8000,8000,8000
Tamil Nadu,Vellore,Vellore APMC,Ginger(Green),Green Ginger,Local,12/09/2026,15000,17000,16000
Tamil Nadu,Vellore,Vellore APMC,Carrot,Pusakesar,Local,12/09/2026,4000,4500,4250
Tamil Nadu,Vellore,Vellore APMC,Tomato,Deshi,Local,12/09/2026,2000,2500,2250
Tamil Nadu,Vellore,Vellore APMC,Beans,Beans (Whole),Local,12/09/2026,4500,5500,5000
Tamil Nadu,Vellore,Vellore APMC,Ridgeguard(Tori),Ridgeguard(Tori),Local,12/09/2026,3000,3500,3250
Tamil Nadu,Vellore,Vellore APMC,Thondekai,Thondekai,Local,12/09/2026,2500,3000,2750
Tamil Nadu,Vellore,Vellore APMC,Indian Beans(Seam),Indian Beans (Seam),Local,12/09/2026,5000,5500,5250
Tamil Nadu,Vellore,Vellore APMC,Onion Green,Onion Green,Local,12/09/2026,8000,9000,8500
Tamil Nadu,Vellore,Vellore APMC,Rose(Local),Rose (Local),Local,12/09/2026,10000,12000,11000
Tamil Nadu,Dharmapuri,Harur(Uzhavar Sandhai ),Bhindi(Ladies Finger),Bhindi,Local,12/09/2026,2000,2500,2250
Tamil Nadu,Dharmapuri,Harur(Uzhavar Sandhai ),Beetroot,Beetroot,Local,12/09/2026,4000,5000,4500
Tamil Nadu,Dharmapuri,Harur(Uzhavar Sandhai ),Cucumbar(Kheera),Cucumbar,Local,12/09/2026,4000,5000,4500
Tamil Nadu,Dharmapuri,Harur(Uzhavar Sandhai ),Raddish,Raddish,Local,12/09/2026,2000,2500,2250
Tamil Nadu,Dharmapuri,Harur(Uzhavar Sandhai ),Mint(Pudina),Mint(Pudina),Local,12/09/2026,3500,4000,3750
Tamil Nadu,Krishnagiri,Kaveripattinam(Uzhavar Sandhai ),Potato,Red Nanital,Local,12/09/2026,4000,4000,4000
Tamil Nadu,Krishnagiri,Kaveripattinam(Uzhavar Sandhai ),Ashgourd,Gouard,Local,12/09/2026,2000,2000,2000
Tamil Nadu,Krishnagiri,Kaveripattinam(Uzhavar Sandhai ),Green Chilli,Green Chilly,Local,12/09/2026,5000,5000,5000
Tamil Nadu,Krishnagiri,Kaveripattinam(Uzhavar Sandhai ),Ginger(Green),Green Ginger,Local,12/09/2026,15000,15000,15000
Tamil Nadu,Krishnagiri,Kaveripattinam(Uzhavar Sandhai ),Raddish,Raddish,Local,12/09/2026,3500,3500,3500
Tamil Nadu,Krishnagiri,Kaveripattinam(Uzhavar Sandhai ),Drumstick,Drumstick,Local,12/09/2026,4000,4000,4000
Tamil Nadu,The Nilgiris,Coonoor(Uzhavar Sandhai ),Carrot,Pusakesar,Local,12/09/2026,4000,5000,4500
Tamil Nadu,The Nilgiris,Coonoor(Uzhavar Sandhai ),Potato,Other,Local,12/09/2026,4000,5500,4750
Tamil Nadu,The Nilgiris,Coonoor(Uzhavar Sandhai ),Garlic,Garlic,Local,12/09/2026,18000,20000,19000
Tamil Nadu,The Nilgiris,Coonoor(Uzhavar Sandhai ),Brinjal,Other,Local,12/09/2026,3600,3800,3700
Tamil Nadu,The Nilgiris,Coonoor(Uzhavar Sandhai ),Tapioca,Tapioca,Local,12/09/2026,3600,3800,3700
Tamil Nadu,The Nilgiris,Coonoor(Uzhavar Sandhai ),Thondekai,Thondekai,Local,12/09/2026,4500,5000,4750
Tamil Nadu,The Nilgiris,Coonoor(Uzhavar Sandhai ),Chow Chow,Chow Chow,Local,12/09/2026,2800,3000,2900
Tamil Nadu,The Nilgiris,Coonoor(Uzhavar Sandhai ),Turnip,Turnip,Local,12/09/2026,3500,4000,3750
Tamil Nadu,The Nilgiris,Gudalur(Uzhavar Sandhai ),Coconut,Coconut,Local,12/09/2026,6000,6500,6250
Tamil Nadu,The Nilgiris,Gudalur(Uzhavar Sandhai ),Snakeguard,Snakeguard,Local,12/09/2026,3000,3500,3250
Tamil Nadu,The Nilgiris,Gudalur(Uzhavar Sandhai ),Banana,Besrai,Local,12/09/2026,4000,5000,4500
Tamil Nadu,The Nilgiris,Gudalur(Uzhavar Sandhai ),Garlic,Garlic,Local,12/09/2026,19000,20000,19500
Tamil Nadu,The Nilgiris,Gudalur(Uzhavar Sandhai ),Cowpea(Veg),Cowpea (Veg),Local,12/09/2026,2500,3000,2750
Tamil Nadu,The Nilgiris,Gudalur(Uzhavar Sandhai ),Banana - Green,Banana - Green,Local,12/09/2026,4000,4500,4250
Tamil Nadu,The Nilgiris,Gudalur(Uzhavar Sandhai ),Tapioca,Tapioca,Local,12/09/2026,3000,3500,3250
Tamil Nadu,The Nilgiris,Gudalur(Uzhavar Sandhai ),Ridgeguard(Tori),Ridgeguard(Tori),Local,12/09/2026,4000,4500,4250
Tamil Nadu,The Nilgiris,Gudalur(Uzhavar Sandhai ),Thondekai,Thondekai,Local,12/09/2026,2500,3000,2750
Tamil Nadu,The Nilgiris,Gudalur(Uzhavar Sandhai ),Capsicum,Capsicum,Local,12/09/2026,5000,6000,5500
Tamil Nadu,The Nilgiris,Gudalur(Uzhavar Sandhai ),Green Avare(W),Green Avare (W),Local,12/09/2026,6000,6500,6250
Tamil Nadu,The Nilgiris,Gudalur(Uzhavar Sandhai ),Chow Chow,Chow Chow,Local,12/09/2026,2500,3000,2750
Tamil Nadu,The Nilgiris,Gudalur(Uzhavar Sandhai ),Turnip,Turnip,Local,12/09/2026,3500,4000,3750
Tamil Nadu,Thirupur,Tiruppur (South) (Uzhavar Sandhai ),Carrot,Pusakesar,Local,12/09/2026,5000,6000,5500
Tamil Nadu,Thirupur,Tiruppur (South) (Uzhavar Sandhai ),Cabbage,Cabbage,Local,12/09/2026,1500,2000,1750
Tamil Nadu,Thirupur,Tiruppur (South) (Uzhavar Sandhai ),Banana,Red Banana,Local,12/09/2026,5000,6000,5500
Tamil Nadu,Thirupur,Tiruppur (South) (Uzhavar Sandhai ),Papaya,Papaya,Local,12/09/2026,2500,3000,2750
Tamil Nadu,Thirupur,Tiruppur (South) (Uzhavar Sandhai ),Cluster beans,Cluster Beans,Local,12/09/2026,3000,4000,3500
Tamil Nadu,Thirupur,Tiruppur (South) (Uzhavar Sandhai ),Green Chilli,Green Chilly,Local,12/09/2026,3000,4000,3500
Tamil Nadu,Thirupur,Tiruppur (South) (Uzhavar Sandhai ),Tapioca,Tapioca,Local,12/09/2026,2500,3000,2750
Tamil Nadu,Thirupur,Tiruppur (South) (Uzhavar Sandhai ),Ginger(Green),Green Ginger,Local,12/09/2026,12000,15000,13500
Tamil Nadu,Thirupur,Tiruppur (South) (Uzhavar Sandhai ),Ridgeguard(Tori),Ridgeguard(Tori),Local,12/09/2026,5000,6000,5500
Tamil Nadu,Thirupur,Tiruppur (South) (Uzhavar Sandhai ),Raddish,Raddish,Local,12/09/2026,1700,2000,1850
Tamil Nadu,Thirupur,Tiruppur (South) (Uzhavar Sandhai ),Lemon,Lemon,Local,12/09/2026,25000,30000,27500
Tamil Nadu,Erode,Perundurai(Uzhavar Sandhai ),Banana,Besrai,Local,12/09/2026,3000,3500,3250
Tamil Nadu,Erode,Perundurai(Uzhavar Sandhai ),Amaranthus,Amaranthus,Local,12/09/2026,3500,4000,3750
Tamil Nadu,Erode,Perundurai(Uzhavar Sandhai ),Banana - Green,Banana - Green,Local,12/09/2026,2500,2800,2650
Tamil Nadu,Erode,Perundurai(Uzhavar Sandhai ),Beans,Beans (Whole),Local,12/09/2026,6500,7000,6750
Tamil Nadu,Erode,Perundurai(Uzhavar Sandhai ),Beetroot,Beetroot,Local,12/09/2026,4500,5000,4750
Tamil Nadu,Erode,Perundurai(Uzhavar Sandhai ),Raddish,Raddish,Local,12/09/2026,2200,2500,2350
Tamil Nadu,Erode,Perundurai(Uzhavar Sandhai ),Drumstick,Drumstick,Local,12/09/2026,3000,3500,3250
Tamil Nadu,Erode,Perundurai(Uzhavar Sandhai ),Mint(Pudina),Mint(Pudina),Local,12/09/2026,3000,3500,3250
Tamil Nadu,Dharmapuri,Dharmapuri(Uzhavar Sandhai ),Coconut,Coconut,Local,12/09/2026,7000,7400,7200
Tamil Nadu,Dharmapuri,Dharmapuri(Uzhavar Sandhai ),Carrot,Pusakesar,Local,12/09/2026,6200,6400,6300
Tamil Nadu,Dharmapuri,Dharmapuri(Uzhavar Sandhai ),Snakeguard,Snakeguard,Local,12/09/2026,2400,2600,2500
Tamil Nadu,Dharmapuri,Dharmapuri(Uzhavar Sandhai ),Cauliflower,Ranchi,Local,12/09/2026,3300,3500,3400
Tamil Nadu,Dharmapuri,Dharmapuri(Uzhavar Sandhai ),Pumpkin,Pumpkin,Local,12/09/2026,1400,1500,1450
Tamil Nadu,Dharmapuri,Dharmapuri(Uzhavar Sandhai ),Ginger(Green),Green Ginger,Local,12/09/2026,21000,22000,21500
Tamil Nadu,Dharmapuri,Dharmapuri(Uzhavar Sandhai ),Beetroot,Beetroot,Local,12/09/2026,4800,5200,5000
Tamil Nadu,Dharmapuri,Dharmapuri(Uzhavar Sandhai ),Cucumbar(Kheera),Cucumbar,Local,12/09/2026,4200,4400,4300
Tamil Nadu,Dharmapuri,Dharmapuri(Uzhavar Sandhai ),Green Avare(W),Green Avare (W),Local,12/09/2026,4600,5000,4800
Tamil Nadu,Dharmapuri,Dharmapuri(Uzhavar Sandhai ),Drumstick,Drumstick,Local,12/09/2026,2400,2500,2450
Tamil Nadu,Dharmapuri,Dharmapuri(Uzhavar Sandhai ),Pear(Marasebu),Pears,Local,12/09/2026,14800,15600,15200
Tamil Nadu,Dharmapuri,Dharmapuri(Uzhavar Sandhai ),Mashrooms,Mashrooms,Local,12/09/2026,17000,18000,17500
Tamil Nadu,Dharmapuri,Dharmapuri(Uzhavar Sandhai ),Sweet Corn ,Sweet Corn ,Local,12/09/2026,2800,3000,2900
Tamil Nadu,Dharmapuri,Palacode(Uzhavar Sandhai ),Coconut,Coconut,Local,12/09/2026,6000,6500,6250
Tamil Nadu,Dharmapuri,Palacode(Uzhavar Sandhai ),Onion,Bellary,Local,12/09/2026,6200,6400,6300
Tamil Nadu,Dharmapuri,Palacode(Uzhavar Sandhai ),Potato,Other,Local,12/09/2026,2500,2800,2650
Tamil Nadu,Dharmapuri,Palacode(Uzhavar Sandhai ),Cluster beans,Cluster Beans,Local,12/09/2026,3200,3500,3350
Tamil Nadu,Dharmapuri,Palacode(Uzhavar Sandhai ),Bottle gourd,Bottle Gourd,Local,12/09/2026,1600,2000,1800
Tamil Nadu,Dharmapuri,Palacode(Uzhavar Sandhai ),Ginger(Green),Green Ginger,Local,12/09/2026,21500,22000,21750
Tamil Nadu,Dharmapuri,Palacode(Uzhavar Sandhai ),Mint(Pudina),Mint(Pudina),Local,12/09/2026,5000,5500,5250
Tamil Nadu,Dharmapuri,Pennagaram(Uzhavar Sandhai ),Potato,Red Nanital,Local,12/09/2026,3000,3500,3250
Tamil Nadu,Dharmapuri,Pennagaram(Uzhavar Sandhai ),Bhindi(Ladies Finger),Bhindi,Local,12/09/2026,2200,2500,2350
Tamil Nadu,Dharmapuri,Pennagaram(Uzhavar Sandhai ),Cowpea(Veg),Cowpea (Veg),Local,12/09/2026,5500,6000,5750
Tamil Nadu,Dharmapuri,Pennagaram(Uzhavar Sandhai ),Banana - Green,Banana - Green,Local,12/09/2026,2500,3000,2750
Tamil Nadu,Dharmapuri,Pennagaram(Uzhavar Sandhai ),Beetroot,Beetroot,Local,12/09/2026,5000,5500,5250
Tamil Nadu,Dharmapuri,Pennagaram(Uzhavar Sandhai ),Ridgeguard(Tori),Ridgeguard(Tori),Local,12/09/2026,2800,3000,2900
Tamil Nadu,Dharmapuri,Pennagaram(Uzhavar Sandhai ),Capsicum,Capsicum,Local,12/09/2026,6000,7000,6500
Tamil Nadu,Dharmapuri,Pennagaram(Uzhavar Sandhai ),Chow Chow,Chow Chow,Local,12/09/2026,4500,5000,4750
Tamil Nadu,Dindigul,Chinnalapatti(Uzhavar Sandhai ),Coconut,Coconut,Local,12/09/2026,6500,7000,6750
Tamil Nadu,Dindigul,Chinnalapatti(Uzhavar Sandhai ),Banana,Besrai,Local,12/09/2026,6000,7000,6500
Tamil Nadu,Dindigul,Chinnalapatti(Uzhavar Sandhai ),Coriander(Leaves),I Sort,Local,12/09/2026,3000,3500,3250
Tamil Nadu,Dindigul,Chinnalapatti(Uzhavar Sandhai ),Cluster beans,Cluster Beans,Local,12/09/2026,3600,4000,3800
Tamil Nadu,Dindigul,Chinnalapatti(Uzhavar Sandhai ),Beans,Beans (Whole),Local,12/09/2026,7000,8000,7500
Tamil Nadu,Dindigul,Chinnalapatti(Uzhavar Sandhai ),Drumstick,Drumstick,Local,12/09/2026,3000,4000,3500
Tamil Nadu,Dindigul,Chinnalapatti(Uzhavar Sandhai ),Elephant Yam(Suran)/Amorphophallus,Elephant Yam (Suran),Local,12/09/2026,5600,6000,5800
Tamil Nadu,Dindigul,Chinnalapatti(Uzhavar Sandhai ),Indian Beans(Seam),Indian Beans (Seam),Local,12/09/2026,7600,8000,7800
Tamil Nadu,Dindigul,Chinnalapatti(Uzhavar Sandhai ),Onion Green,Onion Green,Local,12/09/2026,7000,8000,7500
Tamil Nadu,Dindigul,Dindigul(Uzhavar Sandhai ),Soyabean,Local,Local,12/09/2026,10000,12000,11000
Tamil Nadu,Dindigul,Dindigul(Uzhavar Sandhai ),Banana,Besrai,Local,12/09/2026,7000,9000,8000
Tamil Nadu,Dindigul,Dindigul(Uzhavar Sandhai ),Papaya,Papaya,Local,12/09/2026,4000,4500,4250
Tamil Nadu,Dindigul,Dindigul(Uzhavar Sandhai ),Tomato,Deshi,Local,12/09/2026,2500,3000,2750
Tamil Nadu,Dindigul,Dindigul(Uzhavar Sandhai ),Bhindi(Ladies Finger),Bhindi,Local,12/09/2026,3500,4000,3750
Tamil Nadu,Dindigul,Dindigul(Uzhavar Sandhai ),Green Avare(W),Green Avare (W),Local,12/09/2026,7000,8000,7500
Tamil Nadu,Dindigul,Dindigul(Uzhavar Sandhai ),Colacasia,Colacasia,Local,12/09/2026,6000,7000,6500
Tamil Nadu,Dindigul,Dindigul(Uzhavar Sandhai ),Amla(Nelli Kai),Amla,Local,12/09/2026,5000,6000,5500
Tamil Nadu,Dindigul,Palani(Uzhavar Sandhai ),Cowpea(Veg),Cowpea (Veg),Local,12/09/2026,2500,3000,2750
Tamil Nadu,Dindigul,Palani(Uzhavar Sandhai ),Raddish,Raddish,Local,12/09/2026,2500,3000,2750
Tamil Nadu,Dindigul,Palani(Uzhavar Sandhai ),Green Avare(W),Other,Local,12/09/2026,4500,5000,4750
Tamil Nadu,Dindigul,Palani(Uzhavar Sandhai ),Knool Khol,Knool Khol,Local,12/09/2026,4000,5000,4500
Tamil Nadu,Dindigul,Palani(Uzhavar Sandhai ),Tamarind Fruit,Tamarind Fruit,Local,12/09/2026,11000,12000,11500
Tamil Nadu,Dindigul,Palani(Uzhavar Sandhai ),Elephant Yam(Suran)/Amorphophallus,Elephant Yam (Suran),Local,12/09/2026,4000,5000,4500
Tamil Nadu,Dindigul,Palani(Uzhavar Sandhai ),Yam(Ratalu),Yam (Ratalu),Local,12/09/2026,7000,8000,7500
Tamil Nadu,Dindigul,Palani(Uzhavar Sandhai ),Indian Beans(Seam),Indian Beans (Seam),Local,12/09/2026,7000,8000,7500
Tamil Nadu,Erode,Periyar Nagar(Uzhavar Sandhai ),Banana,Besrai,Local,12/09/2026,5000,5400,5200
Tamil Nadu,Erode,Periyar Nagar(Uzhavar Sandhai ),Drumstick,Drumstick,Local,12/09/2026,3000,3400,3200
Tamil Nadu,Erode,Periyar Nagar(Uzhavar Sandhai ),Lemon,Lemon,Local,12/09/2026,24000,27000,25500
Tamil Nadu,Kallakuruchi,Sankarapuram(Uzhavar Sandhai ),Sweet Potato,Hosur Red,Local,12/09/2026,3000,3000,3000
Tamil Nadu,Kallakuruchi,Sankarapuram(Uzhavar Sandhai ),Green Chilli,Green Chilly,Local,12/09/2026,5000,5000,5000
Tamil Nadu,Kallakuruchi,Sankarapuram(Uzhavar Sandhai ),Raddish,Raddish,Local,12/09/2026,5000,5000,5000
Tamil Nadu,Kallakuruchi,Sankarapuram(Uzhavar Sandhai ),Mango(Raw-Ripe),Mango - Raw-Ripe,Local,12/09/2026,10000,10000,10000
Tamil Nadu,Kallakuruchi,Sankarapuram(Uzhavar Sandhai ),Jack Fruit(Ripe),Jack Fruit,Local,12/09/2026,2000,2000,2000
Tamil Nadu,Kancheepuram,Kancheepuram(Uzhavar Sandhai ),Raddish,Raddish,Local,12/09/2026,2500,3500,3000
Tamil Nadu,Kancheepuram,Kancheepuram(Uzhavar Sandhai ),Guava,Guava Allahabad,Local,12/09/2026,4000,5000,4500
Tamil Nadu,Kancheepuram,Kancheepuram(Uzhavar Sandhai ),Tender Coconut,Tender Coconut,Local,12/09/2026,2200,2800,2500
Tamil Nadu,Kancheepuram,Kundrathur(Uzhavar Sandhai ),Brinjal,Other,Local,12/09/2026,3500,3500,3500
Tamil Nadu,Kancheepuram,Kundrathur(Uzhavar Sandhai ),Tomato,Other,Local,12/09/2026,2500,3000,2750
Tamil Nadu,Kancheepuram,Kundrathur(Uzhavar Sandhai ),Bitter gourd,Bitter Gourd,Local,12/09/2026,4000,4000,4000
Tamil Nadu,Kancheepuram,Kundrathur(Uzhavar Sandhai ),Beans,Beans (Whole),Local,12/09/2026,7000,7000,7000
Tamil Nadu,Kancheepuram,Kundrathur(Uzhavar Sandhai ),Cucumbar(Kheera),Cucumbar,Local,12/09/2026,3000,3000,3000
Tamil Nadu,Kancheepuram,Kundrathur(Uzhavar Sandhai ),Capsicum,Capsicum,Local,12/09/2026,4500,4500,4500
Tamil Nadu,Kancheepuram,Padappai(Uzhavar Sandhai ),Snakeguard,Snakeguard,Local,12/09/2026,2500,3000,2750
Tamil Nadu,Kancheepuram,Padappai(Uzhavar Sandhai ),Apple,American,Local,12/09/2026,13000,19000,16000
Tamil Nadu,Kancheepuram,Padappai(Uzhavar Sandhai ),Ashgourd,Gouard,Local,12/09/2026,2000,2500,2250
Tamil Nadu,Kancheepuram,Padappai(Uzhavar Sandhai ),Amaranthus,Amaranthus,Local,12/09/2026,3500,4000,3750
Tamil Nadu,Kancheepuram,Padappai(Uzhavar Sandhai ),Raddish,Raddish,Local,12/09/2026,2500,3500,3000
Tamil Nadu,Kancheepuram,Padappai(Uzhavar Sandhai ),Mashrooms,Mashrooms,Local,12/09/2026,25000,34000,29500
Tamil Nadu,Kancheepuram,Sunguvarchatram(Uzhavar Sandhai ),Beetroot,Beetroot,Local,12/09/2026,4000,4000,4000
Tamil Nadu,Kancheepuram,Sunguvarchatram(Uzhavar Sandhai ),Amaranthus,Amaranthus,Local,12/09/2026,3000,3000,3000
Tamil Nadu,Kancheepuram,Sunguvarchatram(Uzhavar Sandhai ),Raddish,Raddish,Local,12/09/2026,3500,3500,3500
Tamil Nadu,Kancheepuram,Sunguvarchatram(Uzhavar Sandhai ),Capsicum,Capsicum,Local,12/09/2026,4500,4500,4500
Tamil Nadu,Kancheepuram,Sunguvarchatram(Uzhavar Sandhai ),Green Avare(W),Green Avare (W),Local,12/09/2026,5000,5000,5000
Tamil Nadu,Krishnagiri,Avallapalli(Uzhavar Sandhai ),Coconut,Coconut,Local,12/09/2026,5500,6000,5750
Tamil Nadu,Krishnagiri,Avallapalli(Uzhavar Sandhai ),Garlic,Garlic,Local,12/09/2026,22000,24000,23000
Tamil Nadu,Krishnagiri,Avallapalli(Uzhavar Sandhai ),Papaya,Papaya,Local,12/09/2026,3500,4000,3750
Tamil Nadu,Krishnagiri,Avallapalli(Uzhavar Sandhai ),Snakeguard,Snakeguard,Local,12/09/2026,3000,3500,3250
Tamil Nadu,Krishnagiri,Avallapalli(Uzhavar Sandhai ),Green Chilli,Green Chilly,Local,12/09/2026,4500,5000,4750
Tamil Nadu,Krishnagiri,Avallapalli(Uzhavar Sandhai ),Cowpea(Veg),Cowpea (Veg),Local,12/09/2026,5500,6000,5750
Tamil Nadu,Krishnagiri,Avallapalli(Uzhavar Sandhai ),Banana - Green,Banana - Green,Local,12/09/2026,3500,4000,3750
Tamil Nadu,Krishnagiri,Avallapalli(Uzhavar Sandhai ),Beans,Beans (Whole),Local,12/09/2026,6000,7000,6500
Tamil Nadu,Krishnagiri,Avallapalli(Uzhavar Sandhai ),Ridgeguard(Tori),Ridgeguard(Tori),Local,12/09/2026,3000,3500,3250
Tamil Nadu,Krishnagiri,Avallapalli(Uzhavar Sandhai ),Thondekai,Thondekai,Local,12/09/2026,3000,3500,3250
Tamil Nadu,Krishnagiri,Avallapalli(Uzhavar Sandhai ),Tamarind Fruit,Tamarind Fruit,Local,12/09/2026,9000,10000,9500
Tamil Nadu,Dharmapuri,Karimangalam(Uzhavar Sandhai),Ginger(Green),Green Ginger,Local,12/09/2026,19000,20000,19500
Tamil Nadu,Dharmapuri,Karimangalam(Uzhavar Sandhai),Coconut,Coconut,Local,12/09/2026,6500,7000,6750
Tamil Nadu,Dharmapuri,Karimangalam(Uzhavar Sandhai),Carrot,Pusakesar,Local,12/09/2026,6000,6500,6250
Tamil Nadu,Dharmapuri,Karimangalam(Uzhavar Sandhai),Coriander(Leaves),I Sort,Local,12/09/2026,4500,5000,4750
Tamil Nadu,Dharmapuri,Karimangalam(Uzhavar Sandhai),Papaya,Papaya,Local,12/09/2026,3300,3500,3400
Tamil Nadu,Dharmapuri,Karimangalam(Uzhavar Sandhai),Tomato,Local,Local,12/09/2026,2300,2500,2400
Tamil Nadu,Dharmapuri,Karimangalam(Uzhavar Sandhai),Bitter gourd,Other,Local,12/09/2026,4000,4500,4250
Tamil Nadu,Dharmapuri,Karimangalam(Uzhavar Sandhai),Bhindi(Ladies Finger),Bhindi,Local,12/09/2026,2300,2500,2400
Tamil Nadu,Dharmapuri,Karimangalam(Uzhavar Sandhai),Beans,Beans (Whole),Local,12/09/2026,8000,9000,8500
Tamil Nadu,Dharmapuri,Karimangalam(Uzhavar Sandhai),Thondekai,Thondekai,Local,12/09/2026,4500,5000,4750
Tamil Nadu,Dharmapuri,Karimangalam(Uzhavar Sandhai),Knool Khol,Knool Khol,Local,12/09/2026,4000,4400,4200
Tamil Nadu,Dharmapuri,Karimangalam(Uzhavar Sandhai),Mint(Pudina),Mint(Pudina),Local,12/09/2026,4500,5000,4750
Tamil Nadu,Krishnagiri,Denkanikottai(Uzhavar Sandhai ),Sweet Potato,Hosur Red,Local,12/09/2026,5500,6000,5750
Tamil Nadu,Krishnagiri,Denkanikottai(Uzhavar Sandhai ),Potato,Red Nanital,Local,12/09/2026,2000,2500,2250
Tamil Nadu,Krishnagiri,Denkanikottai(Uzhavar Sandhai ),Brinjal,Round,Local,12/09/2026,2500,3000,2750
Tamil Nadu,Krishnagiri,Denkanikottai(Uzhavar Sandhai ),Bitter gourd,Bitter Gourd,Local,12/09/2026,3500,4000,3750
Tamil Nadu,Krishnagiri,Denkanikottai(Uzhavar Sandhai ),Banana - Green,Banana - Green,Local,12/09/2026,4000,4500,4250
Tamil Nadu,Krishnagiri,Denkanikottai(Uzhavar Sandhai ),Chow Chow,Chow Chow,Local,12/09/2026,2000,2500,2250
Tamil Nadu,Krishnagiri,Denkanikottai(Uzhavar Sandhai ),Drumstick,Drumstick,Local,12/09/2026,4000,4500,4250
Tamil Nadu,Krishnagiri,Hosur(Uzhavar Sandhai ),Apple,American,Local,12/09/2026,24000,26000,25000
Tamil Nadu,Krishnagiri,Hosur(Uzhavar Sandhai ),Potato,Red Nanital,Local,12/09/2026,2500,3000,2750
Tamil Nadu,Krishnagiri,Hosur(Uzhavar Sandhai ),Cluster beans,Cluster Beans,Local,12/09/2026,4000,4500,4250
Tamil Nadu,Krishnagiri,Hosur(Uzhavar Sandhai ),Pumpkin,Pumpkin,Local,12/09/2026,1000,1500,1250
Tamil Nadu,Krishnagiri,Hosur(Uzhavar Sandhai ),Cowpea(Veg),Cowpea (Veg),Local,12/09/2026,5000,6000,5500
Tamil Nadu,Krishnagiri,Hosur(Uzhavar Sandhai ),Pomegranate,Pomogranate,Local,12/09/2026,15000,20000,17500
Tamil Nadu,Krishnagiri,Hosur(Uzhavar Sandhai ),Elephant Yam(Suran)/Amorphophallus,Elephant Yam (Suran),Local,12/09/2026,3500,4000,3750
Tamil Nadu,Krishnagiri,Hosur(Uzhavar Sandhai ),Indian Beans(Seam),Indian Beans (Seam),Local,12/09/2026,4000,4500,4250
Tamil Nadu,Madurai,Anaiyur(Uzhavar Sandhai ),Coconut,Coconut,Local,12/09/2026,6500,7000,6750
Tamil Nadu,Madurai,Anaiyur(Uzhavar Sandhai ),Groundnut,Big (With Shell),Local,12/09/2026,7000,8000,7500
Tamil Nadu,Madurai,Anaiyur(Uzhavar Sandhai ),Soyabean,Local,Local,12/09/2026,10000,12000,11000
Tamil Nadu,Madurai,Anaiyur(Uzhavar Sandhai ),Grapes,Annabesahai,Local,12/09/2026,11000,12000,11500
Tamil Nadu,Madurai,Anaiyur(Uzhavar Sandhai ),Onion,Bellary,Local,12/09/2026,6000,6500,6250
Tamil Nadu,Madurai,Anaiyur(Uzhavar Sandhai ),Cucumbar(Kheera),Cucumbar,Local,12/09/2026,5000,10000,7500
Tamil Nadu,Madurai,Anaiyur(Uzhavar Sandhai ),Chow Chow,Chow Chow,Local,12/09/2026,2000,2500,2250
Tamil Nadu,Madurai,Anaiyur(Uzhavar Sandhai ),Mango(Raw-Ripe),Mango - Raw-Ripe,Local,12/09/2026,8000,10000,9000
Tamil Nadu,Madurai,Anaiyur(Uzhavar Sandhai ),Lemon,Lemon,Local,12/09/2026,22000,24000,23000
Tamil Nadu,Madurai,Anaiyur(Uzhavar Sandhai ),Baby Corn,Baby Corn,Grade A,12/09/2026,2000,2400,2200
Tamil Nadu,Madurai,Usilampatti(Uzhavar Sandhai ),Tomato,Deshi,Local,12/09/2026,2600,3000,2800
Tamil Nadu,Madurai,Usilampatti(Uzhavar Sandhai ),Green Chilli,Green Chilly,Local,12/09/2026,5000,6000,5500
Tamil Nadu,Madurai,Usilampatti(Uzhavar Sandhai ),Ridgeguard(Tori),Ridgeguard(Tori),Local,12/09/2026,4500,5000,4750
Tamil Nadu,Madurai,Usilampatti(Uzhavar Sandhai ),Green Avare(W),Green Avare (W),Local,12/09/2026,9000,10000,9500
Tamil Nadu,Madurai,Usilampatti(Uzhavar Sandhai ),Indian Beans(Seam),Indian Beans (Seam),Local,12/09/2026,5500,6000,5750
Tamil Nadu,Nagapattinam,Sirkali(Uzhavar Sandhai ),Cabbage,Cabbage,Local,12/09/2026,2500,3000,2750
Tamil Nadu,Nagapattinam,Sirkali(Uzhavar Sandhai ),Cauliflower,Ranchi,Local,12/09/2026,5000,5000,5000
Tamil Nadu,Nagapattinam,Sirkali(Uzhavar Sandhai ),Brinjal,Round,Local,12/09/2026,5000,5500,5250
Tamil Nadu,Nagapattinam,Sirkali(Uzhavar Sandhai ),Bitter gourd,Bitter Gourd,Local,12/09/2026,5500,6000,5750
Tamil Nadu,Nagapattinam,Sirkali(Uzhavar Sandhai ),Bhindi(Ladies Finger),Bhindi,Local,12/09/2026,4500,5000,4750
Tamil Nadu,Nagapattinam,Sirkali(Uzhavar Sandhai ),Amaranthus,Amaranthus,Local,12/09/2026,1500,2000,1750
Tamil Nadu,Nagapattinam,Sirkali(Uzhavar Sandhai ),Banana - Green,Banana - Green,Local,12/09/2026,2500,3000,2750
Tamil Nadu,Nagapattinam,Sirkali(Uzhavar Sandhai ),Raddish,Raddish,Local,12/09/2026,3600,4000,3800
Tamil Nadu,Nagapattinam,Sirkali(Uzhavar Sandhai ),Chow Chow,Chow Chow,Local,12/09/2026,3000,3000,3000
Tamil Nadu,Nagapattinam,Sirkali(Uzhavar Sandhai ),Lime,Lime,Local,12/09/2026,3500,4000,3750
Tamil Nadu,Nagapattinam,Sirkali(Uzhavar Sandhai ),Guava,Guava Allahabad,Local,12/09/2026,4500,5000,4750
Tamil Nadu,Nagapattinam,Sirkali(Uzhavar Sandhai ),Tender Coconut,Tender Coconut,Local,12/09/2026,2000,2500,2250
Tamil Nadu,Nagapattinam,Sirkali(Uzhavar Sandhai ),Elephant Yam(Suran)/Amorphophallus,Elephant Yam (Suran),Local,12/09/2026,6500,7000,6750
Tamil Nadu,Namakkal,Kumarapalayam(Uzhavar Sandhai ),Coconut,Coconut,Local,12/09/2026,5600,6000,5800
Tamil Nadu,Namakkal,Kumarapalayam(Uzhavar Sandhai ),Bitter gourd,Other,Local,12/09/2026,4900,5500,5200
Tamil Nadu,Namakkal,Kumarapalayam(Uzhavar Sandhai ),Tender Coconut,Tender Coconut,Local,12/09/2026,3000,3500,3250
Tamil Nadu,Namakkal,Kumarapalayam(Uzhavar Sandhai ),Onion Green,Onion Green,Local,12/09/2026,5000,7000,6000
Tamil Nadu,Namakkal,Mohanur(Uzhavar Sandhai ),Bitter gourd,Other,Local,12/09/2026,6200,6800,6500
Tamil Nadu,Namakkal,Mohanur(Uzhavar Sandhai ),Ashgourd,Gouard,Local,12/09/2026,2400,2800,2600
Tamil Nadu,Namakkal,Mohanur(Uzhavar Sandhai ),Snakeguard,Snakeguard,Local,12/09/2026,5000,6000,5500
Tamil Nadu,Namakkal,Mohanur(Uzhavar Sandhai ),Drumstick,Drumstick,Local,12/09/2026,2400,2800,2600
Tamil Nadu,Namakkal,Mohanur(Uzhavar Sandhai ),Tender Coconut,Tender Coconut,Local,12/09/2026,3000,3500,3250
Tamil Nadu,Namakkal,Namakkal(Uzhavar Sandhai ),Mango,Neelam,Local,12/09/2026,10000,12000,11000
Tamil Nadu,Namakkal,Namakkal(Uzhavar Sandhai ),Water Melon,Water Melon,Local,12/09/2026,1200,1600,1400
Tamil Nadu,Namakkal,Namakkal(Uzhavar Sandhai ),Thondekai,Thondekai,Local,12/09/2026,4000,4400,4200
Tamil Nadu,Namakkal,Namakkal(Uzhavar Sandhai ),Capsicum,Capsicum,Local,12/09/2026,4000,4500,4250
Tamil Nadu,Namakkal,Namakkal(Uzhavar Sandhai ),Green Avare(W),Other,Local,12/09/2026,8000,8800,8400
Tamil Nadu,Namakkal,Namakkal(Uzhavar Sandhai ),Jack Fruit(Ripe),Jack Fruit,Local,12/09/2026,3000,3500,3250
Tamil Nadu,Namakkal,Namakkal(Uzhavar Sandhai ),Tender Coconut,Tender Coconut,Local,12/09/2026,2000,3500,2750
Tamil Nadu,Namakkal,Namakkal(Uzhavar Sandhai ),Mint(Pudina),Mint(Pudina),Local,12/09/2026,4000,4500,4250
Tamil Nadu,Namakkal,Paramathivelur(Uzhavar Sandhai ),Ginger(Green),Green Ginger,Local,12/09/2026,17500,19000,18250
Tamil Nadu,Namakkal,Paramathivelur(Uzhavar Sandhai ),Ashgourd,Gouard,Local,12/09/2026,1700,2000,1850
Tamil Nadu,Namakkal,Paramathivelur(Uzhavar Sandhai ),Beans,Beans (Whole),Local,12/09/2026,7700,8500,8100
Tamil Nadu,Namakkal,Paramathivelur(Uzhavar Sandhai ),Beetroot,Beetroot,Local,12/09/2026,6300,7000,6650
Tamil Nadu,Namakkal,Paramathivelur(Uzhavar Sandhai ),Green Avare(W),Other,Local,12/09/2026,8200,9000,8600
Tamil Nadu,Namakkal,Paramathivelur(Uzhavar Sandhai ),Chow Chow,Chow Chow,Local,12/09/2026,3000,3500,3250
Tamil Nadu,Namakkal,Paramathivelur(Uzhavar Sandhai ),Lemon,Lemon,Local,12/09/2026,13700,15000,14350
Tamil Nadu,Namakkal,Rasipuram(Uzhavar Sandhai ),Banana,Red Banana,Local,12/09/2026,7000,7500,7250
Tamil Nadu,Namakkal,Rasipuram(Uzhavar Sandhai ),Cauliflower,Ranchi,Local,12/09/2026,3000,4000,3500
Tamil Nadu,Namakkal,Rasipuram(Uzhavar Sandhai ),Brinjal,Other,Local,12/09/2026,4500,5400,4950
Tamil Nadu,Namakkal,Rasipuram(Uzhavar Sandhai ),Chikoos(Sapota),Sapota,Local,12/09/2026,4000,4500,4250
Tamil Nadu,Namakkal,Rasipuram(Uzhavar Sandhai ),Papaya,Papaya,Local,12/09/2026,3000,3500,3250
Tamil Nadu,Namakkal,Rasipuram(Uzhavar Sandhai ),Banana - Green,Banana - Green,Local,12/09/2026,3500,4000,3750
Tamil Nadu,Namakkal,Rasipuram(Uzhavar Sandhai ),Thondekai,Thondekai,Local,12/09/2026,4500,5000,4750
Tamil Nadu,Namakkal,Rasipuram(Uzhavar Sandhai ),Green Avare(W),Other,Local,12/09/2026,8000,9000,8500
Tamil Nadu,Namakkal,Rasipuram(Uzhavar Sandhai ),Fig(Anjura/Anjeer),Anjura,Local,12/09/2026,13000,15000,14000
Tamil Nadu,Namakkal,Rasipuram(Uzhavar Sandhai ),Jasmine,Jasmine,Local,12/09/2026,60000,70000,65000
Tamil Nadu,Namakkal,Rasipuram(Uzhavar Sandhai ),Elephant Yam(Suran)/Amorphophallus,Elephant Yam (Suran),Local,12/09/2026,3500,4000,3750
Tamil Nadu,Namakkal,Rasipuram(Uzhavar Sandhai ),Onion Green,Onion Green,Local,12/09/2026,5500,8500,7000
Tamil Nadu,Thanjavur,Tirukattupalli(Uzhavar Sandhai ),Potato,Red Nanital,Local,12/09/2026,2800,3800,3300
Tamil Nadu,Thanjavur,Tirukattupalli(Uzhavar Sandhai ),Bhindi(Ladies Finger),Bhindi,Local,12/09/2026,4400,4400,4400
Tamil Nadu,Madurai,Palanganatham(Uzhavar Sandhai ),Beetroot,Beetroot,Local,12/09/2026,4000,5000,4500
Tamil Nadu,Madurai,Palanganatham(Uzhavar Sandhai ),Ginger(Green),Green Ginger,Local,12/09/2026,13000,20000,16500
Tamil Nadu,Madurai,Palanganatham(Uzhavar Sandhai ),Coconut,Coconut,Local,12/09/2026,6800,7000,6900
Tamil Nadu,Madurai,Palanganatham(Uzhavar Sandhai ),Carrot,Pusakesar,Local,12/09/2026,5000,6000,5500
Tamil Nadu,Madurai,Palanganatham(Uzhavar Sandhai ),Soyabean,Local,Local,12/09/2026,10000,11000,10500
Tamil Nadu,Madurai,Palanganatham(Uzhavar Sandhai ),Banana,Besrai,Local,12/09/2026,3600,4000,3800
Tamil Nadu,Madurai,Palanganatham(Uzhavar Sandhai ),Grapes,Annabesahai,Local,12/09/2026,10000,12000,11000
Tamil Nadu,Madurai,Palanganatham(Uzhavar Sandhai ),Brinjal,Other,Local,12/09/2026,3600,4200,3900
Tamil Nadu,Madurai,Palanganatham(Uzhavar Sandhai ),Coriander(Leaves),I Sort,Local,12/09/2026,5000,5500,5250
Tamil Nadu,Madurai,Palanganatham(Uzhavar Sandhai ),Mousambi(Sweet Lime),Mousambi,Local,12/09/2026,6000,7000,6500
Tamil Nadu,Madurai,Palanganatham(Uzhavar Sandhai ),Pumpkin,Pumpkin,Local,12/09/2026,1600,2000,1800
Tamil Nadu,Madurai,Palanganatham(Uzhavar Sandhai ),Banana - Green,Banana - Green,Local,12/09/2026,1500,2000,1750
Tamil Nadu,Madurai,Palanganatham(Uzhavar Sandhai ),Ridgeguard(Tori),Ridgeguard(Tori),Local,12/09/2026,5000,5500,5250
Tamil Nadu,Madurai,Palanganatham(Uzhavar Sandhai ),Capsicum,Capsicum,Local,12/09/2026,6000,7000,6500
Tamil Nadu,Madurai,Palanganatham(Uzhavar Sandhai ),Chow Chow,Chow Chow,Local,12/09/2026,2500,3000,2750
Tamil Nadu,Madurai,Palanganatham(Uzhavar Sandhai ),Drumstick,Drumstick,Local,12/09/2026,5000,6000,5500
Tamil Nadu,Madurai,Palanganatham(Uzhavar Sandhai ),Mango(Raw-Ripe),Mango - Raw-Ripe,Local,12/09/2026,8000,10000,9000
Tamil Nadu,Madurai,Palanganatham(Uzhavar Sandhai ),Colacasia,Colacasia,Local,12/09/2026,5000,6000,5500
Tamil Nadu,Madurai,Palanganatham(Uzhavar Sandhai ),Mashrooms,Mashrooms,Local,12/09/2026,25000,30000,27500
Tamil Nadu,Madurai,Anna nagar(Uzhavar Sandhai ),Banana,Besrai,Local,12/09/2026,3000,4000,3500
Tamil Nadu,Madurai,Anna nagar(Uzhavar Sandhai ),Banana,Red Banana,Local,12/09/2026,9000,9000,9000
Tamil Nadu,Madurai,Anna nagar(Uzhavar Sandhai ),Mousambi(Sweet Lime),Mousambi,Local,12/09/2026,5500,5500,5500
Tamil Nadu,Madurai,Anna nagar(Uzhavar Sandhai ),Snakeguard,Snakeguard,Local,12/09/2026,3600,4000,3800
Tamil Nadu,Madurai,Anna nagar(Uzhavar Sandhai ),Amaranthus,Amaranthus,Local,12/09/2026,1500,2000,1750
Tamil Nadu,Madurai,Anna nagar(Uzhavar Sandhai ),Green Chilli,Green Chilly,Local,12/09/2026,4800,4800,4800
Tamil Nadu,Madurai,Anna nagar(Uzhavar Sandhai ),Ridgeguard(Tori),Ridgeguard(Tori),Local,12/09/2026,4600,5600,5100
Tamil Nadu,Madurai,Anna nagar(Uzhavar Sandhai ),Capsicum,Capsicum,Local,12/09/2026,5000,5000,5000
Tamil Nadu,Madurai,Anna nagar(Uzhavar Sandhai ),Lime,Lime,Local,12/09/2026,4600,4600,4600
Tamil Nadu,Madurai,Anna nagar(Uzhavar Sandhai ),Tamarind Fruit,Tamarind Fruit,Local,12/09/2026,14000,14000,14000
Tamil Nadu,Madurai,Anna nagar(Uzhavar Sandhai ),Yam(Ratalu),Yam (Ratalu),Local,12/09/2026,6400,6400,6400
Tamil Nadu,Madurai,Anna nagar(Uzhavar Sandhai ),Lemon,Lemon,Local,12/09/2026,24000,26000,25000
Tamil Nadu,Madurai,Anna nagar(Uzhavar Sandhai ),Sweet Corn ,Sweet Corn ,Local,12/09/2026,3000,3000,3000
Tamil Nadu,Perambalur,Perambalur(Uzhavar Sandhai ),Coconut,Coconut,Local,12/09/2026,5000,6000,5500
Tamil Nadu,Perambalur,Perambalur(Uzhavar Sandhai ),Beetroot,Beetroot,Local,12/09/2026,4600,4600,4600
Tamil Nadu,Perambalur,Perambalur(Uzhavar Sandhai ),Onion,Bellary,Local,12/09/2026,6800,7400,7100
Tamil Nadu,Perambalur,Perambalur(Uzhavar Sandhai ),Brinjal,Other,Local,12/09/2026,5000,5400,5200
Tamil Nadu,Perambalur,Perambalur(Uzhavar Sandhai ),Coriander(Leaves),I Sort,Local,12/09/2026,3600,3600,3600
Tamil Nadu,Perambalur,Perambalur(Uzhavar Sandhai ),Bhindi(Ladies Finger),Bhindi,Local,12/09/2026,4000,4000,4000
Tamil Nadu,Perambalur,Perambalur(Uzhavar Sandhai ),Amaranthus,Amaranthus,Local,12/09/2026,2000,3000,2500
Tamil Nadu,Perambalur,Perambalur(Uzhavar Sandhai ),Banana - Green,Banana - Green,Local,12/09/2026,3000,4000,3500
Tamil Nadu,Perambalur,Perambalur(Uzhavar Sandhai ),Mango(Raw-Ripe),Mango - Raw-Ripe,Local,12/09/2026,9000,9800,9400
Tamil Nadu,Perambalur,Perambalur(Uzhavar Sandhai ),Tender Coconut,Tender Coconut,Local,12/09/2026,3000,4000,3500
Tamil Nadu,Perambalur,Perambalur(Uzhavar Sandhai ),Lemon,Lemon,Local,12/09/2026,14000,15000,14500
Tamil Nadu,Salem,Mecheri(Uzhavar Sandhai),Brinjal,Round,Local,12/09/2026,3600,4000,3800
Tamil Nadu,Salem,Mecheri(Uzhavar Sandhai),Cluster beans,Cluster Beans,Local,12/09/2026,3600,3600,3600
Tamil Nadu,Salem,Mecheri(Uzhavar Sandhai),Green Chilli,Green Chilly,Local,12/09/2026,4000,4400,4200
Tamil Nadu,Salem,Mecheri(Uzhavar Sandhai),Lemon,Lemon,Local,12/09/2026,15000,16000,15500
Tamil Nadu,Salem,Mecheri(Uzhavar Sandhai),Mint(Pudina),Mint(Pudina),Local,12/09/2026,4000,4000,4000
Tamil Nadu,Ranipet,Arcot(Uzhavar Sandhai ),Beetroot,Beetroot,Local,12/09/2026,5000,5000,5000
Tamil Nadu,Ranipet,Arcot(Uzhavar Sandhai ),Onion,Bellary,Local,12/09/2026,5500,6000,5750
Tamil Nadu,Ranipet,Arcot(Uzhavar Sandhai ),Cauliflower,Ranchi,Local,12/09/2026,3000,4000,3500
Tamil Nadu,Ranipet,Arcot(Uzhavar Sandhai ),Papaya,Papaya,Local,12/09/2026,4000,4000,4000
Tamil Nadu,Ranipet,Arcot(Uzhavar Sandhai ),Thondekai,Thondekai,Local,12/09/2026,4000,4000,4000
Tamil Nadu,Ranipet,Arcot(Uzhavar Sandhai ),Drumstick,Drumstick,Local,12/09/2026,4800,4800,4800
Tamil Nadu,Ranipet,Arcot(Uzhavar Sandhai ),Guava,Guava Allahabad,Local,12/09/2026,6000,6000,6000
Tamil Nadu,Ranipet,Arcot(Uzhavar Sandhai ),Elephant Yam(Suran)/Amorphophallus,Elephant Yam (Suran),Local,12/09/2026,6000,6000,6000
Tamil Nadu,Ranipet,Arcot(Uzhavar Sandhai ),Mint(Pudina),Mint(Pudina),Local,12/09/2026,3000,3000,3000
Tamil Nadu,Ranipet,Ranipettai(Uzhavar Sandhai ),Carrot,Pusakesar,Local,12/09/2026,4800,4800,4800
Tamil Nadu,Ranipet,Ranipettai(Uzhavar Sandhai ),Brinjal,Other,Local,12/09/2026,3000,3000,3000
Tamil Nadu,Ranipet,Ranipettai(Uzhavar Sandhai ),Coriander(Leaves),I Sort,Local,12/09/2026,4000,4000,4000
Tamil Nadu,Ranipet,Ranipettai(Uzhavar Sandhai ),Ashgourd,Gouard,Local,12/09/2026,3000,3000,3000
Tamil Nadu,Ranipet,Ranipettai(Uzhavar Sandhai ),Bhindi(Ladies Finger),Bhindi,Local,12/09/2026,2000,2000,2000
Tamil Nadu,Ranipet,Ranipettai(Uzhavar Sandhai ),Tapioca,Tapioca,Local,12/09/2026,4000,4000,4000
Tamil Nadu,Ranipet,Ranipettai(Uzhavar Sandhai ),Knool Khol,Knool Khol,Local,12/09/2026,3000,3000,3000
Tamil Nadu,Ranipet,Ranipettai(Uzhavar Sandhai ),Guava,Guava Allahabad,Local,12/09/2026,6000,8000,7000
Tamil Nadu,Ranipet,Ranipettai(Uzhavar Sandhai ),Jasmine,Jasmine,Local,12/09/2026,72000,72000,72000
Tamil Nadu,Ranipet,Ranipettai(Uzhavar Sandhai ),Elephant Yam(Suran)/Amorphophallus,Elephant Yam (Suran),Local,12/09/2026,5600,6000,5800
Tamil Nadu,Ranipet,Ranipettai(Uzhavar Sandhai ),Colacasia,Colacasia,Local,12/09/2026,3600,4000,3800
Tamil Nadu,Ranipet,Ranipettai(Uzhavar Sandhai ),Amla(Nelli Kai),Amla,Local,12/09/2026,12000,12000,12000
Tamil Nadu,Salem,Ammapet(Uzhavar Sandhai ),Banana,Red Banana,Local,12/09/2026,7500,8000,7750
Tamil Nadu,Salem,Ammapet(Uzhavar Sandhai ),Onion,Bellary,Local,12/09/2026,6000,6500,6250
Tamil Nadu,Salem,Ammapet(Uzhavar Sandhai ),Papaya,Papaya,Local,12/09/2026,3500,4000,3750
Tamil Nadu,Salem,Ammapet(Uzhavar Sandhai ),Bitter gourd,Other,Local,12/09/2026,4000,4500,4250
Tamil Nadu,Salem,Ammapet(Uzhavar Sandhai ),Pumpkin,Pumpkin,Local,12/09/2026,2000,2200,2100
Tamil Nadu,Salem,Ammapet(Uzhavar Sandhai ),Banana - Green,Banana - Green,Local,12/09/2026,2000,2400,2200
Tamil Nadu,Salem,Ammapet(Uzhavar Sandhai ),Cucumbar(Kheera),Cucumbar,Local,12/09/2026,4500,5000,4750
Tamil Nadu,Salem,Ammapet(Uzhavar Sandhai ),Ridgeguard(Tori),Ridgeguard(Tori),Local,12/09/2026,3600,4000,3800
Tamil Nadu,Salem,Ammapet(Uzhavar Sandhai ),Thondekai,Thondekai,Local,12/09/2026,3600,4000,3800
Tamil Nadu,Salem,Ammapet(Uzhavar Sandhai ),Tender Coconut,Tender Coconut,Local,12/09/2026,3000,4000,3500
Tamil Nadu,Salem,Ammapet(Uzhavar Sandhai ),Mint(Pudina),Mint(Pudina),Local,12/09/2026,3000,3400,3200
Tamil Nadu,Salem,Ammapet(Uzhavar Sandhai ),Baby Corn,Baby Corn,Grade A,12/09/2026,2500,3000,2750
Tamil Nadu,Salem,Mettur(Uzhavar Sandhai ),Cluster beans,Cluster Beans,Local,12/09/2026,3000,3500,3250
Tamil Nadu,Salem,Mettur(Uzhavar Sandhai ),Banana - Green,Banana - Green,Local,12/09/2026,2500,2500,2500
Tamil Nadu,Salem,Mettur(Uzhavar Sandhai ),Ginger(Green),Green Ginger,Local,12/09/2026,15000,18000,16500
Tamil Nadu,Salem,Mettur(Uzhavar Sandhai ),Capsicum,Capsicum,Local,12/09/2026,5000,6000,5500
Tamil Nadu,Salem,Mettur(Uzhavar Sandhai ),Knool Khol,Knool Khol,Local,12/09/2026,3500,4000,3750
Tamil Nadu,Salem,Mettur(Uzhavar Sandhai ),Lime,Lime,Local,12/09/2026,2500,3000,2750
Tamil Nadu,Salem,Mettur(Uzhavar Sandhai ),Marigold(Calcutta),Marigold(Calcutta),Local,12/09/2026,22000,25000,23500
Tamil Nadu,Salem,Mettur(Uzhavar Sandhai ),Rose(Local),Rose (Local),Local,12/09/2026,15000,18000,16500
Tamil Nadu,Salem,Sooramangalam(Uzhavar Sandhai ),Cabbage,Cabbage,Local,12/09/2026,2400,2600,2500
Tamil Nadu,Salem,Sooramangalam(Uzhavar Sandhai ),Mousambi(Sweet Lime),Mousambi,Local,12/09/2026,3000,3500,3250
Tamil Nadu,Salem,Sooramangalam(Uzhavar Sandhai ),Bhindi(Ladies Finger),Bhindi,Local,12/09/2026,2800,3000,2900
Tamil Nadu,Salem,Sooramangalam(Uzhavar Sandhai ),Banana - Green,Banana - Green,Local,12/09/2026,2000,2400,2200
Tamil Nadu,Salem,Sooramangalam(Uzhavar Sandhai ),Tapioca,Tapioca,Local,12/09/2026,3000,3500,3250
Tamil Nadu,Salem,Sooramangalam(Uzhavar Sandhai ),Ridgeguard(Tori),Ridgeguard(Tori),Local,12/09/2026,3000,3800,3400
Tamil Nadu,Salem,Sooramangalam(Uzhavar Sandhai ),Lime,Lime,Local,12/09/2026,3500,4000,3750
Tamil Nadu,Salem,Sooramangalam(Uzhavar Sandhai ),Tender Coconut,Tender Coconut,Local,12/09/2026,3500,4000,3750
Tamil Nadu,Salem,Sooramangalam(Uzhavar Sandhai ),Elephant Yam(Suran)/Amorphophallus,Elephant Yam (Suran),Local,12/09/2026,4500,5000,4750
Tamil Nadu,Salem,Sooramangalam(Uzhavar Sandhai ),Onion Green,Onion Green,Local,12/09/2026,6000,6500,6250
Tamil Nadu,Salem,Sooramangalam(Uzhavar Sandhai ),Sweet Corn ,Sweet Corn ,Local,12/09/2026,3000,3500,3250
Tamil Nadu,Thiruchirappalli,Thuraiyur APMC,Coconut,Coconut,Local,12/09/2026,5500,6500,6000
Tamil Nadu,Thiruchirappalli,Thuraiyur APMC,Beetroot,Beetroot,Local,12/09/2026,3500,4000,3750
Tamil Nadu,Thiruchirappalli,Thuraiyur APMC,Cauliflower,Ranchi,Local,12/09/2026,4000,5000,4500
Tamil Nadu,Thiruchirappalli,Thuraiyur APMC,Bhindi(Ladies Finger),Bhindi,Local,12/09/2026,3500,4000,3750
Tamil Nadu,Thiruchirappalli,Thuraiyur APMC,Raddish,Raddish,Local,12/09/2026,3000,3500,3250
Tamil Nadu,Thiruchirappalli,Thuraiyur APMC,Drumstick,Drumstick,Local,12/09/2026,3500,4500,4000
Tamil Nadu,Thiruchirappalli,Thuraiyur APMC,Yam(Ratalu),Yam (Ratalu),Local,12/09/2026,4500,5500,5000
Tamil Nadu,Thiruchirappalli,Thuraiyur APMC,Indian Beans(Seam),Indian Beans (Seam),Local,12/09/2026,5500,6500,6000
Tamil Nadu,Salem,Thammampatti (Uzhavar Sandhai ),Ginger(Green),Green Ginger,Local,12/09/2026,17000,18000,17500
Tamil Nadu,Salem,Thammampatti (Uzhavar Sandhai ),Coconut,Coconut,Local,12/09/2026,6000,6500,6250
Tamil Nadu,Salem,Thammampatti (Uzhavar Sandhai ),Papaya,Papaya,Local,12/09/2026,2500,3000,2750
Tamil Nadu,Salem,Thammampatti (Uzhavar Sandhai ),Beans,Beans (Whole),Local,12/09/2026,7500,8000,7750
Tamil Nadu,Salem,Thammampatti (Uzhavar Sandhai ),Capsicum,Capsicum,Local,12/09/2026,6000,6000,6000
Tamil Nadu,Salem,Thammampatti (Uzhavar Sandhai ),Drumstick,Drumstick,Local,12/09/2026,2000,2500,2250
Tamil Nadu,Salem,Thammampatti (Uzhavar Sandhai ),Lemon,Lemon,Local,12/09/2026,7000,8000,7500
Tamil Nadu,Salem,Thammampatti (Uzhavar Sandhai ),Custard Apple(Sharifa),Custard Apple(Sharifa),Local,12/09/2026,4000,4000,4000
Tamil Nadu,Salem,Thathakapatti(Uzhavar Sandhai ),Snakeguard,Snakeguard,Local,12/09/2026,3000,3400,3200
Tamil Nadu,Salem,Thathakapatti(Uzhavar Sandhai ),Groundnut,Big (With Shell),Local,12/09/2026,7000,8000,7500
Tamil Nadu,Salem,Thathakapatti(Uzhavar Sandhai ),Chikoos(Sapota),Sapota,Local,12/09/2026,3000,4000,3500
Tamil Nadu,Salem,Thathakapatti(Uzhavar Sandhai ),Bitter gourd,Bitter Gourd,Local,12/09/2026,5000,5500,5250
Tamil Nadu,Salem,Thathakapatti(Uzhavar Sandhai ),Green Chilli,Green Chilly,Local,12/09/2026,3600,3800,3700
Tamil Nadu,Salem,Thathakapatti(Uzhavar Sandhai ),Beans,Beans (Whole),Local,12/09/2026,7000,8000,7500
Tamil Nadu,Salem,Thathakapatti(Uzhavar Sandhai ),Tapioca,Tapioca,Local,12/09/2026,3000,4000,3500
Tamil Nadu,Salem,Thathakapatti(Uzhavar Sandhai ),Raddish,Raddish,Local,12/09/2026,2000,2400,2200
Tamil Nadu,Salem,Thathakapatti(Uzhavar Sandhai ),Knool Khol,Knool Khol,Local,12/09/2026,3500,4000,3750
Tamil Nadu,Salem,Thathakapatti(Uzhavar Sandhai ),Guava,Guava Allahabad,Local,12/09/2026,5000,7000,6000
Tamil Nadu,Salem,Thathakapatti(Uzhavar Sandhai ),Tube Rose(Loose),Tube Rose (Loose),Local,12/09/2026,20000,25000,22500
Tamil Nadu,Theni,Chinnamanur(Uzhavar Sandhai ),Beetroot,Beetroot,Local,12/09/2026,3000,3000,3000
Tamil Nadu,Theni,Chinnamanur(Uzhavar Sandhai ),Potato,Other,Local,12/09/2026,5000,5000,5000
Tamil Nadu,Theni,Chinnamanur(Uzhavar Sandhai ),Bottle gourd,Bottle Gourd,Local,12/09/2026,1400,1400,1400
Tamil Nadu,Theni,Chinnamanur(Uzhavar Sandhai ),Bhindi(Ladies Finger),Bhindi,Local,12/09/2026,3200,3200,3200
Tamil Nadu,Theni,Chinnamanur(Uzhavar Sandhai ),Ginger(Green),Green Ginger,Local,12/09/2026,7500,16500,12000
Tamil Nadu,Theni,Chinnamanur(Uzhavar Sandhai ),Ridgeguard(Tori),Ridgeguard(Tori),Local,12/09/2026,3600,3600,3600
Tamil Nadu,Theni,Chinnamanur(Uzhavar Sandhai ),Thondekai,Thondekai,Local,12/09/2026,3400,3400,3400
Tamil Nadu,Theni,Chinnamanur(Uzhavar Sandhai ),Capsicum,Capsicum,Local,12/09/2026,5000,5000,5000
Tamil Nadu,Theni,Chinnamanur(Uzhavar Sandhai ),Chow Chow,Chow Chow,Local,12/09/2026,2400,2400,2400
Tamil Nadu,Theni,Chinnamanur(Uzhavar Sandhai ),Yam(Ratalu),Yam (Ratalu),Local,12/09/2026,7000,7000,7000
Tamil Nadu,Theni,Kambam(Uzhavar Sandhai ),Ginger(Green),Green Ginger,Local,12/09/2026,9000,16500,12750
Tamil Nadu,Theni,Kambam(Uzhavar Sandhai ),Bitter gourd,Other,Local,12/09/2026,3600,3600,3600
Tamil Nadu,Theni,Kambam(Uzhavar Sandhai ),Banana - Green,Banana - Green,Local,12/09/2026,3600,3600,3600
Tamil Nadu,Theni,Kambam(Uzhavar Sandhai ),Drumstick,Drumstick,Local,12/09/2026,3000,3800,3400
Tamil Nadu,Theni,Kambam(Uzhavar Sandhai ),Lime,Lime,Local,12/09/2026,11500,11500,11500
Tamil Nadu,Theni,Kambam(Uzhavar Sandhai ),Indian Beans(Seam),Indian Beans (Seam),Local,12/09/2026,5500,5500,5500
Tamil Nadu,Theni,Kambam(Uzhavar Sandhai ),Onion Green,Onion Green,Local,12/09/2026,7000,7500,7250
Tamil Nadu,Theni,Theni(Uzhavar Sandhai ),Orange,Darjeeling,Local,12/09/2026,16000,16000,16000
Tamil Nadu,Theni,Theni(Uzhavar Sandhai ),Banana,Red Banana,Local,12/09/2026,6000,7000,6500
Tamil Nadu,Theni,Theni(Uzhavar Sandhai ),Onion,Bellary,Local,12/09/2026,6000,6400,6200
Tamil Nadu,Theni,Theni(Uzhavar Sandhai ),Potato,Other,Local,12/09/2026,2800,2800,2800
Tamil Nadu,Theni,Theni(Uzhavar Sandhai ),Garlic,Garlic,Local,12/09/2026,10000,20000,15000
Tamil Nadu,Theni,Theni(Uzhavar Sandhai ),Green Peas,Green Peas,Local,12/09/2026,18000,18000,18000
Tamil Nadu,Theni,Theni(Uzhavar Sandhai ),Beetroot,Beetroot,Local,12/09/2026,3000,3000,3000
Tamil Nadu,Theni,Theni(Uzhavar Sandhai ),Knool Khol,Knool Khol,Local,12/09/2026,3000,3000,3000
Tamil Nadu,Theni,Theni(Uzhavar Sandhai ),Karbuja(Musk Melon),Karbhuja,Local,12/09/2026,6000,6000,6000
Tamil Nadu,Theni,Theni(Uzhavar Sandhai ),Mashrooms,Mashrooms,Local,12/09/2026,25000,25000,25000
Tamil Nadu,Theni,Theni(Uzhavar Sandhai ),Onion Green,Onion Green,Local,12/09/2026,7000,8000,7500
Tamil Nadu,Thirunelveli,Ambasamudram(Uzhavar Sandhai ),Mint(Pudina),Mint(Pudina),Local,12/09/2026,5000,6000,5500
Tamil Nadu,Thirunelveli,NGO Colony(Uzhavar Sandhai ),Snakeguard,Snakeguard,Local,12/09/2026,1200,2000,1600
Tamil Nadu,Thirunelveli,NGO Colony(Uzhavar Sandhai ),Banana,Besrai,Local,12/09/2026,5500,6000,5750
Tamil Nadu,Thirunelveli,NGO Colony(Uzhavar Sandhai ),Bottle gourd,Bottle Gourd,Local,12/09/2026,2500,3000,2750
Tamil Nadu,Thirunelveli,NGO Colony(Uzhavar Sandhai ),Bhindi(Ladies Finger),Bhindi,Local,12/09/2026,2500,3200,2850
Tamil Nadu,Thirunelveli,NGO Colony(Uzhavar Sandhai ),Ridgeguard(Tori),Ridgeguard(Tori),Local,12/09/2026,3500,4000,3750
Tamil Nadu,Thirunelveli,NGO Colony(Uzhavar Sandhai ),Chow Chow,Chow Chow,Local,12/09/2026,3000,3600,3300
Tamil Nadu,Thirunelveli,NGO Colony(Uzhavar Sandhai ),Mint(Pudina),Mint(Pudina),Local,12/09/2026,5500,6000,5750
Tamil Nadu,Thirunelveli,Palayamkottai(Uzhavar Sandhai ),Sweet Potato,Hosur Red,Local,12/09/2026,5500,6000,5750
Tamil Nadu,Thirunelveli,Palayamkottai(Uzhavar Sandhai ),Onion,Bellary,Local,12/09/2026,5600,6200,5900
Tamil Nadu,Thirunelveli,Palayamkottai(Uzhavar Sandhai ),Garlic,Garlic,Local,12/09/2026,22000,30000,26000
Tamil Nadu,Thirunelveli,Palayamkottai(Uzhavar Sandhai ),Brinjal,Other,Local,12/09/2026,3000,3500,3250
Tamil Nadu,Thirunelveli,Palayamkottai(Uzhavar Sandhai ),Papaya,Papaya,Local,12/09/2026,3500,4000,3750
Tamil Nadu,Thirunelveli,Palayamkottai(Uzhavar Sandhai ),Cluster beans,Cluster Beans,Local,12/09/2026,1800,2000,1900
Tamil Nadu,Thirunelveli,Palayamkottai(Uzhavar Sandhai ),Amaranthus,Amaranthus,Local,12/09/2026,1200,1500,1350
Tamil Nadu,Thirunelveli,Palayamkottai(Uzhavar Sandhai ),Cowpea(Veg),Cowpea (Veg),Local,12/09/2026,2800,3000,2900
Tamil Nadu,Thirunelveli,Palayamkottai(Uzhavar Sandhai ),Ginger(Green),Green Ginger,Local,12/09/2026,17000,18000,17500
Tamil Nadu,Thirunelveli,Palayamkottai(Uzhavar Sandhai ),Ridgeguard(Tori),Ridgeguard(Tori),Local,12/09/2026,3500,4000,3750
Tamil Nadu,Thirunelveli,Palayamkottai(Uzhavar Sandhai ),Thondekai,Thondekai,Local,12/09/2026,4000,5000,4500
Tamil Nadu,Thirunelveli,Palayamkottai(Uzhavar Sandhai ),Lime,Lime,Local,12/09/2026,14000,16000,15000
Tamil Nadu,Thirunelveli,Palayamkottai(Uzhavar Sandhai ),Guava,Guava Allahabad,Local,12/09/2026,6000,8000,7000
Tamil Nadu,Thirunelveli,Palayamkottai(Uzhavar Sandhai ),Pomegranate,Pomogranate,Local,12/09/2026,16000,20000,18000
Tamil Nadu,Thirunelveli,Palayamkottai(Uzhavar Sandhai ),Elephant Yam(Suran)/Amorphophallus,Elephant Yam (Suran),Local,12/09/2026,3600,4000,3800
Tamil Nadu,Thirupur,Kangayam(Uzhavar Sandhai ),Onion,Bellary,Local,12/09/2026,4500,5000,4750
Tamil Nadu,Thirupur,Kangayam(Uzhavar Sandhai ),Bitter gourd,Bitter Gourd,Local,12/09/2026,5000,5500,5250
Tamil Nadu,Thirupur,Kangayam(Uzhavar Sandhai ),Snakeguard,Snakeguard,Local,12/09/2026,3500,4000,3750
Tamil Nadu,Thirupur,Kangayam(Uzhavar Sandhai ),Bhindi(Ladies Finger),Bhindi,Local,12/09/2026,5000,5500,5250
Tamil Nadu,Thirupur,Kangayam(Uzhavar Sandhai ),Amaranthus,Amaranthus,Local,12/09/2026,2500,3000,2750
Tamil Nadu,Thirupur,Kangayam(Uzhavar Sandhai ),Ridgeguard(Tori),Ridgeguard(Tori),Local,12/09/2026,4500,5000,4750
Tamil Nadu,Thirupur,Tiruppur (North) (Uzhavar Sandhai ),Cabbage,Cabbage,Local,12/09/2026,2500,3000,2750
Tamil Nadu,Thirupur,Tiruppur (North) (Uzhavar Sandhai ),Banana,Red Banana,Local,12/09/2026,6000,6500,6250
Tamil Nadu,Thirupur,Tiruppur (North) (Uzhavar Sandhai ),Onion,Bellary,Local,12/09/2026,5000,6000,5500
Tamil Nadu,Thirupur,Tiruppur (North) (Uzhavar Sandhai ),Brinjal,Other,Local,12/09/2026,2500,3000,2750
Tamil Nadu,Thirupur,Tiruppur (North) (Uzhavar Sandhai ),Papaya,Papaya,Local,12/09/2026,3000,3500,3250
Tamil Nadu,Thirupur,Tiruppur (North) (Uzhavar Sandhai ),Pumpkin,Pumpkin,Local,12/09/2026,1200,1500,1350
Tamil Nadu,Thirupur,Tiruppur (North) (Uzhavar Sandhai ),Tapioca,Tapioca,Local,12/09/2026,2500,3000,2750
Tamil Nadu,Thirupur,Tiruppur (North) (Uzhavar Sandhai ),Tender Coconut,Tender Coconut,Local,12/09/2026,3000,3500,3250
Tamil Nadu,Thirupur,Tiruppur (North) (Uzhavar Sandhai ),Onion Green,Onion Green,Local,12/09/2026,7000,8000,7500
Tamil Nadu,Thiruvannamalai,Chengam(Uzhavar Sandhai ),Cabbage,Cabbage,Local,12/09/2026,2500,3000,2750
Tamil Nadu,Thiruvannamalai,Chengam(Uzhavar Sandhai ),Onion,Bellary,Local,12/09/2026,5000,6000,5500
Tamil Nadu,Thiruvannamalai,Chengam(Uzhavar Sandhai ),Papaya,Papaya,Local,12/09/2026,3300,4000,3650
Tamil Nadu,Thiruvannamalai,Chengam(Uzhavar Sandhai ),Green Chilli,Green Chilly,Local,12/09/2026,6000,7200,6600
Tamil Nadu,Thiruvannamalai,Chengam(Uzhavar Sandhai ),Beans,Beans (Whole),Local,12/09/2026,7000,8000,7500
Tamil Nadu,Thiruvannamalai,Chengam(Uzhavar Sandhai ),Ridgeguard(Tori),Ridgeguard(Tori),Local,12/09/2026,3300,4000,3650
Tamil Nadu,Thiruvannamalai,Keelpennathur(Uzhavar Sandhai ),Green Chilli,Green Chilly,Local,12/09/2026,4500,5000,4750
Tamil Nadu,Thiruvannamalai,Keelpennathur(Uzhavar Sandhai ),Rose(Local),Rose (Local),Local,12/09/2026,20000,23000,21500
Tamil Nadu,Thiruvannamalai,Tamarainagar(Uzhavar Sandhai ),Banana,Besrai,Local,12/09/2026,5000,6000,5500
Tamil Nadu,Thiruvannamalai,Tamarainagar(Uzhavar Sandhai ),Papaya,Papaya,Local,12/09/2026,3500,4000,3750
Tamil Nadu,Thiruvannamalai,Tamarainagar(Uzhavar Sandhai ),Water Melon,Water Melon,Local,12/09/2026,2000,2500,2250
Tamil Nadu,Thiruvannamalai,Tamarainagar(Uzhavar Sandhai ),Bottle gourd,Bottle Gourd,Local,12/09/2026,2000,2500,2250
Tamil Nadu,Thiruvannamalai,Tamarainagar(Uzhavar Sandhai ),Snakeguard,Snakeguard,Local,12/09/2026,3500,4000,3750
Tamil Nadu,Thiruvannamalai,Tamarainagar(Uzhavar Sandhai ),Bhindi(Ladies Finger),Bhindi,Local,12/09/2026,2500,3000,2750
Tamil Nadu,Thiruvannamalai,Tamarainagar(Uzhavar Sandhai ),Tapioca,Tapioca,Local,12/09/2026,2500,3000,2750
Tamil Nadu,Thiruvannamalai,Tamarainagar(Uzhavar Sandhai ),Cucumbar(Kheera),Cucumbar,Local,12/09/2026,3500,4000,3750
Tamil Nadu,Thiruvannamalai,Tamarainagar(Uzhavar Sandhai ),Green Avare(W),Green Avare (W),Local,12/09/2026,5000,6000,5500
Tamil Nadu,Thiruvannamalai,Tamarainagar(Uzhavar Sandhai ),Marigold(Calcutta),Marigold(Calcutta),Local,12/09/2026,35000,40000,37500
Tamil Nadu,Thiruvannamalai,Tamarainagar(Uzhavar Sandhai ),Onion Green,Onion Green,Local,12/09/2026,11000,13000,12000
Tamil Nadu,Thiruvannamalai,Tamarainagar(Uzhavar Sandhai ),Rose(Local),Rose (Local),Local,12/09/2026,35000,40000,37500
Tamil Nadu,Thiruvannamalai,Vandavasi(Uzhavar Sandhai ),Snakeguard,Snakeguard,Local,12/09/2026,2500,3000,2750
Tamil Nadu,Thiruvannamalai,Vandavasi(Uzhavar Sandhai ),Beetroot,Beetroot,Local,12/09/2026,3600,4200,3900
Tamil Nadu,Thiruvannamalai,Vandavasi(Uzhavar Sandhai ),Lemon,Lemon,Local,12/09/2026,18000,20000,19000
Tamil Nadu,Thiruvarur,Muthupettai(Uzhavar Sandhai ),Potato,Red Nanital,Local,12/09/2026,3000,3000,3000
Tamil Nadu,Thiruvarur,Muthupettai(Uzhavar Sandhai ),Brinjal,Round,Local,12/09/2026,4200,4200,4200
Tamil Nadu,Thiruvarur,Muthupettai(Uzhavar Sandhai ),Pumpkin,Pumpkin,Local,12/09/2026,2600,2600,2600
Tamil Nadu,Thiruvarur,Muthupettai(Uzhavar Sandhai ),Mango(Raw-Ripe),Mango - Raw-Ripe,Local,12/09/2026,9500,9500,9500
Tamil Nadu,Coimbatore,Sulur(Uzhavar Sandhai ),Ashgourd,Gouard,Local,12/09/2026,1600,2000,1800
Tamil Nadu,Coimbatore,Sulur(Uzhavar Sandhai ),Snakeguard,Snakeguard,Local,12/09/2026,2800,3200,3000
Tamil Nadu,Coimbatore,Sulur(Uzhavar Sandhai ),Green Chilli,Green Chilly,Local,12/09/2026,4000,4500,4250
Tamil Nadu,Coimbatore,Sulur(Uzhavar Sandhai ),Ridgeguard(Tori),Ridgeguard(Tori),Local,12/09/2026,4000,4500,4250
Tamil Nadu,Coimbatore,Sulur(Uzhavar Sandhai ),Capsicum,Capsicum,Local,12/09/2026,5400,6000,5700
Tamil Nadu,Coimbatore,Sulur(Uzhavar Sandhai ),Mango(Raw-Ripe),Mango - Raw-Ripe,Local,12/09/2026,6000,7000,6500
Tamil Nadu,Pudukkottai,Gandarvakottai(Uzhavar Sandhai ),Coconut,Coconut,Local,12/09/2026,3000,4000,3500
Tamil Nadu,Pudukkottai,Gandarvakottai(Uzhavar Sandhai ),Banana,Red Banana,Local,12/09/2026,6000,7000,6500
Tamil Nadu,Pudukkottai,Gandarvakottai(Uzhavar Sandhai ),Onion,Bellary,Local,12/09/2026,4000,5000,4500
Tamil Nadu,Pudukkottai,Gandarvakottai(Uzhavar Sandhai ),Ashgourd,Gouard,Local,12/09/2026,1000,1500,1250
Tamil Nadu,Pudukkottai,Gandarvakottai(Uzhavar Sandhai ),Amaranthus,Amaranthus,Local,12/09/2026,1000,1500,1250
Tamil Nadu,Pudukkottai,Gandarvakottai(Uzhavar Sandhai ),Ridgeguard(Tori),Ridgeguard(Tori),Local,12/09/2026,4000,5000,4500
Tamil Nadu,Pudukkottai,Gandarvakottai(Uzhavar Sandhai ),Raddish,Raddish,Local,12/09/2026,2500,3000,2750
Tamil Nadu,Pudukkottai,Gandarvakottai(Uzhavar Sandhai ),Mango(Raw-Ripe),Mango - Raw-Ripe,Local,12/09/2026,7500,8000,7750
Tamil Nadu,Cuddalore,Panruti(Uzhavar Sandhai ),Pumpkin,Pumpkin,Local,12/09/2026,2000,2000,2000
Tamil Nadu,Cuddalore,Panruti(Uzhavar Sandhai ),Raddish,Raddish,Local,12/09/2026,3500,3500,3500
Tamil Nadu,Cuddalore,Panruti(Uzhavar Sandhai ),Green Avare(W),Green Avare (W),Local,12/09/2026,6000,6000,6000
Tamil Nadu,Cuddalore,Panruti(Uzhavar Sandhai ),Drumstick,Drumstick,Local,12/09/2026,4000,4000,4000
Tamil Nadu,Cuddalore,Vadalur(Uzhavar Sandhai ),Coconut,Coconut,Local,12/09/2026,5000,6000,5500
Tamil Nadu,Cuddalore,Vadalur(Uzhavar Sandhai ),Coriander(Leaves),I Sort,Local,12/09/2026,4000,4000,4000
Tamil Nadu,Cuddalore,Vadalur(Uzhavar Sandhai ),Ashgourd,Gouard,Local,12/09/2026,2000,2000,2000
Tamil Nadu,Cuddalore,Vadalur(Uzhavar Sandhai ),Snakeguard,Snakeguard,Local,12/09/2026,3000,3000,3000
Tamil Nadu,Cuddalore,Vadalur(Uzhavar Sandhai ),Tender Coconut,Tender Coconut,Local,12/09/2026,2500,3000,2750
Tamil Nadu,Cuddalore,Vadalur(Uzhavar Sandhai ),Mint(Pudina),Mint(Pudina),Local,12/09/2026,4000,4000,4000
Tamil Nadu,Dharmapuri,AJattihalli(Uzhavar Sandhai ),Papaya,Papaya,Local,12/09/2026,3500,4000,3750
Tamil Nadu,Dharmapuri,AJattihalli(Uzhavar Sandhai ),Tomato,Deshi,Local,12/09/2026,2000,2600,2300
Tamil Nadu,Dharmapuri,AJattihalli(Uzhavar Sandhai ),Ashgourd,Gouard,Local,12/09/2026,1500,1500,1500
Tamil Nadu,Dharmapuri,AJattihalli(Uzhavar Sandhai ),Pumpkin,Pumpkin,Local,12/09/2026,1500,1500,1500
Tamil Nadu,Dharmapuri,AJattihalli(Uzhavar Sandhai ),Raddish,Raddish,Local,12/09/2026,1800,2000,1900
Tamil Nadu,Dharmapuri,AJattihalli(Uzhavar Sandhai ),Green Avare(W),Green Avare (W),Local,12/09/2026,5000,5000,5000
Tamil Nadu,Dharmapuri,AJattihalli(Uzhavar Sandhai ),Drumstick,Drumstick,Local,12/09/2026,2500,2500,2500
Tamil Nadu,Dharmapuri,AJattihalli(Uzhavar Sandhai ),Knool Khol,Knool Khol,Local,12/09/2026,4400,4400,4400
Tamil Nadu,Dharmapuri,AJattihalli(Uzhavar Sandhai ),Tender Coconut,Tender Coconut,Local,12/09/2026,3000,3500,3250
Tamil Nadu,Thanjavur,Peravurani(Uzhavar Sandhai),Coconut,Coconut,Local,12/09/2026,5000,5000,5000
Tamil Nadu,Thanjavur,Peravurani(Uzhavar Sandhai),Banana,Besrai,Local,12/09/2026,3500,3500,3500
Tamil Nadu,Thanjavur,Peravurani(Uzhavar Sandhai),Potato,Red Nanital,Local,12/09/2026,3000,3000,3000
Tamil Nadu,Thanjavur,Peravurani(Uzhavar Sandhai),Tomato,Deshi,Local,12/09/2026,3200,3200,3200
Tamil Nadu,Thanjavur,Peravurani(Uzhavar Sandhai),Pumpkin,Pumpkin,Local,12/09/2026,2500,2500,2500
Tamil Nadu,Thanjavur,Peravurani(Uzhavar Sandhai),Bhindi(Ladies Finger),Bhindi,Local,12/09/2026,4000,4000,4000
Tamil Nadu,Thanjavur,Peravurani(Uzhavar Sandhai),Banana - Green,Banana - Green,Local,12/09/2026,3000,3000,3000
Tamil Nadu,Karur,Pallapatti (Uzhavar Sandhai ),Sweet Potato,Hosur Red,Local,12/09/2026,4500,5000,4750
Tamil Nadu,Karur,Pallapatti (Uzhavar Sandhai ),Papaya,Papaya,Local,12/09/2026,3500,4000,3750
Tamil Nadu,Karur,Pallapatti (Uzhavar Sandhai ),Cluster beans,Cluster Beans,Local,12/09/2026,3500,4000,3750
Tamil Nadu,Karur,Pallapatti (Uzhavar Sandhai ),Bitter gourd,Other,Local,12/09/2026,5500,6000,5750
Tamil Nadu,Karur,Pallapatti (Uzhavar Sandhai ),Banana - Green,Banana - Green,Local,12/09/2026,2500,3000,2750
Tamil Nadu,Karur,Pallapatti (Uzhavar Sandhai ),Tapioca,Tapioca,Local,12/09/2026,2500,3000,2750
Tamil Nadu,Karur,Pallapatti (Uzhavar Sandhai ),Amla(Nelli Kai),Amla,Local,12/09/2026,7500,8000,7750
Tamil Nadu,Karur,Pallapatti (Uzhavar Sandhai ),Baby Corn,Baby Corn,Grade A,12/09/2026,4500,5000,4750
Tamil Nadu,Karur,Velayuthampalayam(Uzhavar Sandhai ),Banana,Other,Local,12/09/2026,5200,6000,5600
Tamil Nadu,Karur,Velayuthampalayam(Uzhavar Sandhai ),Coriander(Leaves),I Sort,Local,12/09/2026,5200,6000,5600
Tamil Nadu,Karur,Velayuthampalayam(Uzhavar Sandhai ),Ridgeguard(Tori),Ridgeguard(Tori),Local,12/09/2026,4000,5000,4500
Tamil Nadu,Karur,Velayuthampalayam(Uzhavar Sandhai ),Drumstick,Drumstick,Local,12/09/2026,2400,3000,2700
Tamil Nadu,Karur,Velayuthampalayam(Uzhavar Sandhai ),Lemon,Lemon,Local,12/09/2026,28000,30000,29000
Tamil Nadu,Karur,Velayuthampalayam(Uzhavar Sandhai ),Mint(Pudina),Mint(Pudina),Local,12/09/2026,5200,6000,5600
Tamil Nadu,Karur,Vengamedu(Uzhavar Sandhai ),Ridgeguard(Tori),Ridgeguard(Tori),Local,12/09/2026,4500,5000,4750
Tamil Nadu,Theni,Devaram(Uzhavar Sandhai ),Coconut,Coconut,Local,12/09/2026,5400,5400,5400
Tamil Nadu,Theni,Devaram(Uzhavar Sandhai ),Snakeguard,Snakeguard,Local,12/09/2026,3200,3200,3200
Tamil Nadu,Theni,Devaram(Uzhavar Sandhai ),Brinjal,Round,Local,12/09/2026,3500,3500,3500
Tamil Nadu,Theni,Devaram(Uzhavar Sandhai ),Coriander(Leaves),I Sort,Local,12/09/2026,2500,2500,2500
Tamil Nadu,Theni,Devaram(Uzhavar Sandhai ),Amaranthus,Amaranthus,Local,12/09/2026,2500,2500,2500
Tamil Nadu,Theni,Devaram(Uzhavar Sandhai ),Ridgeguard(Tori),Ridgeguard(Tori),Local,12/09/2026,3600,3600,3600
Tamil Nadu,Theni,Devaram(Uzhavar Sandhai ),Onion Green,Onion Green,Local,12/09/2026,7500,7500,7500
Tamil Nadu,Salem,Attayampatti(Uzhavar Sandhai ),Pumpkin,Pumpkin,Local,12/09/2026,1800,2000,1900
Tamil Nadu,Salem,Attayampatti(Uzhavar Sandhai ),Amaranthus,Amaranthus,Local,12/09/2026,2400,2400,2400
Tamil Nadu,Salem,Attayampatti(Uzhavar Sandhai ),Tapioca,Tapioca,Local,12/09/2026,3000,3500,3250
Tamil Nadu,Sivaganga,Sivagangai (Uzhavar Sandhai ),Carrot,Pusakesar,Local,12/09/2026,3800,6200,5000
Tamil Nadu,Sivaganga,Sivagangai (Uzhavar Sandhai ),Onion,Bellary,Local,12/09/2026,5200,7000,6100
Tamil Nadu,Sivaganga,Sivagangai (Uzhavar Sandhai ),Papaya,Papaya,Local,12/09/2026,4600,5200,4900
Tamil Nadu,Sivaganga,Sivagangai (Uzhavar Sandhai ),Drumstick,Drumstick,Local,12/09/2026,4200,6200,5200
Tamil Nadu,Sivaganga,Sivagangai (Uzhavar Sandhai ),Mango(Raw-Ripe),Mango - Raw-Ripe,Local,12/09/2026,10000,10000,10000
Tamil Nadu,Sivaganga,Sivagangai (Uzhavar Sandhai ),Knool Khol,Knool Khol,Local,12/09/2026,3800,4200,4000
Tamil Nadu,Sivaganga,Sivagangai (Uzhavar Sandhai ),Mint(Pudina),Mint(Pudina),Local,12/09/2026,4600,5200,4900
Tamil Nadu,Sivaganga,Devakottai (Uzhavar Sandhai ),Ginger(Green),Green Ginger,Local,12/09/2026,12000,20200,16100
Tamil Nadu,Sivaganga,Devakottai (Uzhavar Sandhai ),Ashgourd,Gouard,Local,12/09/2026,2200,2500,2350
Tamil Nadu,Sivaganga,Devakottai (Uzhavar Sandhai ),Mint(Pudina),Mint(Pudina),Local,12/09/2026,5000,5200,5100
Tamil Nadu,Salem,Edapadi (Uzhavar Sandhai ),Brinjal,Other,Local,12/09/2026,3000,3500,3250
Tamil Nadu,Salem,Edapadi (Uzhavar Sandhai ),Tapioca,Tapioca,Local,12/09/2026,2800,3000,2900
Tamil Nadu,Salem,Edapadi (Uzhavar Sandhai ),Ridgeguard(Tori),Ridgeguard(Tori),Local,12/09/2026,3500,4000,3750
Tamil Nadu,Salem,Edapadi (Uzhavar Sandhai ),Raddish,Raddish,Local,12/09/2026,2200,2500,2350
Tamil Nadu,Salem,Edapadi (Uzhavar Sandhai ),Mint(Pudina),Mint(Pudina),Local,12/09/2026,3000,3500,3250
Tamil Nadu,Salem,Edapadi (Uzhavar Sandhai ),Sweet Corn ,Sweet Corn ,Local,12/09/2026,2800,3000,2900
Tamil Nadu,Salem,Elampillai(Uzhavar Sandhai ),Coconut,Coconut,Local,12/09/2026,6000,6500,6250
Tamil Nadu,Salem,Elampillai(Uzhavar Sandhai ),Cabbage,Cabbage,Local,12/09/2026,3000,3500,3250
Tamil Nadu,Salem,Elampillai(Uzhavar Sandhai ),Banana,Red Banana,Local,12/09/2026,7000,7500,7250
Tamil Nadu,Salem,Elampillai(Uzhavar Sandhai ),Cucumbar(Kheera),Cucumbar,Local,12/09/2026,3500,4000,3750
Tamil Nadu,Salem,Elampillai(Uzhavar Sandhai ),Ridgeguard(Tori),Ridgeguard(Tori),Local,12/09/2026,3500,3800,3650
Tamil Nadu,Salem,Elampillai(Uzhavar Sandhai ),Raddish,Raddish,Local,12/09/2026,2500,3000,2750
Tamil Nadu,Salem,Elampillai(Uzhavar Sandhai ),Drumstick,Drumstick,Local,12/09/2026,2500,3000,2750
Tamil Nadu,Salem,Elampillai(Uzhavar Sandhai ),Knool Khol,Knool Khol,Local,12/09/2026,3500,4000,3750
Tamil Nadu,Salem,Elampillai(Uzhavar Sandhai ),Mint(Pudina),Mint(Pudina),Local,12/09/2026,2500,3000,2750
Tamil Nadu,Salem,Hasthampatti(Uzhavar Sandhai ),Orange,Darjeeling,Local,12/09/2026,8000,10000,9000
Tamil Nadu,Salem,Hasthampatti(Uzhavar Sandhai ),Grapes,Annabesahai,Local,12/09/2026,8000,10000,9000
Tamil Nadu,Salem,Hasthampatti(Uzhavar Sandhai ),Brinjal,Round,Local,12/09/2026,3000,3500,3250
Tamil Nadu,Salem,Hasthampatti(Uzhavar Sandhai ),Cluster beans,Cluster Beans,Local,12/09/2026,3500,3800,3650
Tamil Nadu,Salem,Hasthampatti(Uzhavar Sandhai ),Bitter gourd,Other,Local,12/09/2026,4500,4800,4650
Tamil Nadu,Salem,Hasthampatti(Uzhavar Sandhai ),Bhindi(Ladies Finger),Bhindi,Local,12/09/2026,2600,2800,2700
Tamil Nadu,Salem,Hasthampatti(Uzhavar Sandhai ),Beetroot,Beetroot,Local,12/09/2026,6000,6500,6250
Tamil Nadu,Salem,Hasthampatti(Uzhavar Sandhai ),Ridgeguard(Tori),Ridgeguard(Tori),Local,12/09/2026,3500,4000,3750
Tamil Nadu,Salem,Hasthampatti(Uzhavar Sandhai ),Capsicum,Capsicum,Local,12/09/2026,4500,5000,4750
Tamil Nadu,Salem,Hasthampatti(Uzhavar Sandhai ),Drumstick,Drumstick,Local,12/09/2026,2500,3000,2750
Tamil Nadu,Salem,Hasthampatti(Uzhavar Sandhai ),Knool Khol,Knool Khol,Local,12/09/2026,3500,4000,3750
Tamil Nadu,Salem,Jalagandapuram(Uzhavar Sandhai ),Beetroot,Beetroot,Local,12/09/2026,4000,4500,4250
Tamil Nadu,Salem,Jalagandapuram(Uzhavar Sandhai ),Snakeguard,Snakeguard,Local,12/09/2026,3500,3800,3650
Tamil Nadu,Salem,Jalagandapuram(Uzhavar Sandhai ),Cluster beans,Cluster Beans,Local,12/09/2026,3000,3400,3200
Tamil Nadu,Salem,Jalagandapuram(Uzhavar Sandhai ),Bottle gourd,Bottle Gourd,Local,12/09/2026,1600,2000,1800
Tamil Nadu,Salem,Jalagandapuram(Uzhavar Sandhai ),Pumpkin,Pumpkin,Local,12/09/2026,1800,2000,1900
Tamil Nadu,Salem,Jalagandapuram(Uzhavar Sandhai ),Cowpea(Veg),Cowpea (Veg),Local,12/09/2026,4500,5000,4750
Tamil Nadu,Salem,Jalagandapuram(Uzhavar Sandhai ),Capsicum,Capsicum,Local,12/09/2026,4500,5000,4750
Tamil Nadu,Salem,Jalagandapuram(Uzhavar Sandhai ),Lime,Lime,Local,12/09/2026,3000,3500,3250
Tamil Nadu,Sivaganga,Singampunari(Uzhavar Sandhai ),Coconut,Coconut,Local,12/09/2026,6200,6800,6500
Tamil Nadu,Sivaganga,Singampunari(Uzhavar Sandhai ),Banana,Karpura,Local,12/09/2026,3500,4000,3750
Tamil Nadu,Sivaganga,Singampunari(Uzhavar Sandhai ),Onion,Bellary,Local,12/09/2026,4200,6600,5400
Tamil Nadu,Sivaganga,Singampunari(Uzhavar Sandhai ),Brinjal,Other,Local,12/09/2026,3800,4400,4100
Tamil Nadu,Sivaganga,Singampunari(Uzhavar Sandhai ),Bottle gourd,Bottle Gourd,Local,12/09/2026,2200,2800,2500
Tamil Nadu,Sivaganga,Singampunari(Uzhavar Sandhai ),Bhindi(Ladies Finger),Bhindi,Local,12/09/2026,3800,4200,4000
Tamil Nadu,Sivaganga,Singampunari(Uzhavar Sandhai ),Beans,Beans (Whole),Local,12/09/2026,10200,12200,11200
Tamil Nadu,Sivaganga,Karaikudi(Uzhavar Sandhai ),Snakeguard,Snakeguard,Local,12/09/2026,3500,4000,3750
Tamil Nadu,Sivaganga,Karaikudi(Uzhavar Sandhai ),Ashgourd,Gouard,Local,12/09/2026,2000,2200,2100
Tamil Nadu,Sivaganga,Karaikudi(Uzhavar Sandhai ),Beetroot,Beetroot,Local,12/09/2026,5000,5500,5250
Tamil Nadu,Sivaganga,Karaikudi(Uzhavar Sandhai ),Green Avare(W),Other,Local,12/09/2026,6500,7500,7000
Tamil Nadu,Sivaganga,Karaikudi(Uzhavar Sandhai ),Lemon,Lemon,Local,12/09/2026,23000,27000,25000
Tamil Nadu,Sivaganga,Tirupatthur(Uzhavar Sandhai ),Banana,Karpura,Local,12/09/2026,4000,4000,4000
Tamil Nadu,Sivaganga,Tirupatthur(Uzhavar Sandhai ),Coriander(Leaves),I Sort,Local,12/09/2026,5500,6000,5750
Tamil Nadu,Sivaganga,Tirupatthur(Uzhavar Sandhai ),Papaya,Papaya,Local,12/09/2026,5000,5500,5250
Tamil Nadu,Sivaganga,Tirupatthur(Uzhavar Sandhai ),Bottle gourd,Bottle Gourd,Local,12/09/2026,2500,3000,2750
Tamil Nadu,Sivaganga,Tirupatthur(Uzhavar Sandhai ),Snakeguard,Snakeguard,Local,12/09/2026,3500,4000,3750
Tamil Nadu,Sivaganga,Tirupatthur(Uzhavar Sandhai ),Bhindi(Ladies Finger),Bhindi,Local,12/09/2026,4000,4500,4250
Tamil Nadu,Sivaganga,Tirupatthur(Uzhavar Sandhai ),Amaranthus,Amaranthus,Local,12/09/2026,3500,4000,3750
Tamil Nadu,Sivaganga,Tirupatthur(Uzhavar Sandhai ),Beetroot,Beetroot,Local,12/09/2026,5000,5500,5250
Tamil Nadu,Sivaganga,Tirupatthur(Uzhavar Sandhai ),Raddish,Raddish,Local,12/09/2026,2800,3000,2900
Tamil Nadu,Sivaganga,Tirupatthur(Uzhavar Sandhai ),Green Avare(W),Other,Local,12/09/2026,9000,9500,9250
Tamil Nadu,Sivaganga,Tirupatthur(Uzhavar Sandhai ),Yam(Ratalu),Yam (Ratalu),Local,12/09/2026,7000,7500,7250
Tamil Nadu,Thanjavur,Pattukottai(Uzhavar Sandhai ),Cabbage,Cabbage,Local,12/09/2026,3400,3400,3400
Tamil Nadu,Thanjavur,Pattukottai(Uzhavar Sandhai ),Garlic,Garlic,Local,12/09/2026,16000,16000,16000
Tamil Nadu,Thanjavur,Pattukottai(Uzhavar Sandhai ),Ashgourd,Gouard,Local,12/09/2026,3000,3000,3000
Tamil Nadu,Thanjavur,Pattukottai(Uzhavar Sandhai ),Pumpkin,Pumpkin,Local,12/09/2026,2600,2600,2600
Tamil Nadu,Thanjavur,Pattukottai(Uzhavar Sandhai ),Green Chilli,Green Chilly,Local,12/09/2026,4800,4800,4800
Tamil Nadu,Thanjavur,Pattukottai(Uzhavar Sandhai ),Capsicum,Capsicum,Local,12/09/2026,6000,6000,6000
Tamil Nadu,Thanjavur,Pattukottai(Uzhavar Sandhai ),Yam(Ratalu),Yam (Ratalu),Local,12/09/2026,7000,7000,7000
Tamil Nadu,Thanjavur,Pattukottai(Uzhavar Sandhai ),Lemon,Lemon,Local,12/09/2026,14600,14600,14600
Tamil Nadu,Thanjavur,Pattukottai(Uzhavar Sandhai ),Onion Green,Onion Green,Local,12/09/2026,7800,7800,7800
Tamil Nadu,Thanjavur,Thanjavur(Uzhavar Sandhai ),Coconut,Coconut,Local,12/09/2026,6000,6000,6000
Tamil Nadu,Thanjavur,Thanjavur(Uzhavar Sandhai ),Beetroot,Beetroot,Local,12/09/2026,5000,5000,5000
Tamil Nadu,Thanjavur,Thanjavur(Uzhavar Sandhai ),Cabbage,Cabbage,Local,12/09/2026,3600,3600,3600
Tamil Nadu,Thanjavur,Thanjavur(Uzhavar Sandhai ),Banana,Red Banana,Local,12/09/2026,10000,10000,10000
Tamil Nadu,Thanjavur,Thanjavur(Uzhavar Sandhai ),Cauliflower,Ranchi,Local,12/09/2026,4600,4600,4600
Tamil Nadu,Thanjavur,Thanjavur(Uzhavar Sandhai ),Ashgourd,Gouard,Local,12/09/2026,2400,2400,2400
Tamil Nadu,Thanjavur,Thanjavur(Uzhavar Sandhai ),Pumpkin,Pumpkin,Local,12/09/2026,2000,2000,2000
Tamil Nadu,Thanjavur,Thanjavur(Uzhavar Sandhai ),Ginger(Green),Green Ginger,Local,12/09/2026,10000,20000,15000
Tamil Nadu,Thanjavur,Thanjavur(Uzhavar Sandhai ),Raddish,Raddish,Local,12/09/2026,2800,2800,2800
Tamil Nadu,Thanjavur,Thanjavur(Uzhavar Sandhai ),Capsicum,Capsicum,Local,12/09/2026,7000,7000,7000
Tamil Nadu,Thanjavur,Thanjavur(Uzhavar Sandhai ),Guava,Guava Allahabad,Local,12/09/2026,10000,10000,10000
Tamil Nadu,Thanjavur,Thanjavur(Uzhavar Sandhai ),Pomegranate,Pomogranate,Local,12/09/2026,24000,24000,24000
Tamil Nadu,Thiruchirappalli,KKNagar(Uzhavar Sandhai ),Apple,American,Local,12/09/2026,24000,24000,24000
Tamil Nadu,Thiruchirappalli,KKNagar(Uzhavar Sandhai ),Banana,Poovan,Local,12/09/2026,6000,6000,6000
Tamil Nadu,Thiruchirappalli,KKNagar(Uzhavar Sandhai ),Grapes,Annabesahai,Local,12/09/2026,12000,12000,12000
Tamil Nadu,Thiruchirappalli,KKNagar(Uzhavar Sandhai ),Cauliflower,Ranchi,Local,12/09/2026,5000,5000,5000
Tamil Nadu,Thiruchirappalli,KKNagar(Uzhavar Sandhai ),Ashgourd,Gouard,Local,12/09/2026,2000,2000,2000
Tamil Nadu,Thiruchirappalli,KKNagar(Uzhavar Sandhai ),Bhindi(Ladies Finger),Bhindi,Local,12/09/2026,4000,4000,4000
Tamil Nadu,Thiruchirappalli,KKNagar(Uzhavar Sandhai ),Banana - Green,Banana - Green,Local,12/09/2026,3000,3000,3000
Tamil Nadu,Thiruchirappalli,KKNagar(Uzhavar Sandhai ),Beans,Beans (Whole),Local,12/09/2026,8600,8600,8600
Tamil Nadu,Thiruchirappalli,KKNagar(Uzhavar Sandhai ),Raddish,Raddish,Local,12/09/2026,3600,3600,3600
Tamil Nadu,Thiruchirappalli,KKNagar(Uzhavar Sandhai ),Thondekai,Thondekai,Local,12/09/2026,4600,4600,4600
Tamil Nadu,Thiruchirappalli,KKNagar(Uzhavar Sandhai ),Capsicum,Capsicum,Local,12/09/2026,4600,4600,4600
Tamil Nadu,Thiruchirappalli,KKNagar(Uzhavar Sandhai ),Lime,Lime,Local,12/09/2026,5000,5000,5000
Tamil Nadu,Thiruchirappalli,KKNagar(Uzhavar Sandhai ),Pomegranate,Pomogranate,Local,12/09/2026,19000,19000,19000
Tamil Nadu,Thiruchirappalli,KKNagar(Uzhavar Sandhai ),Yam(Ratalu),Yam (Ratalu),Local,12/09/2026,8000,8000,8000
Tamil Nadu,Thiruchirappalli,Lalgudi(Uzhavar Sandhai ),Snakeguard,Snakeguard,Local,12/09/2026,4600,4600,4600
Tamil Nadu,Thiruchirappalli,Lalgudi(Uzhavar Sandhai ),Coriander(Leaves),I Sort,Local,12/09/2026,3000,3000,3000
Tamil Nadu,Thiruchirappalli,Lalgudi(Uzhavar Sandhai ),Tomato,Local,Local,12/09/2026,2800,2800,2800
Tamil Nadu,Thiruchirappalli,Lalgudi(Uzhavar Sandhai ),Bottle gourd,Bottle Gourd,Local,12/09/2026,3000,3000,3000
Tamil Nadu,Thiruchirappalli,Lalgudi(Uzhavar Sandhai ),Beans,Beans (Whole),Local,12/09/2026,9000,9000,9000
Tamil Nadu,Thiruchirappalli,Lalgudi(Uzhavar Sandhai ),Tapioca,Tapioca,Local,12/09/2026,4000,4000,4000
Tamil Nadu,Thiruchirappalli,Lalgudi(Uzhavar Sandhai ),Drumstick,Drumstick,Local,12/09/2026,4000,4000,4000
Tamil Nadu,Thiruchirappalli,Lalgudi(Uzhavar Sandhai ),Knool Khol,Knool Khol,Local,12/09/2026,3600,3600,3600
Tamil Nadu,Thiruchirappalli,Lalgudi(Uzhavar Sandhai ),Yam(Ratalu),Yam (Ratalu),Local,12/09/2026,5600,5600,5600
Tamil Nadu,Thiruchirappalli,Lalgudi(Uzhavar Sandhai ),Indian Beans(Seam),Indian Beans (Seam),Local,12/09/2026,7000,7000,7000
Tamil Nadu,Thiruchirappalli,Lalgudi(Uzhavar Sandhai ),Lemon,Lemon,Local,12/09/2026,17000,17000,17000
Tamil Nadu,Thiruchirappalli,Manachanallur(Uzhavar Sandhai ),Cabbage,Cabbage,Local,12/09/2026,3500,3500,3500
Tamil Nadu,Thiruchirappalli,Manachanallur(Uzhavar Sandhai ),Tomato,Other,Local,12/09/2026,2800,3000,2900
Tamil Nadu,Thiruchirappalli,Manachanallur(Uzhavar Sandhai ),Bitter gourd,Other,Local,12/09/2026,5600,5600,5600
Tamil Nadu,Thiruchirappalli,Manachanallur(Uzhavar Sandhai ),Amaranthus,Amaranthus,Local,12/09/2026,2000,2000,2000
Tamil Nadu,Thiruchirappalli,Manachanallur(Uzhavar Sandhai ),Ridgeguard(Tori),Ridgeguard(Tori),Local,12/09/2026,4600,4600,4600
Tamil Nadu,Thiruchirappalli,Manachanallur(Uzhavar Sandhai ),Raddish,Raddish,Local,12/09/2026,3000,3000,3000
Tamil Nadu,Thiruchirappalli,Manachanallur(Uzhavar Sandhai ),Drumstick,Drumstick,Local,12/09/2026,4000,4000,4000
Tamil Nadu,Thiruchirappalli,Manachanallur(Uzhavar Sandhai ),Mango(Raw-Ripe),Mango - Raw-Ripe,Local,12/09/2026,10000,10000,10000
Tamil Nadu,Thiruchirappalli,Manachanallur(Uzhavar Sandhai ),Mint(Pudina),Mint(Pudina),Local,12/09/2026,5400,5400,5400
Tamil Nadu,Thiruchirappalli,Manapparai(Uzhavar Sandhai ),Cabbage,Cabbage,Local,12/09/2026,3500,3500,3500
Tamil Nadu,Thiruchirappalli,Manapparai(Uzhavar Sandhai ),Tomato,Other,Local,12/09/2026,3000,3000,3000
Tamil Nadu,Thiruchirappalli,Manapparai(Uzhavar Sandhai ),Bhindi(Ladies Finger),Bhindi,Local,12/09/2026,4000,4000,4000
Tamil Nadu,Thiruchirappalli,Manapparai(Uzhavar Sandhai ),Ridgeguard(Tori),Ridgeguard(Tori),Local,12/09/2026,5000,5000,5000
Tamil Nadu,Thiruchirappalli,Manapparai(Uzhavar Sandhai ),Raddish,Raddish,Local,12/09/2026,3000,3000,3000
Tamil Nadu,Thiruchirappalli,Manapparai(Uzhavar Sandhai ),Green Avare(W),Other,Local,12/09/2026,7000,7000,7000
Tamil Nadu,Thiruchirappalli,Manapparai(Uzhavar Sandhai ),Guava,Guava Allahabad,Local,12/09/2026,8000,8000,8000
Tamil Nadu,Thiruchirappalli,Manapparai(Uzhavar Sandhai ),Lemon,Lemon,Local,12/09/2026,12000,12000,12000
Tamil Nadu,Thiruchirappalli,Musiri(Uzhavar Sandhai ),Coconut,Coconut,Local,12/09/2026,6000,6500,6250
Tamil Nadu,Thiruchirappalli,Musiri(Uzhavar Sandhai ),Sweet Potato,Hosur Red,Local,12/09/2026,4000,5000,4500
Tamil Nadu,Thiruchirappalli,Musiri(Uzhavar Sandhai ),Banana,Other,Local,12/09/2026,4000,5000,4500
Tamil Nadu,Thiruchirappalli,Musiri(Uzhavar Sandhai ),Onion,Bellary,Local,12/09/2026,5500,7000,6250
Tamil Nadu,Thiruchirappalli,Musiri(Uzhavar Sandhai ),Tomato,Local,Local,12/09/2026,2600,3000,2800
Tamil Nadu,Thiruchirappalli,Musiri(Uzhavar Sandhai ),Amaranthus,Amaranthus,Local,12/09/2026,2000,2000,2000
Tamil Nadu,Thiruchirappalli,Musiri(Uzhavar Sandhai ),Thondekai,Thondekai,Local,12/09/2026,3500,4000,3750
Tamil Nadu,Thiruchirappalli,Musiri(Uzhavar Sandhai ),Green Avare(W),Green Avare (W),Local,12/09/2026,6000,6500,6250
Tamil Nadu,Thiruchirappalli,Musiri(Uzhavar Sandhai ),Guava,Guava Allahabad,Local,12/09/2026,4000,5000,4500
Tamil Nadu,Thiruchirappalli,Musiri(Uzhavar Sandhai ),Lemon,Lemon,Local,12/09/2026,13000,15000,14000
Tamil Nadu,Thiruchirappalli,Musiri(Uzhavar Sandhai ),Amla(Nelli Kai),Amla,Local,12/09/2026,7000,8000,7500
Tamil Nadu,Thiruchirappalli,Musiri(Uzhavar Sandhai ),Onion Green,Onion Green,Local,12/09/2026,5000,8000,6500
Tamil Nadu,Thiruchirappalli,Thiruverumbur(Uzhavar Sandhai ),Coconut,Coconut,Local,12/09/2026,7000,7000,7000
Tamil Nadu,Thiruchirappalli,Thiruverumbur(Uzhavar Sandhai ),Sweet Potato,Hosur Red,Local,12/09/2026,5000,5000,5000
Tamil Nadu,Thiruchirappalli,Thiruverumbur(Uzhavar Sandhai ),Cabbage,Cabbage,Local,12/09/2026,3000,3000,3000
Tamil Nadu,Thiruchirappalli,Thiruverumbur(Uzhavar Sandhai ),Banana,Karpura,Local,12/09/2026,4000,4000,4000
Tamil Nadu,Thiruchirappalli,Thiruverumbur(Uzhavar Sandhai ),Brinjal,Other,Local,12/09/2026,4600,5000,4800
Tamil Nadu,Thiruchirappalli,Thiruverumbur(Uzhavar Sandhai ),Bitter gourd,Other,Local,12/09/2026,5600,6000,5800
Tamil Nadu,Thiruchirappalli,Thiruverumbur(Uzhavar Sandhai ),Amaranthus,Amaranthus,Local,12/09/2026,2000,2000,2000
Tamil Nadu,Thiruchirappalli,Thiruverumbur(Uzhavar Sandhai ),Snakeguard,Snakeguard,Local,12/09/2026,4000,4000,4000
Tamil Nadu,Virudhunagar,Rajapalayam(Uzhavar Sandhai ),Snakeguard,Snakeguard,Local,12/09/2026,3000,3500,3250
Tamil Nadu,Virudhunagar,Rajapalayam(Uzhavar Sandhai ),Chikoos(Sapota),Sapota,Local,12/09/2026,3000,3500,3250
Tamil Nadu,Virudhunagar,Rajapalayam(Uzhavar Sandhai ),Papaya,Papaya,Local,12/09/2026,3000,3500,3250
Tamil Nadu,Virudhunagar,Rajapalayam(Uzhavar Sandhai ),Bottle gourd,Bottle Gourd,Local,12/09/2026,1500,2000,1750
Tamil Nadu,Virudhunagar,Rajapalayam(Uzhavar Sandhai ),Raddish,Raddish,Local,12/09/2026,3000,3500,3250
Tamil Nadu,Virudhunagar,Rajapalayam(Uzhavar Sandhai ),Guava,Guava Allahabad,Local,12/09/2026,3500,4000,3750
Tamil Nadu,Virudhunagar,Sathur(Uzhavar Sandhai ),Potato,Red Nanital,Local,12/09/2026,3500,4000,3750
Tamil Nadu,Virudhunagar,Sathur(Uzhavar Sandhai ),Banana - Green,Banana - Green,Local,12/09/2026,3500,4000,3750
Tamil Nadu,Virudhunagar,Sathur(Uzhavar Sandhai ),Beetroot,Beetroot,Local,12/09/2026,4500,5000,4750
Tamil Nadu,Virudhunagar,Sivakasi(Uzhavar Sandhai ),Carrot,Pusakesar,Local,12/09/2026,4000,5000,4500
Tamil Nadu,Virudhunagar,Sivakasi(Uzhavar Sandhai ),Potato,Red Nanital,Local,12/09/2026,2500,3000,2750
Tamil Nadu,Virudhunagar,Sivakasi(Uzhavar Sandhai ),Bottle gourd,Bottle Gourd,Local,12/09/2026,2000,2500,2250
Tamil Nadu,Virudhunagar,Sivakasi(Uzhavar Sandhai ),Bhindi(Ladies Finger),Bhindi,Local,12/09/2026,4000,5000,4500
Tamil Nadu,Virudhunagar,Sivakasi(Uzhavar Sandhai ),Drumstick,Drumstick,Local,12/09/2026,4000,5000,4500
Tamil Nadu,Virudhunagar,Thalavaipuram(Uzhavar Sandhai ),Carrot,Pusakesar,Local,12/09/2026,3600,4500,4050
Tamil Nadu,Virudhunagar,Thalavaipuram(Uzhavar Sandhai ),Cabbage,Cabbage,Local,12/09/2026,2500,3000,2750
Tamil Nadu,Virudhunagar,Thalavaipuram(Uzhavar Sandhai ),Potato,Red Nanital,Local,12/09/2026,2500,3000,2750
Tamil Nadu,Virudhunagar,Thalavaipuram(Uzhavar Sandhai ),Bottle gourd,Bottle Gourd,Local,12/09/2026,1600,2000,1800
Tamil Nadu,Virudhunagar,Thalavaipuram(Uzhavar Sandhai ),Amaranthus,Amaranthus,Local,12/09/2026,2800,3500,3150
Tamil Nadu,Virudhunagar,Thalavaipuram(Uzhavar Sandhai ),Yam(Ratalu),Yam (Ratalu),Local,12/09/2026,6500,8000,7250
Tamil Nadu,Virudhunagar,Virudhunagar(Uzhavar Sandhai ),Brinjal,Round,Local,12/09/2026,3400,3500,3450
Tamil Nadu,Virudhunagar,Virudhunagar(Uzhavar Sandhai ),Tomato,Deshi,Local,12/09/2026,2500,2600,2550
Tamil Nadu,Virudhunagar,Virudhunagar(Uzhavar Sandhai ),Banana - Green,Banana - Green,Local,12/09/2026,3100,3300,3200
Tamil Nadu,Virudhunagar,Virudhunagar(Uzhavar Sandhai ),Beans,Beans (Whole),Local,12/09/2026,7800,7900,7850
Tamil Nadu,Virudhunagar,Virudhunagar(Uzhavar Sandhai ),Beetroot,Beetroot,Local,12/09/2026,3400,3500,3450
Tamil Nadu,Chengalpattu,Madhuranthagam(Uzhavar Sandhai ),Coconut,Coconut,Local,12/09/2026,3000,4000,3500
Tamil Nadu,Chengalpattu,Madhuranthagam(Uzhavar Sandhai ),Potato,Red Nanital,Local,12/09/2026,4000,4000,4000
Tamil Nadu,Chengalpattu,Madhuranthagam(Uzhavar Sandhai ),Brinjal,Round,Local,12/09/2026,5000,5000,5000
Tamil Nadu,Chengalpattu,Madhuranthagam(Uzhavar Sandhai ),Pumpkin,Pumpkin,Local,12/09/2026,3000,3000,3000
Tamil Nadu,Chengalpattu,Madhuranthagam(Uzhavar Sandhai ),Mint(Pudina),Mint(Pudina),Local,12/09/2026,3000,3000,3000
Tamil Nadu,Chengalpattu,Medavakkam(Uzhavar Sandhai ),Coconut,Coconut,Local,12/09/2026,5000,5000,5000
Tamil Nadu,Chengalpattu,Medavakkam(Uzhavar Sandhai ),Tomato,Other,Local,12/09/2026,2000,2500,2250
Tamil Nadu,Chengalpattu,Medavakkam(Uzhavar Sandhai ),Tender Coconut,Tender Coconut,Local,12/09/2026,5000,5000,5000
Tamil Nadu,Chengalpattu,Medavakkam(Uzhavar Sandhai ),Lemon,Lemon,Local,12/09/2026,10000,20000,15000
Tamil Nadu,Chengalpattu,Nanganallur(Uzhavar Sandhai ),Sweet Potato,Hosur Red,Local,12/09/2026,7500,8000,7750
Tamil Nadu,Chengalpattu,Nanganallur(Uzhavar Sandhai ),Cauliflower,Ranchi,Local,12/09/2026,4500,5000,4750
Tamil Nadu,Chengalpattu,Nanganallur(Uzhavar Sandhai ),Bhindi(Ladies Finger),Bhindi,Local,12/09/2026,4500,5000,4750
Tamil Nadu,Chengalpattu,Nanganallur(Uzhavar Sandhai ),Beans,Beans (Whole),Local,12/09/2026,7500,8000,7750
Tamil Nadu,Chengalpattu,Nanganallur(Uzhavar Sandhai ),Raddish,Raddish,Local,12/09/2026,3500,4000,3750
Tamil Nadu,Chengalpattu,Nanganallur(Uzhavar Sandhai ),Karbuja(Musk Melon),Karbhuja,Local,12/09/2026,4500,5000,4750
Tamil Nadu,Chengalpattu,Nanganallur(Uzhavar Sandhai ),Lemon,Lemon,Local,12/09/2026,15000,16000,15500
Tamil Nadu,Chengalpattu,Nanganallur(Uzhavar Sandhai ),Mint(Pudina),Mint(Pudina),Local,12/09/2026,3500,4000,3750
Tamil Nadu,Chengalpattu,Nanganallur(Uzhavar Sandhai ),Rose(Local),Rose (Local),Local,12/09/2026,28000,30000,29000
Tamil Nadu,Chengalpattu,Nanganallur(Uzhavar Sandhai ),Sweet Corn ,Sweet Corn ,Local,12/09/2026,4500,5000,4750
Tamil Nadu,Chengalpattu,Pallavaram(Uzhavar Sandhai ),Cabbage,Cabbage,Local,12/09/2026,2000,2500,2250
Tamil Nadu,Chengalpattu,Pallavaram(Uzhavar Sandhai ),Brinjal,Round,Local,12/09/2026,3500,4000,3750
Tamil Nadu,Chengalpattu,Pallavaram(Uzhavar Sandhai ),Tomato,Deshi,Local,12/09/2026,2500,3000,2750
Tamil Nadu,Chengalpattu,Pallavaram(Uzhavar Sandhai ),Cucumbar(Kheera),Cucumbar,Local,12/09/2026,4000,5000,4500
Tamil Nadu,Chengalpattu,Pallavaram(Uzhavar Sandhai ),Capsicum,Capsicum,Local,12/09/2026,5000,6000,5500
Tamil Nadu,Chengalpattu,Pallavaram(Uzhavar Sandhai ),Drumstick,Drumstick,Local,12/09/2026,6000,7000,6500
Tamil Nadu,Chengalpattu,Pallavaram(Uzhavar Sandhai ),Elephant Yam(Suran)/Amorphophallus,Elephant Yam (Suran),Local,12/09/2026,4000,5000,4500
Tamil Nadu,Chengalpattu,Pallavaram(Uzhavar Sandhai ),Mint(Pudina),Mint(Pudina),Local,12/09/2026,3500,4000,3750
Tamil Nadu,Nagercoil (Kannyiakumari),Myladi(Uzhavar Sandhai ),Carrot,Pusakesar,Local,12/09/2026,7000,7500,7250
Tamil Nadu,Nagercoil (Kannyiakumari),Myladi(Uzhavar Sandhai ),Snakeguard,Snakeguard,Local,12/09/2026,4000,4500,4250
Tamil Nadu,Nagercoil (Kannyiakumari),Myladi(Uzhavar Sandhai ),Bitter gourd,Bitter Gourd,Local,12/09/2026,5500,6000,5750
Tamil Nadu,Nagercoil (Kannyiakumari),Myladi(Uzhavar Sandhai ),Bottle gourd,Bottle Gourd,Local,12/09/2026,1800,2000,1900
Tamil Nadu,Nagercoil (Kannyiakumari),Myladi(Uzhavar Sandhai ),Ashgourd,Gouard,Local,12/09/2026,2000,2500,2250
Tamil Nadu,Nagercoil (Kannyiakumari),Myladi(Uzhavar Sandhai ),Pumpkin,Pumpkin,Local,12/09/2026,1500,1800,1650
Tamil Nadu,Nagercoil (Kannyiakumari),Myladi(Uzhavar Sandhai ),Beans,Beans (Whole),Local,12/09/2026,9000,10000,9500
Tamil Nadu,Nagercoil (Kannyiakumari),Myladi(Uzhavar Sandhai ),Tamarind Fruit,Tamarind Fruit,Local,12/09/2026,14000,15000,14500
Tamil Nadu,Chengalpattu,Jameenrayapettai(Uzhavar Sandhai ),Onion,Bellary,Local,12/09/2026,5000,6000,5500
Tamil Nadu,Chengalpattu,Jameenrayapettai(Uzhavar Sandhai ),Potato,Other,Local,12/09/2026,2500,3000,2750
Tamil Nadu,Chengalpattu,Jameenrayapettai(Uzhavar Sandhai ),Cauliflower,Ranchi,Local,12/09/2026,2500,3000,2750
Tamil Nadu,Chengalpattu,Jameenrayapettai(Uzhavar Sandhai ),Papaya,Papaya,Local,12/09/2026,4000,5000,4500
Tamil Nadu,Chengalpattu,Jameenrayapettai(Uzhavar Sandhai ),Green Chilli,Green Chilly,Local,12/09/2026,4000,5000,4500
Tamil Nadu,Chengalpattu,Jameenrayapettai(Uzhavar Sandhai ),Rose(Local),Rose (Local),Local,12/09/2026,12000,14000,13000
Tamil Nadu,Chengalpattu,Jameenrayapettai(Uzhavar Sandhai ),Tube Rose(Loose),Tube Rose (Loose),Local,12/09/2026,23000,25000,24000
Tamil Nadu,Villupuram,Tindivanam APMC,Coconut,Coconut,Local,12/09/2026,4000,4000,4000
Tamil Nadu,Villupuram,Tindivanam APMC,Cabbage,Cabbage,Local,12/09/2026,3500,3500,3500
Tamil Nadu,Villupuram,Tindivanam APMC,Banana,Besrai,Local,12/09/2026,5000,6000,5500
Tamil Nadu,Villupuram,Tindivanam APMC,Ashgourd,Gouard,Local,12/09/2026,1500,1500,1500
Tamil Nadu,Villupuram,Tindivanam APMC,Banana - Green,Banana - Green,Local,12/09/2026,5000,5000,5000
Tamil Nadu,Villupuram,Tindivanam APMC,Tapioca,Tapioca,Local,12/09/2026,4500,4500,4500
Tamil Nadu,Villupuram,Tindivanam APMC,Knool Khol,Knool Khol,Local,12/09/2026,4000,4000,4000
Tamil Nadu,Villupuram,Tindivanam APMC,Guava,Guava Allahabad,Local,12/09/2026,7000,7000,7000
Tamil Nadu,Villupuram,Tindivanam APMC,Lemon,Lemon,Local,12/09/2026,15000,15000,15000
Tamil Nadu,Villupuram,Ulundurpettai APMC,Brinjal,Round,Local,12/09/2026,5000,5000,5000
Tamil Nadu,Villupuram,Ulundurpettai APMC,Papaya,Papaya,Local,12/09/2026,3000,3000,3000
Tamil Nadu,Villupuram,Ulundurpettai APMC,Bottle gourd,Bottle Gourd,Local,12/09/2026,2000,2000,2000
Tamil Nadu,Villupuram,Ulundurpettai APMC,Drumstick,Drumstick,Local,12/09/2026,4000,4000,4000
Tamil Nadu,Villupuram,Ulundurpettai APMC,Guava,Guava Allahabad,Local,12/09/2026,5000,5000,5000
Tamil Nadu,Villupuram,Ulundurpettai APMC,Elephant Yam(Suran)/Amorphophallus,Elephant Yam (Suran),Local,12/09/2026,6000,6000,6000
Tamil Nadu,Villupuram,Ulundurpettai APMC,Mint(Pudina),Mint(Pudina),Local,12/09/2026,3000,3000,3000
Tamil Nadu,Madurai,Chokkikulam(Uzhavar Sandhai ),Ginger(Green),Green Ginger,Local,12/09/2026,11000,20000,15500
Tamil Nadu,Madurai,Chokkikulam(Uzhavar Sandhai ),Coconut,Coconut,Local,12/09/2026,6800,7000,6900
Tamil Nadu,Madurai,Chokkikulam(Uzhavar Sandhai ),Soyabean,Local,Local,12/09/2026,10000,11000,10500
Tamil Nadu,Madurai,Chokkikulam(Uzhavar Sandhai ),Orange,Darjeeling,Local,12/09/2026,14000,16000,15000
Tamil Nadu,Madurai,Chokkikulam(Uzhavar Sandhai ),Onion,Bellary,Local,12/09/2026,4000,7000,5500
Tamil Nadu,Madurai,Chokkikulam(Uzhavar Sandhai ),Coriander(Leaves),I Sort,Local,12/09/2026,5000,5500,5250
Tamil Nadu,Madurai,Chokkikulam(Uzhavar Sandhai ),Water Melon,Water Melon,Local,12/09/2026,2000,2500,2250
Tamil Nadu,Madurai,Chokkikulam(Uzhavar Sandhai ),Tomato,Deshi,Local,12/09/2026,2600,3000,2800
Tamil Nadu,Madurai,Chokkikulam(Uzhavar Sandhai ),Amaranthus,Amaranthus,Local,12/09/2026,3000,3600,3300
Tamil Nadu,Madurai,Chokkikulam(Uzhavar Sandhai ),Raddish,Raddish,Local,12/09/2026,2400,2800,2600
Tamil Nadu,Madurai,Chokkikulam(Uzhavar Sandhai ),Capsicum,Capsicum,Local,12/09/2026,6000,7000,6500
Tamil Nadu,Madurai,Chokkikulam(Uzhavar Sandhai ),Indian Beans(Seam),Indian Beans (Seam),Local,12/09/2026,5500,6000,5750
Tamil Nadu,Madurai,Chokkikulam(Uzhavar Sandhai ),Amla(Nelli Kai),Amla,Local,12/09/2026,8000,9000,8500
Tamil Nadu,Erode,Thalavadi(Uzhavar Sandhai ),Coconut,Coconut,Local,12/09/2026,4400,5000,4700
Tamil Nadu,Erode,Thalavadi(Uzhavar Sandhai ),Beetroot,Beetroot,Local,12/09/2026,3000,3500,3250
Tamil Nadu,Erode,Thalavadi(Uzhavar Sandhai ),Potato,Red Nanital,Local,12/09/2026,3400,3800,3600
Tamil Nadu,Erode,Thalavadi(Uzhavar Sandhai ),Cauliflower,Ranchi,Local,12/09/2026,2800,3200,3000
Tamil Nadu,Erode,Thalavadi(Uzhavar Sandhai ),Ashgourd,Gouard,Local,12/09/2026,1200,1600,1400
Tamil Nadu,Erode,Thalavadi(Uzhavar Sandhai ),Cucumbar(Kheera),Cucumbar,Local,12/09/2026,3000,3500,3250
Tamil Nadu,Erode,Thalavadi(Uzhavar Sandhai ),Drumstick,Drumstick,Local,12/09/2026,3000,3400,3200
Tamil Nadu,Cuddalore,Viruthachalam(Uzhavar Sandhai ),Tomato,Deshi,Local,12/09/2026,3000,3000,3000
Tamil Nadu,Cuddalore,Viruthachalam(Uzhavar Sandhai ),Bottle gourd,Bottle Gourd,Local,12/09/2026,3000,3000,3000
Tamil Nadu,Cuddalore,Viruthachalam(Uzhavar Sandhai ),Ashgourd,Gouard,Local,12/09/2026,2000,2000,2000
Tamil Nadu,Cuddalore,Viruthachalam(Uzhavar Sandhai ),Banana - Green,Banana - Green,Local,12/09/2026,2500,3000,2750
Tamil Nadu,Cuddalore,Viruthachalam(Uzhavar Sandhai ),Green Avare(W),Green Avare (W),Local,12/09/2026,7000,10000,8500
Tamil Nadu,Krishnagiri,Krishnagiri(Uzhavar Sandhai ),Coconut,Coconut,Local,12/09/2026,5000,5400,5200
Tamil Nadu,Krishnagiri,Krishnagiri(Uzhavar Sandhai ),Cabbage,Cabbage,Local,12/09/2026,2500,3000,2750
Tamil Nadu,Krishnagiri,Krishnagiri(Uzhavar Sandhai ),Garlic,Garlic,Local,12/09/2026,18000,20000,19000
Tamil Nadu,Krishnagiri,Krishnagiri(Uzhavar Sandhai ),Papaya,Papaya,Local,12/09/2026,3000,3600,3300
Tamil Nadu,Krishnagiri,Krishnagiri(Uzhavar Sandhai ),Cluster beans,Cluster Beans,Local,12/09/2026,2000,2400,2200
Tamil Nadu,Krishnagiri,Krishnagiri(Uzhavar Sandhai ),Ginger(Green),Green Ginger,Local,12/09/2026,17000,18000,17500
Tamil Nadu,Krishnagiri,Krishnagiri(Uzhavar Sandhai ),Cucumbar(Kheera),Cucumbar,Local,12/09/2026,2000,2400,2200
Tamil Nadu,Krishnagiri,Krishnagiri(Uzhavar Sandhai ),Ridgeguard(Tori),Ridgeguard(Tori),Local,12/09/2026,2500,2800,2650
Tamil Nadu,Krishnagiri,Krishnagiri(Uzhavar Sandhai ),Green Avare(W),Green Avare (W),Local,12/09/2026,3000,4000,3500
Tamil Nadu,Krishnagiri,Krishnagiri(Uzhavar Sandhai ),Amla(Nelli Kai),Amla,Local,12/09/2026,9000,10000,9500
Tamil Nadu,Krishnagiri,Krishnagiri(Uzhavar Sandhai ),Onion Green,Onion Green,Local,12/09/2026,8000,9000,8500
Tamil Nadu,Nagapattinam,Nagapattinam(Uzhavar Sandhai ),Mango,Neelam,Local,12/09/2026,6000,6000,6000
Tamil Nadu,Nagapattinam,Nagapattinam(Uzhavar Sandhai ),Cluster beans,Cluster Beans,Local,12/09/2026,3700,3700,3700
Tamil Nadu,Nagapattinam,Nagapattinam(Uzhavar Sandhai ),Snakeguard,Snakeguard,Local,12/09/2026,3000,3700,3350
Tamil Nadu,Nagapattinam,Nagapattinam(Uzhavar Sandhai ),Banana - Green,Banana - Green,Local,12/09/2026,3100,3100,3100
Tamil Nadu,Nagapattinam,Nagapattinam(Uzhavar Sandhai ),Ginger(Green),Green Ginger,Local,12/09/2026,11500,13000,12250
Tamil Nadu,Nagapattinam,Nagapattinam(Uzhavar Sandhai ),Ridgeguard(Tori),Ridgeguard(Tori),Local,12/09/2026,5300,5300,5300
Tamil Nadu,Nagapattinam,Nagapattinam(Uzhavar Sandhai ),Chow Chow,Chow Chow,Local,12/09/2026,3000,3500,3250
Tamil Nadu,Nagapattinam,Nagapattinam(Uzhavar Sandhai ),Mango(Raw-Ripe),Mango - Raw-Ripe,Local,12/09/2026,5200,6500,5850
Tamil Nadu,Nagapattinam,Nagapattinam(Uzhavar Sandhai ),Yam(Ratalu),Yam (Ratalu),Local,12/09/2026,5800,6500,6150
Tamil Nadu,Nagapattinam,Nagapattinam(Uzhavar Sandhai ),Onion Green,Onion Green,Local,12/09/2026,6100,7500,6800
Tamil Nadu,Nagapattinam,Nagapattinam(Uzhavar Sandhai ),Mint(Pudina),Mint(Pudina),Local,12/09/2026,3300,3300,3300
Tamil Nadu,Tenkasi,Sankarankoil(Uzhavar Sandhai ),Snakeguard,Snakeguard,Local,12/09/2026,5000,5000,5000
Tamil Nadu,Tenkasi,Sankarankoil(Uzhavar Sandhai ),Beans,Beans (Whole),Local,12/09/2026,11000,11000,11000
Tamil Nadu,Tenkasi,Sankarankoil(Uzhavar Sandhai ),Drumstick,Drumstick,Local,12/09/2026,4500,4500,4500
Tamil Nadu,Tenkasi,Sankarankoil(Uzhavar Sandhai ),Elephant Yam(Suran)/Amorphophallus,Elephant Yam (Suran),Local,12/09/2026,5000,5000,5000
Tamil Nadu,Tenkasi,Tenkasi(Uzhavar Sandhai ),Coconut,Coconut,Local,12/09/2026,5500,6000,5750
Tamil Nadu,Tenkasi,Tenkasi(Uzhavar Sandhai ),Cabbage,Cabbage,Local,12/09/2026,3000,3000,3000
Tamil Nadu,Tenkasi,Tenkasi(Uzhavar Sandhai ),Banana,Red Banana,Local,12/09/2026,7000,8000,7500
Tamil Nadu,Tenkasi,Tenkasi(Uzhavar Sandhai ),Cluster beans,Cluster Beans,Local,12/09/2026,3000,3000,3000
Tamil Nadu,Tenkasi,Tenkasi(Uzhavar Sandhai ),Amaranthus,Amaranthus,Local,12/09/2026,1500,2000,1750
Tamil Nadu,Tenkasi,Tenkasi(Uzhavar Sandhai ),Green Chilli,Green Chilly,Local,12/09/2026,3000,3500,3250
Tamil Nadu,Tenkasi,Tenkasi(Uzhavar Sandhai ),Beetroot,Beetroot,Local,12/09/2026,4000,4000,4000
Tamil Nadu,Tenkasi,Tenkasi(Uzhavar Sandhai ),Raddish,Raddish,Local,12/09/2026,3000,3000,3000
Tamil Nadu,Tenkasi,Tenkasi(Uzhavar Sandhai ),Capsicum,Capsicum,Local,12/09/2026,6000,6000,6000
Tamil Nadu,Tenkasi,Tenkasi(Uzhavar Sandhai ),Guava,Guava Allahabad,Local,12/09/2026,6000,8000,7000
Tamil Nadu,Tenkasi,Tenkasi(Uzhavar Sandhai ),Mashrooms,Mashrooms,Local,12/09/2026,21000,21000,21000
Tamil Nadu,Pudukkottai,Pudukottai(Uzhavar Sandhai ),Bitter gourd,Bitter Gourd,Local,12/09/2026,6000,7000,6500
Tamil Nadu,Pudukkottai,Pudukottai(Uzhavar Sandhai ),Carrot,Pusakesar,Local,12/09/2026,7000,8000,7500
Tamil Nadu,Pudukkottai,Pudukottai(Uzhavar Sandhai ),Cabbage,Cabbage,Local,12/09/2026,3000,3500,3250
Tamil Nadu,Pudukkottai,Pudukottai(Uzhavar Sandhai ),Banana,Red Banana,Local,12/09/2026,8000,9000,8500
Tamil Nadu,Pudukkottai,Pudukottai(Uzhavar Sandhai ),Ashgourd,Gouard,Local,12/09/2026,1000,1500,1250
Tamil Nadu,Pudukkottai,Pudukottai(Uzhavar Sandhai ),Pumpkin,Pumpkin,Local,12/09/2026,1000,1500,1250
Tamil Nadu,Pudukkottai,Pudukottai(Uzhavar Sandhai ),Green Chilli,Green Chilly,Local,12/09/2026,5000,6000,5500
Tamil Nadu,Pudukkottai,Pudukottai(Uzhavar Sandhai ),Cowpea(Veg),Cowpea (Veg),Local,12/09/2026,1500,2000,1750
Tamil Nadu,Pudukkottai,Pudukottai(Uzhavar Sandhai ),Raddish,Raddish,Local,12/09/2026,2500,3000,2750
Tamil Nadu,Pudukkottai,Pudukottai(Uzhavar Sandhai ),Elephant Yam(Suran)/Amorphophallus,Elephant Yam (Suran),Local,12/09/2026,5000,6000,5500
Tamil Nadu,Pudukkottai,Pudukottai(Uzhavar Sandhai ),Yam(Ratalu),Yam (Ratalu),Local,12/09/2026,7000,8000,7500
Tamil Nadu,Pudukkottai,Pudukottai(Uzhavar Sandhai ),Lemon,Lemon,Local,12/09/2026,23000,24000,23500
Tamil Nadu,Pudukkottai,Pudukottai(Uzhavar Sandhai ),Onion Green,Onion Green,Local,12/09/2026,9000,10000,9500
Tamil Nadu,Pudukkottai,Pudukottai(Uzhavar Sandhai ),Mint(Pudina),Mint(Pudina),Local,12/09/2026,4000,5000,4500
Tamil Nadu,Thanjavur,Kumbakonam (Uzhavar Sandhai ),Ginger(Green),Green Ginger,Local,12/09/2026,9600,21600,15600
Tamil Nadu,Thanjavur,Kumbakonam (Uzhavar Sandhai ),Snakeguard,Snakeguard,Local,12/09/2026,4200,4200,4200
Tamil Nadu,Thanjavur,Kumbakonam (Uzhavar Sandhai ),Cluster beans,Cluster Beans,Local,12/09/2026,4800,4800,4800
Tamil Nadu,Thanjavur,Kumbakonam (Uzhavar Sandhai ),Bitter gourd,Bitter Gourd,Local,12/09/2026,4800,7200,6000
Tamil Nadu,Thanjavur,Kumbakonam (Uzhavar Sandhai ),Bottle gourd,Bottle Gourd,Local,12/09/2026,2400,2400,2400
Tamil Nadu,Thanjavur,Kumbakonam (Uzhavar Sandhai ),Cucumbar(Kheera),Cucumbar,Local,12/09/2026,6000,6000,6000
Tamil Nadu,Thanjavur,Kumbakonam (Uzhavar Sandhai ),Chow Chow,Chow Chow,Local,12/09/2026,3000,3600,3300
Tamil Nadu,Thanjavur,Kumbakonam (Uzhavar Sandhai ),Lime,Lime,Local,12/09/2026,4000,4000,4000
Tamil Nadu,Thanjavur,Kumbakonam (Uzhavar Sandhai ),Yam(Ratalu),Yam (Ratalu),Local,12/09/2026,9600,9600,9600
Tamil Nadu,Thanjavur,Kumbakonam (Uzhavar Sandhai ),Colacasia,Colacasia,Local,12/09/2026,6000,6000,6000
Tamil Nadu,Thanjavur,Kumbakonam (Uzhavar Sandhai ),Onion Green,Onion Green,Local,12/09/2026,9600,9600,9600
Tamil Nadu,The Nilgiris,Udhagamandalam(Uzhavar Sandhai ),Beetroot,Beetroot,Local,12/09/2026,4500,5000,4750
Tamil Nadu,The Nilgiris,Udhagamandalam(Uzhavar Sandhai ),Grapes,Annabesahai,Local,12/09/2026,10000,11000,10500
Tamil Nadu,The Nilgiris,Udhagamandalam(Uzhavar Sandhai ),Potato,Red Nanital,Local,12/09/2026,4500,5000,4750
Tamil Nadu,The Nilgiris,Udhagamandalam(Uzhavar Sandhai ),Garlic,Garlic,Local,12/09/2026,19000,20000,19500
Tamil Nadu,The Nilgiris,Udhagamandalam(Uzhavar Sandhai ),Coriander(Leaves),I Sort,Local,12/09/2026,6000,7000,6500
Tamil Nadu,The Nilgiris,Udhagamandalam(Uzhavar Sandhai ),Snakeguard,Snakeguard,Local,12/09/2026,3500,3800,3650
Tamil Nadu,The Nilgiris,Udhagamandalam(Uzhavar Sandhai ),Bhindi(Ladies Finger),Bhindi,Local,12/09/2026,4000,4200,4100
Tamil Nadu,The Nilgiris,Udhagamandalam(Uzhavar Sandhai ),Drumstick,Drumstick,Local,12/09/2026,3000,3400,3200
Tamil Nadu,The Nilgiris,Udhagamandalam(Uzhavar Sandhai ),Knool Khol,Knool Khol,Local,12/09/2026,4000,4500,4250
Tamil Nadu,The Nilgiris,Udhagamandalam(Uzhavar Sandhai ),Pomegranate,Pomogranate,Local,12/09/2026,13000,14000,13500
Tamil Nadu,The Nilgiris,Udhagamandalam(Uzhavar Sandhai ),Elephant Yam(Suran)/Amorphophallus,Elephant Yam (Suran),Local,12/09/2026,3500,4000,3750
Tamil Nadu,The Nilgiris,Udhagamandalam(Uzhavar Sandhai ),Turnip,Turnip,Local,12/09/2026,3500,4000,3750
Tamil Nadu,Theni,Andipatti(Uzhavar Sandhai ),Snakeguard,Snakeguard,Local,12/09/2026,3300,3300,3300
Tamil Nadu,Theni,Andipatti(Uzhavar Sandhai ),Tomato,Other,Local,12/09/2026,2300,2500,2400
Tamil Nadu,Theni,Andipatti(Uzhavar Sandhai ),Banana - Green,Banana - Green,Local,12/09/2026,3000,3500,3250
Tamil Nadu,Theni,Andipatti(Uzhavar Sandhai ),Beans,Beans (Whole),Local,12/09/2026,11000,11500,11250
Tamil Nadu,Theni,Andipatti(Uzhavar Sandhai ),Ridgeguard(Tori),Ridgeguard(Tori),Local,12/09/2026,3600,3800,3700
Tamil Nadu,Theni,Andipatti(Uzhavar Sandhai ),Chow Chow,Chow Chow,Local,12/09/2026,2200,2400,2300
Tamil Nadu,Theni,Andipatti(Uzhavar Sandhai ),Elephant Yam(Suran)/Amorphophallus,Elephant Yam (Suran),Local,12/09/2026,3800,4000,3900
Tamil Nadu,Theni,Bodinayakanur(Uzhavar Sandhai ),Beetroot,Beetroot,Local,12/09/2026,2600,2600,2600
Tamil Nadu,Theni,Bodinayakanur(Uzhavar Sandhai ),Snakeguard,Snakeguard,Local,12/09/2026,3600,3600,3600
Tamil Nadu,Theni,Bodinayakanur(Uzhavar Sandhai ),Papaya,Papaya,Local,12/09/2026,3000,3000,3000
Tamil Nadu,Theni,Bodinayakanur(Uzhavar Sandhai ),Cluster beans,Cluster Beans,Local,12/09/2026,3000,3000,3000
Tamil Nadu,Theni,Bodinayakanur(Uzhavar Sandhai ),Ashgourd,Gouard,Local,12/09/2026,1500,1500,1500
Tamil Nadu,Theni,Bodinayakanur(Uzhavar Sandhai ),Bhindi(Ladies Finger),Bhindi,Local,12/09/2026,3600,3600,3600
Tamil Nadu,Theni,Bodinayakanur(Uzhavar Sandhai ),Amaranthus,Amaranthus,Local,12/09/2026,2500,2500,2500
Tamil Nadu,Theni,Bodinayakanur(Uzhavar Sandhai ),Ridgeguard(Tori),Ridgeguard(Tori),Local,12/09/2026,3800,3800,3800
Tamil Nadu,Theni,Bodinayakanur(Uzhavar Sandhai ),Green Avare(W),Green Avare (W),Local,12/09/2026,5400,5400,5400
Tamil Nadu,Theni,Bodinayakanur(Uzhavar Sandhai ),Knool Khol,Knool Khol,Local,12/09/2026,3000,3000,3000
Tamil Nadu,Theni,Bodinayakanur(Uzhavar Sandhai ),Elephant Yam(Suran)/Amorphophallus,Elephant Yam (Suran),Local,12/09/2026,4000,4000,4000
Tamil Nadu,Thiruvarur,Needamangalam(Uzhavar Sandhai ),Coriander(Leaves),I Sort,Local,12/09/2026,4000,4000,4000
Tamil Nadu,Thiruvarur,Needamangalam(Uzhavar Sandhai ),Bottle gourd,Bottle Gourd,Local,12/09/2026,3000,3000,3000
Tamil Nadu,Thiruvarur,Needamangalam(Uzhavar Sandhai ),Banana - Green,Banana - Green,Local,12/09/2026,4000,4000,4000
Tamil Nadu,Thiruvarur,Needamangalam(Uzhavar Sandhai ),Raddish,Raddish,Local,12/09/2026,3200,3200,3200
Tamil Nadu,Thiruvarur,Tiruvarur(Uzhavar Sandhai ),Bottle gourd,Bottle Gourd,Local,12/09/2026,3000,3000,3000
Tamil Nadu,Virudhunagar,Aruppukottai(Uzhavar Sandhai ),Banana,Besrai,Local,12/09/2026,3500,4000,3750
Tamil Nadu,Virudhunagar,Aruppukottai(Uzhavar Sandhai ),Coriander(Leaves),I Sort,Local,12/09/2026,3500,4000,3750
Tamil Nadu,Virudhunagar,Aruppukottai(Uzhavar Sandhai ),Chikoos(Sapota),Sapota,Local,12/09/2026,3500,4000,3750
Tamil Nadu,Virudhunagar,Aruppukottai(Uzhavar Sandhai ),Bitter gourd,Bitter Gourd,Local,12/09/2026,9000,10000,9500
Tamil Nadu,Virudhunagar,Aruppukottai(Uzhavar Sandhai ),Amaranthus,Amaranthus,Local,12/09/2026,3000,3500,3250
Tamil Nadu,Virudhunagar,Aruppukottai(Uzhavar Sandhai ),Lime,Lime,Local,12/09/2026,13000,14000,13500
Tamil Nadu,Virudhunagar,Aruppukottai(Uzhavar Sandhai ),Pomegranate,Pomogranate,Local,12/09/2026,11000,12000,11500
Tamil Nadu,Villupuram,Gingee(Uzhavar Sandhai ),Brinjal,Round,Local,12/09/2026,3500,4000,3750
Tamil Nadu,Villupuram,Gingee(Uzhavar Sandhai ),Papaya,Papaya,Local,12/09/2026,5000,5000,5000
Tamil Nadu,Villupuram,Gingee(Uzhavar Sandhai ),Tomato,Deshi,Local,12/09/2026,2000,2000,2000
Tamil Nadu,Villupuram,Gingee(Uzhavar Sandhai ),Banana - Green,Banana - Green,Local,12/09/2026,4000,4000,4000
Tamil Nadu,Villupuram,Gingee(Uzhavar Sandhai ),Thondekai,Thondekai,Local,12/09/2026,3500,3500,3500
Tamil Nadu,Thiruvarur,Valangaiman APMC,Coconut,Coconut,Local,12/09/2026,5000,5000,5000
Tamil Nadu,Thiruvarur,Valangaiman APMC,Brinjal,Round,Local,12/09/2026,4000,4000,4000
Tamil Nadu,Thiruvarur,Valangaiman APMC,Ashgourd,Gouard,Local,12/09/2026,2400,2400,2400
Tamil Nadu,Thiruvarur,Valangaiman APMC,Bhindi(Ladies Finger),Bhindi,Local,12/09/2026,4000,4000,4000
Tamil Nadu,Thiruvellore,Tiruthani(Uzhavar Sandhai ),Cauliflower,Ranchi,Local,12/09/2026,4000,4000,4000
Tamil Nadu,Thiruvellore,Tiruthani(Uzhavar Sandhai ),Coriander(Leaves),I Sort,Local,12/09/2026,5000,5000,5000
Tamil Nadu,Thiruvellore,Tiruthani(Uzhavar Sandhai ),Cluster beans,Cluster Beans,Local,12/09/2026,6000,6000,6000
Tamil Nadu,Thiruvellore,Tiruthani(Uzhavar Sandhai ),Bitter gourd,Bitter Gourd,Local,12/09/2026,6000,6000,6000
Tamil Nadu,Thiruvellore,Tiruthani(Uzhavar Sandhai ),Thondekai,Thondekai,Local,12/09/2026,5000,5000,5000
Tamil Nadu,Virudhunagar,Kariyapatti(Uzhavar Sandhai ),Soyabean,Local,Local,12/09/2026,9500,10000,9750
Tamil Nadu,Virudhunagar,Kariyapatti(Uzhavar Sandhai ),Cauliflower,Ranchi,Local,12/09/2026,3500,4000,3750
Tamil Nadu,Virudhunagar,Kariyapatti(Uzhavar Sandhai ),Chikoos(Sapota),Sapota,Local,12/09/2026,3500,4000,3750
Tamil Nadu,Virudhunagar,Kariyapatti(Uzhavar Sandhai ),Green Chilli,Green Chilly,Local,12/09/2026,4500,5000,4750
Tamil Nadu,Virudhunagar,Kariyapatti(Uzhavar Sandhai ),Banana - Green,Banana - Green,Local,12/09/2026,3000,3500,3250
Tamil Nadu,Virudhunagar,Kariyapatti(Uzhavar Sandhai ),Lime,Lime,Local,12/09/2026,13000,14000,13500
Tamil Nadu,Virudhunagar,Kariyapatti(Uzhavar Sandhai ),Elephant Yam(Suran)/Amorphophallus,Elephant Yam (Suran),Local,12/09/2026,4500,5000,4750
Tamil Nadu,Virudhunagar,Kariyapatti(Uzhavar Sandhai ),Mint(Pudina),Mint(Pudina),Local,12/09/2026,4500,5000,4750
Tamil Nadu,Thiruvellore,Tiruvallur(Uzhavar Sandhai ),Cluster beans,Cluster Beans,Local,12/09/2026,3500,3500,3500
Tamil Nadu,Thiruvellore,Tiruvallur(Uzhavar Sandhai ),Bitter gourd,Bitter Gourd,Local,12/09/2026,6000,6000,6000
Tamil Nadu,Thiruvellore,Tiruvallur(Uzhavar Sandhai ),Bottle gourd,Bottle Gourd,Local,12/09/2026,3000,3000,3000
Tamil Nadu,Thiruvellore,Tiruvallur(Uzhavar Sandhai ),Tender Coconut,Tender Coconut,Local,12/09/2026,3000,3000,3000
Tamil Nadu,Vellore,Katpadi (Uzhavar Sandhai ),Coconut,Coconut,Local,12/09/2026,3000,3500,3250
Tamil Nadu,Vellore,Katpadi (Uzhavar Sandhai ),Cabbage,Cabbage,Local,12/09/2026,2500,2500,2500
Tamil Nadu,Vellore,Katpadi (Uzhavar Sandhai ),Garlic,Garlic,Local,12/09/2026,21000,21000,21000
Tamil Nadu,Vellore,Katpadi (Uzhavar Sandhai ),Tomato,Deshi,Local,12/09/2026,3000,3000,3000
Tamil Nadu,Vellore,Katpadi (Uzhavar Sandhai ),Rose(Local),Rose (Local),Local,12/09/2026,12000,12000,12000
Tamil Nadu,Madurai,Thirumangalam(Uzhavar Sandhai ),Bitter gourd,Bitter Gourd,Local,12/09/2026,5500,6000,5750
Tamil Nadu,Madurai,Thirumangalam(Uzhavar Sandhai ),Pumpkin,Pumpkin,Local,12/09/2026,1600,2000,1800
Tamil Nadu,Madurai,Thirumangalam(Uzhavar Sandhai ),Bhindi(Ladies Finger),Bhindi,Local,12/09/2026,3600,4000,3800
Tamil Nadu,Madurai,Thirumangalam(Uzhavar Sandhai ),Drumstick,Drumstick,Local,12/09/2026,5000,6000,5500
Tamil Nadu,Madurai,Thirumangalam(Uzhavar Sandhai ),Yam(Ratalu),Yam (Ratalu),Local,12/09/2026,6500,7000,6750
Tamil Nadu,Madurai,Melur(Uzhavar Sandhai ),Onion,Bellary,Local,12/09/2026,6000,7000,6500
Tamil Nadu,Madurai,Melur(Uzhavar Sandhai ),Tomato,Deshi,Local,12/09/2026,2600,3000,2800
Tamil Nadu,Madurai,Melur(Uzhavar Sandhai ),Cluster beans,Cluster Beans,Local,12/09/2026,3000,3600,3300
Tamil Nadu,Madurai,Melur(Uzhavar Sandhai ),Snakeguard,Snakeguard,Local,12/09/2026,3600,4000,3800
Tamil Nadu,Madurai,Melur(Uzhavar Sandhai ),Tapioca,Tapioca,Local,12/09/2026,3600,4000,3800
Tamil Nadu,Madurai,Melur(Uzhavar Sandhai ),Raddish,Raddish,Local,12/09/2026,2400,2800,2600
Tamil Nadu,Madurai,Melur(Uzhavar Sandhai ),Mango(Raw-Ripe),Mango - Raw-Ripe,Local,12/09/2026,9000,10000,9500
Tamil Nadu,Madurai,Melur(Uzhavar Sandhai ),Elephant Yam(Suran)/Amorphophallus,Elephant Yam (Suran),Local,12/09/2026,4000,4500,4250
Tamil Nadu,Madurai,Melur(Uzhavar Sandhai ),Lemon,Lemon,Local,12/09/2026,22000,26000,24000
Tamil Nadu,Salem,Vazhapadi(Uzhavar Sandhai),Ginger(Green),Green Ginger,Local,12/09/2026,16000,17000,16500
Tamil Nadu,Salem,Vazhapadi(Uzhavar Sandhai),Amaranthus,Amaranthus,Local,12/09/2026,2000,2500,2250
Tamil Nadu,Salem,Vazhapadi(Uzhavar Sandhai),Banana - Green,Banana - Green,Local,12/09/2026,2700,3000,2850
Tamil Nadu,Salem,Vazhapadi(Uzhavar Sandhai),Drumstick,Drumstick,Local,12/09/2026,2200,2500,2350
Tamil Nadu,Salem,Vazhapadi(Uzhavar Sandhai),Mint(Pudina),Mint(Pudina),Local,12/09/2026,3800,4000,3900
Tamil Nadu,Karur,Gandhigramam(Uzhavar Sandhai),Cauliflower,Ranchi,Local,12/09/2026,4000,4500,4250
Tamil Nadu,Karur,Gandhigramam(Uzhavar Sandhai),Ashgourd,Gouard,Local,12/09/2026,2200,2500,2350
Tamil Nadu,Karur,Gandhigramam(Uzhavar Sandhai),Beetroot,Beetroot,Local,12/09/2026,6500,7000,6750
Tamil Nadu,Karur,Gandhigramam(Uzhavar Sandhai),Raddish,Raddish,Local,12/09/2026,2500,3000,2750
Tamil Nadu,Karur,Gandhigramam(Uzhavar Sandhai),Thondekai,Thondekai,Local,12/09/2026,4500,5000,4750
Tamil Nadu,Karur,Gandhigramam(Uzhavar Sandhai),Lemon,Lemon,Local,12/09/2026,28000,30000,29000
Tamil Nadu,Pudukkottai,Aranthangi(Uzhavar Sandhai ),Papaya,Papaya,Local,12/09/2026,2500,3000,2750
Tamil Nadu,Pudukkottai,Aranthangi(Uzhavar Sandhai ),Cluster beans,Cluster Beans,Local,12/09/2026,3500,4000,3750
Tamil Nadu,Pudukkottai,Aranthangi(Uzhavar Sandhai ),Bitter gourd,Other,Local,12/09/2026,6000,7000,6500
Tamil Nadu,Pudukkottai,Aranthangi(Uzhavar Sandhai ),Green Chilli,Green Chilly,Local,12/09/2026,4500,5000,4750
Tamil Nadu,Nagapattinam,Vedaranyam(Uzhavar Sandhai),Cluster beans,Cluster Beans,Local,12/09/2026,3000,3800,3400
Tamil Nadu,Nagapattinam,Vedaranyam(Uzhavar Sandhai),Ashgourd,Gouard,Local,12/09/2026,2400,3000,2700
Tamil Nadu,Nagapattinam,Vedaranyam(Uzhavar Sandhai),Pumpkin,Pumpkin,Local,12/09/2026,2000,2800,2400
Tamil Nadu,Nagapattinam,Vedaranyam(Uzhavar Sandhai),Bhindi(Ladies Finger),Bhindi,Local,12/09/2026,4400,5500,4950
Tamil Nadu,Nagapattinam,Vedaranyam(Uzhavar Sandhai),Mango(Raw-Ripe),Mango - Raw-Ripe,Local,12/09/2026,4500,5500,5000
Tamil Nadu,Nagapattinam,Vedaranyam(Uzhavar Sandhai),Onion Green,Onion Green,Local,12/09/2026,3800,5900,4850
Tamil Nadu,Vellore,Perampet(Uzhavar Sandhai),Carrot,Pusakesar,Local,12/09/2026,6000,6000,6000
Tamil Nadu,Vellore,Perampet(Uzhavar Sandhai),Groundnut,Big (With Shell),Local,12/09/2026,8000,8000,8000
Tamil Nadu,Vellore,Perampet(Uzhavar Sandhai),Banana,Other,Local,12/09/2026,6500,6500,6500
Tamil Nadu,Vellore,Perampet(Uzhavar Sandhai),Onion,Bellary,Local,12/09/2026,6000,6000,6000
Tamil Nadu,Vellore,Perampet(Uzhavar Sandhai),Potato,Red Nanital,Local,12/09/2026,3000,3000,3000
Tamil Nadu,Vellore,Perampet(Uzhavar Sandhai),Amaranthus,Amaranthus,Local,12/09/2026,4000,4000,4000
Tamil Nadu,Vellore,Perampet(Uzhavar Sandhai),Beetroot,Beetroot,Local,12/09/2026,4600,4600,4600
Tamil Nadu,Vellore,Perampet(Uzhavar Sandhai),Beans,Beans (Whole),Local,12/09/2026,6600,6600,6600
Tamil Nadu,Vellore,Perampet(Uzhavar Sandhai),Ridgeguard(Tori),Ridgeguard(Tori),Local,12/09/2026,3600,3600,3600
Tamil Nadu,Vellore,Perampet(Uzhavar Sandhai),Chow Chow,Chow Chow,Local,12/09/2026,3600,3600,3600
Tamil Nadu,Vellore,Perampet(Uzhavar Sandhai),Drumstick,Drumstick,Local,12/09/2026,2400,2400,2400
Tamil Nadu,Vellore,Perampet(Uzhavar Sandhai),Indian Beans(Seam),Indian Beans (Seam),Local,12/09/2026,5600,5600,5600
Tamil Nadu,Vellore,Perampet(Uzhavar Sandhai),Colacasia,Colacasia,Local,12/09/2026,5600,5600,5600
Tamil Nadu,Karur,Kulithalai(Uzhavar Sandhai ),Ginger(Green),Green Ginger,Local,12/09/2026,18500,19000,18750
Tamil Nadu,Karur,Kulithalai(Uzhavar Sandhai ),Onion,Bellary,Local,12/09/2026,6000,6600,6300
Tamil Nadu,Karur,Kulithalai(Uzhavar Sandhai ),Chikoos(Sapota),Sapota,Local,12/09/2026,4500,5000,4750
Tamil Nadu,Karur,Kulithalai(Uzhavar Sandhai ),Papaya,Papaya,Local,12/09/2026,2500,3000,2750
Tamil Nadu,Karur,Kulithalai(Uzhavar Sandhai ),Water Melon,Water Melon,Local,12/09/2026,2500,3000,2750
Tamil Nadu,Karur,Kulithalai(Uzhavar Sandhai ),Cluster beans,Cluster Beans,Local,12/09/2026,2000,3600,2800
Tamil Nadu,Karur,Kulithalai(Uzhavar Sandhai ),Amaranthus,Amaranthus,Local,12/09/2026,2000,3000,2500
Tamil Nadu,Karur,Kulithalai(Uzhavar Sandhai ),Green Chilli,Green Chilly,Local,12/09/2026,5000,5600,5300
Tamil Nadu,Karur,Kulithalai(Uzhavar Sandhai ),Beans,Beans (Whole),Local,12/09/2026,7000,8000,7500
Tamil Nadu,Karur,Kulithalai(Uzhavar Sandhai ),Raddish,Raddish,Local,12/09/2026,2500,3000,2750
Tamil Nadu,Karur,Kulithalai(Uzhavar Sandhai ),Knool Khol,Knool Khol,Local,12/09/2026,5000,6000,5500
Tamil Nadu,Karur,Kulithalai(Uzhavar Sandhai ),Mashrooms,Mashrooms,Local,12/09/2026,24000,28000,26000
Tamil Nadu,Chengalpattu,Guduvancheri(Uzhavar Sandhai ),Apple,American,Local,12/09/2026,24000,25000,24500
Tamil Nadu,Chengalpattu,Guduvancheri(Uzhavar Sandhai ),Onion,Bellary,Local,12/09/2026,5000,6000,5500
Tamil Nadu,Chengalpattu,Guduvancheri(Uzhavar Sandhai ),Potato,Other,Local,12/09/2026,2500,3000,2750
Tamil Nadu,Chengalpattu,Guduvancheri(Uzhavar Sandhai ),Garlic,Garlic,Local,12/09/2026,26000,28000,27000
Tamil Nadu,Chengalpattu,Guduvancheri(Uzhavar Sandhai ),Brinjal,Round,Local,12/09/2026,3500,4000,3750
Tamil Nadu,Chengalpattu,Guduvancheri(Uzhavar Sandhai ),Mousambi(Sweet Lime),Mousambi,Local,12/09/2026,7000,8000,7500
Tamil Nadu,Chengalpattu,Guduvancheri(Uzhavar Sandhai ),Tomato,Deshi,Local,12/09/2026,2500,3000,2750
Tamil Nadu,Chengalpattu,Guduvancheri(Uzhavar Sandhai ),Ashgourd,Gouard,Local,12/09/2026,2200,2500,2350
Tamil Nadu,Chengalpattu,Guduvancheri(Uzhavar Sandhai ),Bhindi(Ladies Finger),Bhindi,Local,12/09/2026,3500,4000,3750
Tamil Nadu,Chengalpattu,Guduvancheri(Uzhavar Sandhai ),Green Chilli,Green Chilly,Local,12/09/2026,4000,5000,4500
Tamil Nadu,Chengalpattu,Guduvancheri(Uzhavar Sandhai ),Cucumbar(Kheera),Cucumbar,Local,12/09/2026,4000,5000,4500
Tamil Nadu,Chengalpattu,Guduvancheri(Uzhavar Sandhai ),Ridgeguard(Tori),Ridgeguard(Tori),Local,12/09/2026,6000,7000,6500
Tamil Nadu,Chengalpattu,Guduvancheri(Uzhavar Sandhai ),Guava,Guava Allahabad,Local,12/09/2026,5000,6000,5500
Tamil Nadu,Thirupur,Dharapuram(Uzhavar Sandhai ),Tomato,Local,Local,12/09/2026,2000,2200,2100
Tamil Nadu,Thirupur,Dharapuram(Uzhavar Sandhai ),Bitter gourd,Bitter Gourd,Local,12/09/2026,5800,6200,6000
Tamil Nadu,Thirupur,Dharapuram(Uzhavar Sandhai ),Beans,Beans (Whole),Local,12/09/2026,7500,8000,7750
Tamil Nadu,Thirupur,Dharapuram(Uzhavar Sandhai ),Drumstick,Drumstick,Local,12/09/2026,2500,3000,2750
Tamil Nadu,Thirupur,Dharapuram(Uzhavar Sandhai ),Mint(Pudina),Mint(Pudina),Local,12/09/2026,2500,3000,2750
Tamil Nadu,Thirupur,Palladam(Uzhavar Sandhai ),Carrot,Pusakesar,Local,12/09/2026,5000,6000,5500
Tamil Nadu,Thirupur,Palladam(Uzhavar Sandhai ),Brinjal,Round,Local,12/09/2026,3500,4000,3750
Tamil Nadu,Thirupur,Palladam(Uzhavar Sandhai ),Pumpkin,Pumpkin,Local,12/09/2026,1500,2000,1750
Tamil Nadu,Thirupur,Palladam(Uzhavar Sandhai ),Banana - Green,Banana - Green,Local,12/09/2026,2500,3000,2750
Tamil Nadu,Thirupur,Palladam(Uzhavar Sandhai ),Guava,Guava Allahabad,Local,12/09/2026,4000,5000,4500
Tamil Nadu,Thirupur,Palladam(Uzhavar Sandhai ),Onion Green,Onion Green,Local,12/09/2026,7000,8000,7500
Tamil Nadu,Kallakuruchi,Kallakurichi(Uzhavar Sandhai ),Bottle gourd,Bottle Gourd,Local,12/09/2026,1500,1500,1500
Tamil Nadu,Kallakuruchi,Kallakurichi(Uzhavar Sandhai ),Beans,Beans (Whole),Local,12/09/2026,10000,10000,10000
Tamil Nadu,Kallakuruchi,Kallakurichi(Uzhavar Sandhai ),Tapioca,Tapioca,Local,12/09/2026,3000,3000,3000
Tamil Nadu,Kallakuruchi,Kallakurichi(Uzhavar Sandhai ),Chow Chow,Chow Chow,Local,12/09/2026,5000,5000,5000
Tamil Nadu,Kallakuruchi,Kallakurichi(Uzhavar Sandhai ),Tender Coconut,Tender Coconut,Local,12/09/2026,3000,3000,3000
Tamil Nadu,Kallakuruchi,Kallakurichi(Uzhavar Sandhai ),Marigold(Calcutta),Marigold(Calcutta),Local,12/09/2026,45000,45000,45000
Tamil Nadu,Kallakuruchi,Kallakurichi(Uzhavar Sandhai ),Onion Green,Onion Green,Local,12/09/2026,6000,6000,6000
Tamil Nadu,Kallakuruchi,Kallakurichi(Uzhavar Sandhai ),Mint(Pudina),Mint(Pudina),Local,12/09/2026,3000,3000,3000
Tamil Nadu,Thirupathur,Natrampalli(Uzhavar Sandhai ),Ginger(Green),Green Ginger,Local,12/09/2026,15000,20000,17500
Tamil Nadu,Thirupathur,Natrampalli(Uzhavar Sandhai ),Papaya,Papaya,Local,12/09/2026,2500,3000,2750
Tamil Nadu,Thirupathur,Natrampalli(Uzhavar Sandhai ),Bitter gourd,Bitter Gourd,Local,12/09/2026,4000,5000,4500
Tamil Nadu,Thirupathur,Natrampalli(Uzhavar Sandhai ),Beetroot,Beetroot,Local,12/09/2026,5000,6000,5500
Tamil Nadu,Thirupathur,Natrampalli(Uzhavar Sandhai ),Cucumbar(Kheera),Cucumbar,Local,12/09/2026,2500,3000,2750
Tamil Nadu,Salem,Athur(Uzhavar Sandhai ),Carrot,Pusakesar,Local,12/09/2026,6000,6500,6250
Tamil Nadu,Salem,Athur(Uzhavar Sandhai ),Cabbage,Cabbage,Local,12/09/2026,2500,3000,2750
Tamil Nadu,Salem,Athur(Uzhavar Sandhai ),Onion,Bellary,Local,12/09/2026,5500,6500,6000
Tamil Nadu,Salem,Athur(Uzhavar Sandhai ),Cauliflower,Ranchi,Local,12/09/2026,3000,3500,3250
Tamil Nadu,Salem,Athur(Uzhavar Sandhai ),Thondekai,Thondekai,Local,12/09/2026,4500,5000,4750
Tamil Nadu,Salem,Athur(Uzhavar Sandhai ),Green Avare(W),Green Avare (W),Local,12/09/2026,7500,8000,7750
Tamil Nadu,Salem,Athur(Uzhavar Sandhai ),Chow Chow,Chow Chow,Local,12/09/2026,3500,4000,3750
Tamil Nadu,Salem,Athur(Uzhavar Sandhai ),Knool Khol,Knool Khol,Local,12/09/2026,4500,5000,4750
Tamil Nadu,Salem,Athur(Uzhavar Sandhai ),Lime,Lime,Local,12/09/2026,3000,3000,3000
Tamil Nadu,Salem,Athur(Uzhavar Sandhai ),Marigold(Calcutta),Marigold(Calcutta),Local,12/09/2026,28000,32000,30000
Tamil Nadu,Theni,Periyakulam(Uzhavar Sandhai ),Cabbage,Cabbage,Local,12/09/2026,2400,2400,2400
Tamil Nadu,Theni,Periyakulam(Uzhavar Sandhai ),Brinjal,Other,Local,12/09/2026,3000,3500,3250
Tamil Nadu,Theni,Periyakulam(Uzhavar Sandhai ),Papaya,Papaya,Local,12/09/2026,3000,3500,3250
Tamil Nadu,Theni,Periyakulam(Uzhavar Sandhai ),Bottle gourd,Bottle Gourd,Local,12/09/2026,1000,1400,1200
Tamil Nadu,Theni,Periyakulam(Uzhavar Sandhai ),Green Chilli,Green Chilly,Local,12/09/2026,5000,5500,5250
Tamil Nadu,Theni,Periyakulam(Uzhavar Sandhai ),Onion Green,Onion Green,Local,12/09/2026,7500,8000,7750
Tamil Nadu,Virudhunagar,Srivilliputhur(Uzhavar Sandhai ),Ginger(Green),Green Ginger,Local,12/09/2026,17000,18000,17500
Tamil Nadu,Virudhunagar,Srivilliputhur(Uzhavar Sandhai ),Carrot,Pusakesar,Local,12/09/2026,4000,4500,4250
Tamil Nadu,Virudhunagar,Srivilliputhur(Uzhavar Sandhai ),Cabbage,Cabbage,Local,12/09/2026,3000,3500,3250
Tamil Nadu,Virudhunagar,Srivilliputhur(Uzhavar Sandhai ),Banana,Besrai,Local,12/09/2026,3500,4000,3750
Tamil Nadu,Virudhunagar,Srivilliputhur(Uzhavar Sandhai ),Cauliflower,Ranchi,Local,12/09/2026,2500,3000,2750
Tamil Nadu,Virudhunagar,Srivilliputhur(Uzhavar Sandhai ),Tomato,Deshi,Local,12/09/2026,2500,3000,2750
Tamil Nadu,Virudhunagar,Srivilliputhur(Uzhavar Sandhai ),Cluster beans,Cluster Beans,Local,12/09/2026,3500,4000,3750
Tamil Nadu,Virudhunagar,Srivilliputhur(Uzhavar Sandhai ),Ashgourd,Gouard,Local,12/09/2026,2000,2500,2250
Tamil Nadu,Virudhunagar,Srivilliputhur(Uzhavar Sandhai ),Bhindi(Ladies Finger),Bhindi,Local,12/09/2026,3500,4000,3750
Tamil Nadu,Virudhunagar,Srivilliputhur(Uzhavar Sandhai ),Guava,Guava Allahabad,Local,12/09/2026,4500,5000,4750
Tamil Nadu,Coimbatore,Vadavalli(Uzhavar Sandhai ),Cabbage,Cabbage,Local,12/09/2026,2000,2400,2200
Tamil Nadu,Coimbatore,Vadavalli(Uzhavar Sandhai ),Orange,Darjeeling,Local,12/09/2026,14000,17000,15500
Tamil Nadu,Coimbatore,Vadavalli(Uzhavar Sandhai ),Banana,Red Banana,Local,12/09/2026,8000,8600,8300
Tamil Nadu,Coimbatore,Vadavalli(Uzhavar Sandhai ),Cauliflower,Ranchi,Local,12/09/2026,4200,4800,4500
Tamil Nadu,Coimbatore,Vadavalli(Uzhavar Sandhai ),Tomato,Local,Local,12/09/2026,2500,2800,2650
Tamil Nadu,Coimbatore,Vadavalli(Uzhavar Sandhai ),Cluster beans,Cluster Beans,Local,12/09/2026,3200,3600,3400
Tamil Nadu,Coimbatore,Vadavalli(Uzhavar Sandhai ),Bhindi(Ladies Finger),Bhindi,Local,12/09/2026,4000,4400,4200
Tamil Nadu,Coimbatore,Vadavalli(Uzhavar Sandhai ),Beetroot,Beetroot,Local,12/09/2026,5000,5400,5200
Tamil Nadu,Coimbatore,Vadavalli(Uzhavar Sandhai ),Cucumbar(Kheera),Cucumbar,Local,12/09/2026,3600,4200,3900
Tamil Nadu,Coimbatore,Vadavalli(Uzhavar Sandhai ),Ridgeguard(Tori),Ridgeguard(Tori),Local,12/09/2026,3800,4400,4100
Tamil Nadu,Coimbatore,Vadavalli(Uzhavar Sandhai ),Pomegranate,Pomogranate,Local,12/09/2026,10000,14000,12000
Tamil Nadu,Coimbatore,Vadavalli(Uzhavar Sandhai ),Lemon,Lemon,Local,12/09/2026,23000,24000,23500
Tamil Nadu,Coimbatore,Vadavalli(Uzhavar Sandhai ),Baby Corn,Baby Corn,Grade A,12/09/2026,2200,2600,2400
Tamil Nadu,Dindigul,Vedasanthur(Uzhavar Sandhai ),Snakeguard,Snakeguard,Local,12/09/2026,1500,2000,1750
Tamil Nadu,Coimbatore,Udumalpet APMC,Coriander(Leaves),I Sort,Local,12/09/2026,4000,5000,4500
Tamil Nadu,Coimbatore,Udumalpet APMC,Cluster beans,Cluster Beans,Local,12/09/2026,3500,4200,3850
Tamil Nadu,Coimbatore,Udumalpet APMC,Bottle gourd,Bottle Gourd,Local,12/09/2026,1500,2200,1850
Tamil Nadu,Coimbatore,Udumalpet APMC,Bhindi(Ladies Finger),Bhindi,Local,12/09/2026,4500,5000,4750
Tamil Nadu,Coimbatore,Udumalpet APMC,Green Chilli,Green Chilly,Local,12/09/2026,3500,4500,4000
Tamil Nadu,Coimbatore,Udumalpet APMC,Banana - Green,Banana - Green,Local,12/09/2026,2500,3000,2750
Tamil Nadu,Coimbatore,Udumalpet APMC,Beans,Beans (Whole),Local,12/09/2026,8500,9000,8750
Tamil Nadu,Coimbatore,Udumalpet APMC,Tapioca,Tapioca,Local,12/09/2026,3000,4000,3500
Tamil Nadu,Coimbatore,Udumalpet APMC,Ridgeguard(Tori),Ridgeguard(Tori),Local,12/09/2026,5000,6500,5750
Tamil Nadu,Coimbatore,Udumalpet APMC,Lemon,Lemon,Local,12/09/2026,20000,23000,21500
Tamil Nadu,Erode,Gobichettipalayam(Uzhavar Sandhai ),Coconut,Coconut,Local,12/09/2026,5000,5400,5200
Tamil Nadu,Erode,Gobichettipalayam(Uzhavar Sandhai ),Banana,Besrai,Local,12/09/2026,2800,4400,3600
Tamil Nadu,Erode,Gobichettipalayam(Uzhavar Sandhai ),Onion,Bellary,Local,12/09/2026,6500,7000,6750
Tamil Nadu,Erode,Gobichettipalayam(Uzhavar Sandhai ),Cauliflower,Ranchi,Local,12/09/2026,4000,4500,4250
Tamil Nadu,Erode,Gobichettipalayam(Uzhavar Sandhai ),Cluster beans,Cluster Beans,Local,12/09/2026,2800,3000,2900
Tamil Nadu,Erode,Gobichettipalayam(Uzhavar Sandhai ),Banana - Green,Banana - Green,Local,12/09/2026,2800,3000,2900
Tamil Nadu,Erode,Gobichettipalayam(Uzhavar Sandhai ),Tapioca,Tapioca,Local,12/09/2026,2000,2500,2250
Tamil Nadu,Erode,Gobichettipalayam(Uzhavar Sandhai ),Ridgeguard(Tori),Ridgeguard(Tori),Local,12/09/2026,4800,5000,4900
Tamil Nadu,Erode,Gobichettipalayam(Uzhavar Sandhai ),Sweet Corn ,Sweet Corn ,Local,12/09/2026,5200,5500,5350
Tamil Nadu,Erode,Sampath Nagar(Uzhavar Sandhai ),Brinjal,Other,Local,12/09/2026,3000,3400,3200
Tamil Nadu,Erode,Sampath Nagar(Uzhavar Sandhai ),Bottle gourd,Bottle Gourd,Local,12/09/2026,1500,2000,1750
Tamil Nadu,Erode,Sampath Nagar(Uzhavar Sandhai ),Pumpkin,Pumpkin,Local,12/09/2026,2000,2200,2100
Tamil Nadu,Erode,Sampath Nagar(Uzhavar Sandhai ),Green Chilli,Green Chilly,Local,12/09/2026,4000,4500,4250
Tamil Nadu,Erode,Sampath Nagar(Uzhavar Sandhai ),Cucumbar(Kheera),Cucumbar,Local,12/09/2026,4500,5000,4750
Tamil Nadu,Erode,Sampath Nagar(Uzhavar Sandhai ),Ridgeguard(Tori),Ridgeguard(Tori),Local,12/09/2026,3200,3600,3400
Tamil Nadu,Erode,Sampath Nagar(Uzhavar Sandhai ),Chow Chow,Chow Chow,Local,12/09/2026,2800,3000,2900
Tamil Nadu,Erode,Sampath Nagar(Uzhavar Sandhai ),Drumstick,Drumstick,Local,12/09/2026,3000,3400,3200
Tamil Nadu,Erode,Sampath Nagar(Uzhavar Sandhai ),Pomegranate,Pomogranate,Local,12/09/2026,15000,16000,15500
Tamil Nadu,Erode,Sampath Nagar(Uzhavar Sandhai ),Amla(Nelli Kai),Amla,Local,12/09/2026,11000,12000,11500
Tamil Nadu,Vellore,Pallikonda(Uzhavar Sandhai),Ashgourd,Gouard,Local,12/09/2026,2500,2500,2500
Tamil Nadu,Vellore,Pallikonda(Uzhavar Sandhai),Amaranthus,Amaranthus,Local,12/09/2026,3000,3500,3250
Tamil Nadu,Vellore,Pallikonda(Uzhavar Sandhai),Beans,Beans (Whole),Local,12/09/2026,5500,6000,5750
Tamil Nadu,Vellore,Pallikonda(Uzhavar Sandhai),Thondekai,Thondekai,Local,12/09/2026,3500,3500,3500
Tamil Nadu,Vellore,Pallikonda(Uzhavar Sandhai),Guava,Guava Allahabad,Local,12/09/2026,4500,5000,4750
Tamil Nadu,Vellore,Pallikonda(Uzhavar Sandhai),Tender Coconut,Tender Coconut,Local,12/09/2026,3500,4000,3750
Tamil Nadu,Vellore,Pallikonda(Uzhavar Sandhai),Colacasia,Colacasia,Local,12/09/2026,4000,4000,4000
Tamil Nadu,Pudukkottai,Ponnamaravathi(Uzhavar Sandhai),Coconut,Coconut,Local,12/09/2026,3500,4000,3750
Tamil Nadu,Pudukkottai,Ponnamaravathi(Uzhavar Sandhai),Banana,Besrai,Local,12/09/2026,6500,7000,6750
Tamil Nadu,Pudukkottai,Ponnamaravathi(Uzhavar Sandhai),Onion,Bellary,Local,12/09/2026,5500,6000,5750
Tamil Nadu,Pudukkottai,Ponnamaravathi(Uzhavar Sandhai),Ashgourd,Gouard,Local,12/09/2026,1000,1500,1250
Tamil Nadu,Pudukkottai,Ponnamaravathi(Uzhavar Sandhai),Pumpkin,Pumpkin,Local,12/09/2026,1000,1500,1250
Tamil Nadu,Pudukkottai,Ponnamaravathi(Uzhavar Sandhai),Lemon,Lemon,Local,12/09/2026,19500,20000,19750
Tamil Nadu,Pudukkottai,Ponnamaravathi(Uzhavar Sandhai),Onion Green,Onion Green,Local,12/09/2026,8500,9000,8750
Tamil Nadu,Nagapattinam,Mayiladuthurai(Uzhavar Sandhai ),Coconut,Coconut,Local,12/09/2026,3600,4000,3800
Tamil Nadu,Nagapattinam,Mayiladuthurai(Uzhavar Sandhai ),Carrot,Pusakesar,Local,12/09/2026,7000,8000,7500
Tamil Nadu,Nagapattinam,Mayiladuthurai(Uzhavar Sandhai ),Banana,Besrai,Local,12/09/2026,3600,4000,3800
Tamil Nadu,Nagapattinam,Mayiladuthurai(Uzhavar Sandhai ),Cauliflower,Ranchi,Local,12/09/2026,4500,5000,4750
Tamil Nadu,Nagapattinam,Mayiladuthurai(Uzhavar Sandhai ),Brinjal,Round,Local,12/09/2026,4500,5000,4750
Tamil Nadu,Nagapattinam,Mayiladuthurai(Uzhavar Sandhai ),Tomato,Deshi,Local,12/09/2026,2500,3000,2750
Tamil Nadu,Nagapattinam,Mayiladuthurai(Uzhavar Sandhai ),Snakeguard,Snakeguard,Local,12/09/2026,3600,4000,3800
Tamil Nadu,Nagapattinam,Mayiladuthurai(Uzhavar Sandhai ),Ashgourd,Gouard,Local,12/09/2026,1500,2000,1750
Tamil Nadu,Nagapattinam,Mayiladuthurai(Uzhavar Sandhai ),Amaranthus,Amaranthus,Local,12/09/2026,1500,2000,1750
Tamil Nadu,Nagapattinam,Mayiladuthurai(Uzhavar Sandhai ),Green Avare(W),Green Avare (W),Local,12/09/2026,7000,8000,7500
Tamil Nadu,Pudukkottai,Viralimalai(Uzhavar Sandhai ),Coconut,Coconut,Local,12/09/2026,3500,4000,3750
Tamil Nadu,Pudukkottai,Viralimalai(Uzhavar Sandhai ),Snakeguard,Snakeguard,Local,12/09/2026,3000,3500,3250
Tamil Nadu,Pudukkottai,Viralimalai(Uzhavar Sandhai ),Banana,Besrai,Local,12/09/2026,7500,8000,7750
Tamil Nadu,Pudukkottai,Viralimalai(Uzhavar Sandhai ),Papaya,Papaya,Local,12/09/2026,2500,3000,2750
Tamil Nadu,Pudukkottai,Viralimalai(Uzhavar Sandhai ),Green Chilli,Green Chilly,Local,12/09/2026,5500,6000,5750
Tamil Nadu,Pudukkottai,Viralimalai(Uzhavar Sandhai ),Raddish,Raddish,Local,12/09/2026,3500,4000,3750
Tamil Nadu,Ramanathapuram,Kamuthi(Uzhavar Sandhai ),Cluster beans,Cluster Beans,Local,12/09/2026,4000,4500,4250
Tamil Nadu,Ramanathapuram,Paramakudi(Uzhavar Sandhai ),Soyabean,Local,Local,12/09/2026,10000,11000,10500
Tamil Nadu,Ramanathapuram,Paramakudi(Uzhavar Sandhai ),Potato,Red Nanital,Local,12/09/2026,4800,5000,4900
Tamil Nadu,Ramanathapuram,Paramakudi(Uzhavar Sandhai ),Coriander(Leaves),I Sort,Local,12/09/2026,6000,6500,6250
Tamil Nadu,Ramanathapuram,Paramakudi(Uzhavar Sandhai ),Pumpkin,Pumpkin,Local,12/09/2026,1800,2200,2000
Tamil Nadu,Ramanathapuram,Paramakudi(Uzhavar Sandhai ),Amaranthus,Amaranthus,Local,12/09/2026,3800,4000,3900
Tamil Nadu,Ramanathapuram,Paramakudi(Uzhavar Sandhai ),Kakada,Kakada,Local,12/09/2026,80000,90000,85000
Tamil Nadu,Ramanathapuram,Ramanathapuram(Uzhavar Sandhai ),Coconut,Coconut,Local,12/09/2026,6400,6800,6600
Tamil Nadu,Ramanathapuram,Ramanathapuram(Uzhavar Sandhai ),Carrot,Pusakesar,Local,12/09/2026,6000,7000,6500
Tamil Nadu,Ramanathapuram,Ramanathapuram(Uzhavar Sandhai ),Banana,Other,Local,12/09/2026,4000,5000,4500
Tamil Nadu,Ramanathapuram,Ramanathapuram(Uzhavar Sandhai ),Cauliflower,Ranchi,Local,12/09/2026,4500,5000,4750
Tamil Nadu,Ramanathapuram,Ramanathapuram(Uzhavar Sandhai ),Tomato,Local,Local,12/09/2026,2500,3000,2750
Tamil Nadu,Ramanathapuram,Ramanathapuram(Uzhavar Sandhai ),Bitter gourd,Other,Local,12/09/2026,5500,6000,5750
Tamil Nadu,Ramanathapuram,Ramanathapuram(Uzhavar Sandhai ),Bhindi(Ladies Finger),Bhindi,Local,12/09/2026,5500,6000,5750
Tamil Nadu,Ramanathapuram,Ramanathapuram(Uzhavar Sandhai ),Knool Khol,Knool Khol,Local,12/09/2026,4000,5000,4500
Tamil Nadu,Pudukkottai,Alangudi(Uzhavar Sandhai ),Snakeguard,Snakeguard,Local,12/09/2026,2500,3000,2750
Tamil Nadu,Pudukkottai,Alangudi(Uzhavar Sandhai ),Banana - Green,Banana - Green,Local,12/09/2026,2500,3000,2750
Tamil Nadu,Pudukkottai,Alangudi(Uzhavar Sandhai ),Onion Green,Onion Green,Local,12/09/2026,8000,9000,8500
Tamil Nadu,Thiruvannamalai,Arani(Uzhavar Sandhai ),Cabbage,Cabbage,Local,12/09/2026,2500,3000,2750
Tamil Nadu,Thiruvannamalai,Arani(Uzhavar Sandhai ),Garlic,Garlic,Local,12/09/2026,23000,26000,24500
Tamil Nadu,Thiruvannamalai,Arani(Uzhavar Sandhai ),Bottle gourd,Bottle Gourd,Local,12/09/2026,1500,2000,1750
Tamil Nadu,Thiruvannamalai,Arani(Uzhavar Sandhai ),Bhindi(Ladies Finger),Bhindi,Local,12/09/2026,3000,4000,3500
Tamil Nadu,Thiruvannamalai,Arani(Uzhavar Sandhai ),Amaranthus,Amaranthus,Local,12/09/2026,1500,2000,1750
Tamil Nadu,Thiruvannamalai,Arani(Uzhavar Sandhai ),Chow Chow,Chow Chow,Local,12/09/2026,2500,3000,2750
Tamil Nadu,Thiruvannamalai,Arani(Uzhavar Sandhai ),Yam(Ratalu),Yam (Ratalu),Local,12/09/2026,5000,6000,5500
Tamil Nadu,Thiruvannamalai,Arani(Uzhavar Sandhai ),Onion Green,Onion Green,Local,12/09/2026,5000,6000,5500
Tamil Nadu,Thiruvannamalai,Polur(Uzhavar Sandhai ),Ginger(Green),Green Ginger,Local,12/09/2026,15000,18000,16500
Tamil Nadu,Thiruvannamalai,Polur(Uzhavar Sandhai ),Potato,Red Nanital,Local,12/09/2026,3300,4000,3650
Tamil Nadu,Thiruvannamalai,Polur(Uzhavar Sandhai ),Brinjal,Round,Local,12/09/2026,4000,4800,4400
Tamil Nadu,Thiruvannamalai,Polur(Uzhavar Sandhai ),Tomato,Local,Local,12/09/2026,2500,3000,2750
Tamil Nadu,Thiruvannamalai,Polur(Uzhavar Sandhai ),Bitter gourd,Bitter Gourd,Local,12/09/2026,4000,4800,4400
Tamil Nadu,Thiruvannamalai,Polur(Uzhavar Sandhai ),Ashgourd,Gouard,Local,12/09/2026,1600,2000,1800
Tamil Nadu,Thiruvannamalai,Polur(Uzhavar Sandhai ),Beans,Beans (Whole),Local,12/09/2026,7000,8400,7700
Tamil Nadu,Thiruvannamalai,Polur(Uzhavar Sandhai ),Ridgeguard(Tori),Ridgeguard(Tori),Local,12/09/2026,4000,4800,4400
Tamil Nadu,Thiruvannamalai,Polur(Uzhavar Sandhai ),Thondekai,Thondekai,Local,12/09/2026,3300,4000,3650
Tamil Nadu,Thiruvannamalai,Polur(Uzhavar Sandhai ),Chow Chow,Chow Chow,Local,12/09/2026,3300,4000,3650
Tamil Nadu,Thiruvannamalai,Polur(Uzhavar Sandhai ),Colacasia,Colacasia,Local,12/09/2026,3300,4000,3650
Tamil Nadu,Thiruvannamalai,Tiruvannamalai(Uzhavar Sandhai ),Coconut,Coconut,Local,12/09/2026,4000,5000,4500
Tamil Nadu,Thiruvannamalai,Tiruvannamalai(Uzhavar Sandhai ),Sweet Potato,Hosur Red,Local,12/09/2026,3500,4000,3750
Tamil Nadu,Thiruvannamalai,Tiruvannamalai(Uzhavar Sandhai ),Snakeguard,Snakeguard,Local,12/09/2026,3000,3600,3300
Tamil Nadu,Thiruvannamalai,Tiruvannamalai(Uzhavar Sandhai ),Groundnut,Big (With Shell),Local,12/09/2026,8000,10000,9000
Tamil Nadu,Thiruvannamalai,Tiruvannamalai(Uzhavar Sandhai ),Chikoos(Sapota),Sapota,Local,12/09/2026,4000,5000,4500
Tamil Nadu,Thiruvannamalai,Tiruvannamalai(Uzhavar Sandhai ),Mousambi(Sweet Lime),Mousambi,Local,12/09/2026,5000,6000,5500
Tamil Nadu,Thiruvannamalai,Tiruvannamalai(Uzhavar Sandhai ),Bitter gourd,Bitter Gourd,Local,12/09/2026,5000,6000,5500
Tamil Nadu,Thiruvannamalai,Tiruvannamalai(Uzhavar Sandhai ),Bottle gourd,Bottle Gourd,Local,12/09/2026,2000,2500,2250
Tamil Nadu,Thiruvannamalai,Tiruvannamalai(Uzhavar Sandhai ),Pumpkin,Pumpkin,Local,12/09/2026,2000,2500,2250
Tamil Nadu,Thiruvannamalai,Tiruvannamalai(Uzhavar Sandhai ),Amaranthus,Amaranthus,Local,12/09/2026,3500,4000,3750
Tamil Nadu,Thiruvannamalai,Tiruvannamalai(Uzhavar Sandhai ),Knool Khol,Knool Khol,Local,12/09/2026,4800,5600,5200
Tamil Nadu,Thiruvannamalai,Tiruvannamalai(Uzhavar Sandhai ),Fig(Anjura/Anjeer),Anjura,Local,12/09/2026,7000,8000,7500
Tamil Nadu,Thiruvannamalai,Tiruvannamalai(Uzhavar Sandhai ),Colacasia,Colacasia,Local,12/09/2026,3500,4000,3750
Tamil Nadu,Thiruvannamalai,Tiruvannamalai(Uzhavar Sandhai ),Mashrooms,Mashrooms,Local,12/09/2026,20000,25000,22500
Tamil Nadu,Thiruvarur,Mannargudi I(Uzhavar Sandhai ),Carrot,Pusakesar,Local,12/09/2026,6400,6400,6400
Tamil Nadu,Thiruvarur,Mannargudi I(Uzhavar Sandhai ),Orange,Darjeeling,Local,12/09/2026,10000,10000,10000
Tamil Nadu,Thiruvarur,Mannargudi I(Uzhavar Sandhai ),Onion,Bellary,Local,12/09/2026,6000,7000,6500
Tamil Nadu,Thiruvarur,Mannargudi I(Uzhavar Sandhai ),Bottle gourd,Bottle Gourd,Local,12/09/2026,3000,3000,3000
Tamil Nadu,Thiruvarur,Mannargudi I(Uzhavar Sandhai ),Green Chilli,Green Chilly,Local,12/09/2026,5000,5000,5000
Tamil Nadu,Thiruvarur,Mannargudi I(Uzhavar Sandhai ),Ridgeguard(Tori),Ridgeguard(Tori),Local,12/09/2026,4800,4800,4800
Tamil Nadu,Thiruvarur,Mannargudi I(Uzhavar Sandhai ),Chow Chow,Chow Chow,Local,12/09/2026,3800,3800,3800
Tamil Nadu,Thiruvarur,Mannargudi I(Uzhavar Sandhai ),Onion Green,Onion Green,Local,12/09/2026,9000,9000,9000
Tamil Nadu,Thiruvarur,Mannargudi II(Uzhavar Sandhai ),Potato,Red Nanital,Local,12/09/2026,3000,3000,3000
Tamil Nadu,Thiruvarur,Mannargudi II(Uzhavar Sandhai ),Cluster beans,Cluster Beans,Local,12/09/2026,4000,4000,4000
Tamil Nadu,Thiruvarur,Mannargudi II(Uzhavar Sandhai ),Pumpkin,Pumpkin,Local,12/09/2026,2800,2800,2800
Tamil Nadu,Thiruvarur,Mannargudi II(Uzhavar Sandhai ),Banana - Green,Banana - Green,Local,12/09/2026,4800,4800,4800
Tamil Nadu,Thiruvarur,Mannargudi II(Uzhavar Sandhai ),Drumstick,Drumstick,Local,12/09/2026,4800,4800,4800
Tamil Nadu,Thiruvarur,Mannargudi II(Uzhavar Sandhai ),Lime,Lime,Local,12/09/2026,4000,4000,4000
Tamil Nadu,Thiruvarur,Mannargudi II(Uzhavar Sandhai ),Onion Green,Onion Green,Local,12/09/2026,9000,9000,9000
Tamil Nadu,Thiruvarur,Tiruthuraipoondi(Uzhavar Sandhai ),Bitter gourd,Bitter Gourd,Local,12/09/2026,4800,4800,4800
Tamil Nadu,Thiruvarur,Tiruthuraipoondi(Uzhavar Sandhai ),Pumpkin,Pumpkin,Local,12/09/2026,3000,3000,3000
Tamil Nadu,Thiruvarur,Tiruthuraipoondi(Uzhavar Sandhai ),Bhindi(Ladies Finger),Bhindi,Local,12/09/2026,3800,3800,3800
Tamil Nadu,Thiruvarur,Tiruthuraipoondi(Uzhavar Sandhai ),Lime,Lime,Local,12/09/2026,3000,3000,3000
Tamil Nadu,Thiruvarur,Tiruthuraipoondi(Uzhavar Sandhai ),Tamarind Fruit,Tamarind Fruit,Local,12/09/2026,16000,16000,16000
Tamil Nadu,Thiruvellore,Ambattur(Uzhavar Sandhai ),Snakeguard,Snakeguard,Local,12/09/2026,4000,4000,4000
Tamil Nadu,Thiruvellore,Ambattur(Uzhavar Sandhai ),Green Chilli,Green Chilly,Local,12/09/2026,6000,6000,6000
Tamil Nadu,Thiruvellore,Paruthipattu(Uzhavar Sandhai ),Carrot,Pusakesar,Local,12/09/2026,5000,5000,5000
Tamil Nadu,Thiruvellore,Paruthipattu(Uzhavar Sandhai ),Tomato,Deshi,Local,12/09/2026,2500,2500,2500
Tamil Nadu,Thiruvellore,Paruthipattu(Uzhavar Sandhai ),Bottle gourd,Bottle Gourd,Local,12/09/2026,4000,4000,4000
Tamil Nadu,Thiruvellore,Paruthipattu(Uzhavar Sandhai ),Ridgeguard(Tori),Ridgeguard(Tori),Local,12/09/2026,4000,4000,4000
Tamil Nadu,Thiruvellore,Paruthipattu(Uzhavar Sandhai ),Raddish,Raddish,Local,12/09/2026,5000,5000,5000
Tamil Nadu,Thiruvellore,Paruthipattu(Uzhavar Sandhai ),Thondekai,Thondekai,Local,12/09/2026,4000,4000,4000
Tamil Nadu,Thiruvellore,Paruthipattu(Uzhavar Sandhai ),Mint(Pudina),Mint(Pudina),Local,12/09/2026,4000,4000,4000
Tamil Nadu,Thiruvellore,Perambakkam(Uzhavar Sandhai ),Tomato,Deshi,Local,12/09/2026,3000,3000,3000
Tamil Nadu,Tuticorin,Kovilpatti(Uzhavar Sandhai ),Cauliflower,Ranchi,Local,12/09/2026,4500,5000,4750
Tamil Nadu,Tuticorin,Kovilpatti(Uzhavar Sandhai ),Banana - Green,Banana - Green,Local,12/09/2026,3000,3500,3250
Tamil Nadu,Tuticorin,Kovilpatti(Uzhavar Sandhai ),Raddish,Raddish,Local,12/09/2026,2500,3000,2750
Tamil Nadu,Tuticorin,Kovilpatti(Uzhavar Sandhai ),Capsicum,Capsicum,Local,12/09/2026,4500,5000,4750
Tamil Nadu,Tuticorin,Kovilpatti(Uzhavar Sandhai ),Green Avare(W),Other,Local,12/09/2026,6000,6500,6250
Tamil Nadu,Tuticorin,Kovilpatti(Uzhavar Sandhai ),Chow Chow,Chow Chow,Local,12/09/2026,3000,3500,3250
Tamil Nadu,Tuticorin,Kovilpatti(Uzhavar Sandhai ),Drumstick,Drumstick,Local,12/09/2026,2500,3000,2750
Tamil Nadu,Tuticorin,Kovilpatti(Uzhavar Sandhai ),Elephant Yam(Suran)/Amorphophallus,Elephant Yam (Suran),Local,12/09/2026,4000,4500,4250
Tamil Nadu,Tuticorin,Kovilpatti(Uzhavar Sandhai ),Yam(Ratalu),Yam (Ratalu),Local,12/09/2026,6000,6500,6250
Tamil Nadu,Tuticorin,Kovilpatti(Uzhavar Sandhai ),Lemon,Lemon,Local,12/09/2026,10000,11000,10500
Tamil Nadu,Tuticorin,Kovilpatti(Uzhavar Sandhai ),Mint(Pudina),Mint(Pudina),Local,12/09/2026,5000,5500,5250
Tamil Nadu,Vellore,Gudiyatham(Uzhavar Sandhai ),Potato,Red Nanital,Local,12/09/2026,3000,3000,3000
Tamil Nadu,Vellore,Gudiyatham(Uzhavar Sandhai ),Mousambi(Sweet Lime),Mousambi,Local,12/09/2026,5000,5000,5000
Tamil Nadu,Vellore,Gudiyatham(Uzhavar Sandhai ),Bhindi(Ladies Finger),Bhindi,Local,12/09/2026,1800,2000,1900
Tamil Nadu,Vellore,Gudiyatham(Uzhavar Sandhai ),Cowpea(Veg),Cowpea (Veg),Local,12/09/2026,5600,5600,5600
Tamil Nadu,Vellore,Gudiyatham(Uzhavar Sandhai ),Beans,Beans (Whole),Local,12/09/2026,7600,7600,7600
Tamil Nadu,Vellore,Gudiyatham(Uzhavar Sandhai ),Ginger(Green),Green Ginger,Local,12/09/2026,19000,19000,19000
Tamil Nadu,Vellore,Gudiyatham(Uzhavar Sandhai ),Thondekai,Thondekai,Local,12/09/2026,4600,4600,4600
Tamil Nadu,Vellore,Gudiyatham(Uzhavar Sandhai ),Green Avare(W),Green Avare (W),Local,12/09/2026,6600,6600,6600
Tamil Nadu,Vellore,Gudiyatham(Uzhavar Sandhai ),Knool Khol,Knool Khol,Local,12/09/2026,3600,3600,3600
Tamil Nadu,Vellore,Kahithapattarai(Uzhavar Sandhai ),Cabbage,Cabbage,Local,12/09/2026,2500,2500,2500
Tamil Nadu,Vellore,Kahithapattarai(Uzhavar Sandhai ),Groundnut,Big (With Shell),Local,12/09/2026,7000,7000,7000
Tamil Nadu,Vellore,Kahithapattarai(Uzhavar Sandhai ),Coriander(Leaves),I Sort,Local,12/09/2026,3500,3500,3500
Tamil Nadu,Vellore,Kahithapattarai(Uzhavar Sandhai ),Papaya,Papaya,Local,12/09/2026,4500,4500,4500
Tamil Nadu,Vellore,Kahithapattarai(Uzhavar Sandhai ),Tomato,Deshi,Local,12/09/2026,2500,2500,2500
Tamil Nadu,Vellore,Kahithapattarai(Uzhavar Sandhai ),Bitter gourd,Bitter Gourd,Local,12/09/2026,4600,4600,4600
Tamil Nadu,Vellore,Kahithapattarai(Uzhavar Sandhai ),Chow Chow,Chow Chow,Local,12/09/2026,3500,3500,3500
Tamil Nadu,Vellore,Kahithapattarai(Uzhavar Sandhai ),Knool Khol,Knool Khol,Local,12/09/2026,2500,2500,2500
Tamil Nadu,Vellore,Kahithapattarai(Uzhavar Sandhai ),Onion Green,Onion Green,Local,12/09/2026,11000,11000,11000
Tamil Nadu,Villupuram,Villupuram(Uzhavar Sandhai ),Ashgourd,Gouard,Local,12/09/2026,2000,2000,2000
Tamil Nadu,Villupuram,Villupuram(Uzhavar Sandhai ),Banana - Green,Banana - Green,Local,12/09/2026,3000,3000,3000
Tamil Nadu,Villupuram,Villupuram(Uzhavar Sandhai ),Karbuja(Musk Melon),Karbhuja,Local,12/09/2026,5000,5000,5000
Tamil Nadu,Villupuram,Villupuram(Uzhavar Sandhai ),Tender Coconut,Tender Coconut,Local,12/09/2026,4000,4000,4000
Tamil Nadu,Thiruvannamalai,Cheyyar(Uzhavar Sandhai ),Onion,Bellary,Local,12/09/2026,4800,6000,5400
Tamil Nadu,Thiruvannamalai,Cheyyar(Uzhavar Sandhai ),Potato,Other,Local,12/09/2026,3200,4000,3600
Tamil Nadu,Thiruvannamalai,Cheyyar(Uzhavar Sandhai ),Coriander(Leaves),I Sort,Local,12/09/2026,4000,5000,4500
Tamil Nadu,Thiruvannamalai,Cheyyar(Uzhavar Sandhai ),Green Chilli,Green Chilly,Local,12/09/2026,4000,4800,4400
Tamil Nadu,Thiruvannamalai,Cheyyar(Uzhavar Sandhai ),Cucumbar(Kheera),Cucumbar,Local,12/09/2026,2500,3000,2750
Tamil Nadu,Thiruvannamalai,Cheyyar(Uzhavar Sandhai ),Raddish,Raddish,Local,12/09/2026,2500,3000,2750
Tamil Nadu,Thiruvannamalai,Cheyyar(Uzhavar Sandhai ),Drumstick,Drumstick,Local,12/09/2026,3500,4200,3850
Tamil Nadu,Thiruvannamalai,Cheyyar(Uzhavar Sandhai ),Knool Khol,Knool Khol,Local,12/09/2026,2500,3000,2750
Tamil Nadu,Thiruvannamalai,Cheyyar(Uzhavar Sandhai ),Colacasia,Colacasia,Local,12/09/2026,3500,4200,3850
Tamil Nadu,Thanjavur,Papanasam(Uzhavar Sandhai ),Snakeguard,Snakeguard,Local,12/09/2026,4200,4200,4200
Tamil Nadu,Thanjavur,Papanasam(Uzhavar Sandhai ),Bhindi(Ladies Finger),Bhindi,Local,12/09/2026,4800,4800,4800
Tamil Nadu,Thanjavur,Papanasam(Uzhavar Sandhai ),Amaranthus,Amaranthus,Local,12/09/2026,2000,2000,2000
Tamil Nadu,Thanjavur,Papanasam(Uzhavar Sandhai ),Drumstick,Drumstick,Local,12/09/2026,6000,6000,6000
Tamil Nadu,Ariyalur,Ariyalur(Uzhavar Sandhai),Potato,Red Nanital,Local,12/09/2026,3500,4000,3750
Tamil Nadu,Ariyalur,Ariyalur(Uzhavar Sandhai),Snakeguard,Snakeguard,Local,12/09/2026,3500,4000,3750
Tamil Nadu,Ariyalur,Ariyalur(Uzhavar Sandhai),Green Chilli,Green Chilly,Local,12/09/2026,5000,5500,5250
Tamil Nadu,Ariyalur,Ariyalur(Uzhavar Sandhai),Mint(Pudina),Mint(Pudina),Local,12/09/2026,5000,5500,5250
Tamil Nadu,Dindigul,Kodaikkanal(Uzhavar Sandhai),Carrot,Pusakesar,Local,12/09/2026,6000,7000,6500
Tamil Nadu,Dindigul,Kodaikkanal(Uzhavar Sandhai),Onion,Bellary,Local,12/09/2026,6000,6500,6250
Tamil Nadu,Dindigul,Kodaikkanal(Uzhavar Sandhai),Brinjal,Round,Local,12/09/2026,5000,6000,5500
Tamil Nadu,Dindigul,Kodaikkanal(Uzhavar Sandhai),Pumpkin,Pumpkin,Local,12/09/2026,1500,2000,1750
Tamil Nadu,Dindigul,Kodaikkanal(Uzhavar Sandhai),Drumstick,Drumstick,Local,12/09/2026,3500,4000,3750
Tamil Nadu,Coimbatore,Sundarapuram(Uzhavar Sandhai ),Banana,Red Banana,Local,12/09/2026,8000,8500,8250
Tamil Nadu,Coimbatore,Sundarapuram(Uzhavar Sandhai ),Onion,Bellary,Local,12/09/2026,5400,5800,5600
Tamil Nadu,Coimbatore,Sundarapuram(Uzhavar Sandhai ),Garlic,Garlic,Local,12/09/2026,23000,24000,23500
Tamil Nadu,Coimbatore,Sundarapuram(Uzhavar Sandhai ),Cauliflower,Ranchi,Local,12/09/2026,4500,5000,4750
Tamil Nadu,Coimbatore,Sundarapuram(Uzhavar Sandhai ),Coriander(Leaves),I Sort,Local,12/09/2026,3500,4000,3750
Tamil Nadu,Coimbatore,Sundarapuram(Uzhavar Sandhai ),Bottle gourd,Bottle Gourd,Local,12/09/2026,2500,3000,2750
Tamil Nadu,Coimbatore,Sundarapuram(Uzhavar Sandhai ),Ashgourd,Gouard,Local,12/09/2026,1800,2000,1900
Tamil Nadu,Coimbatore,Sundarapuram(Uzhavar Sandhai ),Capsicum,Capsicum,Local,12/09/2026,5500,6000,5750
Tamil Nadu,Coimbatore,Sundarapuram(Uzhavar Sandhai ),Chow Chow,Chow Chow,Local,12/09/2026,3000,3500,3250
Tamil Nadu,Coimbatore,Sundarapuram(Uzhavar Sandhai ),Drumstick,Drumstick,Local,12/09/2026,3000,3500,3250
Tamil Nadu,Coimbatore,Sundarapuram(Uzhavar Sandhai ),Mango(Raw-Ripe),Mango - Raw-Ripe,Local,12/09/2026,7500,8000,7750
Tamil Nadu,Coimbatore,Sundarapuram(Uzhavar Sandhai ),Lemon,Lemon,Local,12/09/2026,24000,25000,24500
Tamil Nadu,Coimbatore,Sundarapuram(Uzhavar Sandhai ),Sweet Corn ,Sweet Corn ,Local,12/09/2026,3500,4000,3750
Tamil Nadu,Erode,Sathiyamagalam(Uzhavar Sandhai ),Tomato,Local,Local,12/09/2026,2000,2600,2300
Tamil Nadu,Erode,Sathiyamagalam(Uzhavar Sandhai ),Raddish,Raddish,Local,12/09/2026,2400,2800,2600
Tamil Nadu,Erode,Sathiyamagalam(Uzhavar Sandhai ),Chow Chow,Chow Chow,Local,12/09/2026,2500,3000,2750
Tamil Nadu,Erode,Sathiyamagalam(Uzhavar Sandhai ),Knool Khol,Knool Khol,Local,12/09/2026,6000,6500,6250
Tamil Nadu,Erode,Sathiyamagalam(Uzhavar Sandhai ),Guava,Guava Allahabad,Local,12/09/2026,5500,6000,5750
Tamil Nadu,Coimbatore,Mettupalayam(Uzhavar Sandhai ),Ginger(Green),Green Ginger,Local,12/09/2026,7500,17000,12250
Tamil Nadu,Coimbatore,Mettupalayam(Uzhavar Sandhai ),Cabbage,Cabbage,Local,12/09/2026,2500,3000,2750
Tamil Nadu,Coimbatore,Mettupalayam(Uzhavar Sandhai ),Groundnut,Big (With Shell),Local,12/09/2026,8000,9000,8500
Tamil Nadu,Coimbatore,Mettupalayam(Uzhavar Sandhai ),Water Melon,Water Melon,Local,12/09/2026,2000,2500,2250
Tamil Nadu,Coimbatore,Mettupalayam(Uzhavar Sandhai ),Tomato,Deshi,Local,12/09/2026,2500,3000,2750
Tamil Nadu,Coimbatore,Mettupalayam(Uzhavar Sandhai ),Banana - Green,Banana - Green,Local,12/09/2026,4500,5000,4750
Tamil Nadu,Coimbatore,Mettupalayam(Uzhavar Sandhai ),Lime,Lime,Local,12/09/2026,10000,13000,11500
Tamil Nadu,Coimbatore,Mettupalayam(Uzhavar Sandhai ),Baby Corn,Baby Corn,Grade A,12/09/2026,2500,3000,2750
Tamil Nadu,Coimbatore,Mettupalayam(Uzhavar Sandhai ),Sweet Corn ,Sweet Corn ,Local,12/09/2026,3500,4000,3750
Tamil Nadu,Namakkal,Tiruchengode APMC,Banana,Red Banana,Local,12/09/2026,7200,8000,7600
Tamil Nadu,Namakkal,Tiruchengode APMC,Cauliflower,Ranchi,Local,12/09/2026,3500,4000,3750
Tamil Nadu,Namakkal,Tiruchengode APMC,Water Melon,Water Melon,Local,12/09/2026,1200,1500,1350
Tamil Nadu,Namakkal,Tiruchengode APMC,Mousambi(Sweet Lime),Mousambi,Local,12/09/2026,3500,4000,3750
Tamil Nadu,Namakkal,Tiruchengode APMC,Ashgourd,Gouard,Local,12/09/2026,1800,2000,1900
Tamil Nadu,Namakkal,Tiruchengode APMC,Bhindi(Ladies Finger),Bhindi,Local,12/09/2026,3000,3500,3250
Tamil Nadu,Namakkal,Tiruchengode APMC,Green Chilli,Green Chilly,Local,12/09/2026,5400,6000,5700
Tamil Nadu,Namakkal,Tiruchengode APMC,Cucumbar(Kheera),Cucumbar,Local,12/09/2026,8000,9000,8500
Tamil Nadu,Namakkal,Tiruchengode APMC,Green Avare(W),Other,Local,12/09/2026,5400,6000,5700
Tamil Nadu,Namakkal,Tiruchengode APMC,Tender Coconut,Tender Coconut,Local,12/09/2026,3500,4000,3750
Tamil Nadu,Namakkal,Tiruchengode APMC,Lemon,Lemon,Local,12/09/2026,11500,13000,12250
Tamil Nadu,Ariyalur,Jeyankondam (Uzhavar Sandhai ),Raddish,Raddish,Local,12/09/2026,3200,3600,3400
Tamil Nadu,Coimbatore,RSPuram(Uzhavar Sandhai ),Ginger(Green),Green Ginger,Local,12/09/2026,14500,15500,15000
Tamil Nadu,Coimbatore,RSPuram(Uzhavar Sandhai ),Garlic,Garlic,Local,12/09/2026,22000,23600,22800
Tamil Nadu,Coimbatore,RSPuram(Uzhavar Sandhai ),Coriander(Leaves),I Sort,Local,12/09/2026,3500,4000,3750
Tamil Nadu,Coimbatore,RSPuram(Uzhavar Sandhai ),Papaya,Papaya,Local,12/09/2026,5000,5600,5300
Tamil Nadu,Coimbatore,RSPuram(Uzhavar Sandhai ),Cluster beans,Cluster Beans,Local,12/09/2026,3200,3600,3400
Tamil Nadu,Coimbatore,RSPuram(Uzhavar Sandhai ),Amaranthus,Amaranthus,Local,12/09/2026,5600,6500,6050
Tamil Nadu,Coimbatore,RSPuram(Uzhavar Sandhai ),Cowpea(Veg),Cowpea (Veg),Local,12/09/2026,3600,4000,3800
Tamil Nadu,Coimbatore,RSPuram(Uzhavar Sandhai ),Knool Khol,Knool Khol,Local,12/09/2026,3200,3800,3500
Tamil Nadu,Coimbatore,RSPuram(Uzhavar Sandhai ),Colacasia,Colacasia,Local,12/09/2026,4500,5000,4750
Tamil Nadu,Coimbatore,Singanallur(Uzhavar Sandhai ),Betal Leaves,Mysore,Local,12/09/2026,18000,21000,19500
Tamil Nadu,Coimbatore,Singanallur(Uzhavar Sandhai ),Carrot,Pusakesar,Local,12/09/2026,5000,5600,5300
Tamil Nadu,Coimbatore,Singanallur(Uzhavar Sandhai ),Coriander(Leaves),I Sort,Local,12/09/2026,3500,4000,3750
Tamil Nadu,Coimbatore,Singanallur(Uzhavar Sandhai ),Bhindi(Ladies Finger),Bhindi,Local,12/09/2026,4000,4500,4250
Tamil Nadu,Coimbatore,Singanallur(Uzhavar Sandhai ),Chow Chow,Chow Chow,Local,12/09/2026,3000,3600,3300
Tamil Nadu,Coimbatore,Singanallur(Uzhavar Sandhai ),Guava,Guava Allahabad,Local,12/09/2026,5500,6000,5750
Tamil Nadu,Coimbatore,Singanallur(Uzhavar Sandhai ),Elephant Yam(Suran)/Amorphophallus,Elephant Yam (Suran),Local,12/09/2026,3500,4000,3750
Tamil Nadu,Coimbatore,Pollachi(Uzhavar Sandhai ),Potato,Red Nanital,Local,12/09/2026,4000,6500,5250
Tamil Nadu,Coimbatore,Pollachi(Uzhavar Sandhai ),Coriander(Leaves),I Sort,Local,12/09/2026,4000,4500,4250
Tamil Nadu,Coimbatore,Pollachi(Uzhavar Sandhai ),Bottle gourd,Bottle Gourd,Local,12/09/2026,3000,3500,3250
Tamil Nadu,Coimbatore,Pollachi(Uzhavar Sandhai ),Amaranthus,Amaranthus,Local,12/09/2026,3000,4000,3500
Tamil Nadu,Coimbatore,Pollachi(Uzhavar Sandhai ),Thondekai,Thondekai,Local,12/09/2026,4000,4500,4250
Tamil Nadu,Coimbatore,Pollachi(Uzhavar Sandhai ),Tender Coconut,Tender Coconut,Local,12/09/2026,3500,4000,3750
Tamil Nadu,Coimbatore,Pollachi(Uzhavar Sandhai ),Mint(Pudina),Mint(Pudina),Local,12/09/2026,5000,6000,5500
Tamil Nadu,Karur,Karur(Uzhavar Sandhai ),Brinjal,Other,Local,12/09/2026,3500,4500,4000
Tamil Nadu,Karur,Karur(Uzhavar Sandhai ),Tomato,Deshi,Local,12/09/2026,2500,3000,2750
Tamil Nadu,Karur,Karur(Uzhavar Sandhai ),Bitter gourd,Other,Local,12/09/2026,5500,6000,5750
Tamil Nadu,Karur,Karur(Uzhavar Sandhai ),Beans,Beans (Whole),Local,12/09/2026,7500,8000,7750
Tamil Nadu,Karur,Karur(Uzhavar Sandhai ),Raddish,Raddish,Local,12/09/2026,2500,3000,2750
Tamil Nadu,Karur,Karur(Uzhavar Sandhai ),Green Avare(W),Other,Local,12/09/2026,8000,9000,8500
Tamil Nadu,Karur,Karur(Uzhavar Sandhai ),Mint(Pudina),Mint(Pudina),Local,12/09/2026,5500,6000,5750
Tamil Nadu,Coimbatore,Kurichi(Uzhavar Sandhai ),Coconut,Coconut,Local,12/09/2026,5700,6000,5850
Tamil Nadu,Coimbatore,Kurichi(Uzhavar Sandhai ),Onion,Bellary,Local,12/09/2026,5500,5800,5650
Tamil Nadu,Coimbatore,Kurichi(Uzhavar Sandhai ),Tomato,Local,Local,12/09/2026,2500,2800,2650
Tamil Nadu,Coimbatore,Kurichi(Uzhavar Sandhai ),Ridgeguard(Tori),Ridgeguard(Tori),Local,12/09/2026,4000,4500,4250
Tamil Nadu,Cuddalore,Chidambaram(Uzhavar Sandhai ),Brinjal,Round,Local,12/09/2026,4000,5000,4500
Tamil Nadu,Cuddalore,Chidambaram(Uzhavar Sandhai ),Snakeguard,Snakeguard,Local,12/09/2026,2500,2500,2500
Tamil Nadu,Cuddalore,Chidambaram(Uzhavar Sandhai ),Tomato,Local,Local,12/09/2026,3000,3000,3000
Tamil Nadu,Cuddalore,Chidambaram(Uzhavar Sandhai ),Raddish,Raddish,Local,12/09/2026,3500,3500,3500
Tamil Nadu,Cuddalore,Chidambaram(Uzhavar Sandhai ),Mango(Raw-Ripe),Mango - Raw-Ripe,Local,12/09/2026,9000,9000,9000
Tamil Nadu,Cuddalore,Cuddalore(Uzhavar Sandhai ),Onion,Bellary,Local,12/09/2026,6000,7000,6500
Tamil Nadu,Cuddalore,Cuddalore(Uzhavar Sandhai ),Cluster beans,Cluster Beans,Local,12/09/2026,3500,3500,3500
Tamil Nadu,Cuddalore,Cuddalore(Uzhavar Sandhai ),Bitter gourd,Bitter Gourd,Local,12/09/2026,6000,7000,6500
Tamil Nadu,Tuticorin,Tuticorin(Uzhavar Sandhai ),Cauliflower,Ranchi,Local,12/09/2026,4500,5000,4750
Tamil Nadu,Tuticorin,Tuticorin(Uzhavar Sandhai ),Green Peas,Green Peas,Local,12/09/2026,15000,16000,15500
Tamil Nadu,Tuticorin,Tuticorin(Uzhavar Sandhai ),Banana - Green,Banana - Green,Local,12/09/2026,2500,3000,2750
Tamil Nadu,Tuticorin,Tuticorin(Uzhavar Sandhai ),Raddish,Raddish,Local,12/09/2026,3000,3500,3250
Tamil Nadu,Tuticorin,Tuticorin(Uzhavar Sandhai ),Thondekai,Thondekai,Local,12/09/2026,4500,5000,4750
Tamil Nadu,Tuticorin,Tuticorin(Uzhavar Sandhai ),Capsicum,Capsicum,Local,12/09/2026,7500,8000,7750
Tamil Nadu,Tuticorin,Tuticorin(Uzhavar Sandhai ),Green Avare(W),Other,Local,12/09/2026,7500,8000,7750
Tamil Nadu,Tuticorin,Tuticorin(Uzhavar Sandhai ),Jack Fruit(Ripe),Jack Fruit,Local,12/09/2026,5000,6000,5500
Tamil Nadu,Tuticorin,Tuticorin(Uzhavar Sandhai ),Mashrooms,Mashrooms,Local,12/09/2026,24000,25000,24500
Tamil Nadu,Tuticorin,Tuticorin(Uzhavar Sandhai ),Mint(Pudina),Mint(Pudina),Local,12/09/2026,4500,5000,4750
Tamil Nadu,Nagercoil (Kannyiakumari),Vadaseri APMC,Sweet Potato,Hosur Red,Local,12/09/2026,3500,4000,3750
Tamil Nadu,Nagercoil (Kannyiakumari),Vadaseri APMC,Snakeguard,Snakeguard,Local,12/09/2026,4000,4500,4250
Tamil Nadu,Nagercoil (Kannyiakumari),Vadaseri APMC,Onion,Bellary,Local,12/09/2026,5500,6000,5750
Tamil Nadu,Nagercoil (Kannyiakumari),Vadaseri APMC,Brinjal,Round,Local,12/09/2026,5500,6000,5750
Tamil Nadu,Nagercoil (Kannyiakumari),Vadaseri APMC,Pumpkin,Pumpkin,Local,12/09/2026,1500,1800,1650
Tamil Nadu,Nagercoil (Kannyiakumari),Vadaseri APMC,Green Chilli,Green Chilly,Local,12/09/2026,6000,6500,6250
Tamil Nadu,Nagercoil (Kannyiakumari),Vadaseri APMC,Beans,Beans (Whole),Local,12/09/2026,9000,10000,9500
Tamil Nadu,Nagercoil (Kannyiakumari),Vadaseri APMC,Drumstick,Drumstick,Local,12/09/2026,4500,5000,4750
Tamil Nadu,Nagercoil (Kannyiakumari),Vadaseri APMC,Lime,Lime,Local,12/09/2026,5500,6000,5750
Tamil Nadu,Nagercoil (Kannyiakumari),Vadaseri APMC,Tamarind Fruit,Tamarind Fruit,Local,12/09/2026,13000,14000,13500
Tamil Nadu,Nagercoil (Kannyiakumari),Vadaseri APMC,Colacasia,Colacasia,Local,12/09/2026,9000,10000,9500
Tamil Nadu,Pudukkottai,Karambakkudi(Uzhavar Sandhai ),Amaranthus,Amaranthus,Local,12/09/2026,1500,2000,1750
Tamil Nadu,Pudukkottai,Karambakkudi(Uzhavar Sandhai ),Ridgeguard(Tori),Ridgeguard(Tori),Local,12/09/2026,4500,5000,4750
Tamil Nadu,Pudukkottai,Karambakkudi(Uzhavar Sandhai ),Green Avare(W),Other,Local,12/09/2026,6000,7000,6500
Tamil Nadu,Pudukkottai,Karambakkudi(Uzhavar Sandhai ),Drumstick,Drumstick,Local,12/09/2026,4500,5000,4750
Tamil Nadu,Vellore,Thirupathur APMC,Carrot,Pusakesar,Local,12/09/2026,6400,6400,6400
Tamil Nadu,Vellore,Thirupathur APMC,Cabbage,Cabbage,Local,12/09/2026,3400,3400,3400
Tamil Nadu,Vellore,Thirupathur APMC,Onion,Bellary,Local,12/09/2026,6000,6000,6000
Tamil Nadu,Vellore,Thirupathur APMC,Potato,Red Nanital,Local,12/09/2026,3000,3000,3000
Tamil Nadu,Vellore,Thirupathur APMC,Brinjal,Round,Local,12/09/2026,3600,3600,3600
Tamil Nadu,Vellore,Thirupathur APMC,Tomato,Deshi,Local,12/09/2026,3000,3000,3000
Tamil Nadu,Vellore,Thirupathur APMC,Cowpea(Veg),Cowpea (Veg),Local,12/09/2026,6000,6000,6000
Tamil Nadu,Vellore,Thirupathur APMC,Beetroot,Beetroot,Local,12/09/2026,5000,5000,5000
Tamil Nadu,Vellore,Thirupathur APMC,Raddish,Raddish,Local,12/09/2026,2400,2400,2400
Tamil Nadu,Vellore,Thirupathur APMC,Capsicum,Capsicum,Local,12/09/2026,5000,5000,5000
Tamil Nadu,Vellore,Thirupathur APMC,Green Avare(W),Green Avare (W),Local,12/09/2026,6600,6600,6600
Tamil Nadu,Vellore,Thirupathur APMC,Tender Coconut,Tender Coconut,Local,12/09/2026,3000,3000,3000
Tamil Nadu,Vellore,Thirupathur APMC,Sweet Corn ,Sweet Corn ,Local,12/09/2026,3000,3000,3000
Tamil Nadu,Vellore,Vellore APMC,Sweet Potato,Hosur Red,Local,12/09/2026,2500,3000,2750
Tamil Nadu,Vellore,Vellore APMC,Banana,Red Banana,Local,12/09/2026,8000,8000,8000
Tamil Nadu,Vellore,Vellore APMC,Cluster beans,Cluster Beans,Local,12/09/2026,2000,2500,2250
Tamil Nadu,Vellore,Vellore APMC,Pumpkin,Pumpkin,Local,12/09/2026,2500,2500,2500
Tamil Nadu,Vellore,Vellore APMC,Bhindi(Ladies Finger),Bhindi,Local,12/09/2026,2500,3000,2750
Tamil Nadu,Vellore,Vellore APMC,Cucumbar(Kheera),Cucumbar,Local,12/09/2026,3500,4000,3750
Tamil Nadu,Vellore,Vellore APMC,Green Avare(W),Green Avare (W),Local,12/09/2026,5000,5600,5300
Tamil Nadu,Vellore,Vellore APMC,Pomegranate,Pomogranate,Local,12/09/2026,15000,15000,15000
Tamil Nadu,Vellore,Vellore APMC,Marigold(Calcutta),Marigold(Calcutta),Local,12/09/2026,18000,20000,19000
Tamil Nadu,Vellore,Vellore APMC,Yam(Ratalu),Yam (Ratalu),Local,12/09/2026,4500,5500,5000
Tamil Nadu,Vellore,Vellore APMC,Custard Apple(Sharifa),Custard Apple(Sharifa),Local,12/09/2026,4000,4500,4250
Tamil Nadu,Dharmapuri,Harur(Uzhavar Sandhai ),Cabbage,Cabbage,Local,12/09/2026,3000,3500,3250
Tamil Nadu,Dharmapuri,Harur(Uzhavar Sandhai ),Snakeguard,Snakeguard,Local,12/09/2026,3000,3500,3250
Tamil Nadu,Dharmapuri,Harur(Uzhavar Sandhai ),Potato,Red Nanital,Local,12/09/2026,2500,3000,2750
Tamil Nadu,Dharmapuri,Harur(Uzhavar Sandhai ),Tomato,Deshi,Local,12/09/2026,2000,2500,2250
Tamil Nadu,Dharmapuri,Harur(Uzhavar Sandhai ),Cluster beans,Cluster Beans,Local,12/09/2026,3500,4000,3750
Tamil Nadu,Dharmapuri,Harur(Uzhavar Sandhai ),Chow Chow,Chow Chow,Local,12/09/2026,4000,4500,4250
Tamil Nadu,Dharmapuri,Harur(Uzhavar Sandhai ),Drumstick,Drumstick,Local,12/09/2026,3000,3500,3250
Tamil Nadu,Dharmapuri,Harur(Uzhavar Sandhai ),Amla(Nelli Kai),Amla,Local,12/09/2026,6000,7000,6500
Tamil Nadu,Krishnagiri,Kaveripattinam(Uzhavar Sandhai ),Coconut,Coconut,Local,12/09/2026,6000,6000,6000
Tamil Nadu,Krishnagiri,Kaveripattinam(Uzhavar Sandhai ),Onion,Bellary,Local,12/09/2026,5000,5000,5000
Tamil Nadu,Krishnagiri,Kaveripattinam(Uzhavar Sandhai ),Brinjal,Round,Local,12/09/2026,4000,5000,4500
Tamil Nadu,Krishnagiri,Kaveripattinam(Uzhavar Sandhai ),Coriander(Leaves),I Sort,Local,12/09/2026,6000,6000,6000
Tamil Nadu,Krishnagiri,Kaveripattinam(Uzhavar Sandhai ),Pumpkin,Pumpkin,Local,12/09/2026,2000,2000,2000
Tamil Nadu,Krishnagiri,Kaveripattinam(Uzhavar Sandhai ),Lemon,Lemon,Local,12/09/2026,9000,9000,9000
Tamil Nadu,The Nilgiris,Coonoor(Uzhavar Sandhai ),Coriander(Leaves),I Sort,Local,12/09/2026,6500,7000,6750
Tamil Nadu,The Nilgiris,Coonoor(Uzhavar Sandhai ),Ashgourd,Gouard,Local,12/09/2026,1800,2000,1900
Tamil Nadu,The Nilgiris,Coonoor(Uzhavar Sandhai ),Pumpkin,Pumpkin,Local,12/09/2026,2200,2400,2300
Tamil Nadu,The Nilgiris,Coonoor(Uzhavar Sandhai ),Ginger(Green),Green Ginger,Local,12/09/2026,10000,15000,12500
Tamil Nadu,The Nilgiris,Coonoor(Uzhavar Sandhai ),Beetroot,Beetroot,Local,12/09/2026,4500,5000,4750
Tamil Nadu,The Nilgiris,Coonoor(Uzhavar Sandhai ),Drumstick,Drumstick,Local,12/09/2026,3200,3400,3300
Tamil Nadu,The Nilgiris,Coonoor(Uzhavar Sandhai ),Knool Khol,Knool Khol,Local,12/09/2026,3800,4000,3900
Tamil Nadu,The Nilgiris,Coonoor(Uzhavar Sandhai ),Lime,Lime,Local,12/09/2026,10000,12000,11000
Tamil Nadu,The Nilgiris,Gudalur(Uzhavar Sandhai ),Bhindi(Ladies Finger),Bhindi,Local,12/09/2026,4000,4400,4200
Tamil Nadu,The Nilgiris,Gudalur(Uzhavar Sandhai ),Green Chilli,Green Chilly,Local,12/09/2026,4000,4500,4250
Tamil Nadu,The Nilgiris,Gudalur(Uzhavar Sandhai ),Beetroot,Beetroot,Local,12/09/2026,4500,5000,4750
Tamil Nadu,The Nilgiris,Gudalur(Uzhavar Sandhai ),Onion Green,Onion Green,Local,12/09/2026,8000,8500,8250
Tamil Nadu,Thirupur,Tiruppur (South) (Uzhavar Sandhai ),Garlic,Garlic,Local,12/09/2026,17000,21000,19000
Tamil Nadu,Thirupur,Tiruppur (South) (Uzhavar Sandhai ),Brinjal,Other,Local,12/09/2026,5000,6000,5500
Tamil Nadu,Thirupur,Tiruppur (South) (Uzhavar Sandhai ),Pumpkin,Pumpkin,Local,12/09/2026,1200,1500,1350
Tamil Nadu,Thirupur,Tiruppur (South) (Uzhavar Sandhai ),Snakeguard,Snakeguard,Local,12/09/2026,2500,3000,2750
Tamil Nadu,Thirupur,Tiruppur (South) (Uzhavar Sandhai ),Bhindi(Ladies Finger),Bhindi,Local,12/09/2026,3000,4000,3500
Tamil Nadu,Thirupur,Tiruppur (South) (Uzhavar Sandhai ),Beetroot,Beetroot,Local,12/09/2026,4500,6000,5250
Tamil Nadu,Thirupur,Tiruppur (South) (Uzhavar Sandhai ),Beans,Beans (Whole),Local,12/09/2026,5500,7000,6250
Tamil Nadu,Thirupur,Tiruppur (South) (Uzhavar Sandhai ),Green Avare(W),Other,Local,12/09/2026,5000,6000,5500
Tamil Nadu,Thirupur,Tiruppur (South) (Uzhavar Sandhai ),Onion Green,Onion Green,Local,12/09/2026,7500,9000,8250
Tamil Nadu,Erode,Perundurai(Uzhavar Sandhai ),Chikoos(Sapota),Sapota,Local,12/09/2026,3600,4000,3800
Tamil Nadu,Erode,Perundurai(Uzhavar Sandhai ),Tomato,Deshi,Local,12/09/2026,2500,2800,2650
Tamil Nadu,Erode,Perundurai(Uzhavar Sandhai ),Bottle gourd,Bottle Gourd,Local,12/09/2026,1500,1800,1650
Tamil Nadu,Erode,Perundurai(Uzhavar Sandhai ),Ashgourd,Gouard,Local,12/09/2026,2200,2500,2350
Tamil Nadu,Erode,Perundurai(Uzhavar Sandhai ),Tapioca,Tapioca,Local,12/09/2026,2200,2500,2350
Tamil Nadu,Erode,Perundurai(Uzhavar Sandhai ),Ridgeguard(Tori),Ridgeguard(Tori),Local,12/09/2026,4000,4400,4200
Tamil Nadu,Erode,Perundurai(Uzhavar Sandhai ),Guava,Guava Allahabad,Local,12/09/2026,5500,6000,5750
Tamil Nadu,Dharmapuri,Dharmapuri(Uzhavar Sandhai ),Cabbage,Cabbage,Local,12/09/2026,2800,3000,2900
Tamil Nadu,Dharmapuri,Dharmapuri(Uzhavar Sandhai ),Brinjal,Round,Local,12/09/2026,2400,2600,2500
Tamil Nadu,Dharmapuri,Dharmapuri(Uzhavar Sandhai ),Coriander(Leaves),I Sort,Local,12/09/2026,4600,5000,4800
Tamil Nadu,Dharmapuri,Dharmapuri(Uzhavar Sandhai ),Tomato,Local,Local,12/09/2026,2400,2600,2500
Tamil Nadu,Dharmapuri,Dharmapuri(Uzhavar Sandhai ),Cluster beans,Cluster Beans,Local,12/09/2026,2400,2500,2450
Tamil Nadu,Dharmapuri,Dharmapuri(Uzhavar Sandhai ),Bitter gourd,Bitter Gourd,Local,12/09/2026,3600,4000,3800
Tamil Nadu,Dharmapuri,Dharmapuri(Uzhavar Sandhai ),Ashgourd,Gouard,Local,12/09/2026,1400,1500,1450
Tamil Nadu,Dharmapuri,Dharmapuri(Uzhavar Sandhai ),Green Chilli,Green Chilly,Local,12/09/2026,2800,3000,2900
Tamil Nadu,Dharmapuri,Dharmapuri(Uzhavar Sandhai ),Banana - Green,Banana - Green,Local,12/09/2026,2800,3000,2900
Tamil Nadu,Dharmapuri,Dharmapuri(Uzhavar Sandhai ),Ridgeguard(Tori),Ridgeguard(Tori),Local,12/09/2026,2800,3000,2900
Tamil Nadu,Dharmapuri,Dharmapuri(Uzhavar Sandhai ),Marigold(Calcutta),Marigold(Calcutta),Local,12/09/2026,14000,15000,14500
Tamil Nadu,Dharmapuri,Dharmapuri(Uzhavar Sandhai ),Yam(Ratalu),Yam (Ratalu),Local,12/09/2026,11000,12000,11500
Tamil Nadu,Dharmapuri,Dharmapuri(Uzhavar Sandhai ),Lemon,Lemon,Local,12/09/2026,20000,21000,20500
Tamil Nadu,Dharmapuri,Dharmapuri(Uzhavar Sandhai ),Colacasia,Colacasia,Local,12/09/2026,6200,6600,6400
Tamil Nadu,Dharmapuri,Dharmapuri(Uzhavar Sandhai ),Amla(Nelli Kai),Amla,Local,12/09/2026,8000,8500,8250
Tamil Nadu,Dharmapuri,Dharmapuri(Uzhavar Sandhai ),Mint(Pudina),Mint(Pudina),Local,12/09/2026,4600,5000,4800
Tamil Nadu,Dharmapuri,Palacode(Uzhavar Sandhai ),Tomato,Local,Local,12/09/2026,2500,2700,2600
Tamil Nadu,Dharmapuri,Palacode(Uzhavar Sandhai ),Pumpkin,Pumpkin,Local,12/09/2026,1800,2000,1900
Tamil Nadu,Dharmapuri,Palacode(Uzhavar Sandhai ),Bhindi(Ladies Finger),Bhindi,Local,12/09/2026,2200,2400,2300
Tamil Nadu,Dharmapuri,Palacode(Uzhavar Sandhai ),Green Chilli,Green Chilly,Local,12/09/2026,3500,3800,3650
Tamil Nadu,Dharmapuri,Palacode(Uzhavar Sandhai ),Banana - Green,Banana - Green,Local,12/09/2026,2000,2500,2250
Tamil Nadu,Dharmapuri,Palacode(Uzhavar Sandhai ),Beans,Beans (Whole),Local,12/09/2026,8500,9000,8750
Tamil Nadu,Dharmapuri,Palacode(Uzhavar Sandhai ),Cucumbar(Kheera),Cucumbar,Local,12/09/2026,3800,4000,3900
Tamil Nadu,Dharmapuri,Palacode(Uzhavar Sandhai ),Chow Chow,Chow Chow,Local,12/09/2026,4500,4800,4650
Tamil Nadu,Dharmapuri,Palacode(Uzhavar Sandhai ),Elephant Yam(Suran)/Amorphophallus,Elephant Yam (Suran),Local,12/09/2026,6000,6400,6200
Tamil Nadu,Dharmapuri,Palacode(Uzhavar Sandhai ),Indian Beans(Seam),Indian Beans (Seam),Local,12/09/2026,5600,6000,5800
Tamil Nadu,Dharmapuri,Palacode(Uzhavar Sandhai ),Amla(Nelli Kai),Amla,Local,12/09/2026,9000,9500,9250
Tamil Nadu,Dharmapuri,Pennagaram(Uzhavar Sandhai ),Sweet Potato,Hosur Red,Local,12/09/2026,2800,3000,2900
Tamil Nadu,Dharmapuri,Pennagaram(Uzhavar Sandhai ),Carrot,Pusakesar,Local,12/09/2026,7000,8000,7500
Tamil Nadu,Dharmapuri,Pennagaram(Uzhavar Sandhai ),Papaya,Papaya,Local,12/09/2026,3000,3500,3250
Tamil Nadu,Dharmapuri,Pennagaram(Uzhavar Sandhai ),Cluster beans,Cluster Beans,Local,12/09/2026,2800,3000,2900
Tamil Nadu,Dharmapuri,Pennagaram(Uzhavar Sandhai ),Bitter gourd,Bitter Gourd,Local,12/09/2026,3500,4000,3750
Tamil Nadu,Dharmapuri,Pennagaram(Uzhavar Sandhai ),Pumpkin,Pumpkin,Local,12/09/2026,1800,2000,1900
Tamil Nadu,Dharmapuri,Pennagaram(Uzhavar Sandhai ),Snakeguard,Snakeguard,Local,12/09/2026,2800,3000,2900
Tamil Nadu,Dharmapuri,Pennagaram(Uzhavar Sandhai ),Amaranthus,Amaranthus,Local,12/09/2026,2200,2500,2350
Tamil Nadu,Dharmapuri,Pennagaram(Uzhavar Sandhai ),Guava,Guava Allahabad,Local,12/09/2026,5500,6000,5750
Tamil Nadu,Dharmapuri,Pennagaram(Uzhavar Sandhai ),Onion Green,Onion Green,Local,12/09/2026,6000,6500,6250
Tamil Nadu,Dharmapuri,Pennagaram(Uzhavar Sandhai ),Mint(Pudina),Mint(Pudina),Local,12/09/2026,5500,6000,5750
Tamil Nadu,Dindigul,Chinnalapatti(Uzhavar Sandhai ),Ginger(Green),Green Ginger,Local,12/09/2026,18000,20000,19000
Tamil Nadu,Dindigul,Chinnalapatti(Uzhavar Sandhai ),Onion,Bellary,Local,12/09/2026,6000,6500,6250
Tamil Nadu,Dindigul,Chinnalapatti(Uzhavar Sandhai ),Papaya,Papaya,Local,12/09/2026,4000,4500,4250
Tamil Nadu,Dindigul,Chinnalapatti(Uzhavar Sandhai ),Snakeguard,Snakeguard,Local,12/09/2026,4000,6000,5000
Tamil Nadu,Dindigul,Chinnalapatti(Uzhavar Sandhai ),Ridgeguard(Tori),Ridgeguard(Tori),Local,12/09/2026,5000,7000,6000
Tamil Nadu,Dindigul,Chinnalapatti(Uzhavar Sandhai ),Raddish,Raddish,Local,12/09/2026,3600,4000,3800
Tamil Nadu,Dindigul,Chinnalapatti(Uzhavar Sandhai ),Amla(Nelli Kai),Amla,Local,12/09/2026,5000,6000,5500
Tamil Nadu,Dindigul,Dindigul(Uzhavar Sandhai ),Coconut,Coconut,Local,12/09/2026,6000,7000,6500
Tamil Nadu,Dindigul,Dindigul(Uzhavar Sandhai ),Cabbage,Cabbage,Local,12/09/2026,3000,4000,3500
Tamil Nadu,Dindigul,Dindigul(Uzhavar Sandhai ),Coriander(Leaves),I Sort,Local,12/09/2026,3000,3500,3250
Tamil Nadu,Dindigul,Dindigul(Uzhavar Sandhai ),Bitter gourd,Other,Local,12/09/2026,6000,7000,6500
Tamil Nadu,Dindigul,Dindigul(Uzhavar Sandhai ),Bottle gourd,Bottle Gourd,Local,12/09/2026,2500,3000,2750
Tamil Nadu,Dindigul,Dindigul(Uzhavar Sandhai ),Pumpkin,Pumpkin,Local,12/09/2026,1500,2000,1750
Tamil Nadu,Dindigul,Dindigul(Uzhavar Sandhai ),Banana - Green,Banana - Green,Local,12/09/2026,1500,2000,1750
Tamil Nadu,Dindigul,Dindigul(Uzhavar Sandhai ),Tapioca,Tapioca,Local,12/09/2026,3000,3600,3300
Tamil Nadu,Dindigul,Dindigul(Uzhavar Sandhai ),Thondekai,Thondekai,Local,12/09/2026,3000,4000,3500
Tamil Nadu,Dindigul,Dindigul(Uzhavar Sandhai ),Tamarind Fruit,Tamarind Fruit,Local,12/09/2026,13000,15000,14000
Tamil Nadu,Dindigul,Dindigul(Uzhavar Sandhai ),Elephant Yam(Suran)/Amorphophallus,Elephant Yam (Suran),Local,12/09/2026,5000,6000,5500
Tamil Nadu,Dindigul,Dindigul(Uzhavar Sandhai ),Onion Green,Onion Green,Local,12/09/2026,7000,8000,7500
Tamil Nadu,Dindigul,Palani(Uzhavar Sandhai ),Sweet Potato,Hosur Red,Local,12/09/2026,5000,6000,5500
Tamil Nadu,Dindigul,Palani(Uzhavar Sandhai ),Banana,Red Banana,Local,12/09/2026,8500,9000,8750
Tamil Nadu,Dindigul,Palani(Uzhavar Sandhai ),Cauliflower,Ranchi,Local,12/09/2026,3000,4000,3500
Tamil Nadu,Dindigul,Palani(Uzhavar Sandhai ),Pumpkin,Pumpkin,Local,12/09/2026,1400,1600,1500
Tamil Nadu,Dindigul,Palani(Uzhavar Sandhai ),Beans,Beans (Whole),Local,12/09/2026,7000,7800,7400
Tamil Nadu,Dindigul,Palani(Uzhavar Sandhai ),Amla(Nelli Kai),Amla,Local,12/09/2026,5000,7000,6000
Tamil Nadu,Dindigul,Palani(Uzhavar Sandhai ),Sweet Corn ,Sweet Corn ,Local,12/09/2026,4000,5000,4500
Tamil Nadu,Erode,Periyar Nagar(Uzhavar Sandhai ),Snakeguard,Snakeguard,Local,12/09/2026,2800,3200,3000
Tamil Nadu,Erode,Periyar Nagar(Uzhavar Sandhai ),Brinjal,Round,Local,12/09/2026,3000,3400,3200
Tamil Nadu,Erode,Periyar Nagar(Uzhavar Sandhai ),Papaya,Papaya,Local,12/09/2026,3000,3400,3200
Tamil Nadu,Erode,Periyar Nagar(Uzhavar Sandhai ),Tomato,Deshi,Local,12/09/2026,2500,2800,2650
Tamil Nadu,Erode,Periyar Nagar(Uzhavar Sandhai ),Bottle gourd,Bottle Gourd,Local,12/09/2026,1000,1200,1100
Tamil Nadu,Erode,Periyar Nagar(Uzhavar Sandhai ),Ashgourd,Gouard,Local,12/09/2026,2000,2200,2100
Tamil Nadu,Erode,Periyar Nagar(Uzhavar Sandhai ),Elephant Yam(Suran)/Amorphophallus,Elephant Yam (Suran),Local,12/09/2026,2800,3000,2900
Tamil Nadu,Kallakuruchi,Sankarapuram(Uzhavar Sandhai ),Snakeguard,Snakeguard,Local,12/09/2026,4000,4000,4000
Tamil Nadu,Kallakuruchi,Sankarapuram(Uzhavar Sandhai ),Potato,Red Nanital,Local,12/09/2026,3500,3500,3500
Tamil Nadu,Kallakuruchi,Sankarapuram(Uzhavar Sandhai ),Papaya,Papaya,Local,12/09/2026,3500,3500,3500
Tamil Nadu,Kallakuruchi,Sankarapuram(Uzhavar Sandhai ),Cluster beans,Cluster Beans,Local,12/09/2026,5000,5000,5000
Tamil Nadu,Kallakuruchi,Sankarapuram(Uzhavar Sandhai ),Ashgourd,Gouard,Local,12/09/2026,3000,3000,3000
Tamil Nadu,Kallakuruchi,Sankarapuram(Uzhavar Sandhai ),Green Avare(W),Green Avare (W),Local,12/09/2026,7000,7000,7000
Tamil Nadu,Kallakuruchi,Sankarapuram(Uzhavar Sandhai ),Drumstick,Drumstick,Local,12/09/2026,5000,5000,5000
Tamil Nadu,Kallakuruchi,Sankarapuram(Uzhavar Sandhai ),Lemon,Lemon,Local,12/09/2026,7000,7000,7000
Tamil Nadu,Kallakuruchi,Sankarapuram(Uzhavar Sandhai ),Amla(Nelli Kai),Amla,Local,12/09/2026,10000,10000,10000
Tamil Nadu,Kancheepuram,Kancheepuram(Uzhavar Sandhai ),Banana,Red Banana,Local,12/09/2026,5500,7000,6250
Tamil Nadu,Kancheepuram,Kancheepuram(Uzhavar Sandhai ),Coriander(Leaves),I Sort,Local,12/09/2026,4500,5000,4750
Tamil Nadu,Kancheepuram,Kancheepuram(Uzhavar Sandhai ),Papaya,Papaya,Local,12/09/2026,2500,3000,2750
Tamil Nadu,Kancheepuram,Kancheepuram(Uzhavar Sandhai ),Bottle gourd,Bottle Gourd,Local,12/09/2026,2200,2800,2500
Tamil Nadu,Kancheepuram,Kundrathur(Uzhavar Sandhai ),Coconut,Coconut,Local,12/09/2026,5000,6000,5500
Tamil Nadu,Kancheepuram,Kundrathur(Uzhavar Sandhai ),Carrot,Pusakesar,Local,12/09/2026,5000,5000,5000
Tamil Nadu,Kancheepuram,Kundrathur(Uzhavar Sandhai ),Bottle gourd,Bottle Gourd,Local,12/09/2026,3000,3000,3000
Tamil Nadu,Kancheepuram,Kundrathur(Uzhavar Sandhai ),Ashgourd,Gouard,Local,12/09/2026,2000,2000,2000
Tamil Nadu,Kancheepuram,Kundrathur(Uzhavar Sandhai ),Bhindi(Ladies Finger),Bhindi,Local,12/09/2026,3500,4000,3750
Tamil Nadu,Kancheepuram,Kundrathur(Uzhavar Sandhai ),Raddish,Raddish,Local,12/09/2026,3500,3500,3500
Tamil Nadu,Kancheepuram,Padappai(Uzhavar Sandhai ),Sweet Potato,Hosur Red,Local,12/09/2026,3500,4000,3750
Tamil Nadu,Kancheepuram,Padappai(Uzhavar Sandhai ),Beetroot,Beetroot,Local,12/09/2026,3000,4500,3750
Tamil Nadu,Kancheepuram,Padappai(Uzhavar Sandhai ),Banana,Karpura,Local,12/09/2026,4000,4500,4250
Tamil Nadu,Kancheepuram,Padappai(Uzhavar Sandhai ),Bitter gourd,Other,Local,12/09/2026,3000,3500,3250
Tamil Nadu,Kancheepuram,Padappai(Uzhavar Sandhai ),Bhindi(Ladies Finger),Bhindi,Local,12/09/2026,2500,3500,3000
Tamil Nadu,Kancheepuram,Padappai(Uzhavar Sandhai ),Banana - Green,Banana - Green,Local,12/09/2026,3000,4000,3500
Tamil Nadu,Kancheepuram,Padappai(Uzhavar Sandhai ),Tapioca,Tapioca,Local,12/09/2026,2500,3500,3000
Tamil Nadu,Kancheepuram,Padappai(Uzhavar Sandhai ),Cucumbar(Kheera),Cucumbar,Local,12/09/2026,2500,3000,2750
Tamil Nadu,Kancheepuram,Padappai(Uzhavar Sandhai ),Drumstick,Drumstick,Local,12/09/2026,2500,3500,3000
Tamil Nadu,Kancheepuram,Padappai(Uzhavar Sandhai ),Onion Green,Onion Green,Local,12/09/2026,7500,8500,8000
Tamil Nadu,Kancheepuram,Padappai(Uzhavar Sandhai ),Mint(Pudina),Mint(Pudina),Local,12/09/2026,4000,4500,4250
Tamil Nadu,Kancheepuram,Sunguvarchatram(Uzhavar Sandhai ),Potato,Other,Local,12/09/2026,3000,3000,3000
Tamil Nadu,Kancheepuram,Sunguvarchatram(Uzhavar Sandhai ),Bitter gourd,Bitter Gourd,Local,12/09/2026,4000,4000,4000
Tamil Nadu,Kancheepuram,Sunguvarchatram(Uzhavar Sandhai ),Pumpkin,Pumpkin,Local,12/09/2026,2000,2000,2000
Tamil Nadu,Kancheepuram,Sunguvarchatram(Uzhavar Sandhai ),Bhindi(Ladies Finger),Bhindi,Local,12/09/2026,3500,4000,3750
Tamil Nadu,Kancheepuram,Sunguvarchatram(Uzhavar Sandhai ),Colacasia,Colacasia,Local,12/09/2026,3000,3000,3000
Tamil Nadu,Kancheepuram,Sunguvarchatram(Uzhavar Sandhai ),Onion Green,Onion Green,Local,12/09/2026,6000,6000,6000
Tamil Nadu,Krishnagiri,Avallapalli(Uzhavar Sandhai ),Brinjal,Round,Local,12/09/2026,2500,3000,2750
Tamil Nadu,Krishnagiri,Avallapalli(Uzhavar Sandhai ),Cluster beans,Cluster Beans,Local,12/09/2026,4000,4500,4250
Tamil Nadu,Krishnagiri,Avallapalli(Uzhavar Sandhai ),Bottle gourd,Bottle Gourd,Local,12/09/2026,1500,2000,1750
Tamil Nadu,Krishnagiri,Avallapalli(Uzhavar Sandhai ),Cucumbar(Kheera),Cucumbar,Local,12/09/2026,2500,3000,2750
Tamil Nadu,Krishnagiri,Avallapalli(Uzhavar Sandhai ),Raddish,Raddish,Local,12/09/2026,1000,1500,1250
Tamil Nadu,Krishnagiri,Avallapalli(Uzhavar Sandhai ),Capsicum,Capsicum,Local,12/09/2026,3000,3500,3250
Tamil Nadu,Krishnagiri,Avallapalli(Uzhavar Sandhai ),Green Avare(W),Green Avare (W),Local,12/09/2026,5500,6000,5750
Tamil Nadu,Krishnagiri,Avallapalli(Uzhavar Sandhai ),Drumstick,Drumstick,Local,12/09/2026,4000,4500,4250
Tamil Nadu,Krishnagiri,Avallapalli(Uzhavar Sandhai ),Lemon,Lemon,Local,12/09/2026,21000,23000,22000
Tamil Nadu,Krishnagiri,Avallapalli(Uzhavar Sandhai ),Onion Green,Onion Green,Local,12/09/2026,9000,10000,9500
Tamil Nadu,Dharmapuri,Karimangalam(Uzhavar Sandhai),Beetroot,Beetroot,Local,12/09/2026,4800,5200,5000
Tamil Nadu,Dharmapuri,Karimangalam(Uzhavar Sandhai),Snakeguard,Snakeguard,Local,12/09/2026,2800,3000,2900
Tamil Nadu,Dharmapuri,Karimangalam(Uzhavar Sandhai),Cucumbar(Kheera),Cucumbar,Local,12/09/2026,4000,4500,4250
Tamil Nadu,Dharmapuri,Karimangalam(Uzhavar Sandhai),Chow Chow,Chow Chow,Local,12/09/2026,4400,4800,4600
Tamil Nadu,Dharmapuri,Karimangalam(Uzhavar Sandhai),Drumstick,Drumstick,Local,12/09/2026,2300,2500,2400
Tamil Nadu,Krishnagiri,Denkanikottai(Uzhavar Sandhai ),Cucumbar(Kheera),Cucumbar,Local,12/09/2026,2500,3000,2750
Tamil Nadu,Krishnagiri,Denkanikottai(Uzhavar Sandhai ),Elephant Yam(Suran)/Amorphophallus,Elephant Yam (Suran),Local,12/09/2026,3500,4000,3750
Tamil Nadu,Krishnagiri,Denkanikottai(Uzhavar Sandhai ),Lemon,Lemon,Local,12/09/2026,20000,23000,21500
Tamil Nadu,Krishnagiri,Denkanikottai(Uzhavar Sandhai ),Mint(Pudina),Mint(Pudina),Local,12/09/2026,3500,4000,3750
Tamil Nadu,Krishnagiri,Hosur(Uzhavar Sandhai ),Ginger(Green),Green Ginger,Local,12/09/2026,14000,16000,15000
Tamil Nadu,Krishnagiri,Hosur(Uzhavar Sandhai ),Betal Leaves,Mysore,Local,12/09/2026,10000,12000,11000
Tamil Nadu,Krishnagiri,Hosur(Uzhavar Sandhai ),Groundnut,Big (With Shell),Local,12/09/2026,8000,10000,9000
Tamil Nadu,Krishnagiri,Hosur(Uzhavar Sandhai ),Onion,Bellary,Local,12/09/2026,5000,6000,5500
Tamil Nadu,Krishnagiri,Hosur(Uzhavar Sandhai ),Brinjal,Round,Local,12/09/2026,2500,3000,2750
Tamil Nadu,Krishnagiri,Hosur(Uzhavar Sandhai ),Coriander(Leaves),I Sort,Local,12/09/2026,5000,6000,5500
Tamil Nadu,Krishnagiri,Hosur(Uzhavar Sandhai ),Tomato,Deshi,Local,12/09/2026,2000,2500,2250
Tamil Nadu,Krishnagiri,Hosur(Uzhavar Sandhai ),Ashgourd,Gouard,Local,12/09/2026,1500,2000,1750
Tamil Nadu,Krishnagiri,Hosur(Uzhavar Sandhai ),Bhindi(Ladies Finger),Bhindi,Local,12/09/2026,3000,3500,3250
Tamil Nadu,Krishnagiri,Hosur(Uzhavar Sandhai ),Green Chilli,Green Chilly,Local,12/09/2026,4500,5000,4750
Tamil Nadu,Krishnagiri,Hosur(Uzhavar Sandhai ),Beans,Beans (Whole),Local,12/09/2026,6000,7000,6500
Tamil Nadu,Krishnagiri,Hosur(Uzhavar Sandhai ),Cucumbar(Kheera),Cucumbar,Local,12/09/2026,2500,3000,2750
Tamil Nadu,Krishnagiri,Hosur(Uzhavar Sandhai ),Thondekai,Thondekai,Local,12/09/2026,3000,3500,3250
Tamil Nadu,Krishnagiri,Hosur(Uzhavar Sandhai ),Capsicum,Capsicum,Local,12/09/2026,3000,3500,3250
Tamil Nadu,Krishnagiri,Hosur(Uzhavar Sandhai ),Knool Khol,Knool Khol,Local,12/09/2026,1500,2000,1750
Tamil Nadu,Krishnagiri,Hosur(Uzhavar Sandhai ),Lime,Lime,Local,12/09/2026,8000,9000,8500
Tamil Nadu,Krishnagiri,Hosur(Uzhavar Sandhai ),Tamarind Fruit,Tamarind Fruit,Local,12/09/2026,13000,15000,14000
Tamil Nadu,Krishnagiri,Hosur(Uzhavar Sandhai ),Yam(Ratalu),Yam (Ratalu),Local,12/09/2026,4500,5000,4750
Tamil Nadu,Krishnagiri,Hosur(Uzhavar Sandhai ),Colacasia,Colacasia,Local,12/09/2026,3500,4000,3750
Tamil Nadu,Krishnagiri,Hosur(Uzhavar Sandhai ),Tube Rose(Loose),Tube Rose (Loose),Local,12/09/2026,34000,36000,35000
Tamil Nadu,Krishnagiri,Hosur(Uzhavar Sandhai ),Sweet Corn ,Sweet Corn ,Local,12/09/2026,2500,3000,2750
Tamil Nadu,Madurai,Anaiyur(Uzhavar Sandhai ),Betal Leaves,Mysore,Local,12/09/2026,24000,28000,26000
Tamil Nadu,Madurai,Anaiyur(Uzhavar Sandhai ),Carrot,Pusakesar,Local,12/09/2026,3200,4800,4000
Tamil Nadu,Madurai,Anaiyur(Uzhavar Sandhai ),Brinjal,Round,Local,12/09/2026,3000,3600,3300
Tamil Nadu,Madurai,Anaiyur(Uzhavar Sandhai ),Water Melon,Water Melon,Local,12/09/2026,2000,2500,2250
Tamil Nadu,Madurai,Anaiyur(Uzhavar Sandhai ),Bitter gourd,Bitter Gourd,Local,12/09/2026,5500,6500,6000
Tamil Nadu,Madurai,Anaiyur(Uzhavar Sandhai ),Pumpkin,Pumpkin,Local,12/09/2026,1800,2000,1900
Tamil Nadu,Madurai,Anaiyur(Uzhavar Sandhai ),Beans,Beans (Whole),Local,12/09/2026,8000,9000,8500
Tamil Nadu,Madurai,Anaiyur(Uzhavar Sandhai ),Ridgeguard(Tori),Ridgeguard(Tori),Local,12/09/2026,5000,5500,5250
Tamil Nadu,Madurai,Anaiyur(Uzhavar Sandhai ),Raddish,Raddish,Local,12/09/2026,2400,2800,2600
Tamil Nadu,Madurai,Anaiyur(Uzhavar Sandhai ),Thondekai,Thondekai,Local,12/09/2026,3500,4000,3750
Tamil Nadu,Madurai,Anaiyur(Uzhavar Sandhai ),Green Avare(W),Green Avare (W),Local,12/09/2026,6000,9000,7500
Tamil Nadu,Madurai,Anaiyur(Uzhavar Sandhai ),Yam(Ratalu),Yam (Ratalu),Local,12/09/2026,6000,7000,6500
Tamil Nadu,Madurai,Anaiyur(Uzhavar Sandhai ),Amla(Nelli Kai),Amla,Local,12/09/2026,7000,8000,7500
Tamil Nadu,Madurai,Usilampatti(Uzhavar Sandhai ),Cluster beans,Cluster Beans,Local,12/09/2026,3000,3600,3300
Tamil Nadu,Madurai,Usilampatti(Uzhavar Sandhai ),Bitter gourd,Other,Local,12/09/2026,5500,6000,5750
Tamil Nadu,Madurai,Usilampatti(Uzhavar Sandhai ),Bhindi(Ladies Finger),Bhindi,Local,12/09/2026,3600,4000,3800
Tamil Nadu,Madurai,Usilampatti(Uzhavar Sandhai ),Elephant Yam(Suran)/Amorphophallus,Elephant Yam (Suran),Local,12/09/2026,4000,4500,4250
Tamil Nadu,Nagapattinam,Sirkali(Uzhavar Sandhai ),Sweet Potato,Hosur Red,Local,12/09/2026,5500,6000,5750
Tamil Nadu,Nagapattinam,Sirkali(Uzhavar Sandhai ),Carrot,Pusakesar,Local,12/09/2026,8000,8000,8000
Tamil Nadu,Nagapattinam,Sirkali(Uzhavar Sandhai ),Snakeguard,Snakeguard,Local,12/09/2026,4500,5000,4750
Tamil Nadu,Nagapattinam,Sirkali(Uzhavar Sandhai ),Green Chilli,Green Chilly,Local,12/09/2026,5500,6000,5750
Tamil Nadu,Nagapattinam,Sirkali(Uzhavar Sandhai ),Mango(Raw-Ripe),Mango - Raw-Ripe,Local,12/09/2026,8500,9000,8750
Tamil Nadu,Nagapattinam,Sirkali(Uzhavar Sandhai ),Tamarind Fruit,Tamarind Fruit,Local,12/09/2026,15000,15000,15000
Tamil Nadu,Namakkal,Kumarapalayam(Uzhavar Sandhai ),Ginger(Green),Green Ginger,Local,12/09/2026,17000,18000,17500
Tamil Nadu,Namakkal,Kumarapalayam(Uzhavar Sandhai ),Carrot,Pusakesar,Local,12/09/2026,7500,8000,7750
Tamil Nadu,Namakkal,Kumarapalayam(Uzhavar Sandhai ),Banana,Red Banana,Local,12/09/2026,5500,6000,5750
Tamil Nadu,Namakkal,Kumarapalayam(Uzhavar Sandhai ),Cauliflower,Ranchi,Local,12/09/2026,3000,4000,3500
Tamil Nadu,Namakkal,Kumarapalayam(Uzhavar Sandhai ),Snakeguard,Snakeguard,Local,12/09/2026,4000,4500,4250
Tamil Nadu,Namakkal,Kumarapalayam(Uzhavar Sandhai ),Chikoos(Sapota),Sapota,Local,12/09/2026,3500,4000,3750
Tamil Nadu,Namakkal,Kumarapalayam(Uzhavar Sandhai ),Bottle gourd,Bottle Gourd,Local,12/09/2026,1800,2000,1900
Tamil Nadu,Namakkal,Kumarapalayam(Uzhavar Sandhai ),Amaranthus,Amaranthus,Local,12/09/2026,4500,5000,4750
Tamil Nadu,Namakkal,Kumarapalayam(Uzhavar Sandhai ),Green Chilli,Green Chilly,Local,12/09/2026,5400,6000,5700
Tamil Nadu,Namakkal,Kumarapalayam(Uzhavar Sandhai ),Beans,Beans (Whole),Local,12/09/2026,7000,8000,7500
Tamil Nadu,Namakkal,Kumarapalayam(Uzhavar Sandhai ),Raddish,Raddish,Local,12/09/2026,1700,2500,2100
Tamil Nadu,Namakkal,Kumarapalayam(Uzhavar Sandhai ),Mint(Pudina),Mint(Pudina),Local,12/09/2026,5500,6000,5750
Tamil Nadu,Namakkal,Mohanur(Uzhavar Sandhai ),Water Melon,Water Melon,Local,12/09/2026,1400,1600,1500
Tamil Nadu,Namakkal,Mohanur(Uzhavar Sandhai ),Bhindi(Ladies Finger),Bhindi,Local,12/09/2026,4200,4800,4500
Tamil Nadu,Namakkal,Mohanur(Uzhavar Sandhai ),Raddish,Raddish,Local,12/09/2026,3500,4000,3750
Tamil Nadu,Namakkal,Namakkal(Uzhavar Sandhai ),Ashgourd,Gouard,Local,12/09/2026,1800,2000,1900
Tamil Nadu,Namakkal,Namakkal(Uzhavar Sandhai ),Green Chilli,Green Chilly,Local,12/09/2026,5000,6000,5500
Tamil Nadu,Namakkal,Namakkal(Uzhavar Sandhai ),Banana - Green,Banana - Green,Local,12/09/2026,4000,4500,4250
Tamil Nadu,Namakkal,Namakkal(Uzhavar Sandhai ),Ridgeguard(Tori),Ridgeguard(Tori),Local,12/09/2026,5000,6000,5500
Tamil Nadu,Namakkal,Namakkal(Uzhavar Sandhai ),Drumstick,Drumstick,Local,12/09/2026,2500,2800,2650
Tamil Nadu,Namakkal,Namakkal(Uzhavar Sandhai ),Jasmine,Jasmine,Local,12/09/2026,45000,50000,47500
Tamil Nadu,Namakkal,Namakkal(Uzhavar Sandhai ),Yam(Ratalu),Yam (Ratalu),Local,12/09/2026,7500,8000,7750
Tamil Nadu,Namakkal,Namakkal(Uzhavar Sandhai ),Custard Apple(Sharifa),Custard Apple(Sharifa),Local,12/09/2026,4500,5000,4750
Tamil Nadu,Namakkal,Namakkal(Uzhavar Sandhai ),Amla(Nelli Kai),Amla,Local,12/09/2026,7000,8000,7500
Tamil Nadu,Namakkal,Paramathivelur(Uzhavar Sandhai ),Coconut,Coconut,Local,12/09/2026,5400,6000,5700
Tamil Nadu,Namakkal,Paramathivelur(Uzhavar Sandhai ),Sweet Potato,Hosur Red,Local,12/09/2026,5800,6500,6150
Tamil Nadu,Namakkal,Paramathivelur(Uzhavar Sandhai ),Potato,Other,Local,12/09/2026,2500,3000,2750
Tamil Nadu,Namakkal,Paramathivelur(Uzhavar Sandhai ),Cauliflower,Ranchi,Local,12/09/2026,3500,4000,3750
Tamil Nadu,Namakkal,Paramathivelur(Uzhavar Sandhai ),Brinjal,Other,Local,12/09/2026,3900,4500,4200
Tamil Nadu,Namakkal,Paramathivelur(Uzhavar Sandhai ),Cluster beans,Cluster Beans,Local,12/09/2026,3500,4000,3750
Tamil Nadu,Namakkal,Paramathivelur(Uzhavar Sandhai ),Pumpkin,Pumpkin,Local,12/09/2026,1700,2000,1850
Tamil Nadu,Namakkal,Paramathivelur(Uzhavar Sandhai ),Green Chilli,Green Chilly,Local,12/09/2026,5400,6000,5700
Tamil Nadu,Namakkal,Paramathivelur(Uzhavar Sandhai ),Thondekai,Thondekai,Local,12/09/2026,4900,5500,5200
Tamil Nadu,Namakkal,Paramathivelur(Uzhavar Sandhai ),Tender Coconut,Tender Coconut,Local,12/09/2026,3000,3500,3250
Tamil Nadu,Namakkal,Rasipuram(Uzhavar Sandhai ),Cabbage,Cabbage,Local,12/09/2026,3600,3800,3700
Tamil Nadu,Namakkal,Rasipuram(Uzhavar Sandhai ),Coriander(Leaves),I Sort,Local,12/09/2026,11000,12000,11500
Tamil Nadu,Namakkal,Rasipuram(Uzhavar Sandhai ),Water Melon,Water Melon,Local,12/09/2026,1500,2000,1750
Tamil Nadu,Namakkal,Rasipuram(Uzhavar Sandhai ),Mousambi(Sweet Lime),Mousambi,Local,12/09/2026,3500,4000,3750
Tamil Nadu,Namakkal,Rasipuram(Uzhavar Sandhai ),Bitter gourd,Other,Local,12/09/2026,6000,6500,6250
Tamil Nadu,Namakkal,Rasipuram(Uzhavar Sandhai ),Amaranthus,Amaranthus,Local,12/09/2026,3500,4000,3750
Tamil Nadu,Namakkal,Rasipuram(Uzhavar Sandhai ),Green Chilli,Green Chilly,Local,12/09/2026,5400,6000,5700
Tamil Nadu,Namakkal,Rasipuram(Uzhavar Sandhai ),Drumstick,Drumstick,Local,12/09/2026,2400,2800,2600
Tamil Nadu,Namakkal,Rasipuram(Uzhavar Sandhai ),Tender Coconut,Tender Coconut,Local,12/09/2026,3500,4000,3750
Tamil Nadu,Namakkal,Rasipuram(Uzhavar Sandhai ),Tamarind Fruit,Tamarind Fruit,Local,12/09/2026,13000,15000,14000
Tamil Nadu,Thanjavur,Tirukattupalli(Uzhavar Sandhai ),Carrot,Pusakesar,Local,12/09/2026,6400,6400,6400
Tamil Nadu,Thanjavur,Tirukattupalli(Uzhavar Sandhai ),Ashgourd,Gouard,Local,12/09/2026,2400,2400,2400
Tamil Nadu,Madurai,Palanganatham(Uzhavar Sandhai ),Cauliflower,Ranchi,Local,12/09/2026,2500,3000,2750
Tamil Nadu,Madurai,Palanganatham(Uzhavar Sandhai ),Green Peas,Green Peas,Local,12/09/2026,12000,14000,13000
Tamil Nadu,Madurai,Palanganatham(Uzhavar Sandhai ),Thondekai,Thondekai,Local,12/09/2026,4000,4200,4100
Tamil Nadu,Madurai,Palanganatham(Uzhavar Sandhai ),Guava,Guava Allahabad,Local,12/09/2026,6000,7000,6500
Tamil Nadu,Madurai,Palanganatham(Uzhavar Sandhai ),Mint(Pudina),Mint(Pudina),Local,12/09/2026,4000,5000,4500
Tamil Nadu,Madurai,Anna nagar(Uzhavar Sandhai ),Coconut,Coconut,Local,12/09/2026,6400,6400,6400
Tamil Nadu,Madurai,Anna nagar(Uzhavar Sandhai ),Brinjal,Round,Local,12/09/2026,4000,4800,4400
Tamil Nadu,Madurai,Anna nagar(Uzhavar Sandhai ),Apple,American,Local,12/09/2026,14000,19000,16500
Tamil Nadu,Madurai,Anna nagar(Uzhavar Sandhai ),Onion,Bellary,Local,12/09/2026,6600,7200,6900
Tamil Nadu,Madurai,Anna nagar(Uzhavar Sandhai ),Tomato,Other,Local,12/09/2026,2800,2800,2800
Tamil Nadu,Madurai,Anna nagar(Uzhavar Sandhai ),Bottle gourd,Bottle Gourd,Local,12/09/2026,2600,3000,2800
Tamil Nadu,Madurai,Anna nagar(Uzhavar Sandhai ),Pumpkin,Pumpkin,Local,12/09/2026,1600,1600,1600
Tamil Nadu,Madurai,Anna nagar(Uzhavar Sandhai ),Bhindi(Ladies Finger),Bhindi,Local,12/09/2026,3600,4000,3800
Tamil Nadu,Madurai,Anna nagar(Uzhavar Sandhai ),Ginger(Green),Green Ginger,Local,12/09/2026,18000,18000,18000
Tamil Nadu,Madurai,Anna nagar(Uzhavar Sandhai ),Drumstick,Drumstick,Local,12/09/2026,3600,4600,4100
Tamil Nadu,Madurai,Anna nagar(Uzhavar Sandhai ),Marigold(Calcutta),Marigold(Calcutta),Local,12/09/2026,18000,18000,18000
Tamil Nadu,Madurai,Anna nagar(Uzhavar Sandhai ),Elephant Yam(Suran)/Amorphophallus,Elephant Yam (Suran),Local,12/09/2026,3800,4000,3900
Tamil Nadu,Madurai,Anna nagar(Uzhavar Sandhai ),Indian Beans(Seam),Indian Beans (Seam),Local,12/09/2026,6600,6600,6600
Tamil Nadu,Madurai,Anna nagar(Uzhavar Sandhai ),Onion Green,Onion Green,Local,12/09/2026,7700,8000,7850
Tamil Nadu,Perambalur,Perambalur(Uzhavar Sandhai ),Sweet Potato,Hosur Red,Local,12/09/2026,6000,6200,6100
Tamil Nadu,Perambalur,Perambalur(Uzhavar Sandhai ),Carrot,Pusakesar,Local,12/09/2026,8400,8400,8400
Tamil Nadu,Perambalur,Perambalur(Uzhavar Sandhai ),Groundnut,Big (With Shell),Local,12/09/2026,8000,9000,8500
Tamil Nadu,Perambalur,Perambalur(Uzhavar Sandhai ),Apple,American,Local,12/09/2026,18000,20000,19000
Tamil Nadu,Perambalur,Perambalur(Uzhavar Sandhai ),Banana,Red Banana,Local,12/09/2026,7000,8000,7500
Tamil Nadu,Perambalur,Perambalur(Uzhavar Sandhai ),Garlic,Garlic,Local,12/09/2026,20000,22000,21000
Tamil Nadu,Perambalur,Perambalur(Uzhavar Sandhai ),Cowpea(Veg),Cowpea (Veg),Local,12/09/2026,4800,5200,5000
Tamil Nadu,Perambalur,Perambalur(Uzhavar Sandhai ),Beans,Beans (Whole),Local,12/09/2026,8400,9600,9000
Tamil Nadu,Perambalur,Perambalur(Uzhavar Sandhai ),Ridgeguard(Tori),Ridgeguard(Tori),Local,12/09/2026,6000,6000,6000
Tamil Nadu,Perambalur,Perambalur(Uzhavar Sandhai ),Drumstick,Drumstick,Local,12/09/2026,2800,3000,2900
Tamil Nadu,Perambalur,Perambalur(Uzhavar Sandhai ),Onion Green,Onion Green,Local,12/09/2026,5000,7000,6000
Tamil Nadu,Salem,Mecheri(Uzhavar Sandhai),Bhindi(Ladies Finger),Bhindi,Local,12/09/2026,3000,3600,3300
Tamil Nadu,Salem,Mecheri(Uzhavar Sandhai),Onion Green,Onion Green,Local,12/09/2026,6500,6500,6500
Tamil Nadu,Ranipet,Arcot(Uzhavar Sandhai ),Carrot,Pusakesar,Local,12/09/2026,6000,6000,6000
Tamil Nadu,Ranipet,Arcot(Uzhavar Sandhai ),Cabbage,Cabbage,Local,12/09/2026,3000,3000,3000
Tamil Nadu,Ranipet,Arcot(Uzhavar Sandhai ),Cluster beans,Cluster Beans,Local,12/09/2026,2000,2000,2000
Tamil Nadu,Ranipet,Arcot(Uzhavar Sandhai ),Bitter gourd,Bitter Gourd,Local,12/09/2026,4000,4000,4000
Tamil Nadu,Ranipet,Arcot(Uzhavar Sandhai ),Bhindi(Ladies Finger),Bhindi,Local,12/09/2026,2000,2000,2000
Tamil Nadu,Ranipet,Arcot(Uzhavar Sandhai ),Green Chilli,Green Chilly,Local,12/09/2026,6000,6000,6000
Tamil Nadu,Ranipet,Arcot(Uzhavar Sandhai ),Beans,Beans (Whole),Local,12/09/2026,8000,8000,8000
Tamil Nadu,Ranipet,Arcot(Uzhavar Sandhai ),Capsicum,Capsicum,Local,12/09/2026,6000,6000,6000
Tamil Nadu,Ranipet,Arcot(Uzhavar Sandhai ),Knool Khol,Knool Khol,Local,12/09/2026,3000,3000,3000
Tamil Nadu,Ranipet,Arcot(Uzhavar Sandhai ),Amla(Nelli Kai),Amla,Local,12/09/2026,12000,12000,12000
Tamil Nadu,Ranipet,Ranipettai(Uzhavar Sandhai ),Groundnut,Big (With Shell),Local,12/09/2026,6000,6000,6000
Tamil Nadu,Ranipet,Ranipettai(Uzhavar Sandhai ),Banana,Red Banana,Local,12/09/2026,10000,10000,10000
Tamil Nadu,Ranipet,Ranipettai(Uzhavar Sandhai ),Potato,Other,Local,12/09/2026,3000,3000,3000
Tamil Nadu,Ranipet,Ranipettai(Uzhavar Sandhai ),Tomato,Other,Local,12/09/2026,2000,2300,2150
Tamil Nadu,Ranipet,Ranipettai(Uzhavar Sandhai ),Bottle gourd,Bottle Gourd,Local,12/09/2026,1500,1500,1500
Tamil Nadu,Ranipet,Ranipettai(Uzhavar Sandhai ),Snakeguard,Snakeguard,Local,12/09/2026,2000,2000,2000
Tamil Nadu,Ranipet,Ranipettai(Uzhavar Sandhai ),Ridgeguard(Tori),Ridgeguard(Tori),Local,12/09/2026,3600,4000,3800
Tamil Nadu,Ranipet,Ranipettai(Uzhavar Sandhai ),Thondekai,Thondekai,Local,12/09/2026,3600,3600,3600
Tamil Nadu,Ranipet,Ranipettai(Uzhavar Sandhai ),Chow Chow,Chow Chow,Local,12/09/2026,3400,3400,3400
Tamil Nadu,Ranipet,Ranipettai(Uzhavar Sandhai ),Mango(Raw-Ripe),Mango - Raw-Ripe,Local,12/09/2026,12000,12000,12000
Tamil Nadu,Ranipet,Ranipettai(Uzhavar Sandhai ),Marigold(Calcutta),Marigold(Calcutta),Local,12/09/2026,42000,48000,45000
Tamil Nadu,Ranipet,Ranipettai(Uzhavar Sandhai ),Indian Beans(Seam),Indian Beans (Seam),Local,12/09/2026,5600,5600,5600
Tamil Nadu,Ranipet,Ranipettai(Uzhavar Sandhai ),Custard Apple(Sharifa),Custard Apple(Sharifa),Local,12/09/2026,8000,8000,8000
Tamil Nadu,Ranipet,Ranipettai(Uzhavar Sandhai ),Onion Green,Onion Green,Local,12/09/2026,8800,11000,9900
Tamil Nadu,Salem,Ammapet(Uzhavar Sandhai ),Coconut,Coconut,Local,12/09/2026,5500,6500,6000
Tamil Nadu,Salem,Ammapet(Uzhavar Sandhai ),Sweet Potato,Hosur Red,Local,12/09/2026,4500,5000,4750
Tamil Nadu,Salem,Ammapet(Uzhavar Sandhai ),Apple,American,Local,12/09/2026,22000,24000,23000
Tamil Nadu,Salem,Ammapet(Uzhavar Sandhai ),Orange,Darjeeling,Local,12/09/2026,9000,10000,9500
Tamil Nadu,Salem,Ammapet(Uzhavar Sandhai ),Mousambi(Sweet Lime),Mousambi,Local,12/09/2026,3500,4000,3750
Tamil Nadu,Salem,Ammapet(Uzhavar Sandhai ),Tomato,Local,Local,12/09/2026,2400,2600,2500
Tamil Nadu,Salem,Ammapet(Uzhavar Sandhai ),Cluster beans,Cluster Beans,Local,12/09/2026,3200,3500,3350
Tamil Nadu,Salem,Ammapet(Uzhavar Sandhai ),Bottle gourd,Bottle Gourd,Local,12/09/2026,2000,2500,2250
Tamil Nadu,Salem,Ammapet(Uzhavar Sandhai ),Green Chilli,Green Chilly,Local,12/09/2026,3500,3800,3650
Tamil Nadu,Salem,Ammapet(Uzhavar Sandhai ),Capsicum,Capsicum,Local,12/09/2026,5500,6000,5750
Tamil Nadu,Salem,Mettur(Uzhavar Sandhai ),Groundnut,Big (With Shell),Local,12/09/2026,6000,6500,6250
Tamil Nadu,Salem,Mettur(Uzhavar Sandhai ),Banana,Red Banana,Local,12/09/2026,6000,7000,6500
Tamil Nadu,Salem,Mettur(Uzhavar Sandhai ),Water Melon,Water Melon,Local,12/09/2026,1500,2000,1750
Tamil Nadu,Salem,Mettur(Uzhavar Sandhai ),Bitter gourd,Other,Local,12/09/2026,4500,5000,4750
Tamil Nadu,Salem,Mettur(Uzhavar Sandhai ),Bottle gourd,Bottle Gourd,Local,12/09/2026,1500,2000,1750
Tamil Nadu,Salem,Mettur(Uzhavar Sandhai ),Snakeguard,Snakeguard,Local,12/09/2026,3000,3500,3250
Tamil Nadu,Salem,Mettur(Uzhavar Sandhai ),Raddish,Raddish,Local,12/09/2026,1600,2000,1800
Tamil Nadu,Salem,Mettur(Uzhavar Sandhai ),Thondekai,Thondekai,Local,12/09/2026,4500,5000,4750
Tamil Nadu,Salem,Mettur(Uzhavar Sandhai ),Chow Chow,Chow Chow,Local,12/09/2026,3000,3500,3250
Tamil Nadu,Salem,Mettur(Uzhavar Sandhai ),Drumstick,Drumstick,Local,12/09/2026,2000,2500,2250
Tamil Nadu,Salem,Mettur(Uzhavar Sandhai ),Tender Coconut,Tender Coconut,Local,12/09/2026,3000,4000,3500
Tamil Nadu,Salem,Sooramangalam(Uzhavar Sandhai ),Coriander(Leaves),I Sort,Local,12/09/2026,3800,4000,3900
Tamil Nadu,Salem,Sooramangalam(Uzhavar Sandhai ),Green Peas,Green Peas,Local,12/09/2026,13000,13400,13200
Tamil Nadu,Salem,Sooramangalam(Uzhavar Sandhai ),Papaya,Papaya,Local,12/09/2026,3500,4000,3750
Tamil Nadu,Salem,Sooramangalam(Uzhavar Sandhai ),Water Melon,Water Melon,Local,12/09/2026,2000,2500,2250
Tamil Nadu,Salem,Sooramangalam(Uzhavar Sandhai ),Cluster beans,Cluster Beans,Local,12/09/2026,3400,3600,3500
Tamil Nadu,Salem,Sooramangalam(Uzhavar Sandhai ),Bitter gourd,Other,Local,12/09/2026,4500,4800,4650
Tamil Nadu,Salem,Sooramangalam(Uzhavar Sandhai ),Thondekai,Thondekai,Local,12/09/2026,3500,4000,3750
Tamil Nadu,Salem,Sooramangalam(Uzhavar Sandhai ),Green Avare(W),Other,Local,12/09/2026,5500,5800,5650
Tamil Nadu,Salem,Sooramangalam(Uzhavar Sandhai ),Chow Chow,Chow Chow,Local,12/09/2026,3400,3600,3500
Tamil Nadu,Salem,Sooramangalam(Uzhavar Sandhai ),Mango(Raw-Ripe),Mango - Raw-Ripe,Local,12/09/2026,3500,4000,3750
Tamil Nadu,Salem,Sooramangalam(Uzhavar Sandhai ),Guava,Guava Allahabad,Local,12/09/2026,6000,7000,6500
Tamil Nadu,Salem,Sooramangalam(Uzhavar Sandhai ),Marigold(Calcutta),Marigold(Calcutta),Local,12/09/2026,14000,15000,14500
Tamil Nadu,Salem,Sooramangalam(Uzhavar Sandhai ),Indian Beans(Seam),Indian Beans (Seam),Local,12/09/2026,5500,6000,5750
Tamil Nadu,Thiruchirappalli,Thuraiyur APMC,Carrot,Pusakesar,Local,12/09/2026,8000,9000,8500
Tamil Nadu,Thiruchirappalli,Thuraiyur APMC,Onion,Bellary,Local,12/09/2026,5000,6500,5750
Tamil Nadu,Thiruchirappalli,Thuraiyur APMC,Brinjal,Other,Local,12/09/2026,2700,3500,3100
Tamil Nadu,Thiruchirappalli,Thuraiyur APMC,Coriander(Leaves),I Sort,Local,12/09/2026,2600,3200,2900
Tamil Nadu,Thiruchirappalli,Thuraiyur APMC,Ashgourd,Gouard,Local,12/09/2026,1200,1800,1500
Tamil Nadu,Thiruchirappalli,Thuraiyur APMC,Cowpea(Veg),Cowpea (Veg),Local,12/09/2026,3000,3500,3250
Tamil Nadu,Thiruchirappalli,Thuraiyur APMC,Tapioca,Tapioca,Local,12/09/2026,3500,4000,3750
Tamil Nadu,Salem,Thammampatti (Uzhavar Sandhai ),Coriander(Leaves),I Sort,Local,12/09/2026,3000,3500,3250
Tamil Nadu,Salem,Thammampatti (Uzhavar Sandhai ),Bitter gourd,Bitter Gourd,Local,12/09/2026,4000,4000,4000
Tamil Nadu,Salem,Thammampatti (Uzhavar Sandhai ),Amaranthus,Amaranthus,Local,12/09/2026,2000,2500,2250
Tamil Nadu,Salem,Thammampatti (Uzhavar Sandhai ),Banana - Green,Banana - Green,Local,12/09/2026,2000,2500,2250
Tamil Nadu,Salem,Thammampatti (Uzhavar Sandhai ),Beetroot,Beetroot,Local,12/09/2026,6500,7000,6750
Tamil Nadu,Salem,Thammampatti (Uzhavar Sandhai ),Thondekai,Thondekai,Local,12/09/2026,5500,6000,5750
Tamil Nadu,Salem,Thammampatti (Uzhavar Sandhai ),Chow Chow,Chow Chow,Local,12/09/2026,4000,4000,4000
Tamil Nadu,Salem,Thammampatti (Uzhavar Sandhai ),Elephant Yam(Suran)/Amorphophallus,Elephant Yam (Suran),Local,12/09/2026,2000,2500,2250
Tamil Nadu,Salem,Thathakapatti(Uzhavar Sandhai ),Carrot,Pusakesar,Local,12/09/2026,5500,6000,5750
Tamil Nadu,Salem,Thathakapatti(Uzhavar Sandhai ),Potato,Red Nanital,Local,12/09/2026,2800,6000,4400
Tamil Nadu,Salem,Thathakapatti(Uzhavar Sandhai ),Coriander(Leaves),I Sort,Local,12/09/2026,4000,5000,4500
Tamil Nadu,Salem,Thathakapatti(Uzhavar Sandhai ),Green Peas,Green Peas,Local,12/09/2026,13000,13400,13200
Tamil Nadu,Salem,Thathakapatti(Uzhavar Sandhai ),Bottle gourd,Bottle Gourd,Local,12/09/2026,2500,3000,2750
Tamil Nadu,Salem,Thathakapatti(Uzhavar Sandhai ),Ashgourd,Gouard,Local,12/09/2026,1800,2000,1900
Tamil Nadu,Salem,Thathakapatti(Uzhavar Sandhai ),Kakada,Kakada,Local,12/09/2026,45000,50000,47500
Tamil Nadu,Salem,Thathakapatti(Uzhavar Sandhai ),Tamarind Fruit,Tamarind Fruit,Local,12/09/2026,13000,15000,14000
Tamil Nadu,Salem,Thathakapatti(Uzhavar Sandhai ),Elephant Yam(Suran)/Amorphophallus,Elephant Yam (Suran),Local,12/09/2026,5000,5500,5250
Tamil Nadu,Salem,Thathakapatti(Uzhavar Sandhai ),Yam(Ratalu),Yam (Ratalu),Local,12/09/2026,7000,8000,7500
Tamil Nadu,Salem,Thathakapatti(Uzhavar Sandhai ),Lemon,Lemon,Local,12/09/2026,18000,20000,19000
Tamil Nadu,Salem,Thathakapatti(Uzhavar Sandhai ),Amla(Nelli Kai),Amla,Local,12/09/2026,7000,8000,7500
Tamil Nadu,Salem,Thathakapatti(Uzhavar Sandhai ),Sweet Corn ,Sweet Corn ,Local,12/09/2026,3500,4000,3750
Tamil Nadu,Theni,Chinnamanur(Uzhavar Sandhai ),Snakeguard,Snakeguard,Local,12/09/2026,3600,3600,3600
Tamil Nadu,Theni,Chinnamanur(Uzhavar Sandhai ),Soyabean,Local,Local,12/09/2026,10500,10500,10500
Tamil Nadu,Theni,Chinnamanur(Uzhavar Sandhai ),Garlic,Garlic,Local,12/09/2026,12000,24000,18000
Tamil Nadu,Theni,Chinnamanur(Uzhavar Sandhai ),Brinjal,Other,Local,12/09/2026,3600,3600,3600
Tamil Nadu,Theni,Chinnamanur(Uzhavar Sandhai ),Coriander(Leaves),I Sort,Local,12/09/2026,3600,3600,3600
Tamil Nadu,Theni,Chinnamanur(Uzhavar Sandhai ),Tomato,Local,Local,12/09/2026,2500,2500,2500
Tamil Nadu,Theni,Chinnamanur(Uzhavar Sandhai ),Amaranthus,Amaranthus,Local,12/09/2026,2500,2500,2500
Tamil Nadu,Theni,Chinnamanur(Uzhavar Sandhai ),Banana - Green,Banana - Green,Local,12/09/2026,3600,3600,3600
Tamil Nadu,Theni,Chinnamanur(Uzhavar Sandhai ),Lemon,Lemon,Local,12/09/2026,25000,30000,27500
Tamil Nadu,Theni,Kambam(Uzhavar Sandhai ),Beetroot,Beetroot,Local,12/09/2026,3000,3000,3000
Tamil Nadu,Theni,Kambam(Uzhavar Sandhai ),Soyabean,Local,Local,12/09/2026,10000,10000,10000
Tamil Nadu,Theni,Kambam(Uzhavar Sandhai ),Cauliflower,Ranchi,Local,12/09/2026,3000,4000,3500
Tamil Nadu,Theni,Kambam(Uzhavar Sandhai ),Cluster beans,Cluster Beans,Local,12/09/2026,3000,3000,3000
Tamil Nadu,Theni,Kambam(Uzhavar Sandhai ),Cucumbar(Kheera),Cucumbar,Local,12/09/2026,2200,2200,2200
Tamil Nadu,Theni,Kambam(Uzhavar Sandhai ),Capsicum,Capsicum,Local,12/09/2026,5000,5000,5000
Tamil Nadu,Theni,Kambam(Uzhavar Sandhai ),Elephant Yam(Suran)/Amorphophallus,Elephant Yam (Suran),Local,12/09/2026,4000,4000,4000
Tamil Nadu,Theni,Theni(Uzhavar Sandhai ),Coriander(Leaves),I Sort,Local,12/09/2026,2500,2500,2500
Tamil Nadu,Theni,Theni(Uzhavar Sandhai ),Apple,American,Local,12/09/2026,14000,26000,20000
Tamil Nadu,Theni,Theni(Uzhavar Sandhai ),Grapes,Annabesahai,Local,12/09/2026,13000,13000,13000
Tamil Nadu,Theni,Theni(Uzhavar Sandhai ),Papaya,Papaya,Local,12/09/2026,3000,3500,3250
Tamil Nadu,Theni,Theni(Uzhavar Sandhai ),Bhindi(Ladies Finger),Bhindi,Local,12/09/2026,3500,3800,3650
Tamil Nadu,Theni,Theni(Uzhavar Sandhai ),Banana - Green,Banana - Green,Local,12/09/2026,3000,3500,3250
Tamil Nadu,Theni,Theni(Uzhavar Sandhai ),Ridgeguard(Tori),Ridgeguard(Tori),Local,12/09/2026,3800,3800,3800
Tamil Nadu,Theni,Theni(Uzhavar Sandhai ),Pomegranate,Pomogranate,Local,12/09/2026,12000,22000,17000
Tamil Nadu,Theni,Theni(Uzhavar Sandhai ),Elephant Yam(Suran)/Amorphophallus,Elephant Yam (Suran),Local,12/09/2026,4000,4000,4000
Tamil Nadu,Theni,Theni(Uzhavar Sandhai ),Custard Apple(Sharifa),Custard Apple(Sharifa),Local,12/09/2026,8000,8000,8000
Tamil Nadu,Thirunelveli,Ambasamudram(Uzhavar Sandhai ),Brinjal,Other,Local,12/09/2026,4200,5000,4600
Tamil Nadu,Thirunelveli,Ambasamudram(Uzhavar Sandhai ),Coriander(Leaves),I Sort,Local,12/09/2026,3300,4000,3650
Tamil Nadu,Thirunelveli,NGO Colony(Uzhavar Sandhai ),Coconut,Coconut,Local,12/09/2026,5500,6000,5750
Tamil Nadu,Thirunelveli,NGO Colony(Uzhavar Sandhai ),Beetroot,Beetroot,Local,12/09/2026,4500,5000,4750
Tamil Nadu,Thirunelveli,NGO Colony(Uzhavar Sandhai ),Bitter gourd,Bitter Gourd,Local,12/09/2026,5000,5500,5250
Tamil Nadu,Thirunelveli,NGO Colony(Uzhavar Sandhai ),Ginger(Green),Green Ginger,Local,12/09/2026,12000,18000,15000
Tamil Nadu,Thirunelveli,NGO Colony(Uzhavar Sandhai ),Capsicum,Capsicum,Local,12/09/2026,4500,5000,4750
Tamil Nadu,Thirunelveli,Palayamkottai(Uzhavar Sandhai ),Apple,American,Local,12/09/2026,16000,20000,18000
Tamil Nadu,Thirunelveli,Palayamkottai(Uzhavar Sandhai ),Banana,Red Banana,Local,12/09/2026,9000,10000,9500
Tamil Nadu,Thirunelveli,Palayamkottai(Uzhavar Sandhai ),Grapes,Annabesahai,Local,12/09/2026,11000,12000,11500
Tamil Nadu,Thirunelveli,Palayamkottai(Uzhavar Sandhai ),Snakeguard,Snakeguard,Local,12/09/2026,1600,2000,1800
Tamil Nadu,Thirunelveli,Palayamkottai(Uzhavar Sandhai ),Bhindi(Ladies Finger),Bhindi,Local,12/09/2026,2800,3200,3000
Tamil Nadu,Thirunelveli,Palayamkottai(Uzhavar Sandhai ),Green Chilli,Green Chilly,Local,12/09/2026,3600,4000,3800
Tamil Nadu,Thirunelveli,Palayamkottai(Uzhavar Sandhai ),Banana - Green,Banana - Green,Local,12/09/2026,2500,3000,2750
Tamil Nadu,Thirunelveli,Palayamkottai(Uzhavar Sandhai ),Cucumbar(Kheera),Cucumbar,Local,12/09/2026,3500,6500,5000
Tamil Nadu,Thirupur,Kangayam(Uzhavar Sandhai ),Cluster beans,Cluster Beans,Local,12/09/2026,4000,4500,4250
Tamil Nadu,Thirupur,Kangayam(Uzhavar Sandhai ),Pumpkin,Pumpkin,Local,12/09/2026,1500,2000,1750
Tamil Nadu,Thirupur,Kangayam(Uzhavar Sandhai ),Green Chilli,Green Chilly,Local,12/09/2026,4500,5000,4750
Tamil Nadu,Thirupur,Kangayam(Uzhavar Sandhai ),Raddish,Raddish,Local,12/09/2026,3000,3500,3250
Tamil Nadu,Thirupur,Kangayam(Uzhavar Sandhai ),Drumstick,Drumstick,Local,12/09/2026,2500,2700,2600
Tamil Nadu,Thirupur,Kangayam(Uzhavar Sandhai ),Lemon,Lemon,Local,12/09/2026,17000,17500,17250
Tamil Nadu,Thirupur,Tiruppur (North) (Uzhavar Sandhai ),Coconut,Coconut,Local,12/09/2026,5000,5800,5400
Tamil Nadu,Thirupur,Tiruppur (North) (Uzhavar Sandhai ),Potato,Other,Local,12/09/2026,5000,6000,5500
Tamil Nadu,Thirupur,Tiruppur (North) (Uzhavar Sandhai ),Cauliflower,Ranchi,Local,12/09/2026,3500,4000,3750
Tamil Nadu,Thirupur,Tiruppur (North) (Uzhavar Sandhai ),Tomato,Local,Local,12/09/2026,2200,2500,2350
Tamil Nadu,Thirupur,Tiruppur (North) (Uzhavar Sandhai ),Banana - Green,Banana - Green,Local,12/09/2026,2500,3000,2750
Tamil Nadu,Thirupur,Tiruppur (North) (Uzhavar Sandhai ),Beetroot,Beetroot,Local,12/09/2026,5000,6000,5500
Tamil Nadu,Thirupur,Tiruppur (North) (Uzhavar Sandhai ),Green Avare(W),Other,Local,12/09/2026,6000,6500,6250
Tamil Nadu,Thirupur,Tiruppur (North) (Uzhavar Sandhai ),Sweet Corn ,Sweet Corn ,Local,12/09/2026,1500,2000,1750
Tamil Nadu,Thiruvannamalai,Chengam(Uzhavar Sandhai ),Brinjal,Round,Local,12/09/2026,3300,4000,3650
Tamil Nadu,Thiruvannamalai,Chengam(Uzhavar Sandhai ),Water Melon,Water Melon,Local,12/09/2026,1200,1500,1350
Tamil Nadu,Thiruvannamalai,Chengam(Uzhavar Sandhai ),Bottle gourd,Bottle Gourd,Local,12/09/2026,1600,2000,1800
Tamil Nadu,Thiruvannamalai,Chengam(Uzhavar Sandhai ),Ginger(Green),Green Ginger,Local,12/09/2026,16000,20000,18000
Tamil Nadu,Thiruvannamalai,Chengam(Uzhavar Sandhai ),Beetroot,Beetroot,Local,12/09/2026,4200,5000,4600
Tamil Nadu,Thiruvannamalai,Chengam(Uzhavar Sandhai ),Cucumbar(Kheera),Cucumbar,Local,12/09/2026,5000,6000,5500
Tamil Nadu,Thiruvannamalai,Chengam(Uzhavar Sandhai ),Raddish,Raddish,Local,12/09/2026,2500,3000,2750
Tamil Nadu,Thiruvannamalai,Chengam(Uzhavar Sandhai ),Chow Chow,Chow Chow,Local,12/09/2026,4200,5000,4600
Tamil Nadu,Thiruvannamalai,Chengam(Uzhavar Sandhai ),Drumstick,Drumstick,Local,12/09/2026,3300,4000,3650
Tamil Nadu,Thiruvannamalai,Chengam(Uzhavar Sandhai ),Knool Khol,Knool Khol,Local,12/09/2026,4200,5000,4600
Tamil Nadu,Thiruvannamalai,Keelpennathur(Uzhavar Sandhai ),Brinjal,Round,Local,12/09/2026,4500,5000,4750
Tamil Nadu,Thiruvannamalai,Keelpennathur(Uzhavar Sandhai ),Jasmine,Jasmine,Local,12/09/2026,40000,45000,42500
Tamil Nadu,Thiruvannamalai,Tamarainagar(Uzhavar Sandhai ),Sweet Potato,Hosur Red,Local,12/09/2026,4000,5000,4500
Tamil Nadu,Thiruvannamalai,Tamarainagar(Uzhavar Sandhai ),Groundnut,Big (With Shell),Local,12/09/2026,7500,9000,8250
Tamil Nadu,Thiruvannamalai,Tamarainagar(Uzhavar Sandhai ),Cluster beans,Cluster Beans,Local,12/09/2026,3500,4000,3750
Tamil Nadu,Thiruvannamalai,Tamarainagar(Uzhavar Sandhai ),Beans,Beans (Whole),Local,12/09/2026,8000,10000,9000
Tamil Nadu,Thiruvannamalai,Tamarainagar(Uzhavar Sandhai ),Lime,Lime,Local,12/09/2026,5000,6000,5500
Tamil Nadu,Thiruvannamalai,Vandavasi(Uzhavar Sandhai ),Potato,Other,Local,12/09/2026,3500,4000,3750
Tamil Nadu,Thiruvannamalai,Vandavasi(Uzhavar Sandhai ),Coriander(Leaves),I Sort,Local,12/09/2026,4000,5000,4500
Tamil Nadu,Thiruvannamalai,Vandavasi(Uzhavar Sandhai ),Cluster beans,Cluster Beans,Local,12/09/2026,3500,4000,3750
Tamil Nadu,Thiruvannamalai,Vandavasi(Uzhavar Sandhai ),Green Chilli,Green Chilly,Local,12/09/2026,4000,4800,4400
Tamil Nadu,Thiruvannamalai,Vandavasi(Uzhavar Sandhai ),Banana - Green,Banana - Green,Local,12/09/2026,1600,2000,1800
Tamil Nadu,Thiruvannamalai,Vandavasi(Uzhavar Sandhai ),Raddish,Raddish,Local,12/09/2026,2500,3000,2750
Tamil Nadu,Thiruvannamalai,Vandavasi(Uzhavar Sandhai ),Drumstick,Drumstick,Local,12/09/2026,3600,4200,3900
Tamil Nadu,Thiruvannamalai,Vandavasi(Uzhavar Sandhai ),Yam(Ratalu),Yam (Ratalu),Local,12/09/2026,5000,6000,5500
Tamil Nadu,Thiruvannamalai,Vandavasi(Uzhavar Sandhai ),Colacasia,Colacasia,Local,12/09/2026,3600,4200,3900
Tamil Nadu,Thiruvannamalai,Vandavasi(Uzhavar Sandhai ),Onion Green,Onion Green,Local,12/09/2026,5000,6000,5500
Tamil Nadu,Thiruvarur,Muthupettai(Uzhavar Sandhai ),Snakeguard,Snakeguard,Local,12/09/2026,3400,3400,3400
Tamil Nadu,Thiruvarur,Muthupettai(Uzhavar Sandhai ),Coriander(Leaves),I Sort,Local,12/09/2026,4000,4000,4000
Tamil Nadu,Thiruvarur,Muthupettai(Uzhavar Sandhai ),Tomato,Deshi,Local,12/09/2026,2600,2600,2600
Tamil Nadu,Thiruvarur,Muthupettai(Uzhavar Sandhai ),Cluster beans,Cluster Beans,Local,12/09/2026,3800,3800,3800
Tamil Nadu,Thiruvarur,Muthupettai(Uzhavar Sandhai ),Bhindi(Ladies Finger),Bhindi,Local,12/09/2026,4000,4000,4000
Tamil Nadu,Thiruvarur,Muthupettai(Uzhavar Sandhai ),Banana - Green,Banana - Green,Local,12/09/2026,4000,4000,4000
Tamil Nadu,Coimbatore,Sulur(Uzhavar Sandhai ),Coconut,Coconut,Local,12/09/2026,5400,5800,5600
Tamil Nadu,Coimbatore,Sulur(Uzhavar Sandhai ),Cabbage,Cabbage,Local,12/09/2026,2400,2800,2600
Tamil Nadu,Coimbatore,Sulur(Uzhavar Sandhai ),Potato,Red Nanital,Local,12/09/2026,5000,6200,5600
Tamil Nadu,Coimbatore,Sulur(Uzhavar Sandhai ),Garlic,Garlic,Local,12/09/2026,20000,24000,22000
Tamil Nadu,Coimbatore,Sulur(Uzhavar Sandhai ),Coriander(Leaves),I Sort,Local,12/09/2026,3600,4000,3800
Tamil Nadu,Coimbatore,Sulur(Uzhavar Sandhai ),Cluster beans,Cluster Beans,Local,12/09/2026,3200,3600,3400
Tamil Nadu,Coimbatore,Sulur(Uzhavar Sandhai ),Amaranthus,Amaranthus,Local,12/09/2026,4500,5500,5000
Tamil Nadu,Coimbatore,Sulur(Uzhavar Sandhai ),Cowpea(Veg),Cowpea (Veg),Local,12/09/2026,3600,4000,3800
Tamil Nadu,Coimbatore,Sulur(Uzhavar Sandhai ),Banana - Green,Banana - Green,Local,12/09/2026,4000,4500,4250
Tamil Nadu,Coimbatore,Sulur(Uzhavar Sandhai ),Cucumbar(Kheera),Cucumbar,Local,12/09/2026,4000,4500,4250
Tamil Nadu,Coimbatore,Sulur(Uzhavar Sandhai ),Chow Chow,Chow Chow,Local,12/09/2026,3200,3600,3400
Tamil Nadu,Coimbatore,Sulur(Uzhavar Sandhai ),Drumstick,Drumstick,Local,12/09/2026,2800,3200,3000
Tamil Nadu,Coimbatore,Sulur(Uzhavar Sandhai ),Onion Green,Onion Green,Local,12/09/2026,8400,8800,8600
Tamil Nadu,Pudukkottai,Gandarvakottai(Uzhavar Sandhai ),Brinjal,Other,Local,12/09/2026,4500,6000,5250
Tamil Nadu,Pudukkottai,Gandarvakottai(Uzhavar Sandhai ),Tomato,Other,Local,12/09/2026,2500,3000,2750
Tamil Nadu,Pudukkottai,Gandarvakottai(Uzhavar Sandhai ),Pumpkin,Pumpkin,Local,12/09/2026,1000,1500,1250
Tamil Nadu,Pudukkottai,Gandarvakottai(Uzhavar Sandhai ),Bhindi(Ladies Finger),Bhindi,Local,12/09/2026,2000,2500,2250
Tamil Nadu,Pudukkottai,Gandarvakottai(Uzhavar Sandhai ),Banana - Green,Banana - Green,Local,12/09/2026,2000,3000,2500
Tamil Nadu,Pudukkottai,Gandarvakottai(Uzhavar Sandhai ),Green Avare(W),Other,Local,12/09/2026,5500,6000,5750
Tamil Nadu,Pudukkottai,Gandarvakottai(Uzhavar Sandhai ),Drumstick,Drumstick,Local,12/09/2026,3000,4000,3500
Tamil Nadu,Pudukkottai,Gandarvakottai(Uzhavar Sandhai ),Mint(Pudina),Mint(Pudina),Local,12/09/2026,4000,5000,4500
Tamil Nadu,Cuddalore,Panruti(Uzhavar Sandhai ),Potato,Red Nanital,Local,12/09/2026,4000,4000,4000
Tamil Nadu,Cuddalore,Panruti(Uzhavar Sandhai ),Tomato,Deshi,Local,12/09/2026,2500,2500,2500
Tamil Nadu,Cuddalore,Panruti(Uzhavar Sandhai ),Bitter gourd,Bitter Gourd,Local,12/09/2026,5000,5000,5000
Tamil Nadu,Cuddalore,Panruti(Uzhavar Sandhai ),Amaranthus,Amaranthus,Local,12/09/2026,2000,2000,2000
Tamil Nadu,Cuddalore,Panruti(Uzhavar Sandhai ),Green Chilli,Green Chilly,Local,12/09/2026,4000,4000,4000
Tamil Nadu,Cuddalore,Panruti(Uzhavar Sandhai ),Ridgeguard(Tori),Ridgeguard(Tori),Local,12/09/2026,6000,6000,6000
Tamil Nadu,Cuddalore,Panruti(Uzhavar Sandhai ),Jack Fruit(Ripe),Jack Fruit,Local,12/09/2026,10000,10000,10000
Tamil Nadu,Cuddalore,Panruti(Uzhavar Sandhai ),Mint(Pudina),Mint(Pudina),Local,12/09/2026,5000,5000,5000
Tamil Nadu,Cuddalore,Vadalur(Uzhavar Sandhai ),Beetroot,Beetroot,Local,12/09/2026,5000,5000,5000
Tamil Nadu,Cuddalore,Vadalur(Uzhavar Sandhai ),Banana,Red Banana,Local,12/09/2026,8000,8000,8000
Tamil Nadu,Cuddalore,Vadalur(Uzhavar Sandhai ),Potato,Other,Local,12/09/2026,3500,4000,3750
Tamil Nadu,Cuddalore,Vadalur(Uzhavar Sandhai ),Banana - Green,Banana - Green,Local,12/09/2026,3500,3500,3500
Tamil Nadu,Dharmapuri,AJattihalli(Uzhavar Sandhai ),Onion,Bellary,Local,12/09/2026,5500,6400,5950
Tamil Nadu,Dharmapuri,AJattihalli(Uzhavar Sandhai ),Garlic,Garlic,Local,12/09/2026,20000,24000,22000
Tamil Nadu,Dharmapuri,AJattihalli(Uzhavar Sandhai ),Banana - Green,Banana - Green,Local,12/09/2026,2500,2500,2500
Tamil Nadu,Dharmapuri,AJattihalli(Uzhavar Sandhai ),Tapioca,Tapioca,Local,12/09/2026,3400,3400,3400
Tamil Nadu,Dharmapuri,AJattihalli(Uzhavar Sandhai ),Thondekai,Thondekai,Local,12/09/2026,4500,4500,4500
Tamil Nadu,Dharmapuri,AJattihalli(Uzhavar Sandhai ),Onion Green,Onion Green,Local,12/09/2026,6000,7000,6500
Tamil Nadu,Dharmapuri,AJattihalli(Uzhavar Sandhai ),Mint(Pudina),Mint(Pudina),Local,12/09/2026,7000,8000,7500
Tamil Nadu,Thanjavur,Peravurani(Uzhavar Sandhai),Onion,Bellary,Local,12/09/2026,6000,6000,6000
Tamil Nadu,Thanjavur,Peravurani(Uzhavar Sandhai),Ashgourd,Gouard,Local,12/09/2026,3000,3000,3000
Tamil Nadu,Karur,Pallapatti (Uzhavar Sandhai ),Coconut,Coconut,Local,12/09/2026,5500,6000,5750
Tamil Nadu,Karur,Pallapatti (Uzhavar Sandhai ),Snakeguard,Snakeguard,Local,12/09/2026,3500,4000,3750
Tamil Nadu,Karur,Pallapatti (Uzhavar Sandhai ),Tomato,Other,Local,12/09/2026,2500,3000,2750
Tamil Nadu,Karur,Pallapatti (Uzhavar Sandhai ),Bottle gourd,Bottle Gourd,Local,12/09/2026,2500,3000,2750
Tamil Nadu,Karur,Pallapatti (Uzhavar Sandhai ),Pumpkin,Pumpkin,Local,12/09/2026,2200,2500,2350
Tamil Nadu,Karur,Pallapatti (Uzhavar Sandhai ),Raddish,Raddish,Local,12/09/2026,3500,4000,3750
Tamil Nadu,Karur,Pallapatti (Uzhavar Sandhai ),Green Avare(W),Other,Local,12/09/2026,8000,10000,9000
Tamil Nadu,Karur,Pallapatti (Uzhavar Sandhai ),Lemon,Lemon,Local,12/09/2026,20000,25000,22500
Tamil Nadu,Karur,Velayuthampalayam(Uzhavar Sandhai ),Ginger(Green),Green Ginger,Local,12/09/2026,17000,19000,18000
Tamil Nadu,Karur,Velayuthampalayam(Uzhavar Sandhai ),Green Chilli,Green Chilly,Local,12/09/2026,5200,6000,5600
Tamil Nadu,Karur,Velayuthampalayam(Uzhavar Sandhai ),Banana - Green,Banana - Green,Local,12/09/2026,2400,3000,2700
Tamil Nadu,Karur,Velayuthampalayam(Uzhavar Sandhai ),Raddish,Raddish,Local,12/09/2026,2400,3000,2700
Tamil Nadu,Karur,Vengamedu(Uzhavar Sandhai ),Brinjal,Other,Local,12/09/2026,3500,4500,4000
Tamil Nadu,Karur,Vengamedu(Uzhavar Sandhai ),Bitter gourd,Other,Local,12/09/2026,5500,6000,5750
Tamil Nadu,Karur,Vengamedu(Uzhavar Sandhai ),Bhindi(Ladies Finger),Bhindi,Local,12/09/2026,3000,3500,3250
Tamil Nadu,Karur,Vengamedu(Uzhavar Sandhai ),Green Chilli,Green Chilly,Local,12/09/2026,5000,6000,5500
Tamil Nadu,Karur,Vengamedu(Uzhavar Sandhai ),Banana - Green,Banana - Green,Local,12/09/2026,2500,3000,2750
Tamil Nadu,Theni,Devaram(Uzhavar Sandhai ),Banana,Besrai,Local,12/09/2026,6000,6000,6000
Tamil Nadu,Theni,Devaram(Uzhavar Sandhai ),Onion,Bellary,Local,12/09/2026,6200,6200,6200
Tamil Nadu,Theni,Devaram(Uzhavar Sandhai ),Potato,Red Nanital,Local,12/09/2026,2700,2700,2700
Tamil Nadu,Theni,Devaram(Uzhavar Sandhai ),Papaya,Papaya,Local,12/09/2026,3000,3000,3000
Tamil Nadu,Theni,Devaram(Uzhavar Sandhai ),Bitter gourd,Bitter Gourd,Local,12/09/2026,3600,3600,3600
Tamil Nadu,Theni,Devaram(Uzhavar Sandhai ),Bottle gourd,Bottle Gourd,Local,12/09/2026,1400,1400,1400
Tamil Nadu,Theni,Devaram(Uzhavar Sandhai ),Green Chilli,Green Chilly,Local,12/09/2026,5000,5000,5000
Tamil Nadu,Theni,Devaram(Uzhavar Sandhai ),Thondekai,Thondekai,Local,12/09/2026,3400,3400,3400
Tamil Nadu,Theni,Devaram(Uzhavar Sandhai ),Knool Khol,Knool Khol,Local,12/09/2026,3000,3000,3000
Tamil Nadu,Salem,Attayampatti(Uzhavar Sandhai ),Coconut,Coconut,Local,12/09/2026,5500,6500,6000
Tamil Nadu,Salem,Attayampatti(Uzhavar Sandhai ),Snakeguard,Snakeguard,Local,12/09/2026,3000,3400,3200
Tamil Nadu,Salem,Attayampatti(Uzhavar Sandhai ),Coriander(Leaves),I Sort,Local,12/09/2026,2000,2500,2250
Tamil Nadu,Salem,Attayampatti(Uzhavar Sandhai ),Tomato,Deshi,Local,12/09/2026,2200,2800,2500
Tamil Nadu,Salem,Attayampatti(Uzhavar Sandhai ),Bitter gourd,Bitter Gourd,Local,12/09/2026,5000,5500,5250
Tamil Nadu,Salem,Attayampatti(Uzhavar Sandhai ),Bottle gourd,Bottle Gourd,Local,12/09/2026,2000,2800,2400
Tamil Nadu,Salem,Attayampatti(Uzhavar Sandhai ),Ridgeguard(Tori),Ridgeguard(Tori),Local,12/09/2026,3500,4000,3750
Tamil Nadu,Salem,Attayampatti(Uzhavar Sandhai ),Raddish,Raddish,Local,12/09/2026,2200,2400,2300
Tamil Nadu,Sivaganga,Sivagangai (Uzhavar Sandhai ),Banana,Poovan,Local,12/09/2026,4000,4000,4000
Tamil Nadu,Sivaganga,Sivagangai (Uzhavar Sandhai ),Brinjal,Other,Local,12/09/2026,3800,4400,4100
Tamil Nadu,Sivaganga,Sivagangai (Uzhavar Sandhai ),Tomato,Deshi,Local,12/09/2026,2800,3000,2900
Tamil Nadu,Sivaganga,Sivagangai (Uzhavar Sandhai ),Amaranthus,Amaranthus,Local,12/09/2026,3000,4000,3500
Tamil Nadu,Sivaganga,Sivagangai (Uzhavar Sandhai ),Green Chilli,Green Chilly,Local,12/09/2026,4600,5200,4900
Tamil Nadu,Sivaganga,Sivagangai (Uzhavar Sandhai ),Banana - Green,Banana - Green,Local,12/09/2026,3000,3000,3000
Tamil Nadu,Sivaganga,Sivagangai (Uzhavar Sandhai ),Yam(Ratalu),Yam (Ratalu),Local,12/09/2026,6600,7200,6900
Tamil Nadu,Sivaganga,Devakottai (Uzhavar Sandhai ),Chikoos(Sapota),Sapota,Local,12/09/2026,4400,6200,5300
Tamil Nadu,Sivaganga,Devakottai (Uzhavar Sandhai ),Papaya,Papaya,Local,12/09/2026,4800,5400,5100
Tamil Nadu,Sivaganga,Devakottai (Uzhavar Sandhai ),Bitter gourd,Other,Local,12/09/2026,5800,6200,6000
Tamil Nadu,Sivaganga,Devakottai (Uzhavar Sandhai ),Banana - Green,Banana - Green,Local,12/09/2026,2500,3000,2750
Tamil Nadu,Sivaganga,Devakottai (Uzhavar Sandhai ),Ridgeguard(Tori),Ridgeguard(Tori),Local,12/09/2026,4400,5200,4800
Tamil Nadu,Sivaganga,Devakottai (Uzhavar Sandhai ),Green Avare(W),Other,Local,12/09/2026,9000,9200,9100
Tamil Nadu,Sivaganga,Devakottai (Uzhavar Sandhai ),Chow Chow,Chow Chow,Local,12/09/2026,3000,3200,3100
Tamil Nadu,Sivaganga,Devakottai (Uzhavar Sandhai ),Guava,Guava Allahabad,Local,12/09/2026,6200,7200,6700
Tamil Nadu,Salem,Edapadi (Uzhavar Sandhai ),Sweet Potato,Hosur Red,Local,12/09/2026,3800,4000,3900
Tamil Nadu,Salem,Edapadi (Uzhavar Sandhai ),Snakeguard,Snakeguard,Local,12/09/2026,3000,3500,3250
Tamil Nadu,Salem,Edapadi (Uzhavar Sandhai ),Green Chilli,Green Chilly,Local,12/09/2026,3500,4000,3750
Tamil Nadu,Salem,Edapadi (Uzhavar Sandhai ),Chow Chow,Chow Chow,Local,12/09/2026,3500,4000,3750
Tamil Nadu,Salem,Edapadi (Uzhavar Sandhai ),Drumstick,Drumstick,Local,12/09/2026,2500,3000,2750
Tamil Nadu,Salem,Elampillai(Uzhavar Sandhai ),Carrot,Pusakesar,Local,12/09/2026,6000,6500,6250
Tamil Nadu,Salem,Elampillai(Uzhavar Sandhai ),Groundnut,Big (With Shell),Local,12/09/2026,6500,7000,6750
Tamil Nadu,Salem,Elampillai(Uzhavar Sandhai ),Brinjal,Other,Local,12/09/2026,2500,3000,2750
Tamil Nadu,Salem,Elampillai(Uzhavar Sandhai ),Coriander(Leaves),I Sort,Local,12/09/2026,3000,4000,3500
Tamil Nadu,Salem,Elampillai(Uzhavar Sandhai ),Capsicum,Capsicum,Local,12/09/2026,4500,5000,4750
Tamil Nadu,Salem,Elampillai(Uzhavar Sandhai ),Marigold(Calcutta),Marigold(Calcutta),Local,12/09/2026,19000,20000,19500
Tamil Nadu,Salem,Elampillai(Uzhavar Sandhai ),Onion Green,Onion Green,Local,12/09/2026,6000,6800,6400
Tamil Nadu,Salem,Hasthampatti(Uzhavar Sandhai ),Ginger(Green),Green Ginger,Local,12/09/2026,17000,18000,17500
Tamil Nadu,Salem,Hasthampatti(Uzhavar Sandhai ),Cauliflower,Ranchi,Local,12/09/2026,2500,3000,2750
Tamil Nadu,Salem,Hasthampatti(Uzhavar Sandhai ),Pumpkin,Pumpkin,Local,12/09/2026,1800,2000,1900
Tamil Nadu,Salem,Hasthampatti(Uzhavar Sandhai ),Green Chilli,Green Chilly,Local,12/09/2026,3600,3800,3700
Tamil Nadu,Salem,Hasthampatti(Uzhavar Sandhai ),Thondekai,Thondekai,Local,12/09/2026,3500,4000,3750
Tamil Nadu,Salem,Hasthampatti(Uzhavar Sandhai ),Elephant Yam(Suran)/Amorphophallus,Elephant Yam (Suran),Local,12/09/2026,3500,4000,3750
Tamil Nadu,Salem,Hasthampatti(Uzhavar Sandhai ),Pear(Marasebu),Pears,Local,12/09/2026,10000,11000,10500
Tamil Nadu,Salem,Hasthampatti(Uzhavar Sandhai ),Mint(Pudina),Mint(Pudina),Local,12/09/2026,2500,3000,2750
Tamil Nadu,Salem,Hasthampatti(Uzhavar Sandhai ),Baby Corn,Baby Corn,Grade A,12/09/2026,2000,2500,2250
Tamil Nadu,Salem,Hasthampatti(Uzhavar Sandhai ),Sweet Corn ,Sweet Corn ,Local,12/09/2026,3000,3500,3250
Tamil Nadu,Salem,Jalagandapuram(Uzhavar Sandhai ),Sweet Potato,Hosur Red,Local,12/09/2026,4000,4500,4250
Tamil Nadu,Salem,Jalagandapuram(Uzhavar Sandhai ),Carrot,Pusakesar,Local,12/09/2026,6000,6500,6250
Tamil Nadu,Salem,Jalagandapuram(Uzhavar Sandhai ),Onion,Bellary,Local,12/09/2026,6000,6500,6250
Tamil Nadu,Salem,Jalagandapuram(Uzhavar Sandhai ),Coriander(Leaves),I Sort,Local,12/09/2026,1600,2000,1800
Tamil Nadu,Salem,Jalagandapuram(Uzhavar Sandhai ),Bitter gourd,Other,Local,12/09/2026,4500,5000,4750
Tamil Nadu,Salem,Jalagandapuram(Uzhavar Sandhai ),Ginger(Green),Green Ginger,Local,12/09/2026,16000,17000,16500
Tamil Nadu,Salem,Jalagandapuram(Uzhavar Sandhai ),Raddish,Raddish,Local,12/09/2026,1600,2000,1800
Tamil Nadu,Salem,Jalagandapuram(Uzhavar Sandhai ),Green Avare(W),Other,Local,12/09/2026,6000,6500,6250
Tamil Nadu,Salem,Jalagandapuram(Uzhavar Sandhai ),Chow Chow,Chow Chow,Local,12/09/2026,3500,4000,3750
Tamil Nadu,Salem,Jalagandapuram(Uzhavar Sandhai ),Drumstick,Drumstick,Local,12/09/2026,2000,2500,2250
Tamil Nadu,Sivaganga,Singampunari(Uzhavar Sandhai ),Carrot,Pusakesar,Local,12/09/2026,3800,6200,5000
Tamil Nadu,Sivaganga,Singampunari(Uzhavar Sandhai ),Cabbage,Cabbage,Local,12/09/2026,2800,3200,3000
Tamil Nadu,Sivaganga,Singampunari(Uzhavar Sandhai ),Snakeguard,Snakeguard,Local,12/09/2026,3200,3800,3500
Tamil Nadu,Sivaganga,Singampunari(Uzhavar Sandhai ),Bitter gourd,Other,Local,12/09/2026,5600,6200,5900
Tamil Nadu,Sivaganga,Singampunari(Uzhavar Sandhai ),Ashgourd,Gouard,Local,12/09/2026,1800,2000,1900
Tamil Nadu,Sivaganga,Singampunari(Uzhavar Sandhai ),Pumpkin,Pumpkin,Local,12/09/2026,1800,2200,2000
Tamil Nadu,Sivaganga,Singampunari(Uzhavar Sandhai ),Amaranthus,Amaranthus,Local,12/09/2026,3000,4000,3500
Tamil Nadu,Sivaganga,Singampunari(Uzhavar Sandhai ),Ridgeguard(Tori),Ridgeguard(Tori),Local,12/09/2026,4400,5200,4800
Tamil Nadu,Sivaganga,Singampunari(Uzhavar Sandhai ),Chow Chow,Chow Chow,Local,12/09/2026,3000,3200,3100
Tamil Nadu,Sivaganga,Singampunari(Uzhavar Sandhai ),Mango(Raw-Ripe),Mango - Raw-Ripe,Local,12/09/2026,9000,10000,9500
Tamil Nadu,Sivaganga,Singampunari(Uzhavar Sandhai ),Mint(Pudina),Mint(Pudina),Local,12/09/2026,4600,5200,4900
Tamil Nadu,Sivaganga,Karaikudi(Uzhavar Sandhai ),Carrot,Pusakesar,Local,12/09/2026,4000,5500,4750
Tamil Nadu,Sivaganga,Karaikudi(Uzhavar Sandhai ),Coriander(Leaves),I Sort,Local,12/09/2026,5500,6000,5750
Tamil Nadu,Sivaganga,Karaikudi(Uzhavar Sandhai ),Bottle gourd,Bottle Gourd,Local,12/09/2026,2500,3000,2750
Tamil Nadu,Sivaganga,Karaikudi(Uzhavar Sandhai ),Amaranthus,Amaranthus,Local,12/09/2026,3500,4000,3750
Tamil Nadu,Sivaganga,Karaikudi(Uzhavar Sandhai ),Banana - Green,Banana - Green,Local,12/09/2026,3000,4000,3500
Tamil Nadu,Sivaganga,Karaikudi(Uzhavar Sandhai ),Chow Chow,Chow Chow,Local,12/09/2026,3200,3500,3350
Tamil Nadu,Sivaganga,Tirupatthur(Uzhavar Sandhai ),Coconut,Coconut,Local,12/09/2026,7000,7500,7250
Tamil Nadu,Sivaganga,Tirupatthur(Uzhavar Sandhai ),Cabbage,Cabbage,Local,12/09/2026,3000,3500,3250
Tamil Nadu,Sivaganga,Tirupatthur(Uzhavar Sandhai ),Cluster beans,Cluster Beans,Local,12/09/2026,3500,4000,3750
Tamil Nadu,Sivaganga,Tirupatthur(Uzhavar Sandhai ),Ginger(Green),Green Ginger,Local,12/09/2026,12400,20500,16450
Tamil Nadu,Sivaganga,Tirupatthur(Uzhavar Sandhai ),Mango(Raw-Ripe),Mango - Raw-Ripe,Local,12/09/2026,9400,10500,9950
Tamil Nadu,Sivaganga,Tirupatthur(Uzhavar Sandhai ),Elephant Yam(Suran)/Amorphophallus,Elephant Yam (Suran),Local,12/09/2026,4500,5000,4750
Tamil Nadu,Sivaganga,Tirupatthur(Uzhavar Sandhai ),Lemon,Lemon,Local,12/09/2026,22400,26500,24450
Tamil Nadu,Thanjavur,Pattukottai(Uzhavar Sandhai ),Banana,Besrai,Local,12/09/2026,3500,3500,3500
Tamil Nadu,Thanjavur,Pattukottai(Uzhavar Sandhai ),Cauliflower,Ranchi,Local,12/09/2026,4800,4800,4800
Tamil Nadu,Thanjavur,Pattukottai(Uzhavar Sandhai ),Tomato,Deshi,Local,12/09/2026,3400,3400,3400
Tamil Nadu,Thanjavur,Pattukottai(Uzhavar Sandhai ),Bitter gourd,Bitter Gourd,Local,12/09/2026,6000,6000,6000
Tamil Nadu,Thanjavur,Pattukottai(Uzhavar Sandhai ),Banana - Green,Banana - Green,Local,12/09/2026,3000,3000,3000
Tamil Nadu,Thanjavur,Pattukottai(Uzhavar Sandhai ),Ridgeguard(Tori),Ridgeguard(Tori),Local,12/09/2026,5600,5600,5600
Tamil Nadu,Thanjavur,Pattukottai(Uzhavar Sandhai ),Lime,Lime,Local,12/09/2026,4000,4000,4000
Tamil Nadu,Thanjavur,Thanjavur(Uzhavar Sandhai ),Betal Leaves,Mysore,Local,12/09/2026,17000,17000,17000
Tamil Nadu,Thanjavur,Thanjavur(Uzhavar Sandhai ),Potato,Other,Local,12/09/2026,3800,3800,3800
Tamil Nadu,Thanjavur,Thanjavur(Uzhavar Sandhai ),Brinjal,Round,Local,12/09/2026,5400,5400,5400
Tamil Nadu,Thanjavur,Thanjavur(Uzhavar Sandhai ),Papaya,Papaya,Local,12/09/2026,6000,6000,6000
Tamil Nadu,Thanjavur,Thanjavur(Uzhavar Sandhai ),Mousambi(Sweet Lime),Mousambi,Local,12/09/2026,5000,5000,5000
Tamil Nadu,Thanjavur,Thanjavur(Uzhavar Sandhai ),Cluster beans,Cluster Beans,Local,12/09/2026,4000,4000,4000
Tamil Nadu,Thanjavur,Thanjavur(Uzhavar Sandhai ),Amaranthus,Amaranthus,Local,12/09/2026,2000,2000,2000
Tamil Nadu,Thanjavur,Thanjavur(Uzhavar Sandhai ),Knool Khol,Knool Khol,Local,12/09/2026,4000,4000,4000
Tamil Nadu,Thanjavur,Thanjavur(Uzhavar Sandhai ),Marigold(Calcutta),Marigold(Calcutta),Local,12/09/2026,30000,30000,30000
Tamil Nadu,Thanjavur,Thanjavur(Uzhavar Sandhai ),Colacasia,Colacasia,Local,12/09/2026,5600,5600,5600
Tamil Nadu,Thanjavur,Thanjavur(Uzhavar Sandhai ),Mashrooms,Mashrooms,Local,12/09/2026,25000,25000,25000
Tamil Nadu,Thiruchirappalli,KKNagar(Uzhavar Sandhai ),Garlic,Garlic,Local,12/09/2026,26000,26000,26000
Tamil Nadu,Thiruchirappalli,KKNagar(Uzhavar Sandhai ),Papaya,Papaya,Local,12/09/2026,5000,5000,5000
Tamil Nadu,Thiruchirappalli,KKNagar(Uzhavar Sandhai ),Cowpea(Veg),Cowpea (Veg),Local,12/09/2026,3600,3600,3600
Tamil Nadu,Thiruchirappalli,KKNagar(Uzhavar Sandhai ),Tapioca,Tapioca,Local,12/09/2026,4800,4800,4800
Tamil Nadu,Thiruchirappalli,KKNagar(Uzhavar Sandhai ),Ridgeguard(Tori),Ridgeguard(Tori),Local,12/09/2026,4600,5000,4800
Tamil Nadu,Thiruchirappalli,KKNagar(Uzhavar Sandhai ),Chow Chow,Chow Chow,Local,12/09/2026,3600,3600,3600
Tamil Nadu,Thiruchirappalli,KKNagar(Uzhavar Sandhai ),Drumstick,Drumstick,Local,12/09/2026,4000,4000,4000
Tamil Nadu,Thiruchirappalli,KKNagar(Uzhavar Sandhai ),Mango(Raw-Ripe),Mango - Raw-Ripe,Local,12/09/2026,9000,10000,9500
Tamil Nadu,Thiruchirappalli,KKNagar(Uzhavar Sandhai ),Knool Khol,Knool Khol,Local,12/09/2026,4000,4000,4000
Tamil Nadu,Thiruchirappalli,KKNagar(Uzhavar Sandhai ),Indian Beans(Seam),Indian Beans (Seam),Local,12/09/2026,7000,7000,7000
Tamil Nadu,Thiruchirappalli,KKNagar(Uzhavar Sandhai ),Mashrooms,Mashrooms,Local,12/09/2026,22000,22000,22000
Tamil Nadu,Thiruchirappalli,Lalgudi(Uzhavar Sandhai ),Coconut,Coconut,Local,12/09/2026,7000,7000,7000
Tamil Nadu,Thiruchirappalli,Lalgudi(Uzhavar Sandhai ),Sweet Potato,Hosur Red,Local,12/09/2026,6000,6000,6000
Tamil Nadu,Thiruchirappalli,Lalgudi(Uzhavar Sandhai ),Beetroot,Beetroot,Local,12/09/2026,4600,4600,4600
Tamil Nadu,Thiruchirappalli,Lalgudi(Uzhavar Sandhai ),Cluster beans,Cluster Beans,Local,12/09/2026,3600,3600,3600
Tamil Nadu,Thiruchirappalli,Lalgudi(Uzhavar Sandhai ),Bitter gourd,Other,Local,12/09/2026,6000,6000,6000
Tamil Nadu,Thiruchirappalli,Lalgudi(Uzhavar Sandhai ),Pumpkin,Pumpkin,Local,12/09/2026,2000,2000,2000
Tamil Nadu,Thiruchirappalli,Lalgudi(Uzhavar Sandhai ),Guava,Guava Allahabad,Local,12/09/2026,8000,8000,8000
Tamil Nadu,Thiruchirappalli,Lalgudi(Uzhavar Sandhai ),Onion Green,Onion Green,Local,12/09/2026,9000,9000,9000
Tamil Nadu,Thiruchirappalli,Manachanallur(Uzhavar Sandhai ),Coriander(Leaves),I Sort,Local,12/09/2026,3000,3000,3000
Tamil Nadu,Thiruchirappalli,Manachanallur(Uzhavar Sandhai ),Cluster beans,Cluster Beans,Local,12/09/2026,3400,3400,3400
Tamil Nadu,Thiruchirappalli,Manachanallur(Uzhavar Sandhai ),Green Avare(W),Other,Local,12/09/2026,6000,6000,6000
Tamil Nadu,Thiruchirappalli,Manapparai(Uzhavar Sandhai ),Snakeguard,Snakeguard,Local,12/09/2026,4000,4000,4000
Tamil Nadu,Thiruchirappalli,Manapparai(Uzhavar Sandhai ),Brinjal,Other,Local,12/09/2026,3600,3600,3600
Tamil Nadu,Thiruchirappalli,Manapparai(Uzhavar Sandhai ),Coriander(Leaves),I Sort,Local,12/09/2026,3000,3000,3000
Tamil Nadu,Thiruchirappalli,Manapparai(Uzhavar Sandhai ),Cluster beans,Cluster Beans,Local,12/09/2026,3600,3600,3600
Tamil Nadu,Thiruchirappalli,Manapparai(Uzhavar Sandhai ),Pumpkin,Pumpkin,Local,12/09/2026,2000,2000,2000
Tamil Nadu,Thiruchirappalli,Manapparai(Uzhavar Sandhai ),Banana - Green,Banana - Green,Local,12/09/2026,3000,3000,3000
Tamil Nadu,Thiruchirappalli,Musiri(Uzhavar Sandhai ),Ginger(Green),Green Ginger,Local,12/09/2026,16000,17500,16750
Tamil Nadu,Thiruchirappalli,Musiri(Uzhavar Sandhai ),Cauliflower,Ranchi,Local,12/09/2026,3000,3500,3250
Tamil Nadu,Thiruchirappalli,Musiri(Uzhavar Sandhai ),Papaya,Papaya,Local,12/09/2026,3500,4000,3750
Tamil Nadu,Thiruchirappalli,Musiri(Uzhavar Sandhai ),Cluster beans,Cluster Beans,Local,12/09/2026,3000,3600,3300
Tamil Nadu,Thiruchirappalli,Musiri(Uzhavar Sandhai ),Bitter gourd,Bitter Gourd,Local,12/09/2026,5000,5600,5300
Tamil Nadu,Thiruchirappalli,Musiri(Uzhavar Sandhai ),Bottle gourd,Bottle Gourd,Local,12/09/2026,2000,2500,2250
Tamil Nadu,Thiruchirappalli,Musiri(Uzhavar Sandhai ),Bhindi(Ladies Finger),Bhindi,Local,12/09/2026,3600,4000,3800
Tamil Nadu,Thiruchirappalli,Musiri(Uzhavar Sandhai ),Ridgeguard(Tori),Ridgeguard(Tori),Local,12/09/2026,4500,5000,4750
Tamil Nadu,Thiruchirappalli,Musiri(Uzhavar Sandhai ),Raddish,Raddish,Local,12/09/2026,3000,3600,3300
Tamil Nadu,Thiruchirappalli,Musiri(Uzhavar Sandhai ),Tender Coconut,Tender Coconut,Local,12/09/2026,3500,4000,3750
Tamil Nadu,Thiruchirappalli,Musiri(Uzhavar Sandhai ),Elephant Yam(Suran)/Amorphophallus,Elephant Yam (Suran),Local,12/09/2026,3000,3600,3300
Tamil Nadu,Thiruchirappalli,Musiri(Uzhavar Sandhai ),Colacasia,Colacasia,Local,12/09/2026,4500,5000,4750
Tamil Nadu,Thiruchirappalli,Thiruverumbur(Uzhavar Sandhai ),Coriander(Leaves),I Sort,Local,12/09/2026,3200,3200,3200
Tamil Nadu,Thiruchirappalli,Thiruverumbur(Uzhavar Sandhai ),Green Chilli,Green Chilly,Local,12/09/2026,4000,4000,4000
Tamil Nadu,Thiruchirappalli,Thiruverumbur(Uzhavar Sandhai ),Cowpea(Veg),Cowpea (Veg),Local,12/09/2026,3600,3600,3600
Tamil Nadu,Thiruchirappalli,Thiruverumbur(Uzhavar Sandhai ),Banana - Green,Banana - Green,Local,12/09/2026,2500,2500,2500
Tamil Nadu,Thiruchirappalli,Thiruverumbur(Uzhavar Sandhai ),Ginger(Green),Green Ginger,Local,12/09/2026,19000,19000,19000
Tamil Nadu,Thiruchirappalli,Thiruverumbur(Uzhavar Sandhai ),Ridgeguard(Tori),Ridgeguard(Tori),Local,12/09/2026,5000,5000,5000
Tamil Nadu,Thiruchirappalli,Thiruverumbur(Uzhavar Sandhai ),Capsicum,Capsicum,Local,12/09/2026,4600,4600,4600
Tamil Nadu,Thiruchirappalli,Thiruverumbur(Uzhavar Sandhai ),Onion Green,Onion Green,Local,12/09/2026,8000,9000,8500
Tamil Nadu,Virudhunagar,Rajapalayam(Uzhavar Sandhai ),Cauliflower,Ranchi,Local,12/09/2026,2500,3000,2750
Tamil Nadu,Virudhunagar,Rajapalayam(Uzhavar Sandhai ),Coriander(Leaves),I Sort,Local,12/09/2026,4000,4500,4250
Tamil Nadu,Virudhunagar,Rajapalayam(Uzhavar Sandhai ),Cluster beans,Cluster Beans,Local,12/09/2026,3000,3500,3250
Tamil Nadu,Virudhunagar,Rajapalayam(Uzhavar Sandhai ),Bitter gourd,Bitter Gourd,Local,12/09/2026,8000,9000,8500
Tamil Nadu,Virudhunagar,Rajapalayam(Uzhavar Sandhai ),Amaranthus,Amaranthus,Local,12/09/2026,2500,3000,2750
Tamil Nadu,Virudhunagar,Rajapalayam(Uzhavar Sandhai ),Lime,Lime,Local,12/09/2026,10000,12000,11000
Tamil Nadu,Virudhunagar,Rajapalayam(Uzhavar Sandhai ),Yam(Ratalu),Yam (Ratalu),Local,12/09/2026,7000,8000,7500
Tamil Nadu,Virudhunagar,Rajapalayam(Uzhavar Sandhai ),Lemon,Lemon,Local,12/09/2026,22000,24000,23000
Tamil Nadu,Virudhunagar,Rajapalayam(Uzhavar Sandhai ),Onion Green,Onion Green,Local,12/09/2026,6500,7500,7000
Tamil Nadu,Virudhunagar,Rajapalayam(Uzhavar Sandhai ),Mint(Pudina),Mint(Pudina),Local,12/09/2026,4500,5500,5000
Tamil Nadu,Virudhunagar,Sathur(Uzhavar Sandhai ),Coconut,Coconut,Local,12/09/2026,5500,6000,5750
Tamil Nadu,Virudhunagar,Sathur(Uzhavar Sandhai ),Banana,Besrai,Local,12/09/2026,3500,4000,3750
Tamil Nadu,Virudhunagar,Sathur(Uzhavar Sandhai ),Brinjal,Round,Local,12/09/2026,3500,4000,3750
Tamil Nadu,Virudhunagar,Sathur(Uzhavar Sandhai ),Coriander(Leaves),I Sort,Local,12/09/2026,4500,5000,4750
Tamil Nadu,Virudhunagar,Sathur(Uzhavar Sandhai ),Bottle gourd,Bottle Gourd,Local,12/09/2026,1800,2000,1900
Tamil Nadu,Virudhunagar,Sathur(Uzhavar Sandhai ),Ashgourd,Gouard,Local,12/09/2026,2000,2500,2250
Tamil Nadu,Virudhunagar,Sathur(Uzhavar Sandhai ),Pumpkin,Pumpkin,Local,12/09/2026,2000,2500,2250
Tamil Nadu,Virudhunagar,Sathur(Uzhavar Sandhai ),Bhindi(Ladies Finger),Bhindi,Local,12/09/2026,3500,4000,3750
Tamil Nadu,Virudhunagar,Sathur(Uzhavar Sandhai ),Amaranthus,Amaranthus,Local,12/09/2026,2500,3000,2750
Tamil Nadu,Virudhunagar,Sathur(Uzhavar Sandhai ),Drumstick,Drumstick,Local,12/09/2026,3500,4000,3750
Tamil Nadu,Virudhunagar,Sivakasi(Uzhavar Sandhai ),Onion,Bellary,Local,12/09/2026,5000,6000,5500
Tamil Nadu,Virudhunagar,Sivakasi(Uzhavar Sandhai ),Tomato,Deshi,Local,12/09/2026,2500,3000,2750
Tamil Nadu,Virudhunagar,Sivakasi(Uzhavar Sandhai ),Green Chilli,Green Chilly,Local,12/09/2026,4000,5000,4500
Tamil Nadu,Virudhunagar,Sivakasi(Uzhavar Sandhai ),Raddish,Raddish,Local,12/09/2026,3500,4000,3750
Tamil Nadu,Virudhunagar,Sivakasi(Uzhavar Sandhai ),Guava,Guava Allahabad,Local,12/09/2026,4000,5000,4500
Tamil Nadu,Virudhunagar,Sivakasi(Uzhavar Sandhai ),Elephant Yam(Suran)/Amorphophallus,Elephant Yam (Suran),Local,12/09/2026,3500,4000,3750
Tamil Nadu,Virudhunagar,Sivakasi(Uzhavar Sandhai ),Onion Green,Onion Green,Local,12/09/2026,7000,8000,7500
Tamil Nadu,Virudhunagar,Thalavaipuram(Uzhavar Sandhai ),Ginger(Green),Green Ginger,Local,12/09/2026,8000,10000,9000
Tamil Nadu,Virudhunagar,Thalavaipuram(Uzhavar Sandhai ),Coconut,Coconut,Local,12/09/2026,5000,6000,5500
Tamil Nadu,Virudhunagar,Thalavaipuram(Uzhavar Sandhai ),Brinjal,Round,Local,12/09/2026,2500,3000,2750
Tamil Nadu,Virudhunagar,Thalavaipuram(Uzhavar Sandhai ),Pumpkin,Pumpkin,Local,12/09/2026,1600,2000,1800
Tamil Nadu,Virudhunagar,Thalavaipuram(Uzhavar Sandhai ),Beans,Beans (Whole),Local,12/09/2026,7500,9000,8250
Tamil Nadu,Virudhunagar,Thalavaipuram(Uzhavar Sandhai ),Lime,Lime,Local,12/09/2026,10000,12000,11000
Tamil Nadu,Virudhunagar,Thalavaipuram(Uzhavar Sandhai ),Elephant Yam(Suran)/Amorphophallus,Elephant Yam (Suran),Local,12/09/2026,5000,6000,5500
Tamil Nadu,Virudhunagar,Thalavaipuram(Uzhavar Sandhai ),Lemon,Lemon,Local,12/09/2026,20000,24000,22000
Tamil Nadu,Virudhunagar,Thalavaipuram(Uzhavar Sandhai ),Mint(Pudina),Mint(Pudina),Local,12/09/2026,4500,5500,5000
Tamil Nadu,Chengalpattu,Madhuranthagam(Uzhavar Sandhai ),Onion,Bellary,Local,12/09/2026,6000,6000,6000
Tamil Nadu,Chengalpattu,Madhuranthagam(Uzhavar Sandhai ),Tomato,Deshi,Local,12/09/2026,3000,3000,3000
Tamil Nadu,Chengalpattu,Madhuranthagam(Uzhavar Sandhai ),Tender Coconut,Tender Coconut,Local,12/09/2026,3000,4000,3500
Tamil Nadu,Chengalpattu,Madhuranthagam(Uzhavar Sandhai ),Onion Green,Onion Green,Local,12/09/2026,6000,6000,6000
Tamil Nadu,Chengalpattu,Medavakkam(Uzhavar Sandhai ),Banana,Karpura,Local,12/09/2026,6000,6000,6000
Tamil Nadu,Chengalpattu,Medavakkam(Uzhavar Sandhai ),Onion,Bellary,Local,12/09/2026,6500,6500,6500
Tamil Nadu,Chengalpattu,Medavakkam(Uzhavar Sandhai ),Garlic,Garlic,Local,12/09/2026,20000,30000,25000
Tamil Nadu,Chengalpattu,Medavakkam(Uzhavar Sandhai ),Papaya,Papaya,Local,12/09/2026,4000,5000,4500
Tamil Nadu,Chengalpattu,Medavakkam(Uzhavar Sandhai ),Bhindi(Ladies Finger),Bhindi,Local,12/09/2026,4000,4000,4000
Tamil Nadu,Chengalpattu,Medavakkam(Uzhavar Sandhai ),Marigold(Calcutta),Marigold(Calcutta),Local,12/09/2026,10000,20000,15000
Tamil Nadu,Chengalpattu,Medavakkam(Uzhavar Sandhai ),Mint(Pudina),Mint(Pudina),Local,12/09/2026,4000,4000,4000
Tamil Nadu,Chengalpattu,Nanganallur(Uzhavar Sandhai ),Coconut,Coconut,Local,12/09/2026,7500,8000,7750
Tamil Nadu,Chengalpattu,Nanganallur(Uzhavar Sandhai ),Snakeguard,Snakeguard,Local,12/09/2026,3500,4000,3750
Tamil Nadu,Chengalpattu,Nanganallur(Uzhavar Sandhai ),Grapes,Annabesahai,Local,12/09/2026,9000,10000,9500
Tamil Nadu,Chengalpattu,Nanganallur(Uzhavar Sandhai ),Coriander(Leaves),I Sort,Local,12/09/2026,2500,3000,2750
Tamil Nadu,Chengalpattu,Nanganallur(Uzhavar Sandhai ),Papaya,Papaya,Local,12/09/2026,5500,6000,5750
Tamil Nadu,Chengalpattu,Nanganallur(Uzhavar Sandhai ),Amaranthus,Amaranthus,Local,12/09/2026,2000,2500,2250
Tamil Nadu,Chengalpattu,Nanganallur(Uzhavar Sandhai ),Tapioca,Tapioca,Local,12/09/2026,4500,5000,4750
Tamil Nadu,Chengalpattu,Nanganallur(Uzhavar Sandhai ),Pomegranate,Pomogranate,Local,12/09/2026,13000,14000,13500
Tamil Nadu,Chengalpattu,Nanganallur(Uzhavar Sandhai ),Jasmine,Jasmine,Local,12/09/2026,38000,40000,39000
Tamil Nadu,Chengalpattu,Nanganallur(Uzhavar Sandhai ),Onion Green,Onion Green,Local,12/09/2026,9000,10000,9500
Tamil Nadu,Chengalpattu,Pallavaram(Uzhavar Sandhai ),Beetroot,Beetroot,Local,12/09/2026,3500,4000,3750
Tamil Nadu,Chengalpattu,Pallavaram(Uzhavar Sandhai ),Snakeguard,Snakeguard,Local,12/09/2026,4000,5000,4500
Tamil Nadu,Chengalpattu,Pallavaram(Uzhavar Sandhai ),Green Peas,Green Peas,Local,12/09/2026,14000,16000,15000
Tamil Nadu,Chengalpattu,Pallavaram(Uzhavar Sandhai ),Cluster beans,Cluster Beans,Local,12/09/2026,5000,6000,5500
Tamil Nadu,Chengalpattu,Pallavaram(Uzhavar Sandhai ),Amaranthus,Amaranthus,Local,12/09/2026,2500,3000,2750
Tamil Nadu,Chengalpattu,Pallavaram(Uzhavar Sandhai ),Green Chilli,Green Chilly,Local,12/09/2026,4000,5000,4500
Tamil Nadu,Chengalpattu,Pallavaram(Uzhavar Sandhai ),Green Avare(W),Green Avare (W),Local,12/09/2026,6000,7000,6500
Tamil Nadu,Chengalpattu,Pallavaram(Uzhavar Sandhai ),Chow Chow,Chow Chow,Local,12/09/2026,3500,4000,3750
Tamil Nadu,Nagercoil (Kannyiakumari),Myladi(Uzhavar Sandhai ),Cabbage,Cabbage,Local,12/09/2026,5000,5500,5250
Tamil Nadu,Nagercoil (Kannyiakumari),Myladi(Uzhavar Sandhai ),Tomato,Deshi,Local,12/09/2026,3000,3500,3250
Tamil Nadu,Nagercoil (Kannyiakumari),Myladi(Uzhavar Sandhai ),Bhindi(Ladies Finger),Bhindi,Local,12/09/2026,5500,6000,5750
Tamil Nadu,Nagercoil (Kannyiakumari),Myladi(Uzhavar Sandhai ),Beetroot,Beetroot,Local,12/09/2026,4500,5000,4750
Tamil Nadu,Nagercoil (Kannyiakumari),Myladi(Uzhavar Sandhai ),Pomegranate,Pomogranate,Local,12/09/2026,11000,12000,11500
Tamil Nadu,Nagercoil (Kannyiakumari),Myladi(Uzhavar Sandhai ),Onion Green,Onion Green,Local,12/09/2026,9000,10000,9500
Tamil Nadu,Chengalpattu,Jameenrayapettai(Uzhavar Sandhai ),Cabbage,Cabbage,Local,12/09/2026,2000,2500,2250
Tamil Nadu,Chengalpattu,Jameenrayapettai(Uzhavar Sandhai ),Banana,Red Banana,Local,12/09/2026,8000,9000,8500
Tamil Nadu,Chengalpattu,Jameenrayapettai(Uzhavar Sandhai ),Grapes,Annabesahai,Local,12/09/2026,12000,13000,12500
Tamil Nadu,Chengalpattu,Jameenrayapettai(Uzhavar Sandhai ),Brinjal,Round,Local,12/09/2026,3500,4000,3750
Tamil Nadu,Chengalpattu,Jameenrayapettai(Uzhavar Sandhai ),Coriander(Leaves),I Sort,Local,12/09/2026,5000,6000,5500
Tamil Nadu,Chengalpattu,Jameenrayapettai(Uzhavar Sandhai ),Mousambi(Sweet Lime),Mousambi,Local,12/09/2026,8000,9000,8500
Tamil Nadu,Chengalpattu,Jameenrayapettai(Uzhavar Sandhai ),Tomato,Local,Local,12/09/2026,2500,3000,2750
Tamil Nadu,Chengalpattu,Jameenrayapettai(Uzhavar Sandhai ),Cluster beans,Cluster Beans,Local,12/09/2026,5000,6000,5500
Tamil Nadu,Chengalpattu,Jameenrayapettai(Uzhavar Sandhai ),Ginger(Green),Green Ginger,Local,12/09/2026,15000,17000,16000
Tamil Nadu,Chengalpattu,Jameenrayapettai(Uzhavar Sandhai ),Chow Chow,Chow Chow,Local,12/09/2026,3500,4000,3750
Tamil Nadu,Chengalpattu,Jameenrayapettai(Uzhavar Sandhai ),Mango(Raw-Ripe),Mango - Raw-Ripe,Local,12/09/2026,6000,7000,6500
Tamil Nadu,Chengalpattu,Jameenrayapettai(Uzhavar Sandhai ),Knool Khol,Knool Khol,Local,12/09/2026,4000,5000,4500
Tamil Nadu,Chengalpattu,Jameenrayapettai(Uzhavar Sandhai ),Marigold(Calcutta),Marigold(Calcutta),Local,12/09/2026,21000,23000,22000
Tamil Nadu,Chengalpattu,Jameenrayapettai(Uzhavar Sandhai ),Yam(Ratalu),Yam (Ratalu),Local,12/09/2026,6000,7000,6500
Tamil Nadu,Chengalpattu,Jameenrayapettai(Uzhavar Sandhai ),Sweet Corn ,Sweet Corn ,Local,12/09/2026,4000,5000,4500
Tamil Nadu,Villupuram,Tindivanam APMC,Onion,Bellary,Local,12/09/2026,4800,4800,4800
Tamil Nadu,Villupuram,Tindivanam APMC,Potato,Red Nanital,Local,12/09/2026,3800,3800,3800
Tamil Nadu,Villupuram,Tindivanam APMC,Papaya,Papaya,Local,12/09/2026,4000,4000,4000
Tamil Nadu,Villupuram,Tindivanam APMC,Tomato,Deshi,Local,12/09/2026,2000,2000,2000
Tamil Nadu,Villupuram,Tindivanam APMC,Beetroot,Beetroot,Local,12/09/2026,4500,4500,4500
Tamil Nadu,Villupuram,Tindivanam APMC,Raddish,Raddish,Local,12/09/2026,3800,3800,3800
Tamil Nadu,Villupuram,Tindivanam APMC,Chow Chow,Chow Chow,Local,12/09/2026,4600,4600,4600
Tamil Nadu,Villupuram,Ulundurpettai APMC,Coriander(Leaves),I Sort,Local,12/09/2026,6000,6000,6000
Tamil Nadu,Villupuram,Ulundurpettai APMC,Cluster beans,Cluster Beans,Local,12/09/2026,5000,5000,5000
Tamil Nadu,Villupuram,Ulundurpettai APMC,Ashgourd,Gouard,Local,12/09/2026,2000,2000,2000
Tamil Nadu,Villupuram,Ulundurpettai APMC,Amaranthus,Amaranthus,Local,12/09/2026,2500,2500,2500
Tamil Nadu,Villupuram,Ulundurpettai APMC,Yam(Ratalu),Yam (Ratalu),Local,12/09/2026,3000,3000,3000
Tamil Nadu,Madurai,Chokkikulam(Uzhavar Sandhai ),Banana,Besrai,Local,12/09/2026,4000,5000,4500
Tamil Nadu,Madurai,Chokkikulam(Uzhavar Sandhai ),Pineapple,Pine Apple,Local,12/09/2026,6000,7000,6500
Tamil Nadu,Madurai,Chokkikulam(Uzhavar Sandhai ),Green Peas,Green Peas,Local,12/09/2026,13000,15000,14000
Tamil Nadu,Madurai,Chokkikulam(Uzhavar Sandhai ),Chikoos(Sapota),Sapota,Local,12/09/2026,4000,6000,5000
Tamil Nadu,Madurai,Chokkikulam(Uzhavar Sandhai ),Bitter gourd,Bitter Gourd,Local,12/09/2026,5500,7000,6250
Tamil Nadu,Madurai,Chokkikulam(Uzhavar Sandhai ),Bhindi(Ladies Finger),Bhindi,Local,12/09/2026,3600,4000,3800
Tamil Nadu,Madurai,Chokkikulam(Uzhavar Sandhai ),Thondekai,Thondekai,Local,12/09/2026,3000,4000,3500
Tamil Nadu,Madurai,Chokkikulam(Uzhavar Sandhai ),Mango(Raw-Ripe),Mango - Raw-Ripe,Local,12/09/2026,9000,10000,9500
Tamil Nadu,Madurai,Chokkikulam(Uzhavar Sandhai ),Yam(Ratalu),Yam (Ratalu),Local,12/09/2026,6500,7000,6750
Tamil Nadu,Madurai,Chokkikulam(Uzhavar Sandhai ),Mashrooms,Mashrooms,Local,12/09/2026,25000,30000,27500
Tamil Nadu,Erode,Thalavadi(Uzhavar Sandhai ),Onion,Bellary,Local,12/09/2026,5500,6000,5750
Tamil Nadu,Erode,Thalavadi(Uzhavar Sandhai ),Brinjal,Round,Local,12/09/2026,2600,3200,2900
Tamil Nadu,Erode,Thalavadi(Uzhavar Sandhai ),Tomato,Other,Local,12/09/2026,2000,2300,2150
Tamil Nadu,Erode,Thalavadi(Uzhavar Sandhai ),Bitter gourd,Other,Local,12/09/2026,4500,5000,4750
Tamil Nadu,Erode,Thalavadi(Uzhavar Sandhai ),Pumpkin,Pumpkin,Local,12/09/2026,800,1000,900
Tamil Nadu,Erode,Thalavadi(Uzhavar Sandhai ),Banana - Green,Banana - Green,Local,12/09/2026,3000,3500,3250
Tamil Nadu,Erode,Thalavadi(Uzhavar Sandhai ),Ridgeguard(Tori),Ridgeguard(Tori),Local,12/09/2026,3400,3800,3600
Tamil Nadu,Erode,Thalavadi(Uzhavar Sandhai ),Guava,Guava Allahabad,Local,12/09/2026,5500,6000,5750
Tamil Nadu,Erode,Thalavadi(Uzhavar Sandhai ),Lemon,Lemon,Local,12/09/2026,7500,8000,7750
Tamil Nadu,Cuddalore,Viruthachalam(Uzhavar Sandhai ),Onion,Bellary,Local,12/09/2026,5500,5500,5500
Tamil Nadu,Cuddalore,Viruthachalam(Uzhavar Sandhai ),Papaya,Papaya,Local,12/09/2026,4000,4500,4250
Tamil Nadu,Cuddalore,Viruthachalam(Uzhavar Sandhai ),Cluster beans,Cluster Beans,Local,12/09/2026,4000,4000,4000
Tamil Nadu,Cuddalore,Viruthachalam(Uzhavar Sandhai ),Snakeguard,Snakeguard,Local,12/09/2026,2500,2500,2500
Tamil Nadu,Cuddalore,Viruthachalam(Uzhavar Sandhai ),Onion Green,Onion Green,Local,12/09/2026,8000,8000,8000
Tamil Nadu,Krishnagiri,Krishnagiri(Uzhavar Sandhai ),Carrot,Pusakesar,Local,12/09/2026,7000,7500,7250
Tamil Nadu,Krishnagiri,Krishnagiri(Uzhavar Sandhai ),Snakeguard,Snakeguard,Local,12/09/2026,3000,3400,3200
Tamil Nadu,Krishnagiri,Krishnagiri(Uzhavar Sandhai ),Groundnut,Big (With Shell),Local,12/09/2026,6000,7000,6500
Tamil Nadu,Krishnagiri,Krishnagiri(Uzhavar Sandhai ),Onion,Bellary,Local,12/09/2026,5000,6000,5500
Tamil Nadu,Krishnagiri,Krishnagiri(Uzhavar Sandhai ),Potato,Red Nanital,Local,12/09/2026,2000,2600,2300
Tamil Nadu,Krishnagiri,Krishnagiri(Uzhavar Sandhai ),Tomato,Deshi,Local,12/09/2026,1500,2000,1750
Tamil Nadu,Krishnagiri,Krishnagiri(Uzhavar Sandhai ),Bitter gourd,Bitter Gourd,Local,12/09/2026,3000,3400,3200
Tamil Nadu,Krishnagiri,Krishnagiri(Uzhavar Sandhai ),Bhindi(Ladies Finger),Bhindi,Local,12/09/2026,2000,2400,2200
Tamil Nadu,Krishnagiri,Krishnagiri(Uzhavar Sandhai ),Green Chilli,Green Chilly,Local,12/09/2026,3000,3400,3200
Tamil Nadu,Krishnagiri,Krishnagiri(Uzhavar Sandhai ),Banana - Green,Banana - Green,Local,12/09/2026,2500,3000,2750
Tamil Nadu,Krishnagiri,Krishnagiri(Uzhavar Sandhai ),Knool Khol,Knool Khol,Local,12/09/2026,4000,5000,4500
Tamil Nadu,Krishnagiri,Krishnagiri(Uzhavar Sandhai ),Guava,Guava Allahabad,Local,12/09/2026,5000,6000,5500
Tamil Nadu,Krishnagiri,Krishnagiri(Uzhavar Sandhai ),Lemon,Lemon,Local,12/09/2026,18000,20000,19000
Tamil Nadu,Krishnagiri,Krishnagiri(Uzhavar Sandhai ),Mint(Pudina),Mint(Pudina),Local,12/09/2026,2000,2500,2250
Tamil Nadu,Nagapattinam,Nagapattinam(Uzhavar Sandhai ),Cabbage,Cabbage,Local,12/09/2026,4000,4500,4250
Tamil Nadu,Nagapattinam,Nagapattinam(Uzhavar Sandhai ),Papaya,Papaya,Local,12/09/2026,3900,3900,3900
Tamil Nadu,Nagapattinam,Nagapattinam(Uzhavar Sandhai ),Elephant Yam(Suran)/Amorphophallus,Elephant Yam (Suran),Local,12/09/2026,6100,6100,6100
Tamil Nadu,Nagapattinam,Nagapattinam(Uzhavar Sandhai ),Lemon,Lemon,Local,12/09/2026,11100,14000,12550
Tamil Nadu,Tenkasi,Sankarankoil(Uzhavar Sandhai ),Coconut,Coconut,Local,12/09/2026,6000,6000,6000
Tamil Nadu,Tenkasi,Sankarankoil(Uzhavar Sandhai ),Bitter gourd,Other,Local,12/09/2026,10000,10000,10000
Tamil Nadu,Tenkasi,Sankarankoil(Uzhavar Sandhai ),Ashgourd,Gouard,Local,12/09/2026,1500,1500,1500
Tamil Nadu,Tenkasi,Sankarankoil(Uzhavar Sandhai ),Pumpkin,Pumpkin,Local,12/09/2026,1500,1500,1500
Tamil Nadu,Tenkasi,Sankarankoil(Uzhavar Sandhai ),Ridgeguard(Tori),Ridgeguard(Tori),Local,12/09/2026,5000,5000,5000
Tamil Nadu,Tenkasi,Sankarankoil(Uzhavar Sandhai ),Raddish,Raddish,Local,12/09/2026,4000,4000,4000
Tamil Nadu,Tenkasi,Sankarankoil(Uzhavar Sandhai ),Mint(Pudina),Mint(Pudina),Local,12/09/2026,6500,6500,6500
Tamil Nadu,Tenkasi,Tenkasi(Uzhavar Sandhai ),Mango,Neelam,Local,12/09/2026,8000,8000,8000
Tamil Nadu,Tenkasi,Tenkasi(Uzhavar Sandhai ),Garlic,Garlic,Local,12/09/2026,16000,16000,16000
Tamil Nadu,Tenkasi,Tenkasi(Uzhavar Sandhai ),Coriander(Leaves),I Sort,Local,12/09/2026,2500,2500,2500
Tamil Nadu,Tenkasi,Tenkasi(Uzhavar Sandhai ),Tomato,Local,Local,12/09/2026,2000,2000,2000
Tamil Nadu,Tenkasi,Tenkasi(Uzhavar Sandhai ),Bitter gourd,Other,Local,12/09/2026,5000,5000,5000
Tamil Nadu,Tenkasi,Tenkasi(Uzhavar Sandhai ),Ashgourd,Gouard,Local,12/09/2026,1500,1500,1500
Tamil Nadu,Tenkasi,Tenkasi(Uzhavar Sandhai ),Cowpea(Veg),Cowpea (Veg),Local,12/09/2026,4000,4000,4000
Tamil Nadu,Tenkasi,Tenkasi(Uzhavar Sandhai ),Banana - Green,Banana - Green,Local,12/09/2026,2500,3000,2750
Tamil Nadu,Tenkasi,Tenkasi(Uzhavar Sandhai ),Beans,Beans (Whole),Local,12/09/2026,9000,10000,9500
Tamil Nadu,Tenkasi,Tenkasi(Uzhavar Sandhai ),Cucumbar(Kheera),Cucumbar,Local,12/09/2026,5000,5000,5000
Tamil Nadu,Tenkasi,Tenkasi(Uzhavar Sandhai ),Colacasia,Colacasia,Local,12/09/2026,5000,6000,5500
Tamil Nadu,Pudukkottai,Pudukottai(Uzhavar Sandhai ),Coconut,Coconut,Local,12/09/2026,3000,4000,3500
Tamil Nadu,Pudukkottai,Pudukottai(Uzhavar Sandhai ),Snakeguard,Snakeguard,Local,12/09/2026,3000,3500,3250
Tamil Nadu,Pudukkottai,Pudukottai(Uzhavar Sandhai ),Brinjal,Round,Local,12/09/2026,6000,7000,6500
Tamil Nadu,Pudukkottai,Pudukottai(Uzhavar Sandhai ),Coriander(Leaves),I Sort,Local,12/09/2026,4000,5000,4500
Tamil Nadu,Pudukkottai,Pudukottai(Uzhavar Sandhai ),Tomato,Deshi,Local,12/09/2026,2500,3000,2750
Tamil Nadu,Pudukkottai,Pudukottai(Uzhavar Sandhai ),Banana - Green,Banana - Green,Local,12/09/2026,2500,3000,2750
Tamil Nadu,Pudukkottai,Pudukottai(Uzhavar Sandhai ),Mango(Raw-Ripe),Mango - Raw-Ripe,Local,12/09/2026,9000,10000,9500
Tamil Nadu,Pudukkottai,Pudukottai(Uzhavar Sandhai ),Lime,Lime,Local,12/09/2026,1500,2000,1750
Tamil Nadu,Thanjavur,Kumbakonam (Uzhavar Sandhai ),Cabbage,Cabbage,Local,12/09/2026,3000,3000,3000
Tamil Nadu,Thanjavur,Kumbakonam (Uzhavar Sandhai ),Potato,Red Nanital,Local,12/09/2026,3000,3600,3300
Tamil Nadu,Thanjavur,Kumbakonam (Uzhavar Sandhai ),Papaya,Papaya,Local,12/09/2026,4000,4000,4000
Tamil Nadu,Thanjavur,Kumbakonam (Uzhavar Sandhai ),Ashgourd,Gouard,Local,12/09/2026,2400,2400,2400
Tamil Nadu,Thanjavur,Kumbakonam (Uzhavar Sandhai ),Beans,Beans (Whole),Local,12/09/2026,7800,9600,8700
Tamil Nadu,Thanjavur,Kumbakonam (Uzhavar Sandhai ),Green Avare(W),Green Avare (W),Local,12/09/2026,8400,9600,9000
Tamil Nadu,Thanjavur,Kumbakonam (Uzhavar Sandhai ),Amla(Nelli Kai),Amla,Local,12/09/2026,8000,8000,8000
Tamil Nadu,The Nilgiris,Udhagamandalam(Uzhavar Sandhai ),Ginger(Green),Green Ginger,Local,12/09/2026,14000,15000,14500
Tamil Nadu,The Nilgiris,Udhagamandalam(Uzhavar Sandhai ),Onion,Bellary,Local,12/09/2026,6000,6500,6250
Tamil Nadu,The Nilgiris,Udhagamandalam(Uzhavar Sandhai ),Cluster beans,Cluster Beans,Local,12/09/2026,3000,3500,3250
Tamil Nadu,The Nilgiris,Udhagamandalam(Uzhavar Sandhai ),Bottle gourd,Bottle Gourd,Local,12/09/2026,2500,3000,2750
Tamil Nadu,The Nilgiris,Udhagamandalam(Uzhavar Sandhai ),Ashgourd,Gouard,Local,12/09/2026,1500,2000,1750
Tamil Nadu,The Nilgiris,Udhagamandalam(Uzhavar Sandhai ),Beans,Beans (Whole),Local,12/09/2026,6000,7000,6500
Tamil Nadu,The Nilgiris,Udhagamandalam(Uzhavar Sandhai ),Guava,Guava Allahabad,Local,12/09/2026,7000,8000,7500
Tamil Nadu,Theni,Andipatti(Uzhavar Sandhai ),Coconut,Coconut,Local,12/09/2026,5400,5600,5500
Tamil Nadu,Theni,Andipatti(Uzhavar Sandhai ),Carrot,Pusakesar,Local,12/09/2026,5500,6000,5750
Tamil Nadu,Theni,Andipatti(Uzhavar Sandhai ),Garlic,Garlic,Local,12/09/2026,23500,24000,23750
Tamil Nadu,Theni,Andipatti(Uzhavar Sandhai ),Papaya,Papaya,Local,12/09/2026,3000,3500,3250
Tamil Nadu,Theni,Andipatti(Uzhavar Sandhai ),Pumpkin,Pumpkin,Local,12/09/2026,1600,1800,1700
Tamil Nadu,Theni,Andipatti(Uzhavar Sandhai ),Bhindi(Ladies Finger),Bhindi,Local,12/09/2026,3600,3800,3700
Tamil Nadu,Theni,Andipatti(Uzhavar Sandhai ),Lemon,Lemon,Local,12/09/2026,22500,23000,22750
Tamil Nadu,Theni,Andipatti(Uzhavar Sandhai ),Onion Green,Onion Green,Local,12/09/2026,7500,8000,7750
Tamil Nadu,Theni,Bodinayakanur(Uzhavar Sandhai ),Carrot,Pusakesar,Local,12/09/2026,4500,4500,4500
Tamil Nadu,Theni,Bodinayakanur(Uzhavar Sandhai ),Tomato,Deshi,Local,12/09/2026,2600,2600,2600
Tamil Nadu,Theni,Bodinayakanur(Uzhavar Sandhai ),Bottle gourd,Bottle Gourd,Local,12/09/2026,1500,1500,1500
Tamil Nadu,Theni,Bodinayakanur(Uzhavar Sandhai ),Drumstick,Drumstick,Local,12/09/2026,3600,3600,3600
Tamil Nadu,Theni,Bodinayakanur(Uzhavar Sandhai ),Lemon,Lemon,Local,12/09/2026,24000,24000,24000
Tamil Nadu,Thiruvarur,Needamangalam(Uzhavar Sandhai ),Tomato,Deshi,Local,12/09/2026,2600,2600,2600
Tamil Nadu,Thiruvarur,Needamangalam(Uzhavar Sandhai ),Amaranthus,Amaranthus,Local,12/09/2026,2000,2000,2000
Tamil Nadu,Thiruvarur,Needamangalam(Uzhavar Sandhai ),Green Chilli,Green Chilly,Local,12/09/2026,5000,5000,5000
Tamil Nadu,Thiruvarur,Needamangalam(Uzhavar Sandhai ),Onion Green,Onion Green,Local,12/09/2026,9000,9000,9000
Tamil Nadu,Thiruvarur,Tiruvarur(Uzhavar Sandhai ),Cluster beans,Cluster Beans,Local,12/09/2026,4000,4000,4000
Tamil Nadu,Thiruvarur,Tiruvarur(Uzhavar Sandhai ),Pumpkin,Pumpkin,Local,12/09/2026,2800,2800,2800
Tamil Nadu,Thiruvarur,Tiruvarur(Uzhavar Sandhai ),Banana - Green,Banana - Green,Local,12/09/2026,4000,4000,4000
Tamil Nadu,Thiruvarur,Tiruvarur(Uzhavar Sandhai ),Mango(Raw-Ripe),Mango - Raw-Ripe,Local,12/09/2026,9000,9000,9000
Tamil Nadu,Virudhunagar,Aruppukottai(Uzhavar Sandhai ),Cabbage,Cabbage,Local,12/09/2026,3000,3500,3250
Tamil Nadu,Virudhunagar,Aruppukottai(Uzhavar Sandhai ),Cauliflower,Ranchi,Local,12/09/2026,3500,4000,3750
Tamil Nadu,Virudhunagar,Aruppukottai(Uzhavar Sandhai ),Tomato,Deshi,Local,12/09/2026,2500,3000,2750
Tamil Nadu,Virudhunagar,Aruppukottai(Uzhavar Sandhai ),Green Chilli,Green Chilly,Local,12/09/2026,4500,5000,4750
Tamil Nadu,Virudhunagar,Aruppukottai(Uzhavar Sandhai ),Chow Chow,Chow Chow,Local,12/09/2026,3000,3500,3250
Tamil Nadu,Villupuram,Gingee(Uzhavar Sandhai ),Carrot,Pusakesar,Local,12/09/2026,5500,5500,5500
Tamil Nadu,Villupuram,Gingee(Uzhavar Sandhai ),Snakeguard,Snakeguard,Local,12/09/2026,3000,3000,3000
Tamil Nadu,Villupuram,Gingee(Uzhavar Sandhai ),Green Chilli,Green Chilly,Local,12/09/2026,5000,5000,5000
Tamil Nadu,Villupuram,Gingee(Uzhavar Sandhai ),Guava,Guava Allahabad,Local,12/09/2026,6000,7000,6500
Tamil Nadu,Villupuram,Gingee(Uzhavar Sandhai ),Yam(Ratalu),Yam (Ratalu),Local,12/09/2026,6000,6000,6000
Tamil Nadu,Thiruvarur,Valangaiman APMC,Bitter gourd,Bitter Gourd,Local,12/09/2026,6000,6000,6000
Tamil Nadu,Thiruvarur,Valangaiman APMC,Banana - Green,Banana - Green,Local,12/09/2026,4000,4000,4000
Tamil Nadu,Thiruvellore,Tiruthani(Uzhavar Sandhai ),Carrot,Pusakesar,Local,12/09/2026,6000,6000,6000
Tamil Nadu,Thiruvellore,Tiruthani(Uzhavar Sandhai ),Onion,Bellary,Local,12/09/2026,5500,5500,5500
Tamil Nadu,Thiruvellore,Tiruthani(Uzhavar Sandhai ),Brinjal,Round,Local,12/09/2026,4000,4000,4000
Tamil Nadu,Thiruvellore,Tiruthani(Uzhavar Sandhai ),Green Chilli,Green Chilly,Local,12/09/2026,6000,6000,6000
Tamil Nadu,Thiruvellore,Tiruthani(Uzhavar Sandhai ),Chow Chow,Chow Chow,Local,12/09/2026,4000,4000,4000
Tamil Nadu,Virudhunagar,Kariyapatti(Uzhavar Sandhai ),Banana,Besrai,Local,12/09/2026,3500,4000,3750
Tamil Nadu,Virudhunagar,Kariyapatti(Uzhavar Sandhai ),Brinjal,Round,Local,12/09/2026,3500,4000,3750
Tamil Nadu,Virudhunagar,Kariyapatti(Uzhavar Sandhai ),Snakeguard,Snakeguard,Local,12/09/2026,3500,4000,3750
Tamil Nadu,Virudhunagar,Kariyapatti(Uzhavar Sandhai ),Bottle gourd,Bottle Gourd,Local,12/09/2026,1800,2000,1900
Tamil Nadu,Virudhunagar,Kariyapatti(Uzhavar Sandhai ),Onion Green,Onion Green,Local,12/09/2026,7500,8000,7750
Tamil Nadu,Thiruvellore,Tiruvallur(Uzhavar Sandhai ),Coconut,Coconut,Local,12/09/2026,6000,6000,6000
Tamil Nadu,Thiruvellore,Tiruvallur(Uzhavar Sandhai ),Green Avare(W),Green Avare (W),Local,12/09/2026,6000,6000,6000
Tamil Nadu,Vellore,Katpadi (Uzhavar Sandhai ),Ginger(Green),Green Ginger,Local,12/09/2026,18000,18000,18000
Tamil Nadu,Vellore,Katpadi (Uzhavar Sandhai ),Apple,American,Local,12/09/2026,25000,25000,25000
Tamil Nadu,Vellore,Katpadi (Uzhavar Sandhai ),Banana,Besrai,Local,12/09/2026,5000,6000,5500
Tamil Nadu,Vellore,Katpadi (Uzhavar Sandhai ),Potato,Red Nanital,Local,12/09/2026,2500,3500,3000
Tamil Nadu,Vellore,Katpadi (Uzhavar Sandhai ),Cauliflower,Ranchi,Local,12/09/2026,2500,3000,2750
Tamil Nadu,Vellore,Katpadi (Uzhavar Sandhai ),Brinjal,Round,Local,12/09/2026,4500,5500,5000
Tamil Nadu,Vellore,Katpadi (Uzhavar Sandhai ),Mousambi(Sweet Lime),Mousambi,Local,12/09/2026,8000,8000,8000
Tamil Nadu,Vellore,Katpadi (Uzhavar Sandhai ),Bhindi(Ladies Finger),Bhindi,Local,12/09/2026,3000,3500,3250
Tamil Nadu,Vellore,Katpadi (Uzhavar Sandhai ),Drumstick,Drumstick,Local,12/09/2026,3000,3500,3250
Tamil Nadu,Vellore,Katpadi (Uzhavar Sandhai ),Elephant Yam(Suran)/Amorphophallus,Elephant Yam (Suran),Local,12/09/2026,5500,5500,5500
Tamil Nadu,Vellore,Katpadi (Uzhavar Sandhai ),Mint(Pudina),Mint(Pudina),Local,12/09/2026,3500,3500,3500
Tamil Nadu,Madurai,Thirumangalam(Uzhavar Sandhai ),Banana,Besrai,Local,12/09/2026,3000,4000,3500
Tamil Nadu,Madurai,Thirumangalam(Uzhavar Sandhai ),Brinjal,Round,Local,12/09/2026,3600,4200,3900
Tamil Nadu,Madurai,Thirumangalam(Uzhavar Sandhai ),Tomato,Deshi,Local,12/09/2026,2600,3000,2800
Tamil Nadu,Madurai,Thirumangalam(Uzhavar Sandhai ),Cluster beans,Cluster Beans,Local,12/09/2026,3000,3600,3300
Tamil Nadu,Madurai,Thirumangalam(Uzhavar Sandhai ),Green Chilli,Green Chilly,Local,12/09/2026,5000,6000,5500
Tamil Nadu,Madurai,Thirumangalam(Uzhavar Sandhai ),Raddish,Raddish,Local,12/09/2026,2400,2800,2600
Tamil Nadu,Madurai,Thirumangalam(Uzhavar Sandhai ),Guava,Guava Allahabad,Local,12/09/2026,6000,7000,6500
Tamil Nadu,Madurai,Thirumangalam(Uzhavar Sandhai ),Lemon,Lemon,Local,12/09/2026,22000,26000,24000
Tamil Nadu,Madurai,Thirumangalam(Uzhavar Sandhai ),Onion Green,Onion Green,Local,12/09/2026,8000,8500,8250
Tamil Nadu,Madurai,Melur(Uzhavar Sandhai ),Coconut,Coconut,Local,12/09/2026,6800,7000,6900
Tamil Nadu,Madurai,Melur(Uzhavar Sandhai ),Sweet Potato,Hosur Red,Local,12/09/2026,5500,6000,5750
Tamil Nadu,Madurai,Melur(Uzhavar Sandhai ),Banana,Besrai,Local,12/09/2026,4000,5000,4500
Tamil Nadu,Madurai,Melur(Uzhavar Sandhai ),Bottle gourd,Bottle Gourd,Local,12/09/2026,1600,2000,1800
Tamil Nadu,Madurai,Melur(Uzhavar Sandhai ),Green Chilli,Green Chilly,Local,12/09/2026,5000,6000,5500
Tamil Nadu,Madurai,Melur(Uzhavar Sandhai ),Ridgeguard(Tori),Ridgeguard(Tori),Local,12/09/2026,4500,5000,4750
Tamil Nadu,Madurai,Melur(Uzhavar Sandhai ),Onion Green,Onion Green,Local,12/09/2026,8000,8500,8250
Tamil Nadu,Salem,Vazhapadi(Uzhavar Sandhai),Cabbage,Cabbage,Local,12/09/2026,2400,3000,2700
Tamil Nadu,Salem,Vazhapadi(Uzhavar Sandhai),Snakeguard,Snakeguard,Local,12/09/2026,2800,3000,2900
Tamil Nadu,Salem,Vazhapadi(Uzhavar Sandhai),Pumpkin,Pumpkin,Local,12/09/2026,1800,2000,1900
Tamil Nadu,Salem,Vazhapadi(Uzhavar Sandhai),Tamarind Fruit,Tamarind Fruit,Local,12/09/2026,13000,15000,14000
Tamil Nadu,Salem,Vazhapadi(Uzhavar Sandhai),Lemon,Lemon,Local,12/09/2026,8000,9000,8500
Tamil Nadu,Salem,Vazhapadi(Uzhavar Sandhai),Onion Green,Onion Green,Local,12/09/2026,5900,6500,6200
Tamil Nadu,Karur,Gandhigramam(Uzhavar Sandhai),Ginger(Green),Green Ginger,Local,12/09/2026,17000,19000,18000
Tamil Nadu,Karur,Gandhigramam(Uzhavar Sandhai),Snakeguard,Snakeguard,Local,12/09/2026,3000,3500,3250
Tamil Nadu,Karur,Gandhigramam(Uzhavar Sandhai),Coriander(Leaves),I Sort,Local,12/09/2026,5500,6000,5750
Tamil Nadu,Karur,Gandhigramam(Uzhavar Sandhai),Papaya,Papaya,Local,12/09/2026,4000,4500,4250
Tamil Nadu,Karur,Gandhigramam(Uzhavar Sandhai),Bottle gourd,Bottle Gourd,Local,12/09/2026,2500,3000,2750
Tamil Nadu,Karur,Gandhigramam(Uzhavar Sandhai),Bhindi(Ladies Finger),Bhindi,Local,12/09/2026,3000,3500,3250
Tamil Nadu,Karur,Gandhigramam(Uzhavar Sandhai),Green Chilli,Green Chilly,Local,12/09/2026,5000,6000,5500
Tamil Nadu,Karur,Gandhigramam(Uzhavar Sandhai),Tapioca,Tapioca,Local,12/09/2026,3000,3500,3250
Tamil Nadu,Karur,Gandhigramam(Uzhavar Sandhai),Drumstick,Drumstick,Local,12/09/2026,2500,3000,2750
Tamil Nadu,Karur,Gandhigramam(Uzhavar Sandhai),Elephant Yam(Suran)/Amorphophallus,Elephant Yam (Suran),Local,12/09/2026,4000,5000,4500
Tamil Nadu,Pudukkottai,Aranthangi(Uzhavar Sandhai ),Brinjal,Other,Local,12/09/2026,5000,6000,5500
Tamil Nadu,Pudukkottai,Aranthangi(Uzhavar Sandhai ),Coriander(Leaves),I Sort,Local,12/09/2026,4500,5000,4750
Tamil Nadu,Nagapattinam,Vedaranyam(Uzhavar Sandhai),Ginger(Green),Green Ginger,Local,12/09/2026,15000,15000,15000
Tamil Nadu,Nagapattinam,Vedaranyam(Uzhavar Sandhai),Banana,Poovan,Local,12/09/2026,4200,4200,4200
Tamil Nadu,Nagapattinam,Vedaranyam(Uzhavar Sandhai),Onion,Bellary,Local,12/09/2026,3200,4000,3600
Tamil Nadu,Nagapattinam,Vedaranyam(Uzhavar Sandhai),Brinjal,Round,Local,12/09/2026,4500,5500,5000
Tamil Nadu,Nagapattinam,Vedaranyam(Uzhavar Sandhai),Coriander(Leaves),I Sort,Local,12/09/2026,4500,4500,4500
Tamil Nadu,Nagapattinam,Vedaranyam(Uzhavar Sandhai),Tomato,Deshi,Local,12/09/2026,3500,4000,3750
Tamil Nadu,Nagapattinam,Vedaranyam(Uzhavar Sandhai),Bottle gourd,Bottle Gourd,Local,12/09/2026,2800,2800,2800
Tamil Nadu,Nagapattinam,Vedaranyam(Uzhavar Sandhai),Green Chilli,Green Chilly,Local,12/09/2026,4000,4500,4250
Tamil Nadu,Nagapattinam,Vedaranyam(Uzhavar Sandhai),Drumstick,Drumstick,Local,12/09/2026,3500,4000,3750
Tamil Nadu,Vellore,Perampet(Uzhavar Sandhai),Cabbage,Cabbage,Local,12/09/2026,3000,3000,3000
Tamil Nadu,Vellore,Perampet(Uzhavar Sandhai),Bitter gourd,Bitter Gourd,Local,12/09/2026,4000,4000,4000
Tamil Nadu,Vellore,Perampet(Uzhavar Sandhai),Ashgourd,Gouard,Local,12/09/2026,2400,2400,2400
Tamil Nadu,Vellore,Perampet(Uzhavar Sandhai),Ginger(Green),Green Ginger,Local,12/09/2026,19000,19000,19000
Tamil Nadu,Vellore,Perampet(Uzhavar Sandhai),Cucumbar(Kheera),Cucumbar,Local,12/09/2026,4500,4500,4500
Tamil Nadu,Vellore,Perampet(Uzhavar Sandhai),Raddish,Raddish,Local,12/09/2026,2400,2400,2400
Tamil Nadu,Vellore,Perampet(Uzhavar Sandhai),Lemon,Lemon,Local,12/09/2026,13000,13000,13000
Tamil Nadu,Vellore,Perampet(Uzhavar Sandhai),Onion Green,Onion Green,Local,12/09/2026,10000,10000,10000
Tamil Nadu,Vellore,Perampet(Uzhavar Sandhai),Sweet Corn ,Sweet Corn ,Local,12/09/2026,2500,2500,2500
Tamil Nadu,Karur,Kulithalai(Uzhavar Sandhai ),Mango,Neelam,Local,12/09/2026,5000,6000,5500
Tamil Nadu,Karur,Kulithalai(Uzhavar Sandhai ),Bitter gourd,Other,Local,12/09/2026,5600,6000,5800
Tamil Nadu,Karur,Kulithalai(Uzhavar Sandhai ),Bottle gourd,Bottle Gourd,Local,12/09/2026,1500,2000,1750
Tamil Nadu,Karur,Kulithalai(Uzhavar Sandhai ),Ashgourd,Gouard,Local,12/09/2026,2500,3000,2750
Tamil Nadu,Karur,Kulithalai(Uzhavar Sandhai ),Bhindi(Ladies Finger),Bhindi,Local,12/09/2026,3000,3600,3300
Tamil Nadu,Karur,Kulithalai(Uzhavar Sandhai ),Snakeguard,Snakeguard,Local,12/09/2026,3000,3600,3300
Tamil Nadu,Karur,Kulithalai(Uzhavar Sandhai ),Beetroot,Beetroot,Local,12/09/2026,3600,4000,3800
Tamil Nadu,Karur,Kulithalai(Uzhavar Sandhai ),Chow Chow,Chow Chow,Local,12/09/2026,2800,3200,3000
Tamil Nadu,Chengalpattu,Guduvancheri(Uzhavar Sandhai ),Cabbage,Cabbage,Local,12/09/2026,2000,2500,2250
Tamil Nadu,Chengalpattu,Guduvancheri(Uzhavar Sandhai ),Banana,Red Banana,Local,12/09/2026,8000,9000,8500
Tamil Nadu,Chengalpattu,Guduvancheri(Uzhavar Sandhai ),Bitter gourd,Other,Local,12/09/2026,6000,7000,6500
Tamil Nadu,Chengalpattu,Guduvancheri(Uzhavar Sandhai ),Tapioca,Tapioca,Local,12/09/2026,3500,4000,3750
Tamil Nadu,Chengalpattu,Guduvancheri(Uzhavar Sandhai ),Drumstick,Drumstick,Local,12/09/2026,6000,7000,6500
Tamil Nadu,Chengalpattu,Guduvancheri(Uzhavar Sandhai ),Knool Khol,Knool Khol,Local,12/09/2026,4000,5000,4500
Tamil Nadu,Chengalpattu,Guduvancheri(Uzhavar Sandhai ),Pomegranate,Pomogranate,Local,12/09/2026,19000,22000,20500
Tamil Nadu,Chengalpattu,Guduvancheri(Uzhavar Sandhai ),Tender Coconut,Tender Coconut,Local,12/09/2026,2500,3000,2750
Tamil Nadu,Chengalpattu,Guduvancheri(Uzhavar Sandhai ),Marigold(Calcutta),Marigold(Calcutta),Local,12/09/2026,26000,28000,27000
Tamil Nadu,Chengalpattu,Guduvancheri(Uzhavar Sandhai ),Mint(Pudina),Mint(Pudina),Local,12/09/2026,3500,4000,3750
Tamil Nadu,Chengalpattu,Guduvancheri(Uzhavar Sandhai ),Tube Rose(Loose),Tube Rose (Loose),Local,12/09/2026,22000,24000,23000
Tamil Nadu,Chengalpattu,Guduvancheri(Uzhavar Sandhai ),Sweet Corn ,Sweet Corn ,Local,12/09/2026,4000,5000,4500
Tamil Nadu,Thirupur,Dharapuram(Uzhavar Sandhai ),Banana,Besrai,Local,12/09/2026,4500,5000,4750
Tamil Nadu,Thirupur,Dharapuram(Uzhavar Sandhai ),Onion,Bellary,Local,12/09/2026,6000,6400,6200
Tamil Nadu,Thirupur,Dharapuram(Uzhavar Sandhai ),Potato,Other,Local,12/09/2026,5500,6000,5750
Tamil Nadu,Thirupur,Dharapuram(Uzhavar Sandhai ),Cauliflower,Ranchi,Local,12/09/2026,3000,3500,3250
Tamil Nadu,Thirupur,Dharapuram(Uzhavar Sandhai ),Coriander(Leaves),I Sort,Local,12/09/2026,3500,4000,3750
Tamil Nadu,Thirupur,Dharapuram(Uzhavar Sandhai ),Papaya,Papaya,Local,12/09/2026,2500,3000,2750
Tamil Nadu,Thirupur,Dharapuram(Uzhavar Sandhai ),Banana - Green,Banana - Green,Local,12/09/2026,3000,3500,3250
Tamil Nadu,Thirupur,Dharapuram(Uzhavar Sandhai ),Ginger(Green),Green Ginger,Local,12/09/2026,17000,19000,18000
Tamil Nadu,Thirupur,Dharapuram(Uzhavar Sandhai ),Ridgeguard(Tori),Ridgeguard(Tori),Local,12/09/2026,5000,5500,5250
Tamil Nadu,Thirupur,Dharapuram(Uzhavar Sandhai ),Green Avare(W),Green Avare (W),Local,12/09/2026,6500,7000,6750
Tamil Nadu,Thirupur,Dharapuram(Uzhavar Sandhai ),Onion Green,Onion Green,Local,12/09/2026,7000,8000,7500
Tamil Nadu,Thirupur,Palladam(Uzhavar Sandhai ),Ginger(Green),Green Ginger,Local,12/09/2026,15000,16000,15500
Tamil Nadu,Thirupur,Palladam(Uzhavar Sandhai ),Beetroot,Beetroot,Local,12/09/2026,2500,3000,2750
Tamil Nadu,Thirupur,Palladam(Uzhavar Sandhai ),Cabbage,Cabbage,Local,12/09/2026,2500,3000,2750
Tamil Nadu,Thirupur,Palladam(Uzhavar Sandhai ),Snakeguard,Snakeguard,Local,12/09/2026,3500,4000,3750
Tamil Nadu,Thirupur,Palladam(Uzhavar Sandhai ),Ashgourd,Gouard,Local,12/09/2026,1500,2000,1750
Tamil Nadu,Thirupur,Palladam(Uzhavar Sandhai ),Raddish,Raddish,Local,12/09/2026,2500,3000,2750
Tamil Nadu,Thirupur,Palladam(Uzhavar Sandhai ),Mint(Pudina),Mint(Pudina),Local,12/09/2026,2500,3000,2750
Tamil Nadu,Kallakuruchi,Kallakurichi(Uzhavar Sandhai ),Snakeguard,Snakeguard,Local,12/09/2026,4000,4000,4000
Tamil Nadu,Kallakuruchi,Kallakurichi(Uzhavar Sandhai ),Banana,Red Banana,Local,12/09/2026,7000,7000,7000
Tamil Nadu,Kallakuruchi,Kallakurichi(Uzhavar Sandhai ),Potato,Red Nanital,Local,12/09/2026,4000,4000,4000
Tamil Nadu,Kallakuruchi,Kallakurichi(Uzhavar Sandhai ),Water Melon,Water Melon,Local,12/09/2026,2000,2000,2000
Tamil Nadu,Kallakuruchi,Kallakurichi(Uzhavar Sandhai ),Tomato,Deshi,Local,12/09/2026,3000,3000,3000
Tamil Nadu,Kallakuruchi,Kallakurichi(Uzhavar Sandhai ),Ashgourd,Gouard,Local,12/09/2026,2000,2000,2000
Tamil Nadu,Kallakuruchi,Kallakurichi(Uzhavar Sandhai ),Bhindi(Ladies Finger),Bhindi,Local,12/09/2026,3000,3000,3000
Tamil Nadu,Kallakuruchi,Kallakurichi(Uzhavar Sandhai ),Amaranthus,Amaranthus,Local,12/09/2026,3000,3000,3000
Tamil Nadu,Kallakuruchi,Kallakurichi(Uzhavar Sandhai ),Green Chilli,Green Chilly,Local,12/09/2026,5000,5000,5000
Tamil Nadu,Kallakuruchi,Kallakurichi(Uzhavar Sandhai ),Ridgeguard(Tori),Ridgeguard(Tori),Local,12/09/2026,4000,4000,4000
Tamil Nadu,Kallakuruchi,Kallakurichi(Uzhavar Sandhai ),Drumstick,Drumstick,Local,12/09/2026,5000,5000,5000
Tamil Nadu,Kallakuruchi,Kallakurichi(Uzhavar Sandhai ),Colacasia,Colacasia,Local,12/09/2026,4000,4000,4000
Tamil Nadu,Kallakuruchi,Kallakurichi(Uzhavar Sandhai ),Amla(Nelli Kai),Amla,Local,12/09/2026,10000,10000,10000
Tamil Nadu,Kallakuruchi,Kallakurichi(Uzhavar Sandhai ),Rose(Local),Rose (Local),Local,12/09/2026,40000,40000,40000
Tamil Nadu,Thirupathur,Natrampalli(Uzhavar Sandhai ),Potato,Red Nanital,Local,12/09/2026,3000,3500,3250
Tamil Nadu,Thirupathur,Natrampalli(Uzhavar Sandhai ),Garlic,Garlic,Local,12/09/2026,20000,25000,22500
Tamil Nadu,Thirupathur,Natrampalli(Uzhavar Sandhai ),Drumstick,Drumstick,Local,12/09/2026,3000,4000,3500
Tamil Nadu,Thirupathur,Natrampalli(Uzhavar Sandhai ),Mint(Pudina),Mint(Pudina),Local,12/09/2026,3000,4000,3500
Tamil Nadu,Salem,Athur(Uzhavar Sandhai ),Banana,Red Banana,Local,12/09/2026,7000,7500,7250
Tamil Nadu,Salem,Athur(Uzhavar Sandhai ),Coriander(Leaves),I Sort,Local,12/09/2026,2500,3000,2750
Tamil Nadu,Salem,Athur(Uzhavar Sandhai ),Papaya,Papaya,Local,12/09/2026,3500,4000,3750
Tamil Nadu,Salem,Athur(Uzhavar Sandhai ),Water Melon,Water Melon,Local,12/09/2026,1500,2000,1750
Tamil Nadu,Salem,Athur(Uzhavar Sandhai ),Green Chilli,Green Chilly,Local,12/09/2026,3500,4000,3750
Tamil Nadu,Salem,Athur(Uzhavar Sandhai ),Ginger(Green),Green Ginger,Local,12/09/2026,17000,18000,17500
Tamil Nadu,Salem,Athur(Uzhavar Sandhai ),Capsicum,Capsicum,Local,12/09/2026,7000,7500,7250
Tamil Nadu,Salem,Athur(Uzhavar Sandhai ),Drumstick,Drumstick,Local,12/09/2026,3500,4000,3750
Tamil Nadu,Theni,Periyakulam(Uzhavar Sandhai ),Ginger(Green),Green Ginger,Local,12/09/2026,7500,15000,11250
Tamil Nadu,Theni,Periyakulam(Uzhavar Sandhai ),Banana,Karpura,Local,12/09/2026,5000,6000,5500
Tamil Nadu,Theni,Periyakulam(Uzhavar Sandhai ),Onion,Bellary,Local,12/09/2026,6000,6400,6200
Tamil Nadu,Theni,Periyakulam(Uzhavar Sandhai ),Coriander(Leaves),I Sort,Local,12/09/2026,2500,2500,2500
Tamil Nadu,Theni,Periyakulam(Uzhavar Sandhai ),Tomato,Other,Local,12/09/2026,2000,2500,2250
Tamil Nadu,Theni,Periyakulam(Uzhavar Sandhai ),Beans,Beans (Whole),Local,12/09/2026,11500,11500,11500
Tamil Nadu,Theni,Periyakulam(Uzhavar Sandhai ),Raddish,Raddish,Local,12/09/2026,2400,2400,2400
Tamil Nadu,Theni,Periyakulam(Uzhavar Sandhai ),Yam(Ratalu),Yam (Ratalu),Local,12/09/2026,6000,6000,6000
Tamil Nadu,Virudhunagar,Srivilliputhur(Uzhavar Sandhai ),Onion,Bellary,Local,12/09/2026,5000,6000,5500
Tamil Nadu,Virudhunagar,Srivilliputhur(Uzhavar Sandhai ),Bottle gourd,Bottle Gourd,Local,12/09/2026,1700,2000,1850
Tamil Nadu,Virudhunagar,Srivilliputhur(Uzhavar Sandhai ),Green Avare(W),Green Avare (W),Local,12/09/2026,7000,8000,7500
Tamil Nadu,Virudhunagar,Srivilliputhur(Uzhavar Sandhai ),Onion Green,Onion Green,Local,12/09/2026,7000,8000,7500
Tamil Nadu,Virudhunagar,Srivilliputhur(Uzhavar Sandhai ),Mint(Pudina),Mint(Pudina),Local,12/09/2026,4500,5000,4750
Tamil Nadu,Coimbatore,Vadavalli(Uzhavar Sandhai ),Sweet Potato,Hosur Red,Local,12/09/2026,5000,5500,5250
Tamil Nadu,Coimbatore,Vadavalli(Uzhavar Sandhai ),Onion,Bellary,Local,12/09/2026,5400,5700,5550
Tamil Nadu,Coimbatore,Vadavalli(Uzhavar Sandhai ),Brinjal,Other,Local,12/09/2026,3000,3600,3300
Tamil Nadu,Coimbatore,Vadavalli(Uzhavar Sandhai ),Snakeguard,Snakeguard,Local,12/09/2026,2500,3000,2750
Tamil Nadu,Coimbatore,Vadavalli(Uzhavar Sandhai ),Mousambi(Sweet Lime),Mousambi,Local,12/09/2026,4000,5000,4500
Tamil Nadu,Coimbatore,Vadavalli(Uzhavar Sandhai ),Onion Green,Onion Green,Local,12/09/2026,8000,8800,8400
Tamil Nadu,Dindigul,Vedasanthur(Uzhavar Sandhai ),Bitter gourd,Other,Local,12/09/2026,4000,4800,4400
Tamil Nadu,Coimbatore,Udumalpet APMC,Banana,Other,Local,12/09/2026,6000,7000,6500
Tamil Nadu,Coimbatore,Udumalpet APMC,Bitter gourd,Bitter Gourd,Local,12/09/2026,5500,6500,6000
Tamil Nadu,Coimbatore,Udumalpet APMC,Snakeguard,Snakeguard,Local,12/09/2026,3000,4000,3500
Tamil Nadu,Coimbatore,Udumalpet APMC,Amaranthus,Amaranthus,Local,12/09/2026,2500,3000,2750
Tamil Nadu,Coimbatore,Udumalpet APMC,Beetroot,Beetroot,Local,12/09/2026,4000,7000,5500
Tamil Nadu,Coimbatore,Udumalpet APMC,Capsicum,Capsicum,Local,12/09/2026,8000,9000,8500
Tamil Nadu,Coimbatore,Udumalpet APMC,Chow Chow,Chow Chow,Local,12/09/2026,4000,4500,4250
Tamil Nadu,Coimbatore,Udumalpet APMC,Pomegranate,Pomogranate,Local,12/09/2026,13000,14000,13500
Tamil Nadu,Coimbatore,Udumalpet APMC,Elephant Yam(Suran)/Amorphophallus,Elephant Yam (Suran),Local,12/09/2026,6000,7000,6500
Tamil Nadu,Coimbatore,Udumalpet APMC,Sweet Corn ,Sweet Corn ,Local,12/09/2026,4000,4500,4250
Tamil Nadu,Erode,Gobichettipalayam(Uzhavar Sandhai ),Cabbage,Cabbage,Local,12/09/2026,2000,2400,2200
Tamil Nadu,Erode,Gobichettipalayam(Uzhavar Sandhai ),Coriander(Leaves),I Sort,Local,12/09/2026,6400,6600,6500
Tamil Nadu,Erode,Gobichettipalayam(Uzhavar Sandhai ),Tomato,Deshi,Local,12/09/2026,2500,2800,2650
Tamil Nadu,Erode,Gobichettipalayam(Uzhavar Sandhai ),Lemon,Lemon,Local,12/09/2026,15000,15500,15250
Tamil Nadu,Erode,Gobichettipalayam(Uzhavar Sandhai ),Mint(Pudina),Mint(Pudina),Local,12/09/2026,3800,4000,3900
Tamil Nadu,Erode,Sampath Nagar(Uzhavar Sandhai ),Coconut,Coconut,Local,12/09/2026,5000,5400,5200
Tamil Nadu,Erode,Sampath Nagar(Uzhavar Sandhai ),Apple,American,Local,12/09/2026,19000,20000,19500
Tamil Nadu,Erode,Sampath Nagar(Uzhavar Sandhai ),Onion,Bellary,Local,12/09/2026,6600,7000,6800
Tamil Nadu,Erode,Sampath Nagar(Uzhavar Sandhai ),Water Melon,Water Melon,Local,12/09/2026,1000,1500,1250
Tamil Nadu,Erode,Sampath Nagar(Uzhavar Sandhai ),Tomato,Other,Local,12/09/2026,2500,2800,2650
Tamil Nadu,Erode,Sampath Nagar(Uzhavar Sandhai ),Cowpea(Veg),Cowpea (Veg),Local,12/09/2026,3000,3500,3250
Tamil Nadu,Erode,Sampath Nagar(Uzhavar Sandhai ),Capsicum,Capsicum,Local,12/09/2026,4200,4600,4400
Tamil Nadu,Erode,Sampath Nagar(Uzhavar Sandhai ),Tender Coconut,Tender Coconut,Local,12/09/2026,3000,4000,3500
Tamil Nadu,Erode,Sampath Nagar(Uzhavar Sandhai ),Elephant Yam(Suran)/Amorphophallus,Elephant Yam (Suran),Local,12/09/2026,3200,3600,3400
Tamil Nadu,Erode,Sampath Nagar(Uzhavar Sandhai ),Lemon,Lemon,Local,12/09/2026,26000,27000,26500
Tamil Nadu,Erode,Sampath Nagar(Uzhavar Sandhai ),Onion Green,Onion Green,Local,12/09/2026,6000,7000,6500
Tamil Nadu,Erode,Sampath Nagar(Uzhavar Sandhai ),Mint(Pudina),Mint(Pudina),Local,12/09/2026,3500,4000,3750
Tamil Nadu,Vellore,Pallikonda(Uzhavar Sandhai),Carrot,Pusakesar,Local,12/09/2026,4000,4500,4250
Tamil Nadu,Vellore,Pallikonda(Uzhavar Sandhai),Coriander(Leaves),I Sort,Local,12/09/2026,3500,3500,3500
Tamil Nadu,Vellore,Pallikonda(Uzhavar Sandhai),Tomato,Deshi,Local,12/09/2026,2200,2500,2350
Tamil Nadu,Vellore,Pallikonda(Uzhavar Sandhai),Cluster beans,Cluster Beans,Local,12/09/2026,3000,3000,3000
Tamil Nadu,Vellore,Pallikonda(Uzhavar Sandhai),Bitter gourd,Bitter Gourd,Local,12/09/2026,4500,4500,4500
Tamil Nadu,Vellore,Pallikonda(Uzhavar Sandhai),Pumpkin,Pumpkin,Local,12/09/2026,2500,3000,2750
Tamil Nadu,Vellore,Pallikonda(Uzhavar Sandhai),Banana - Green,Banana - Green,Local,12/09/2026,2500,3000,2750
Tamil Nadu,Pudukkottai,Ponnamaravathi(Uzhavar Sandhai),Bhindi(Ladies Finger),Bhindi,Local,12/09/2026,2500,3000,2750
Tamil Nadu,Pudukkottai,Ponnamaravathi(Uzhavar Sandhai),Green Chilli,Green Chilly,Local,12/09/2026,4500,5000,4750
Tamil Nadu,Pudukkottai,Ponnamaravathi(Uzhavar Sandhai),Ridgeguard(Tori),Ridgeguard(Tori),Local,12/09/2026,5500,6000,5750
Tamil Nadu,Pudukkottai,Ponnamaravathi(Uzhavar Sandhai),Green Avare(W),Green Avare (W),Local,12/09/2026,6500,7000,6750
Tamil Nadu,Pudukkottai,Ponnamaravathi(Uzhavar Sandhai),Lime,Lime,Local,12/09/2026,1500,2000,1750
Tamil Nadu,Nagapattinam,Mayiladuthurai(Uzhavar Sandhai ),Onion,Bellary,Local,12/09/2026,5500,6000,5750
Tamil Nadu,Nagapattinam,Mayiladuthurai(Uzhavar Sandhai ),Potato,Red Nanital,Local,12/09/2026,3000,3000,3000
Tamil Nadu,Nagapattinam,Mayiladuthurai(Uzhavar Sandhai ),Bottle gourd,Bottle Gourd,Local,12/09/2026,2500,3000,2750
Tamil Nadu,Nagapattinam,Mayiladuthurai(Uzhavar Sandhai ),Tender Coconut,Tender Coconut,Local,12/09/2026,2000,2500,2250
Tamil Nadu,Nagapattinam,Mayiladuthurai(Uzhavar Sandhai ),Yam(Ratalu),Yam (Ratalu),Local,12/09/2026,8000,9000,8500
Tamil Nadu,Pudukkottai,Viralimalai(Uzhavar Sandhai ),Tomato,Deshi,Local,12/09/2026,2500,3000,2750
Tamil Nadu,Pudukkottai,Viralimalai(Uzhavar Sandhai ),Banana - Green,Banana - Green,Local,12/09/2026,2500,3000,2750
Tamil Nadu,Pudukkottai,Viralimalai(Uzhavar Sandhai ),Guava,Guava Allahabad,Local,12/09/2026,7500,8000,7750
Tamil Nadu,Pudukkottai,Viralimalai(Uzhavar Sandhai ),Mint(Pudina),Mint(Pudina),Local,12/09/2026,4500,5000,4750
Tamil Nadu,Ramanathapuram,Paramakudi(Uzhavar Sandhai ),Coconut,Coconut,Local,12/09/2026,6800,7000,6900
Tamil Nadu,Ramanathapuram,Paramakudi(Uzhavar Sandhai ),Banana,Besrai,Local,12/09/2026,4500,5000,4750
Tamil Nadu,Ramanathapuram,Paramakudi(Uzhavar Sandhai ),Brinjal,Round,Local,12/09/2026,6000,6500,6250
Tamil Nadu,Ramanathapuram,Paramakudi(Uzhavar Sandhai ),Bhindi(Ladies Finger),Bhindi,Local,12/09/2026,5000,5500,5250
Tamil Nadu,Ramanathapuram,Ramanathapuram(Uzhavar Sandhai ),Brinjal,Round,Local,12/09/2026,5500,6000,5750
Tamil Nadu,Ramanathapuram,Ramanathapuram(Uzhavar Sandhai ),Coriander(Leaves),I Sort,Local,12/09/2026,6000,6500,6250
Tamil Nadu,Ramanathapuram,Ramanathapuram(Uzhavar Sandhai ),Amaranthus,Amaranthus,Local,12/09/2026,3500,4000,3750
Tamil Nadu,Ramanathapuram,Ramanathapuram(Uzhavar Sandhai ),Banana - Green,Banana - Green,Local,12/09/2026,3000,3500,3250
Tamil Nadu,Ramanathapuram,Ramanathapuram(Uzhavar Sandhai ),Ridgeguard(Tori),Ridgeguard(Tori),Local,12/09/2026,5500,6000,5750
Tamil Nadu,Ramanathapuram,Ramanathapuram(Uzhavar Sandhai ),Raddish,Raddish,Local,12/09/2026,3500,4000,3750
Tamil Nadu,Ramanathapuram,Ramanathapuram(Uzhavar Sandhai ),Green Avare(W),Green Avare (W),Local,12/09/2026,7000,8000,7500
Tamil Nadu,Ramanathapuram,Ramanathapuram(Uzhavar Sandhai ),Chow Chow,Chow Chow,Local,12/09/2026,4000,4200,4100
Tamil Nadu,Ramanathapuram,Ramanathapuram(Uzhavar Sandhai ),Tube Flower,Tube Flower,Local,12/09/2026,70000,75000,72500
Tamil Nadu,Ramanathapuram,Ramanathapuram(Uzhavar Sandhai ),Yam(Ratalu),Yam (Ratalu),Local,12/09/2026,6500,7000,6750
Tamil Nadu,Ramanathapuram,Ramanathapuram(Uzhavar Sandhai ),Onion Green,Onion Green,Local,12/09/2026,8500,9000,8750
Tamil Nadu,Pudukkottai,Alangudi(Uzhavar Sandhai ),Brinjal,Other,Local,12/09/2026,5500,6000,5750
Tamil Nadu,Pudukkottai,Alangudi(Uzhavar Sandhai ),Bitter gourd,Other,Local,12/09/2026,6000,7000,6500
Tamil Nadu,Pudukkottai,Alangudi(Uzhavar Sandhai ),Bottle gourd,Bottle Gourd,Local,12/09/2026,2000,2500,2250
Tamil Nadu,Pudukkottai,Alangudi(Uzhavar Sandhai ),Ashgourd,Gouard,Local,12/09/2026,1000,1500,1250
Tamil Nadu,Pudukkottai,Alangudi(Uzhavar Sandhai ),Ridgeguard(Tori),Ridgeguard(Tori),Local,12/09/2026,5500,6000,5750
Tamil Nadu,Pudukkottai,Alangudi(Uzhavar Sandhai ),Raddish,Raddish,Local,12/09/2026,3500,4000,3750
Tamil Nadu,Pudukkottai,Alangudi(Uzhavar Sandhai ),Drumstick,Drumstick,Local,12/09/2026,4500,5000,4750
Tamil Nadu,Thiruvannamalai,Arani(Uzhavar Sandhai ),Ginger(Green),Green Ginger,Local,12/09/2026,16000,20000,18000
Tamil Nadu,Thiruvannamalai,Arani(Uzhavar Sandhai ),Coconut,Coconut,Local,12/09/2026,4000,4500,4250
Tamil Nadu,Thiruvannamalai,Arani(Uzhavar Sandhai ),Snakeguard,Snakeguard,Local,12/09/2026,2500,3000,2750
Tamil Nadu,Thiruvannamalai,Arani(Uzhavar Sandhai ),Brinjal,Round,Local,12/09/2026,4000,5000,4500
Tamil Nadu,Thiruvannamalai,Arani(Uzhavar Sandhai ),Coriander(Leaves),I Sort,Local,12/09/2026,4000,5000,4500
Tamil Nadu,Thiruvannamalai,Arani(Uzhavar Sandhai ),Chikoos(Sapota),Sapota,Local,12/09/2026,5000,6000,5500
Tamil Nadu,Thiruvannamalai,Arani(Uzhavar Sandhai ),Bitter gourd,Bitter Gourd,Local,12/09/2026,3500,4200,3850
Tamil Nadu,Thiruvannamalai,Arani(Uzhavar Sandhai ),Ashgourd,Gouard,Local,12/09/2026,2000,2500,2250
Tamil Nadu,Thiruvannamalai,Arani(Uzhavar Sandhai ),Green Chilli,Green Chilly,Local,12/09/2026,5000,6000,5500
Tamil Nadu,Thiruvannamalai,Arani(Uzhavar Sandhai ),Banana - Green,Banana - Green,Local,12/09/2026,1500,2000,1750
Tamil Nadu,Thiruvannamalai,Arani(Uzhavar Sandhai ),Thondekai,Thondekai,Local,12/09/2026,3500,4000,3750
Tamil Nadu,Thiruvannamalai,Arani(Uzhavar Sandhai ),Drumstick,Drumstick,Local,12/09/2026,3500,4200,3850
Tamil Nadu,Thiruvannamalai,Arani(Uzhavar Sandhai ),Knool Khol,Knool Khol,Local,12/09/2026,2500,3000,2750
Tamil Nadu,Thiruvannamalai,Arani(Uzhavar Sandhai ),Guava,Guava Allahabad,Local,12/09/2026,4000,5000,4500
Tamil Nadu,Thiruvannamalai,Polur(Uzhavar Sandhai ),Coconut,Coconut,Local,12/09/2026,4000,4500,4250
Tamil Nadu,Thiruvannamalai,Polur(Uzhavar Sandhai ),Papaya,Papaya,Local,12/09/2026,2500,3000,2750
Tamil Nadu,Thiruvannamalai,Polur(Uzhavar Sandhai ),Pumpkin,Pumpkin,Local,12/09/2026,1600,2000,1800
Tamil Nadu,Thiruvannamalai,Polur(Uzhavar Sandhai ),Snakeguard,Snakeguard,Local,12/09/2026,2500,3000,2750
Tamil Nadu,Thiruvannamalai,Polur(Uzhavar Sandhai ),Bhindi(Ladies Finger),Bhindi,Local,12/09/2026,3300,4000,3650
Tamil Nadu,Thiruvannamalai,Polur(Uzhavar Sandhai ),Banana - Green,Banana - Green,Local,12/09/2026,1600,2000,1800
Tamil Nadu,Thiruvannamalai,Polur(Uzhavar Sandhai ),Raddish,Raddish,Local,12/09/2026,2500,3000,2750
Tamil Nadu,Thiruvannamalai,Polur(Uzhavar Sandhai ),Guava,Guava Allahabad,Local,12/09/2026,4200,5000,4600
Tamil Nadu,Thiruvannamalai,Polur(Uzhavar Sandhai ),Tender Coconut,Tender Coconut,Local,12/09/2026,1500,2000,1750
Tamil Nadu,Thiruvannamalai,Polur(Uzhavar Sandhai ),Marigold(Calcutta),Marigold(Calcutta),Local,12/09/2026,12000,15000,13500
Tamil Nadu,Thiruvannamalai,Tiruvannamalai(Uzhavar Sandhai ),Beetroot,Beetroot,Local,12/09/2026,4000,4800,4400
Tamil Nadu,Thiruvannamalai,Tiruvannamalai(Uzhavar Sandhai ),Orange,Darjeeling,Local,12/09/2026,16000,18000,17000
Tamil Nadu,Thiruvannamalai,Tiruvannamalai(Uzhavar Sandhai ),Coriander(Leaves),I Sort,Local,12/09/2026,5000,6000,5500
Tamil Nadu,Thiruvannamalai,Tiruvannamalai(Uzhavar Sandhai ),Papaya,Papaya,Local,12/09/2026,4000,4500,4250
Tamil Nadu,Thiruvannamalai,Tiruvannamalai(Uzhavar Sandhai ),Water Melon,Water Melon,Local,12/09/2026,2000,2500,2250
Tamil Nadu,Thiruvannamalai,Tiruvannamalai(Uzhavar Sandhai ),Bhindi(Ladies Finger),Bhindi,Local,12/09/2026,2400,3000,2700
Tamil Nadu,Thiruvannamalai,Tiruvannamalai(Uzhavar Sandhai ),Ridgeguard(Tori),Ridgeguard(Tori),Local,12/09/2026,4000,5000,4500
Tamil Nadu,Thiruvannamalai,Tiruvannamalai(Uzhavar Sandhai ),Chow Chow,Chow Chow,Local,12/09/2026,4800,5600,5200
Tamil Nadu,Thiruvannamalai,Tiruvannamalai(Uzhavar Sandhai ),Mango(Raw-Ripe),Mango - Raw-Ripe,Local,12/09/2026,10000,12000,11000
Tamil Nadu,Thiruvannamalai,Tiruvannamalai(Uzhavar Sandhai ),Lime,Lime,Local,12/09/2026,3500,4000,3750
Tamil Nadu,Thiruvannamalai,Tiruvannamalai(Uzhavar Sandhai ),Custard Apple(Sharifa),Custard Apple(Sharifa),Local,12/09/2026,7000,8000,7500
Tamil Nadu,Thiruvannamalai,Tiruvannamalai(Uzhavar Sandhai ),Mint(Pudina),Mint(Pudina),Local,12/09/2026,4000,5000,4500
Tamil Nadu,Thiruvarur,Mannargudi I(Uzhavar Sandhai ),Cabbage,Cabbage,Local,12/09/2026,3400,3400,3400
Tamil Nadu,Thiruvarur,Mannargudi I(Uzhavar Sandhai ),Tomato,Deshi,Local,12/09/2026,2800,2800,2800
Tamil Nadu,Thiruvarur,Mannargudi I(Uzhavar Sandhai ),Cluster beans,Cluster Beans,Local,12/09/2026,4000,4000,4000
Tamil Nadu,Thiruvarur,Mannargudi I(Uzhavar Sandhai ),Bitter gourd,Bitter Gourd,Local,12/09/2026,5800,5800,5800
Tamil Nadu,Thiruvarur,Mannargudi I(Uzhavar Sandhai ),Drumstick,Drumstick,Local,12/09/2026,4800,4800,4800
Tamil Nadu,Thiruvarur,Mannargudi I(Uzhavar Sandhai ),Guava,Guava Allahabad,Local,12/09/2026,5000,5000,5000
Tamil Nadu,Thiruvarur,Mannargudi I(Uzhavar Sandhai ),Pomegranate,Pomogranate,Local,12/09/2026,10000,15000,12500
Tamil Nadu,Thiruvarur,Mannargudi I(Uzhavar Sandhai ),Mint(Pudina),Mint(Pudina),Local,12/09/2026,6000,6000,6000
Tamil Nadu,Thiruvarur,Mannargudi II(Uzhavar Sandhai ),Carrot,Pusakesar,Local,12/09/2026,6400,6400,6400
Tamil Nadu,Thiruvarur,Mannargudi II(Uzhavar Sandhai ),Cauliflower,Ranchi,Local,12/09/2026,6000,6000,6000
Tamil Nadu,Thiruvarur,Mannargudi II(Uzhavar Sandhai ),Bitter gourd,Bitter Gourd,Local,12/09/2026,5800,5800,5800
Tamil Nadu,Thiruvarur,Mannargudi II(Uzhavar Sandhai ),Ashgourd,Gouard,Local,12/09/2026,3000,3000,3000
Tamil Nadu,Thiruvarur,Mannargudi II(Uzhavar Sandhai ),Bhindi(Ladies Finger),Bhindi,Local,12/09/2026,4200,4200,4200
Tamil Nadu,Thiruvarur,Mannargudi II(Uzhavar Sandhai ),Beans,Beans (Whole),Local,12/09/2026,8000,8000,8000
Tamil Nadu,Thiruvarur,Mannargudi II(Uzhavar Sandhai ),Beetroot,Beetroot,Local,12/09/2026,4400,4400,4400
Tamil Nadu,Thiruvarur,Mannargudi II(Uzhavar Sandhai ),Green Avare(W),Green Avare (W),Local,12/09/2026,6400,6400,6400
Tamil Nadu,Thiruvarur,Mannargudi II(Uzhavar Sandhai ),Lemon,Lemon,Local,12/09/2026,22000,22000,22000
Tamil Nadu,Thiruvarur,Mannargudi II(Uzhavar Sandhai ),Mint(Pudina),Mint(Pudina),Local,12/09/2026,6000,6000,6000
Tamil Nadu,Thiruvarur,Tiruthuraipoondi(Uzhavar Sandhai ),Groundnut,Big (With Shell),Local,12/09/2026,6000,6000,6000
Tamil Nadu,Thiruvarur,Tiruthuraipoondi(Uzhavar Sandhai ),Banana,Besrai,Local,12/09/2026,4000,4000,4000
Tamil Nadu,Thiruvarur,Tiruthuraipoondi(Uzhavar Sandhai ),Amaranthus,Amaranthus,Local,12/09/2026,1500,3000,2250
Tamil Nadu,Thiruvarur,Tiruthuraipoondi(Uzhavar Sandhai ),Banana - Green,Banana - Green,Local,12/09/2026,4000,4000,4000
Tamil Nadu,Thiruvellore,Ambattur(Uzhavar Sandhai ),Banana - Green,Banana - Green,Local,12/09/2026,4000,4000,4000
Tamil Nadu,Thiruvellore,Paruthipattu(Uzhavar Sandhai ),Coriander(Leaves),I Sort,Local,12/09/2026,5000,5000,5000
Tamil Nadu,Thiruvellore,Perambakkam(Uzhavar Sandhai ),Brinjal,Round,Local,12/09/2026,4000,4000,4000
Tamil Nadu,Thiruvellore,Perambakkam(Uzhavar Sandhai ),Cluster beans,Cluster Beans,Local,12/09/2026,4000,4000,4000
Tamil Nadu,Thiruvellore,Perambakkam(Uzhavar Sandhai ),Bhindi(Ladies Finger),Bhindi,Local,12/09/2026,4000,4000,4000
Tamil Nadu,Thiruvellore,Perambakkam(Uzhavar Sandhai ),Marigold(Calcutta),Marigold(Calcutta),Local,12/09/2026,20000,20000,20000
Tamil Nadu,Tuticorin,Kovilpatti(Uzhavar Sandhai ),Coconut,Coconut,Local,12/09/2026,6000,6500,6250
Tamil Nadu,Tuticorin,Kovilpatti(Uzhavar Sandhai ),Potato,Other,Local,12/09/2026,3000,3500,3250
Tamil Nadu,Tuticorin,Kovilpatti(Uzhavar Sandhai ),Snakeguard,Snakeguard,Local,12/09/2026,3500,4000,3750
Tamil Nadu,Tuticorin,Kovilpatti(Uzhavar Sandhai ),Coriander(Leaves),I Sort,Local,12/09/2026,3500,4000,3750
Tamil Nadu,Tuticorin,Kovilpatti(Uzhavar Sandhai ),Chikoos(Sapota),Sapota,Local,12/09/2026,4500,5000,4750
Tamil Nadu,Tuticorin,Kovilpatti(Uzhavar Sandhai ),Tomato,Local,Local,12/09/2026,2500,3000,2750
Tamil Nadu,Tuticorin,Kovilpatti(Uzhavar Sandhai ),Bitter gourd,Other,Local,12/09/2026,10000,11000,10500
Tamil Nadu,Tuticorin,Kovilpatti(Uzhavar Sandhai ),Pumpkin,Pumpkin,Local,12/09/2026,2000,2500,2250
Tamil Nadu,Tuticorin,Kovilpatti(Uzhavar Sandhai ),Lime,Lime,Local,12/09/2026,10000,11000,10500
Tamil Nadu,Tuticorin,Kovilpatti(Uzhavar Sandhai ),Guava,Guava Allahabad,Local,12/09/2026,5500,6000,5750
Tamil Nadu,Tuticorin,Kovilpatti(Uzhavar Sandhai ),Onion Green,Onion Green,Local,12/09/2026,8000,8500,8250
Tamil Nadu,Vellore,Gudiyatham(Uzhavar Sandhai ),Beetroot,Beetroot,Local,12/09/2026,4600,4600,4600
Tamil Nadu,Vellore,Gudiyatham(Uzhavar Sandhai ),Carrot,Pusakesar,Local,12/09/2026,6000,6000,6000
Tamil Nadu,Vellore,Gudiyatham(Uzhavar Sandhai ),Onion,Bellary,Local,12/09/2026,5600,5600,5600
Tamil Nadu,Vellore,Gudiyatham(Uzhavar Sandhai ),Cluster beans,Cluster Beans,Local,12/09/2026,2400,2400,2400
Tamil Nadu,Vellore,Gudiyatham(Uzhavar Sandhai ),Ashgourd,Gouard,Local,12/09/2026,2400,2400,2400
Tamil Nadu,Vellore,Gudiyatham(Uzhavar Sandhai ),Pumpkin,Pumpkin,Local,12/09/2026,2400,2400,2400
Tamil Nadu,Vellore,Gudiyatham(Uzhavar Sandhai ),Amaranthus,Amaranthus,Local,12/09/2026,4000,4000,4000
Tamil Nadu,Vellore,Gudiyatham(Uzhavar Sandhai ),Drumstick,Drumstick,Local,12/09/2026,2400,2400,2400
Tamil Nadu,Vellore,Gudiyatham(Uzhavar Sandhai ),Lime,Lime,Local,12/09/2026,5000,5000,5000
Tamil Nadu,Vellore,Gudiyatham(Uzhavar Sandhai ),Custard Apple(Sharifa),Custard Apple(Sharifa),Local,12/09/2026,4000,4000,4000
Tamil Nadu,Vellore,Gudiyatham(Uzhavar Sandhai ),Onion Green,Onion Green,Local,12/09/2026,9600,10000,9800
Tamil Nadu,Vellore,Gudiyatham(Uzhavar Sandhai ),Sweet Corn ,Sweet Corn ,Local,12/09/2026,3000,3000,3000
Tamil Nadu,Vellore,Kahithapattarai(Uzhavar Sandhai ),Coconut,Coconut,Local,12/09/2026,2500,2500,2500
Tamil Nadu,Vellore,Kahithapattarai(Uzhavar Sandhai ),Bhindi(Ladies Finger),Bhindi,Local,12/09/2026,3000,3000,3000
Tamil Nadu,Vellore,Kahithapattarai(Uzhavar Sandhai ),Green Chilli,Green Chilly,Local,12/09/2026,4000,4000,4000
Tamil Nadu,Vellore,Kahithapattarai(Uzhavar Sandhai ),Guava,Guava Allahabad,Local,12/09/2026,8000,8000,8000
Tamil Nadu,Vellore,Kahithapattarai(Uzhavar Sandhai ),Pomegranate,Pomogranate,Local,12/09/2026,13000,13000,13000
Tamil Nadu,Vellore,Kahithapattarai(Uzhavar Sandhai ),Yam(Ratalu),Yam (Ratalu),Local,12/09/2026,5000,5000,5000
Tamil Nadu,Villupuram,Villupuram(Uzhavar Sandhai ),Coconut,Coconut,Local,12/09/2026,5000,5000,5000
Tamil Nadu,Villupuram,Villupuram(Uzhavar Sandhai ),Groundnut,Big (With Shell),Local,12/09/2026,9000,9000,9000
Tamil Nadu,Villupuram,Villupuram(Uzhavar Sandhai ),Onion,Bellary,Local,12/09/2026,6000,6000,6000
Tamil Nadu,Villupuram,Villupuram(Uzhavar Sandhai ),Tomato,Deshi,Local,12/09/2026,2000,2500,2250
Tamil Nadu,Villupuram,Villupuram(Uzhavar Sandhai ),Cluster beans,Cluster Beans,Local,12/09/2026,6000,6000,6000
Tamil Nadu,Villupuram,Villupuram(Uzhavar Sandhai ),Amaranthus,Amaranthus,Local,12/09/2026,4000,5000,4500
Tamil Nadu,Villupuram,Villupuram(Uzhavar Sandhai ),Beetroot,Beetroot,Local,12/09/2026,4000,4000,4000
Tamil Nadu,Villupuram,Villupuram(Uzhavar Sandhai ),Ridgeguard(Tori),Ridgeguard(Tori),Local,12/09/2026,6000,6000,6000
Tamil Nadu,Villupuram,Villupuram(Uzhavar Sandhai ),Thondekai,Thondekai,Local,12/09/2026,5000,5000,5000
Tamil Nadu,Thiruvannamalai,Cheyyar(Uzhavar Sandhai ),Papaya,Papaya,Local,12/09/2026,3200,4000,3600
Tamil Nadu,Thiruvannamalai,Cheyyar(Uzhavar Sandhai ),Bitter gourd,Other,Local,12/09/2026,3000,3500,3250
Tamil Nadu,Thiruvannamalai,Cheyyar(Uzhavar Sandhai ),Bottle gourd,Bottle Gourd,Local,12/09/2026,1500,2000,1750
Tamil Nadu,Thiruvannamalai,Cheyyar(Uzhavar Sandhai ),Beetroot,Beetroot,Local,12/09/2026,3500,4200,3850
Tamil Nadu,Thanjavur,Papanasam(Uzhavar Sandhai ),Potato,Red Nanital,Local,12/09/2026,3000,3600,3300
Tamil Nadu,Thanjavur,Papanasam(Uzhavar Sandhai ),Tomato,Deshi,Local,12/09/2026,2800,3200,3000
Tamil Nadu,Thanjavur,Papanasam(Uzhavar Sandhai ),Ashgourd,Gouard,Local,12/09/2026,2400,2400,2400
Tamil Nadu,Thanjavur,Papanasam(Uzhavar Sandhai ),Pumpkin,Pumpkin,Local,12/09/2026,2400,2400,2400
Tamil Nadu,Thanjavur,Papanasam(Uzhavar Sandhai ),Ginger(Green),Green Ginger,Local,12/09/2026,9600,21600,15600
Tamil Nadu,Thanjavur,Papanasam(Uzhavar Sandhai ),Ridgeguard(Tori),Ridgeguard(Tori),Local,12/09/2026,6000,6000,6000
Tamil Nadu,Thanjavur,Papanasam(Uzhavar Sandhai ),Green Avare(W),Green Avare (W),Local,12/09/2026,8400,9600,9000
Tamil Nadu,Ariyalur,Ariyalur(Uzhavar Sandhai),Carrot,Pusakesar,Local,12/09/2026,7000,8000,7500
Tamil Nadu,Ariyalur,Ariyalur(Uzhavar Sandhai),Bhindi(Ladies Finger),Bhindi,Local,12/09/2026,3000,3500,3250
Tamil Nadu,Ariyalur,Ariyalur(Uzhavar Sandhai),Raddish,Raddish,Local,12/09/2026,3500,4000,3750
Tamil Nadu,Ariyalur,Ariyalur(Uzhavar Sandhai),Drumstick,Drumstick,Local,12/09/2026,3500,4000,3750
Tamil Nadu,Ariyalur,Ariyalur(Uzhavar Sandhai),Onion Green,Onion Green,Local,12/09/2026,6500,7500,7000
Tamil Nadu,Dindigul,Kodaikkanal(Uzhavar Sandhai),Potato,Other,Local,12/09/2026,4000,5000,4500
Tamil Nadu,Dindigul,Kodaikkanal(Uzhavar Sandhai),Cluster beans,Cluster Beans,Local,12/09/2026,3500,4000,3750
Tamil Nadu,Dindigul,Kodaikkanal(Uzhavar Sandhai),Onion Green,Onion Green,Local,12/09/2026,8000,8500,8250
Tamil Nadu,Coimbatore,Sundarapuram(Uzhavar Sandhai ),Bitter gourd,Other,Local,12/09/2026,4800,5200,5000
Tamil Nadu,Coimbatore,Sundarapuram(Uzhavar Sandhai ),Pumpkin,Pumpkin,Local,12/09/2026,1800,2000,1900
Tamil Nadu,Coimbatore,Sundarapuram(Uzhavar Sandhai ),Green Chilli,Green Chilly,Local,12/09/2026,4200,4800,4500
Tamil Nadu,Coimbatore,Sundarapuram(Uzhavar Sandhai ),Banana - Green,Banana - Green,Local,12/09/2026,4000,4500,4250
Tamil Nadu,Coimbatore,Sundarapuram(Uzhavar Sandhai ),Beetroot,Beetroot,Local,12/09/2026,5500,6000,5750
Tamil Nadu,Coimbatore,Sundarapuram(Uzhavar Sandhai ),Thondekai,Thondekai,Local,12/09/2026,3800,4200,4000
Tamil Nadu,Coimbatore,Sundarapuram(Uzhavar Sandhai ),Guava,Guava Allahabad,Local,12/09/2026,5500,6000,5750
Tamil Nadu,Coimbatore,Sundarapuram(Uzhavar Sandhai ),Mint(Pudina),Mint(Pudina),Local,12/09/2026,4500,5000,4750
Tamil Nadu,Erode,Sathiyamagalam(Uzhavar Sandhai ),Onion,Bellary,Local,12/09/2026,5500,6000,5750
Tamil Nadu,Erode,Sathiyamagalam(Uzhavar Sandhai ),Brinjal,Other,Local,12/09/2026,3000,3400,3200
Tamil Nadu,Erode,Sathiyamagalam(Uzhavar Sandhai ),Chikoos(Sapota),Sapota,Local,12/09/2026,3500,4000,3750
Tamil Nadu,Erode,Sathiyamagalam(Uzhavar Sandhai ),Papaya,Papaya,Local,12/09/2026,2000,2400,2200
Tamil Nadu,Erode,Sathiyamagalam(Uzhavar Sandhai ),Ridgeguard(Tori),Ridgeguard(Tori),Local,12/09/2026,4000,4600,4300
Tamil Nadu,Erode,Sathiyamagalam(Uzhavar Sandhai ),Green Avare(W),Other,Local,12/09/2026,5000,5500,5250
Tamil Nadu,Erode,Sathiyamagalam(Uzhavar Sandhai ),Drumstick,Drumstick,Local,12/09/2026,3000,3500,3250
Tamil Nadu,Erode,Sathiyamagalam(Uzhavar Sandhai ),Onion Green,Onion Green,Local,12/09/2026,6500,7000,6750
Tamil Nadu,Coimbatore,Mettupalayam(Uzhavar Sandhai ),Sweet Potato,Hosur Red,Local,12/09/2026,4500,5000,4750
Tamil Nadu,Coimbatore,Mettupalayam(Uzhavar Sandhai ),Garlic,Garlic,Local,12/09/2026,16000,18000,17000
Tamil Nadu,Coimbatore,Mettupalayam(Uzhavar Sandhai ),Cauliflower,Ranchi,Local,12/09/2026,4000,4500,4250
Tamil Nadu,Coimbatore,Mettupalayam(Uzhavar Sandhai ),Cluster beans,Cluster Beans,Local,12/09/2026,3500,4000,3750
Tamil Nadu,Coimbatore,Mettupalayam(Uzhavar Sandhai ),Cowpea(Veg),Cowpea (Veg),Local,12/09/2026,3000,3500,3250
Tamil Nadu,Coimbatore,Mettupalayam(Uzhavar Sandhai ),Snakeguard,Snakeguard,Local,12/09/2026,3000,3500,3250
Tamil Nadu,Coimbatore,Mettupalayam(Uzhavar Sandhai ),Capsicum,Capsicum,Local,12/09/2026,6000,7000,6500
Tamil Nadu,Coimbatore,Mettupalayam(Uzhavar Sandhai ),Drumstick,Drumstick,Local,12/09/2026,2500,2800,2650
Tamil Nadu,Coimbatore,Mettupalayam(Uzhavar Sandhai ),Knool Khol,Knool Khol,Local,12/09/2026,5000,6000,5500
Tamil Nadu,Coimbatore,Mettupalayam(Uzhavar Sandhai ),Jack Fruit(Ripe),Jack Fruit,Local,12/09/2026,3500,4000,3750
Tamil Nadu,Coimbatore,Mettupalayam(Uzhavar Sandhai ),Elephant Yam(Suran)/Amorphophallus,Elephant Yam (Suran),Local,12/09/2026,3500,4000,3750
Tamil Nadu,Namakkal,Tiruchengode APMC,Sweet Potato,Hosur Red,Local,12/09/2026,5400,6000,5700
Tamil Nadu,Namakkal,Tiruchengode APMC,Onion,Bellary,Local,12/09/2026,5800,6500,6150
Tamil Nadu,Namakkal,Tiruchengode APMC,Potato,Other,Local,12/09/2026,2600,3000,2800
Tamil Nadu,Namakkal,Tiruchengode APMC,Garlic,Garlic,Local,12/09/2026,24500,27000,25750
Tamil Nadu,Namakkal,Tiruchengode APMC,Chikoos(Sapota),Sapota,Local,12/09/2026,4000,4500,4250
Tamil Nadu,Namakkal,Tiruchengode APMC,Amaranthus,Amaranthus,Local,12/09/2026,3500,4000,3750
Tamil Nadu,Namakkal,Tiruchengode APMC,Ridgeguard(Tori),Ridgeguard(Tori),Local,12/09/2026,5400,6000,5700
Tamil Nadu,Namakkal,Tiruchengode APMC,Thondekai,Thondekai,Local,12/09/2026,6200,7000,6600
Tamil Nadu,Namakkal,Tiruchengode APMC,Chow Chow,Chow Chow,Local,12/09/2026,2600,3000,2800
Tamil Nadu,Coimbatore,RSPuram(Uzhavar Sandhai ),Snakeguard,Snakeguard,Local,12/09/2026,2600,3000,2800
Tamil Nadu,Coimbatore,RSPuram(Uzhavar Sandhai ),Apple,American,Local,12/09/2026,20000,28000,24000
Tamil Nadu,Coimbatore,RSPuram(Uzhavar Sandhai ),Orange,Darjeeling,Local,12/09/2026,14000,17000,15500
Tamil Nadu,Coimbatore,RSPuram(Uzhavar Sandhai ),Onion,Bellary,Local,12/09/2026,5400,5700,5550
Tamil Nadu,Coimbatore,RSPuram(Uzhavar Sandhai ),Bhindi(Ladies Finger),Bhindi,Local,12/09/2026,4000,4600,4300
Tamil Nadu,Coimbatore,RSPuram(Uzhavar Sandhai ),Cucumbar(Kheera),Cucumbar,Local,12/09/2026,3700,4200,3950
Tamil Nadu,Coimbatore,RSPuram(Uzhavar Sandhai ),Ridgeguard(Tori),Ridgeguard(Tori),Local,12/09/2026,3800,4200,4000
Tamil Nadu,Coimbatore,RSPuram(Uzhavar Sandhai ),Thondekai,Thondekai,Local,12/09/2026,3500,4000,3750
Tamil Nadu,Coimbatore,RSPuram(Uzhavar Sandhai ),Drumstick,Drumstick,Local,12/09/2026,2200,2800,2500
Tamil Nadu,Coimbatore,RSPuram(Uzhavar Sandhai ),Karbuja(Musk Melon),Karbhuja,Local,12/09/2026,4400,4800,4600
Tamil Nadu,Coimbatore,RSPuram(Uzhavar Sandhai ),Pomegranate,Pomogranate,Local,12/09/2026,10000,14000,12000
Tamil Nadu,Coimbatore,RSPuram(Uzhavar Sandhai ),Tender Coconut,Tender Coconut,Local,12/09/2026,4000,4500,4250
Tamil Nadu,Coimbatore,RSPuram(Uzhavar Sandhai ),Elephant Yam(Suran)/Amorphophallus,Elephant Yam (Suran),Local,12/09/2026,3400,3800,3600
Tamil Nadu,Coimbatore,RSPuram(Uzhavar Sandhai ),Lemon,Lemon,Local,12/09/2026,25000,26000,25500
Tamil Nadu,Coimbatore,RSPuram(Uzhavar Sandhai ),Mashrooms,Mashrooms,Local,12/09/2026,20000,25000,22500
Tamil Nadu,Coimbatore,RSPuram(Uzhavar Sandhai ),Mint(Pudina),Mint(Pudina),Local,12/09/2026,4800,5200,5000
Tamil Nadu,Coimbatore,Singanallur(Uzhavar Sandhai ),Banana,Red Banana,Local,12/09/2026,8000,8600,8300
Tamil Nadu,Coimbatore,Singanallur(Uzhavar Sandhai ),Grapes,Annabesahai,Local,12/09/2026,9000,10000,9500
Tamil Nadu,Coimbatore,Singanallur(Uzhavar Sandhai ),Cauliflower,Ranchi,Local,12/09/2026,4500,5000,4750
Tamil Nadu,Coimbatore,Singanallur(Uzhavar Sandhai ),Green Peas,Green Peas,Local,12/09/2026,20000,24000,22000
Tamil Nadu,Coimbatore,Singanallur(Uzhavar Sandhai ),Ashgourd,Gouard,Local,12/09/2026,1500,2000,1750
Tamil Nadu,Coimbatore,Singanallur(Uzhavar Sandhai ),Amaranthus,Amaranthus,Local,12/09/2026,4500,5500,5000
Tamil Nadu,Coimbatore,Singanallur(Uzhavar Sandhai ),Tapioca,Tapioca,Local,12/09/2026,3200,3600,3400
Tamil Nadu,Coimbatore,Singanallur(Uzhavar Sandhai ),Beetroot,Beetroot,Local,12/09/2026,5500,6000,5750
Tamil Nadu,Coimbatore,Singanallur(Uzhavar Sandhai ),Cucumbar(Kheera),Cucumbar,Local,12/09/2026,4000,4500,4250
Tamil Nadu,Coimbatore,Singanallur(Uzhavar Sandhai ),Capsicum,Capsicum,Local,12/09/2026,5500,6000,5750
Tamil Nadu,Coimbatore,Singanallur(Uzhavar Sandhai ),Lemon,Lemon,Local,12/09/2026,24000,26000,25000
Tamil Nadu,Coimbatore,Singanallur(Uzhavar Sandhai ),Turnip,Turnip,Local,12/09/2026,5500,6000,5750
Tamil Nadu,Coimbatore,Singanallur(Uzhavar Sandhai ),Onion Green,Onion Green,Local,12/09/2026,8000,8800,8400
Tamil Nadu,Coimbatore,Pollachi(Uzhavar Sandhai ),Onion,Bellary,Local,12/09/2026,5500,6400,5950
Tamil Nadu,Coimbatore,Pollachi(Uzhavar Sandhai ),Cauliflower,Ranchi,Local,12/09/2026,4500,5000,4750
Tamil Nadu,Coimbatore,Pollachi(Uzhavar Sandhai ),Bitter gourd,Bitter Gourd,Local,12/09/2026,4500,5000,4750
Tamil Nadu,Coimbatore,Pollachi(Uzhavar Sandhai ),Green Chilli,Green Chilly,Local,12/09/2026,4500,5000,4750
Tamil Nadu,Coimbatore,Pollachi(Uzhavar Sandhai ),Cowpea(Veg),Cowpea (Veg),Local,12/09/2026,4000,4500,4250
Tamil Nadu,Coimbatore,Pollachi(Uzhavar Sandhai ),Ridgeguard(Tori),Ridgeguard(Tori),Local,12/09/2026,4500,5000,4750
Tamil Nadu,Coimbatore,Pollachi(Uzhavar Sandhai ),Raddish,Raddish,Local,12/09/2026,3000,3500,3250
Tamil Nadu,Coimbatore,Pollachi(Uzhavar Sandhai ),Green Avare(W),Green Avare (W),Local,12/09/2026,5500,6000,5750
Tamil Nadu,Coimbatore,Pollachi(Uzhavar Sandhai ),Drumstick,Drumstick,Local,12/09/2026,3000,3500,3250
Tamil Nadu,Karur,Karur(Uzhavar Sandhai ),Onion,Bellary,Local,12/09/2026,6000,6500,6250
Tamil Nadu,Karur,Karur(Uzhavar Sandhai ),Potato,Other,Local,12/09/2026,5500,6000,5750
Tamil Nadu,Karur,Karur(Uzhavar Sandhai ),Bottle gourd,Bottle Gourd,Local,12/09/2026,2500,3000,2750
Tamil Nadu,Karur,Karur(Uzhavar Sandhai ),Ashgourd,Gouard,Local,12/09/2026,2000,2500,2250
Tamil Nadu,Karur,Karur(Uzhavar Sandhai ),Bhindi(Ladies Finger),Bhindi,Local,12/09/2026,3000,3500,3250
Tamil Nadu,Karur,Karur(Uzhavar Sandhai ),Amaranthus,Amaranthus,Local,12/09/2026,2000,2500,2250
Tamil Nadu,Karur,Karur(Uzhavar Sandhai ),Green Chilli,Green Chilly,Local,12/09/2026,5000,6000,5500
Tamil Nadu,Karur,Karur(Uzhavar Sandhai ),Beetroot,Beetroot,Local,12/09/2026,6500,7000,6750
Tamil Nadu,Karur,Karur(Uzhavar Sandhai ),Ridgeguard(Tori),Ridgeguard(Tori),Local,12/09/2026,4500,5000,4750
Tamil Nadu,Karur,Karur(Uzhavar Sandhai ),Elephant Yam(Suran)/Amorphophallus,Elephant Yam (Suran),Local,12/09/2026,4500,5000,4750
Tamil Nadu,Karur,Karur(Uzhavar Sandhai ),Colacasia,Colacasia,Local,12/09/2026,6500,7000,6750
Tamil Nadu,Karur,Karur(Uzhavar Sandhai ),Turnip,Turnip,Local,12/09/2026,6500,7000,6750
Tamil Nadu,Karur,Karur(Uzhavar Sandhai ),Onion Green,Onion Green,Local,12/09/2026,8500,9000,8750
Tamil Nadu,Coimbatore,Kurichi(Uzhavar Sandhai ),Banana,Nendra Bale,Local,12/09/2026,6500,7000,6750
Tamil Nadu,Coimbatore,Kurichi(Uzhavar Sandhai ),Papaya,Papaya,Local,12/09/2026,5000,5500,5250
Tamil Nadu,Coimbatore,Kurichi(Uzhavar Sandhai ),Bitter gourd,Other,Local,12/09/2026,4800,5200,5000
Tamil Nadu,Coimbatore,Kurichi(Uzhavar Sandhai ),Pumpkin,Pumpkin,Local,12/09/2026,1800,2000,1900
Tamil Nadu,Coimbatore,Kurichi(Uzhavar Sandhai ),Cucumbar(Kheera),Cucumbar,Local,12/09/2026,3500,4000,3750
Tamil Nadu,Coimbatore,Kurichi(Uzhavar Sandhai ),Thondekai,Thondekai,Local,12/09/2026,3500,4000,3750
Tamil Nadu,Coimbatore,Kurichi(Uzhavar Sandhai ),Guava,Guava Allahabad,Local,12/09/2026,5500,6000,5750
Tamil Nadu,Coimbatore,Kurichi(Uzhavar Sandhai ),Elephant Yam(Suran)/Amorphophallus,Elephant Yam (Suran),Local,12/09/2026,3500,4000,3750
Tamil Nadu,Coimbatore,Kurichi(Uzhavar Sandhai ),Mint(Pudina),Mint(Pudina),Local,12/09/2026,4500,5000,4750
Tamil Nadu,Cuddalore,Chidambaram(Uzhavar Sandhai ),Banana,Besrai,Local,12/09/2026,4000,4000,4000
Tamil Nadu,Cuddalore,Cuddalore(Uzhavar Sandhai ),Coriander(Leaves),I Sort,Local,12/09/2026,4000,4000,4000
Tamil Nadu,Cuddalore,Cuddalore(Uzhavar Sandhai ),Bottle gourd,Bottle Gourd,Local,12/09/2026,2000,2500,2250
Tamil Nadu,Cuddalore,Cuddalore(Uzhavar Sandhai ),Banana - Green,Banana - Green,Local,12/09/2026,3000,3500,3250
Tamil Nadu,Cuddalore,Cuddalore(Uzhavar Sandhai ),Ginger(Green),Green Ginger,Local,12/09/2026,18000,18000,18000
Tamil Nadu,Cuddalore,Cuddalore(Uzhavar Sandhai ),Chow Chow,Chow Chow,Local,12/09/2026,3000,3000,3000
Tamil Nadu,Tuticorin,Tuticorin(Uzhavar Sandhai ),Apple,American,Local,12/09/2026,19000,20000,19500
Tamil Nadu,Tuticorin,Tuticorin(Uzhavar Sandhai ),Mango,Safeda,Local,12/09/2026,14000,15000,14500
Tamil Nadu,Tuticorin,Tuticorin(Uzhavar Sandhai ),Onion,Bellary,Local,12/09/2026,5000,6000,5500
Tamil Nadu,Tuticorin,Tuticorin(Uzhavar Sandhai ),Potato,Other,Local,12/09/2026,3000,3500,3250
Tamil Nadu,Tuticorin,Tuticorin(Uzhavar Sandhai ),Tomato,Local,Local,12/09/2026,2500,3000,2750
Tamil Nadu,Tuticorin,Tuticorin(Uzhavar Sandhai ),Bhindi(Ladies Finger),Bhindi,Local,12/09/2026,3000,3500,3250
Tamil Nadu,Tuticorin,Tuticorin(Uzhavar Sandhai ),Amaranthus,Amaranthus,Local,12/09/2026,800,1000,900
Tamil Nadu,Tuticorin,Tuticorin(Uzhavar Sandhai ),Yam(Ratalu),Yam (Ratalu),Local,12/09/2026,9000,10000,9500
Tamil Nadu,Tuticorin,Tuticorin(Uzhavar Sandhai ),Colacasia,Colacasia,Local,12/09/2026,6500,7000,6750
Tamil Nadu,Tuticorin,Tuticorin(Uzhavar Sandhai ),Onion Green,Onion Green,Local,12/09/2026,7500,8000,7750
Tamil Nadu,Tuticorin,Tuticorin(Uzhavar Sandhai ),Sweet Corn ,Sweet Corn ,Local,12/09/2026,5000,6000,5500
Tamil Nadu,Nagercoil (Kannyiakumari),Vadaseri APMC,Garlic,Garlic,Local,12/09/2026,20000,22000,21000
Tamil Nadu,Nagercoil (Kannyiakumari),Vadaseri APMC,Coriander(Leaves),I Sort,Local,12/09/2026,4000,4500,4250
Tamil Nadu,Nagercoil (Kannyiakumari),Vadaseri APMC,Raddish,Raddish,Local,12/09/2026,4000,4500,4250
Tamil Nadu,Nagercoil (Kannyiakumari),Vadaseri APMC,Jasmine,Jasmine,Local,12/09/2026,50000,60000,55000
Tamil Nadu,Pudukkottai,Karambakkudi(Uzhavar Sandhai ),Coconut,Coconut,Local,12/09/2026,3500,4000,3750
Tamil Nadu,Pudukkottai,Karambakkudi(Uzhavar Sandhai ),Snakeguard,Snakeguard,Local,12/09/2026,2500,3000,2750
Tamil Nadu,Pudukkottai,Karambakkudi(Uzhavar Sandhai ),Onion,Bellary,Local,12/09/2026,5000,6000,5500
Tamil Nadu,Pudukkottai,Karambakkudi(Uzhavar Sandhai ),Brinjal,Other,Local,12/09/2026,5000,6000,5500
Tamil Nadu,Pudukkottai,Karambakkudi(Uzhavar Sandhai ),Papaya,Papaya,Local,12/09/2026,2500,3000,2750
Tamil Nadu,Pudukkottai,Karambakkudi(Uzhavar Sandhai ),Bottle gourd,Bottle Gourd,Local,12/09/2026,2500,3000,2750
Tamil Nadu,Pudukkottai,Karambakkudi(Uzhavar Sandhai ),Ashgourd,Gouard,Local,12/09/2026,1000,1500,1250
Tamil Nadu,Pudukkottai,Karambakkudi(Uzhavar Sandhai ),Bhindi(Ladies Finger),Bhindi,Local,12/09/2026,2500,3000,2750
Tamil Nadu,Pudukkottai,Karambakkudi(Uzhavar Sandhai ),Banana - Green,Banana - Green,Local,12/09/2026,2500,3000,2750
Tamil Nadu,Vellore,Thirupathur APMC,Green Peas,Green Peas,Local,12/09/2026,10000,10000,10000
Tamil Nadu,Vellore,Thirupathur APMC,Papaya,Papaya,Local,12/09/2026,4000,4000,4000
Tamil Nadu,Vellore,Thirupathur APMC,Snakeguard,Snakeguard,Local,12/09/2026,3000,3000,3000
Tamil Nadu,Vellore,Thirupathur APMC,Bhindi(Ladies Finger),Bhindi,Local,12/09/2026,2400,2400,2400
Tamil Nadu,Vellore,Thirupathur APMC,Beans,Beans (Whole),Local,12/09/2026,6000,6000,6000
Tamil Nadu,Vellore,Thirupathur APMC,Thondekai,Thondekai,Local,12/09/2026,4000,4000,4000
Tamil Nadu,Vellore,Thirupathur APMC,Knool Khol,Knool Khol,Local,12/09/2026,4500,4500,4500
Tamil Nadu,Vellore,Thirupathur APMC,Jack Fruit(Ripe),Jack Fruit,Local,12/09/2026,3000,3000,3000
Tamil Nadu,Vellore,Vellore APMC,Coconut,Coconut,Local,12/09/2026,3000,4000,3500
Tamil Nadu,Vellore,Vellore APMC,Groundnut,Big (With Shell),Local,12/09/2026,6500,7500,7000
Tamil Nadu,Vellore,Vellore APMC,Apple,American,Local,12/09/2026,26000,26000,26000
Tamil Nadu,Vellore,Vellore APMC,Mango,Neelam,Local,12/09/2026,15000,16000,15500
Tamil Nadu,Vellore,Vellore APMC,Onion,Bellary,Local,12/09/2026,5800,6000,5900
Tamil Nadu,Vellore,Vellore APMC,Potato,Red Nanital,Local,12/09/2026,2200,2600,2400
Tamil Nadu,Vellore,Vellore APMC,Bitter gourd,Bitter Gourd,Local,12/09/2026,4500,5500,5000
Tamil Nadu,Vellore,Vellore APMC,Ashgourd,Gouard,Local,12/09/2026,2500,2500,2500
Tamil Nadu,Vellore,Vellore APMC,Green Chilli,Green Chilly,Local,12/09/2026,3000,3500,3250
Tamil Nadu,Vellore,Vellore APMC,Tapioca,Tapioca,Local,12/09/2026,3000,3500,3250
Tamil Nadu,Vellore,Vellore APMC,Raddish,Raddish,Local,12/09/2026,2000,2500,2250
Tamil Nadu,Vellore,Vellore APMC,Chow Chow,Chow Chow,Local,12/09/2026,2000,2500,2250
Tamil Nadu,Vellore,Vellore APMC,Guava,Guava Allahabad,Local,12/09/2026,7000,8000,7500
Tamil Nadu,Vellore,Vellore APMC,Lemon,Lemon,Local,12/09/2026,18000,18000,18000
Tamil Nadu,Vellore,Vellore APMC,Mint(Pudina),Mint(Pudina),Local,12/09/2026,3500,3500,3500
Tamil Nadu,Dharmapuri,Harur(Uzhavar Sandhai ),Carrot,Pusakesar,Local,12/09/2026,5000,6000,5500
Tamil Nadu,Dharmapuri,Harur(Uzhavar Sandhai ),Papaya,Papaya,Local,12/09/2026,2500,3000,2750
Tamil Nadu,Dharmapuri,Harur(Uzhavar Sandhai ),Banana - Green,Banana - Green,Local,12/09/2026,2000,2500,2250
Tamil Nadu,Dharmapuri,Harur(Uzhavar Sandhai ),Ginger(Green),Green Ginger,Local,12/09/2026,14000,17000,15500
Tamil Nadu,Dharmapuri,Harur(Uzhavar Sandhai ),Capsicum,Capsicum,Local,12/09/2026,5000,6000,5500
Tamil Nadu,Krishnagiri,Kaveripattinam(Uzhavar Sandhai ),Snakeguard,Snakeguard,Local,12/09/2026,2500,2500,2500
Tamil Nadu,Krishnagiri,Kaveripattinam(Uzhavar Sandhai ),Banana,Besrai,Local,12/09/2026,4000,7000,5500
Tamil Nadu,Krishnagiri,Kaveripattinam(Uzhavar Sandhai ),Bottle gourd,Bottle Gourd,Local,12/09/2026,3000,3000,3000
Tamil Nadu,Krishnagiri,Kaveripattinam(Uzhavar Sandhai ),Bhindi(Ladies Finger),Bhindi,Local,12/09/2026,2500,2500,2500
Tamil Nadu,Krishnagiri,Kaveripattinam(Uzhavar Sandhai ),Amaranthus,Amaranthus,Local,12/09/2026,2000,2500,2250
Tamil Nadu,Krishnagiri,Kaveripattinam(Uzhavar Sandhai ),Banana - Green,Banana - Green,Local,12/09/2026,2500,3000,2750
Tamil Nadu,Krishnagiri,Kaveripattinam(Uzhavar Sandhai ),Ridgeguard(Tori),Ridgeguard(Tori),Local,12/09/2026,6000,6000,6000
Tamil Nadu,Krishnagiri,Kaveripattinam(Uzhavar Sandhai ),Mango(Raw-Ripe),Mango - Raw-Ripe,Local,12/09/2026,9000,9000,9000
Tamil Nadu,Krishnagiri,Kaveripattinam(Uzhavar Sandhai ),Onion Green,Onion Green,Local,12/09/2026,8000,8000,8000
Tamil Nadu,The Nilgiris,Coonoor(Uzhavar Sandhai ),Banana,Besrai,Local,12/09/2026,4000,4500,4250
Tamil Nadu,The Nilgiris,Coonoor(Uzhavar Sandhai ),Tomato,Deshi,Local,12/09/2026,3000,3400,3200
Tamil Nadu,The Nilgiris,Coonoor(Uzhavar Sandhai ),Cowpea(Veg),Cowpea (Veg),Local,12/09/2026,3800,4000,3900
Tamil Nadu,The Nilgiris,Coonoor(Uzhavar Sandhai ),Green Avare(W),Green Avare (W),Local,12/09/2026,5500,6000,5750
Tamil Nadu,The Nilgiris,Coonoor(Uzhavar Sandhai ),Mint(Pudina),Mint(Pudina),Local,12/09/2026,5500,6000,5750
Tamil Nadu,The Nilgiris,Gudalur(Uzhavar Sandhai ),Onion,Bellary,Local,12/09/2026,6000,6500,6250
Tamil Nadu,The Nilgiris,Gudalur(Uzhavar Sandhai ),Potato,Red Nanital,Local,12/09/2026,4500,5000,4750
Tamil Nadu,The Nilgiris,Gudalur(Uzhavar Sandhai ),Tomato,Deshi,Local,12/09/2026,2500,3000,2750
Tamil Nadu,The Nilgiris,Gudalur(Uzhavar Sandhai ),Cluster beans,Cluster Beans,Local,12/09/2026,3000,3500,3250
Tamil Nadu,The Nilgiris,Gudalur(Uzhavar Sandhai ),Cucumbar(Kheera),Cucumbar,Local,12/09/2026,3500,4000,3750
Tamil Nadu,The Nilgiris,Gudalur(Uzhavar Sandhai ),Elephant Yam(Suran)/Amorphophallus,Elephant Yam (Suran),Local,12/09/2026,3500,4000,3750
Tamil Nadu,Thirupur,Tiruppur (South) (Uzhavar Sandhai ),Coconut,Coconut,Local,12/09/2026,5000,6000,5500
Tamil Nadu,Thirupur,Tiruppur (South) (Uzhavar Sandhai ),Cauliflower,Ranchi,Local,12/09/2026,3000,4000,3500
Tamil Nadu,Thirupur,Tiruppur (South) (Uzhavar Sandhai ),Bitter gourd,Other,Local,12/09/2026,5000,6000,5500
Tamil Nadu,Erode,Perundurai(Uzhavar Sandhai ),Cabbage,Cabbage,Local,12/09/2026,2200,2500,2350
Tamil Nadu,Erode,Perundurai(Uzhavar Sandhai ),Green Chilli,Green Chilly,Local,12/09/2026,4500,4800,4650
Tamil Nadu,Erode,Perundurai(Uzhavar Sandhai ),Onion Green,Onion Green,Local,12/09/2026,7500,7800,7650
Tamil Nadu,Dharmapuri,Dharmapuri(Uzhavar Sandhai ),Sweet Potato,Hosur Red,Local,12/09/2026,2800,3000,2900
Tamil Nadu,Dharmapuri,Dharmapuri(Uzhavar Sandhai ),Potato,Red Nanital,Local,12/09/2026,2600,2800,2700
Tamil Nadu,Dharmapuri,Dharmapuri(Uzhavar Sandhai ),Tapioca,Tapioca,Local,12/09/2026,3300,3500,3400
Tamil Nadu,Dharmapuri,Dharmapuri(Uzhavar Sandhai ),Chow Chow,Chow Chow,Local,12/09/2026,4500,4800,4650
Tamil Nadu,Dharmapuri,Dharmapuri(Uzhavar Sandhai ),Knool Khol,Knool Khol,Local,12/09/2026,4200,4400,4300
Tamil Nadu,Dharmapuri,Palacode(Uzhavar Sandhai ),Banana,Poovan,Local,12/09/2026,5000,5500,5250
Tamil Nadu,Dharmapuri,Palacode(Uzhavar Sandhai ),Snakeguard,Snakeguard,Local,12/09/2026,2800,3000,2900
Tamil Nadu,Dharmapuri,Palacode(Uzhavar Sandhai ),Drumstick,Drumstick,Local,12/09/2026,2000,2500,2250
Tamil Nadu,Dharmapuri,Palacode(Uzhavar Sandhai ),Guava,Guava Allahabad,Local,12/09/2026,6500,7000,6750
Tamil Nadu,Dharmapuri,Palacode(Uzhavar Sandhai ),Tamarind Fruit,Tamarind Fruit,Local,12/09/2026,11000,11500,11250
Tamil Nadu,Dharmapuri,Palacode(Uzhavar Sandhai ),Lemon,Lemon,Local,12/09/2026,23500,24000,23750
Tamil Nadu,Dharmapuri,Palacode(Uzhavar Sandhai ),Onion Green,Onion Green,Local,12/09/2026,6500,7000,6750
Tamil Nadu,Dharmapuri,Pennagaram(Uzhavar Sandhai ),Coconut,Coconut,Local,12/09/2026,5500,6000,5750
Tamil Nadu,Dharmapuri,Pennagaram(Uzhavar Sandhai ),Banana,Besrai,Local,12/09/2026,4500,5000,4750
Tamil Nadu,Dharmapuri,Pennagaram(Uzhavar Sandhai ),Garlic,Garlic,Local,12/09/2026,20000,22000,21000
Tamil Nadu,Dharmapuri,Pennagaram(Uzhavar Sandhai ),Cauliflower,Ranchi,Local,12/09/2026,2800,3000,2900
Tamil Nadu,Dharmapuri,Pennagaram(Uzhavar Sandhai ),Coriander(Leaves),I Sort,Local,12/09/2026,5500,6000,5750
Tamil Nadu,Dharmapuri,Pennagaram(Uzhavar Sandhai ),Thondekai,Thondekai,Local,12/09/2026,5500,6000,5750
Tamil Nadu,Dharmapuri,Pennagaram(Uzhavar Sandhai ),Green Avare(W),Green Avare (W),Local,12/09/2026,6000,7000,6500
Tamil Nadu,Dharmapuri,Pennagaram(Uzhavar Sandhai ),Drumstick,Drumstick,Local,12/09/2026,2000,2500,2250
Tamil Nadu,Dharmapuri,Pennagaram(Uzhavar Sandhai ),Sweet Corn ,Sweet Corn ,Local,12/09/2026,1800,2000,1900
Tamil Nadu,Dindigul,Chinnalapatti(Uzhavar Sandhai ),Carrot,Pusakesar,Local,12/09/2026,6400,7000,6700
Tamil Nadu,Dindigul,Chinnalapatti(Uzhavar Sandhai ),Cabbage,Cabbage,Local,12/09/2026,3600,4000,3800
Tamil Nadu,Dindigul,Chinnalapatti(Uzhavar Sandhai ),Potato,Red Nanital,Local,12/09/2026,4000,5000,4500
Tamil Nadu,Dindigul,Chinnalapatti(Uzhavar Sandhai ),Brinjal,Other,Local,12/09/2026,5000,6000,5500
Tamil Nadu,Dindigul,Chinnalapatti(Uzhavar Sandhai ),Pumpkin,Pumpkin,Local,12/09/2026,1600,2000,1800
Tamil Nadu,Dindigul,Chinnalapatti(Uzhavar Sandhai ),Bhindi(Ladies Finger),Bhindi,Local,12/09/2026,3600,4000,3800
Tamil Nadu,Dindigul,Chinnalapatti(Uzhavar Sandhai ),Beetroot,Beetroot,Local,12/09/2026,7600,8000,7800
Tamil Nadu,Dindigul,Chinnalapatti(Uzhavar Sandhai ),Yam(Ratalu),Yam (Ratalu),Local,12/09/2026,7600,8000,7800
Tamil Nadu,Dindigul,Chinnalapatti(Uzhavar Sandhai ),Mint(Pudina),Mint(Pudina),Local,12/09/2026,3600,4000,3800
Tamil Nadu,Dindigul,Dindigul(Uzhavar Sandhai ),Groundnut,Big (With Shell),Local,12/09/2026,6000,7000,6500
Tamil Nadu,Dindigul,Dindigul(Uzhavar Sandhai ),Amaranthus,Amaranthus,Local,12/09/2026,2500,3000,2750
Tamil Nadu,Dindigul,Dindigul(Uzhavar Sandhai ),Green Chilli,Green Chilly,Local,12/09/2026,5000,6000,5500
Tamil Nadu,Dindigul,Dindigul(Uzhavar Sandhai ),Mint(Pudina),Mint(Pudina),Local,12/09/2026,3000,4000,3500
Tamil Nadu,Dindigul,Palani(Uzhavar Sandhai ),Ginger(Green),Green Ginger,Local,12/09/2026,8000,17000,12500
Tamil Nadu,Dindigul,Palani(Uzhavar Sandhai ),Coconut,Coconut,Local,12/09/2026,5000,5500,5250
Tamil Nadu,Dindigul,Palani(Uzhavar Sandhai ),Cabbage,Cabbage,Local,12/09/2026,2500,3000,2750
Tamil Nadu,Dindigul,Palani(Uzhavar Sandhai ),Snakeguard,Snakeguard,Local,12/09/2026,1600,2000,1800
Tamil Nadu,Dindigul,Palani(Uzhavar Sandhai ),Coriander(Leaves),I Sort,Local,12/09/2026,4000,5000,4500
Tamil Nadu,Dindigul,Palani(Uzhavar Sandhai ),Tomato,Deshi,Local,12/09/2026,1000,2000,1500
Tamil Nadu,Dindigul,Palani(Uzhavar Sandhai ),Bitter gourd,Bitter Gourd,Local,12/09/2026,4000,4800,4400
Tamil Nadu,Dindigul,Palani(Uzhavar Sandhai ),Bottle gourd,Bottle Gourd,Local,12/09/2026,1000,1400,1200
Tamil Nadu,Dindigul,Palani(Uzhavar Sandhai ),Green Chilli,Green Chilly,Local,12/09/2026,4000,5000,4500
Tamil Nadu,Dindigul,Palani(Uzhavar Sandhai ),Ridgeguard(Tori),Ridgeguard(Tori),Local,12/09/2026,3000,5500,4250
Tamil Nadu,Erode,Periyar Nagar(Uzhavar Sandhai ),Coconut,Coconut,Local,12/09/2026,5000,5400,5200
Tamil Nadu,Erode,Periyar Nagar(Uzhavar Sandhai ),Cluster beans,Cluster Beans,Local,12/09/2026,2800,3200,3000
Tamil Nadu,Erode,Periyar Nagar(Uzhavar Sandhai ),Pumpkin,Pumpkin,Local,12/09/2026,2000,2200,2100
Tamil Nadu,Erode,Periyar Nagar(Uzhavar Sandhai ),Banana - Green,Banana - Green,Local,12/09/2026,3200,3500,3350
Tamil Nadu,Erode,Periyar Nagar(Uzhavar Sandhai ),Ridgeguard(Tori),Ridgeguard(Tori),Local,12/09/2026,3200,3600,3400
Tamil Nadu,Erode,Periyar Nagar(Uzhavar Sandhai ),Guava,Guava Allahabad,Local,12/09/2026,4500,5000,4750
Tamil Nadu,Erode,Periyar Nagar(Uzhavar Sandhai ),Tender Coconut,Tender Coconut,Local,12/09/2026,3500,4000,3750
Tamil Nadu,Erode,Periyar Nagar(Uzhavar Sandhai ),Mint(Pudina),Mint(Pudina),Local,12/09/2026,3600,4000,3800
Tamil Nadu,Kallakuruchi,Sankarapuram(Uzhavar Sandhai ),Carrot,Pusakesar,Local,12/09/2026,7000,7000,7000
Tamil Nadu,Kallakuruchi,Sankarapuram(Uzhavar Sandhai ),Banana,Besrai,Local,12/09/2026,4000,4000,4000
Tamil Nadu,Kallakuruchi,Sankarapuram(Uzhavar Sandhai ),Mango,Neelam,Local,12/09/2026,5000,5000,5000
Tamil Nadu,Kallakuruchi,Sankarapuram(Uzhavar Sandhai ),Tomato,Deshi,Local,12/09/2026,2500,2500,2500
Tamil Nadu,Kallakuruchi,Sankarapuram(Uzhavar Sandhai ),Pumpkin,Pumpkin,Local,12/09/2026,3000,3000,3000
Tamil Nadu,Kallakuruchi,Sankarapuram(Uzhavar Sandhai ),Bhindi(Ladies Finger),Bhindi,Local,12/09/2026,3000,3000,3000
Tamil Nadu,Kallakuruchi,Sankarapuram(Uzhavar Sandhai ),Amaranthus,Amaranthus,Local,12/09/2026,4000,4000,4000
Tamil Nadu,Kallakuruchi,Sankarapuram(Uzhavar Sandhai ),Beans,Beans (Whole),Local,12/09/2026,10000,10000,10000
Tamil Nadu,Kallakuruchi,Sankarapuram(Uzhavar Sandhai ),Ridgeguard(Tori),Ridgeguard(Tori),Local,12/09/2026,4000,4000,4000
Tamil Nadu,Kallakuruchi,Sankarapuram(Uzhavar Sandhai ),Thondekai,Thondekai,Local,12/09/2026,6000,6000,6000
Tamil Nadu,Kallakuruchi,Sankarapuram(Uzhavar Sandhai ),Guava,Guava Allahabad,Local,12/09/2026,6000,6000,6000
Tamil Nadu,Kallakuruchi,Sankarapuram(Uzhavar Sandhai ),Elephant Yam(Suran)/Amorphophallus,Elephant Yam (Suran),Local,12/09/2026,3000,3000,3000
Tamil Nadu,Kallakuruchi,Sankarapuram(Uzhavar Sandhai ),Yam(Ratalu),Yam (Ratalu),Local,12/09/2026,3000,3000,3000
Tamil Nadu,Kallakuruchi,Sankarapuram(Uzhavar Sandhai ),Baby Corn,Baby Corn,Grade A,12/09/2026,3000,3000,3000
Tamil Nadu,Kancheepuram,Kancheepuram(Uzhavar Sandhai ),Snakeguard,Snakeguard,Local,12/09/2026,3000,3500,3250
Tamil Nadu,Kancheepuram,Kancheepuram(Uzhavar Sandhai ),Groundnut,Big (With Shell),Local,12/09/2026,6000,7000,6500
Tamil Nadu,Kancheepuram,Kancheepuram(Uzhavar Sandhai ),Amaranthus,Amaranthus,Local,12/09/2026,3500,4000,3750
Tamil Nadu,Kancheepuram,Kancheepuram(Uzhavar Sandhai ),Drumstick,Drumstick,Local,12/09/2026,3000,3500,3250
Tamil Nadu,Kancheepuram,Kancheepuram(Uzhavar Sandhai ),Amla(Nelli Kai),Amla,Local,12/09/2026,9000,12000,10500
Tamil Nadu,Kancheepuram,Kancheepuram(Uzhavar Sandhai ),Mint(Pudina),Mint(Pudina),Local,12/09/2026,3500,4500,4000
Tamil Nadu,Kancheepuram,Kundrathur(Uzhavar Sandhai ),Snakeguard,Snakeguard,Local,12/09/2026,4000,4000,4000
Tamil Nadu,Kancheepuram,Kundrathur(Uzhavar Sandhai ),Cauliflower,Ranchi,Local,12/09/2026,3000,3500,3250
Tamil Nadu,Kancheepuram,Kundrathur(Uzhavar Sandhai ),Banana - Green,Banana - Green,Local,12/09/2026,3000,3000,3000
Tamil Nadu,Kancheepuram,Kundrathur(Uzhavar Sandhai ),Colacasia,Colacasia,Local,12/09/2026,3000,3000,3000
Tamil Nadu,Kancheepuram,Kundrathur(Uzhavar Sandhai ),Onion Green,Onion Green,Local,12/09/2026,6000,6000,6000
Tamil Nadu,Kancheepuram,Padappai(Uzhavar Sandhai ),Coconut,Coconut,Local,12/09/2026,5500,6500,6000
Tamil Nadu,Kancheepuram,Padappai(Uzhavar Sandhai ),Onion,Bellary,Local,12/09/2026,5800,6500,6150
Tamil Nadu,Kancheepuram,Padappai(Uzhavar Sandhai ),Brinjal,Other,Local,12/09/2026,2500,3500,3000
Tamil Nadu,Kancheepuram,Padappai(Uzhavar Sandhai ),Coriander(Leaves),I Sort,Local,12/09/2026,4000,5000,4500
Tamil Nadu,Kancheepuram,Padappai(Uzhavar Sandhai ),Amla(Nelli Kai),Amla,Local,12/09/2026,8000,12000,10000
Tamil Nadu,Kancheepuram,Sunguvarchatram(Uzhavar Sandhai ),Bottle gourd,Bottle Gourd,Local,12/09/2026,3000,3000,3000
Tamil Nadu,Kancheepuram,Sunguvarchatram(Uzhavar Sandhai ),Green Chilli,Green Chilly,Local,12/09/2026,5000,5000,5000
Tamil Nadu,Kancheepuram,Sunguvarchatram(Uzhavar Sandhai ),Banana - Green,Banana - Green,Local,12/09/2026,3000,3000,3000
Tamil Nadu,Kancheepuram,Sunguvarchatram(Uzhavar Sandhai ),Yam(Ratalu),Yam (Ratalu),Local,12/09/2026,4000,4000,4000
Tamil Nadu,Krishnagiri,Avallapalli(Uzhavar Sandhai ),Sweet Potato,Hosur Red,Local,12/09/2026,5500,6000,5750
Tamil Nadu,Krishnagiri,Avallapalli(Uzhavar Sandhai ),Cabbage,Cabbage,Local,12/09/2026,1000,1500,1250
Tamil Nadu,Krishnagiri,Avallapalli(Uzhavar Sandhai ),Potato,Red Nanital,Local,12/09/2026,2000,2500,2250
Tamil Nadu,Krishnagiri,Avallapalli(Uzhavar Sandhai ),Coriander(Leaves),I Sort,Local,12/09/2026,5500,6000,5750
Tamil Nadu,Krishnagiri,Avallapalli(Uzhavar Sandhai ),Green Peas,Green Peas,Local,12/09/2026,10000,12000,11000
Tamil Nadu,Krishnagiri,Avallapalli(Uzhavar Sandhai ),Bitter gourd,Bitter Gourd,Local,12/09/2026,3500,4000,3750
Tamil Nadu,Krishnagiri,Avallapalli(Uzhavar Sandhai ),Beetroot,Beetroot,Local,12/09/2026,2500,3000,2750
Tamil Nadu,Krishnagiri,Avallapalli(Uzhavar Sandhai ),Ginger(Green),Green Ginger,Local,12/09/2026,15000,16000,15500
Tamil Nadu,Krishnagiri,Avallapalli(Uzhavar Sandhai ),Chow Chow,Chow Chow,Local,12/09/2026,2000,2500,2250
Tamil Nadu,Krishnagiri,Avallapalli(Uzhavar Sandhai ),Elephant Yam(Suran)/Amorphophallus,Elephant Yam (Suran),Local,12/09/2026,3500,4000,3750
Tamil Nadu,Krishnagiri,Avallapalli(Uzhavar Sandhai ),Indian Beans(Seam),Indian Beans (Seam),Local,12/09/2026,3500,4000,3750
Tamil Nadu,Dharmapuri,Karimangalam(Uzhavar Sandhai),Potato,Other,Local,12/09/2026,2600,2800,2700
Tamil Nadu,Dharmapuri,Karimangalam(Uzhavar Sandhai),Garlic,Garlic,Local,12/09/2026,20000,21000,20500
Tamil Nadu,Dharmapuri,Karimangalam(Uzhavar Sandhai),Green Peas,Green Peas,Local,12/09/2026,15000,16000,15500
Tamil Nadu,Dharmapuri,Karimangalam(Uzhavar Sandhai),Pumpkin,Pumpkin,Local,12/09/2026,2300,2500,2400
Tamil Nadu,Dharmapuri,Karimangalam(Uzhavar Sandhai),Banana - Green,Banana - Green,Local,12/09/2026,2800,3000,2900
Tamil Nadu,Dharmapuri,Karimangalam(Uzhavar Sandhai),Ridgeguard(Tori),Ridgeguard(Tori),Local,12/09/2026,3300,3500,3400
Tamil Nadu,Dharmapuri,Karimangalam(Uzhavar Sandhai),Raddish,Raddish,Local,12/09/2026,1800,2000,1900
Tamil Nadu,Dharmapuri,Karimangalam(Uzhavar Sandhai),Onion Green,Onion Green,Local,12/09/2026,7000,7500,7250
Tamil Nadu,Krishnagiri,Denkanikottai(Uzhavar Sandhai ),Coconut,Coconut,Local,12/09/2026,5500,6000,5750
Tamil Nadu,Krishnagiri,Denkanikottai(Uzhavar Sandhai ),Carrot,Pusakesar,Local,12/09/2026,4000,4500,4250
Tamil Nadu,Krishnagiri,Denkanikottai(Uzhavar Sandhai ),Coriander(Leaves),I Sort,Local,12/09/2026,5500,6000,5750
Tamil Nadu,Krishnagiri,Denkanikottai(Uzhavar Sandhai ),Cluster beans,Cluster Beans,Local,12/09/2026,4000,4500,4250
Tamil Nadu,Krishnagiri,Denkanikottai(Uzhavar Sandhai ),Bottle gourd,Bottle Gourd,Local,12/09/2026,1500,2000,1750
Tamil Nadu,Krishnagiri,Denkanikottai(Uzhavar Sandhai ),Snakeguard,Snakeguard,Local,12/09/2026,3000,3500,3250
Tamil Nadu,Krishnagiri,Denkanikottai(Uzhavar Sandhai ),Bhindi(Ladies Finger),Bhindi,Local,12/09/2026,3000,3500,3250
Tamil Nadu,Krishnagiri,Denkanikottai(Uzhavar Sandhai ),Green Chilli,Green Chilly,Local,12/09/2026,4500,5000,4750
Tamil Nadu,Krishnagiri,Denkanikottai(Uzhavar Sandhai ),Cowpea(Veg),Cowpea (Veg),Local,12/09/2026,5500,6000,5750
Tamil Nadu,Krishnagiri,Denkanikottai(Uzhavar Sandhai ),Beetroot,Beetroot,Local,12/09/2026,2500,3000,2750
Tamil Nadu,Krishnagiri,Denkanikottai(Uzhavar Sandhai ),Ridgeguard(Tori),Ridgeguard(Tori),Local,12/09/2026,3000,3500,3250
Tamil Nadu,Krishnagiri,Denkanikottai(Uzhavar Sandhai ),Green Avare(W),Green Avare (W),Local,12/09/2026,5500,6000,5750
Tamil Nadu,Krishnagiri,Denkanikottai(Uzhavar Sandhai ),Onion Green,Onion Green,Local,12/09/2026,8000,10000,9000
Tamil Nadu,Krishnagiri,Hosur(Uzhavar Sandhai ),Garlic,Garlic,Local,12/09/2026,22000,24000,23000
Tamil Nadu,Krishnagiri,Hosur(Uzhavar Sandhai ),Papaya,Papaya,Local,12/09/2026,3500,4000,3750
Tamil Nadu,Krishnagiri,Hosur(Uzhavar Sandhai ),Amaranthus,Amaranthus,Local,12/09/2026,5000,6000,5500
Tamil Nadu,Krishnagiri,Hosur(Uzhavar Sandhai ),Tapioca,Tapioca,Local,12/09/2026,3500,4000,3750
Tamil Nadu,Krishnagiri,Hosur(Uzhavar Sandhai ),Ridgeguard(Tori),Ridgeguard(Tori),Local,12/09/2026,3000,3500,3250
Tamil Nadu,Krishnagiri,Hosur(Uzhavar Sandhai ),Raddish,Raddish,Local,12/09/2026,1000,1500,1250
Tamil Nadu,Krishnagiri,Hosur(Uzhavar Sandhai ),Green Avare(W),Green Avare (W),Local,12/09/2026,5000,6000,5500
Tamil Nadu,Krishnagiri,Hosur(Uzhavar Sandhai ),Guava,Guava Allahabad,Local,12/09/2026,7000,8000,7500
Tamil Nadu,Krishnagiri,Hosur(Uzhavar Sandhai ),Karbuja(Musk Melon),Karbhuja,Local,12/09/2026,5000,6000,5500
Tamil Nadu,Madurai,Anaiyur(Uzhavar Sandhai ),Apple,American,Local,12/09/2026,20000,27000,23500
Tamil Nadu,Madurai,Anaiyur(Uzhavar Sandhai ),Potato,Red Nanital,Local,12/09/2026,4500,5000,4750
Tamil Nadu,Madurai,Anaiyur(Uzhavar Sandhai ),Green Peas,Green Peas,Local,12/09/2026,12000,14000,13000
Tamil Nadu,Madurai,Anaiyur(Uzhavar Sandhai ),Papaya,Papaya,Local,12/09/2026,4500,5000,4750
Tamil Nadu,Madurai,Anaiyur(Uzhavar Sandhai ),Bhindi(Ladies Finger),Bhindi,Local,12/09/2026,3000,3600,3300
Tamil Nadu,Madurai,Anaiyur(Uzhavar Sandhai ),Banana - Green,Banana - Green,Local,12/09/2026,2000,2400,2200
Tamil Nadu,Madurai,Anaiyur(Uzhavar Sandhai ),Tapioca,Tapioca,Local,12/09/2026,3600,4000,3800
Tamil Nadu,Madurai,Anaiyur(Uzhavar Sandhai ),Capsicum,Capsicum,Local,12/09/2026,7000,8000,7500
Tamil Nadu,Madurai,Anaiyur(Uzhavar Sandhai ),Drumstick,Drumstick,Local,12/09/2026,5000,6000,5500
Tamil Nadu,Madurai,Anaiyur(Uzhavar Sandhai ),Guava,Guava Allahabad,Local,12/09/2026,6000,7000,6500
Tamil Nadu,Madurai,Anaiyur(Uzhavar Sandhai ),Pomegranate,Pomogranate,Local,12/09/2026,20000,22000,21000
Tamil Nadu,Madurai,Anaiyur(Uzhavar Sandhai ),Colacasia,Colacasia,Local,12/09/2026,5000,6000,5500
Tamil Nadu,Madurai,Anaiyur(Uzhavar Sandhai ),Mashrooms,Mashrooms,Local,12/09/2026,22500,25000,23750
Tamil Nadu,Madurai,Anaiyur(Uzhavar Sandhai ),Mint(Pudina),Mint(Pudina),Local,12/09/2026,4500,5000,4750
Tamil Nadu,Madurai,Usilampatti(Uzhavar Sandhai ),Brinjal,Round,Local,12/09/2026,3600,4200,3900
Tamil Nadu,Madurai,Usilampatti(Uzhavar Sandhai ),Snakeguard,Snakeguard,Local,12/09/2026,3600,4000,3800
Tamil Nadu,Madurai,Usilampatti(Uzhavar Sandhai ),Ashgourd,Gouard,Local,12/09/2026,1600,1800,1700
Tamil Nadu,Madurai,Usilampatti(Uzhavar Sandhai ),Amaranthus,Amaranthus,Local,12/09/2026,3000,3600,3300
Tamil Nadu,Madurai,Usilampatti(Uzhavar Sandhai ),Tapioca,Tapioca,Local,12/09/2026,3600,4000,3800
Tamil Nadu,Nagapattinam,Sirkali(Uzhavar Sandhai ),Onion,Bellary,Local,12/09/2026,5500,6000,5750
Tamil Nadu,Nagapattinam,Sirkali(Uzhavar Sandhai ),Coriander(Leaves),I Sort,Local,12/09/2026,3500,4000,3750
Tamil Nadu,Nagapattinam,Sirkali(Uzhavar Sandhai ),Tomato,Deshi,Local,12/09/2026,2500,3000,2750
Tamil Nadu,Nagapattinam,Sirkali(Uzhavar Sandhai ),Ashgourd,Gouard,Local,12/09/2026,2500,3000,2750
Tamil Nadu,Nagapattinam,Sirkali(Uzhavar Sandhai ),Beetroot,Beetroot,Local,12/09/2026,4500,5000,4750
Tamil Nadu,Nagapattinam,Sirkali(Uzhavar Sandhai ),Cucumbar(Kheera),Cucumbar,Local,12/09/2026,2500,3000,2750
Tamil Nadu,Nagapattinam,Sirkali(Uzhavar Sandhai ),Mint(Pudina),Mint(Pudina),Local,12/09/2026,4000,4500,4250
Tamil Nadu,Namakkal,Kumarapalayam(Uzhavar Sandhai ),Onion,Bellary,Local,12/09/2026,2800,3000,2900
Tamil Nadu,Namakkal,Kumarapalayam(Uzhavar Sandhai ),Water Melon,Water Melon,Local,12/09/2026,1000,1500,1250
Tamil Nadu,Namakkal,Kumarapalayam(Uzhavar Sandhai ),Tomato,Other,Local,12/09/2026,2000,2800,2400
Tamil Nadu,Namakkal,Kumarapalayam(Uzhavar Sandhai ),Ashgourd,Gouard,Local,12/09/2026,2300,2500,2400
Tamil Nadu,Namakkal,Kumarapalayam(Uzhavar Sandhai ),Drumstick,Drumstick,Local,12/09/2026,2500,3000,2750
Tamil Nadu,Namakkal,Kumarapalayam(Uzhavar Sandhai ),Jasmine,Jasmine,Local,12/09/2026,65000,70000,67500
Tamil Nadu,Namakkal,Kumarapalayam(Uzhavar Sandhai ),Elephant Yam(Suran)/Amorphophallus,Elephant Yam (Suran),Local,12/09/2026,2500,3000,2750
Tamil Nadu,Namakkal,Mohanur(Uzhavar Sandhai ),Banana,Red Banana,Local,12/09/2026,7000,8000,7500
Tamil Nadu,Namakkal,Mohanur(Uzhavar Sandhai ),Brinjal,Other,Local,12/09/2026,4000,5000,4500
Tamil Nadu,Namakkal,Mohanur(Uzhavar Sandhai ),Papaya,Papaya,Local,12/09/2026,3200,3600,3400
Tamil Nadu,Namakkal,Mohanur(Uzhavar Sandhai ),Cluster beans,Cluster Beans,Local,12/09/2026,3500,4000,3750
Tamil Nadu,Namakkal,Mohanur(Uzhavar Sandhai ),Beetroot,Beetroot,Local,12/09/2026,6000,7000,6500
Tamil Nadu,Namakkal,Mohanur(Uzhavar Sandhai ),Green Avare(W),Green Avare (W),Local,12/09/2026,7000,8000,7500
Tamil Nadu,Namakkal,Namakkal(Uzhavar Sandhai ),Carrot,Pusakesar,Local,12/09/2026,6000,6800,6400
Tamil Nadu,Namakkal,Namakkal(Uzhavar Sandhai ),Cabbage,Cabbage,Local,12/09/2026,2000,2500,2250
Tamil Nadu,Namakkal,Namakkal(Uzhavar Sandhai ),Mousambi(Sweet Lime),Mousambi,Local,12/09/2026,3500,4000,3750
Tamil Nadu,Namakkal,Namakkal(Uzhavar Sandhai ),Amaranthus,Amaranthus,Local,12/09/2026,3500,4000,3750
Tamil Nadu,Namakkal,Namakkal(Uzhavar Sandhai ),Beetroot,Beetroot,Local,12/09/2026,6000,6500,6250
Tamil Nadu,Namakkal,Namakkal(Uzhavar Sandhai ),Chow Chow,Chow Chow,Local,12/09/2026,2500,2600,2550
Tamil Nadu,Namakkal,Namakkal(Uzhavar Sandhai ),Guava,Guava Allahabad,Local,12/09/2026,7000,8000,7500
Tamil Nadu,Namakkal,Namakkal(Uzhavar Sandhai ),Elephant Yam(Suran)/Amorphophallus,Elephant Yam (Suran),Local,12/09/2026,3000,3500,3250
Tamil Nadu,Namakkal,Namakkal(Uzhavar Sandhai ),Mashrooms,Mashrooms,Local,12/09/2026,20000,25000,22500
Tamil Nadu,Namakkal,Paramathivelur(Uzhavar Sandhai ),Banana,Other,Local,12/09/2026,4900,5500,5200
Tamil Nadu,Namakkal,Paramathivelur(Uzhavar Sandhai ),Onion,Bellary,Local,12/09/2026,6000,6800,6400
Tamil Nadu,Namakkal,Paramathivelur(Uzhavar Sandhai ),Bitter gourd,Other,Local,12/09/2026,5800,6500,6150
Tamil Nadu,Namakkal,Paramathivelur(Uzhavar Sandhai ),Raddish,Raddish,Local,12/09/2026,3500,4000,3750
Tamil Nadu,Namakkal,Paramathivelur(Uzhavar Sandhai ),Guava,Guava Allahabad,Local,12/09/2026,5400,6000,5700
Tamil Nadu,Namakkal,Paramathivelur(Uzhavar Sandhai ),Elephant Yam(Suran)/Amorphophallus,Elephant Yam (Suran),Local,12/09/2026,3900,4500,4200
Tamil Nadu,Namakkal,Rasipuram(Uzhavar Sandhai ),Snakeguard,Snakeguard,Local,12/09/2026,4500,5000,4750
Tamil Nadu,Namakkal,Rasipuram(Uzhavar Sandhai ),Groundnut,Big (With Shell),Local,12/09/2026,6500,7000,6750
Tamil Nadu,Namakkal,Rasipuram(Uzhavar Sandhai ),Onion,Bellary,Local,12/09/2026,6000,6500,6250
Tamil Nadu,Namakkal,Rasipuram(Uzhavar Sandhai ),Tomato,Other,Local,12/09/2026,3000,3400,3200
Tamil Nadu,Namakkal,Rasipuram(Uzhavar Sandhai ),Cluster beans,Cluster Beans,Local,12/09/2026,3000,3500,3250
Tamil Nadu,Namakkal,Rasipuram(Uzhavar Sandhai ),Pumpkin,Pumpkin,Local,12/09/2026,2000,2500,2250
Tamil Nadu,Namakkal,Rasipuram(Uzhavar Sandhai ),Bhindi(Ladies Finger),Bhindi,Local,12/09/2026,3400,4000,3700
Tamil Nadu,Namakkal,Rasipuram(Uzhavar Sandhai ),Beans,Beans (Whole),Local,12/09/2026,7000,8000,7500
Tamil Nadu,Namakkal,Rasipuram(Uzhavar Sandhai ),Tapioca,Tapioca,Local,12/09/2026,3800,4000,3900
Tamil Nadu,Namakkal,Rasipuram(Uzhavar Sandhai ),Ridgeguard(Tori),Ridgeguard(Tori),Local,12/09/2026,5000,5500,5250
Tamil Nadu,Namakkal,Rasipuram(Uzhavar Sandhai ),Raddish,Raddish,Local,12/09/2026,2800,3500,3150
Tamil Nadu,Namakkal,Rasipuram(Uzhavar Sandhai ),Lemon,Lemon,Local,12/09/2026,11000,13000,12000
Tamil Nadu,Namakkal,Rasipuram(Uzhavar Sandhai ),Custard Apple(Sharifa),Custard Apple(Sharifa),Local,12/09/2026,3500,4000,3750
Tamil Nadu,Thanjavur,Tirukattupalli(Uzhavar Sandhai ),Brinjal,Round,Local,12/09/2026,5400,5400,5400
Tamil Nadu,Thanjavur,Tirukattupalli(Uzhavar Sandhai ),Green Chilli,Green Chilly,Local,12/09/2026,6800,6800,6800
Tamil Nadu,Thanjavur,Tirukattupalli(Uzhavar Sandhai ),Green Avare(W),Green Avare (W),Local,12/09/2026,8400,8400,8400
Tamil Nadu,Madurai,Palanganatham(Uzhavar Sandhai ),Apple,American,Local,12/09/2026,20000,27000,23500
Tamil Nadu,Madurai,Palanganatham(Uzhavar Sandhai ),Orange,Darjeeling,Local,12/09/2026,12000,16000,14000
Tamil Nadu,Madurai,Palanganatham(Uzhavar Sandhai ),Papaya,Papaya,Local,12/09/2026,4500,5000,4750
Tamil Nadu,Madurai,Palanganatham(Uzhavar Sandhai ),Tomato,Other,Local,12/09/2026,2600,3000,2800
Tamil Nadu,Madurai,Palanganatham(Uzhavar Sandhai ),Cluster beans,Cluster Beans,Local,12/09/2026,3000,3600,3300
Tamil Nadu,Madurai,Palanganatham(Uzhavar Sandhai ),Bitter gourd,Bitter Gourd,Local,12/09/2026,6000,7000,6500
Tamil Nadu,Madurai,Palanganatham(Uzhavar Sandhai ),Bottle gourd,Bottle Gourd,Local,12/09/2026,2000,2600,2300
Tamil Nadu,Madurai,Palanganatham(Uzhavar Sandhai ),Ashgourd,Gouard,Local,12/09/2026,1600,2000,1800
Tamil Nadu,Madurai,Palanganatham(Uzhavar Sandhai ),Amaranthus,Amaranthus,Local,12/09/2026,3000,3600,3300
Tamil Nadu,Madurai,Palanganatham(Uzhavar Sandhai ),Green Chilli,Green Chilly,Local,12/09/2026,5000,6000,5500
Tamil Nadu,Madurai,Palanganatham(Uzhavar Sandhai ),Beans,Beans (Whole),Local,12/09/2026,10000,12000,11000
Tamil Nadu,Madurai,Anna nagar(Uzhavar Sandhai ),Potato,Red Nanital,Local,12/09/2026,4500,5000,4750
Tamil Nadu,Madurai,Anna nagar(Uzhavar Sandhai ),Cabbage,Cabbage,Local,12/09/2026,2600,3000,2800
Tamil Nadu,Madurai,Anna nagar(Uzhavar Sandhai ),Groundnut,Big (With Shell),Local,12/09/2026,7000,8000,7500
Tamil Nadu,Madurai,Anna nagar(Uzhavar Sandhai ),Orange,Darjeeling,Local,12/09/2026,14000,14000,14000
Tamil Nadu,Madurai,Anna nagar(Uzhavar Sandhai ),Garlic,Garlic,Local,12/09/2026,14000,17000,15500
Tamil Nadu,Madurai,Anna nagar(Uzhavar Sandhai ),Cauliflower,Ranchi,Local,12/09/2026,3500,4000,3750
Tamil Nadu,Madurai,Anna nagar(Uzhavar Sandhai ),Papaya,Papaya,Local,12/09/2026,4500,5000,4750
Tamil Nadu,Madurai,Anna nagar(Uzhavar Sandhai ),Cowpea(Veg),Cowpea (Veg),Local,12/09/2026,3600,3600,3600
Tamil Nadu,Madurai,Anna nagar(Uzhavar Sandhai ),Beetroot,Beetroot,Local,12/09/2026,4000,4000,4000
Tamil Nadu,Madurai,Anna nagar(Uzhavar Sandhai ),Thondekai,Thondekai,Local,12/09/2026,4200,4600,4400
Tamil Nadu,Madurai,Anna nagar(Uzhavar Sandhai ),Chow Chow,Chow Chow,Local,12/09/2026,3600,4000,3800
Tamil Nadu,Madurai,Anna nagar(Uzhavar Sandhai ),Tender Coconut,Tender Coconut,Local,12/09/2026,4000,4500,4250
Tamil Nadu,Madurai,Anna nagar(Uzhavar Sandhai ),Mashrooms,Mashrooms,Local,12/09/2026,22000,22000,22000
Tamil Nadu,Madurai,Anna nagar(Uzhavar Sandhai ),Amla(Nelli Kai),Amla,Local,12/09/2026,8000,9000,8500
Tamil Nadu,Perambalur,Perambalur(Uzhavar Sandhai ),Cabbage,Cabbage,Local,12/09/2026,3400,3400,3400
Tamil Nadu,Perambalur,Perambalur(Uzhavar Sandhai ),Tomato,Deshi,Local,12/09/2026,3000,3600,3300
Tamil Nadu,Perambalur,Perambalur(Uzhavar Sandhai ),Raddish,Raddish,Local,12/09/2026,2800,3200,3000
Tamil Nadu,Perambalur,Perambalur(Uzhavar Sandhai ),Green Avare(W),Green Avare (W),Local,12/09/2026,7600,9400,8500
Tamil Nadu,Perambalur,Perambalur(Uzhavar Sandhai ),Indian Beans(Seam),Indian Beans (Seam),Local,12/09/2026,8000,8800,8400
Tamil Nadu,Perambalur,Perambalur(Uzhavar Sandhai ),Sweet Corn ,Sweet Corn ,Local,12/09/2026,4000,5000,4500
Tamil Nadu,Salem,Mecheri(Uzhavar Sandhai),Coconut,Coconut,Local,12/09/2026,6000,6500,6250
Tamil Nadu,Salem,Mecheri(Uzhavar Sandhai),Snakeguard,Snakeguard,Local,12/09/2026,3400,3800,3600
Tamil Nadu,Salem,Mecheri(Uzhavar Sandhai),Banana,Besrai,Local,12/09/2026,6000,6000,6000
Tamil Nadu,Salem,Mecheri(Uzhavar Sandhai),Bitter gourd,Bitter Gourd,Local,12/09/2026,5000,6000,5500
Tamil Nadu,Salem,Mecheri(Uzhavar Sandhai),Bottle gourd,Bottle Gourd,Local,12/09/2026,2600,2600,2600
Tamil Nadu,Salem,Mecheri(Uzhavar Sandhai),Ridgeguard(Tori),Ridgeguard(Tori),Local,12/09/2026,4000,4400,4200
Tamil Nadu,Ranipet,Arcot(Uzhavar Sandhai ),Ginger(Green),Green Ginger,Local,12/09/2026,16000,16000,16000
Tamil Nadu,Ranipet,Arcot(Uzhavar Sandhai ),Snakeguard,Snakeguard,Local,12/09/2026,2000,2000,2000
Tamil Nadu,Ranipet,Arcot(Uzhavar Sandhai ),Banana,Other,Local,12/09/2026,6000,6000,6000
Tamil Nadu,Ranipet,Arcot(Uzhavar Sandhai ),Potato,Red Nanital,Local,12/09/2026,3000,3000,3000
Tamil Nadu,Ranipet,Arcot(Uzhavar Sandhai ),Brinjal,Other,Local,12/09/2026,5000,5000,5000
Tamil Nadu,Ranipet,Arcot(Uzhavar Sandhai ),Ashgourd,Gouard,Local,12/09/2026,3000,3000,3000
Tamil Nadu,Ranipet,Arcot(Uzhavar Sandhai ),Pumpkin,Pumpkin,Local,12/09/2026,3000,3000,3000
Tamil Nadu,Ranipet,Arcot(Uzhavar Sandhai ),Amaranthus,Amaranthus,Local,12/09/2026,2500,3000,2750
Tamil Nadu,Ranipet,Arcot(Uzhavar Sandhai ),Ridgeguard(Tori),Ridgeguard(Tori),Local,12/09/2026,4000,4000,4000
Tamil Nadu,Ranipet,Arcot(Uzhavar Sandhai ),Chow Chow,Chow Chow,Local,12/09/2026,4000,4000,4000
Tamil Nadu,Ranipet,Arcot(Uzhavar Sandhai ),Tender Coconut,Tender Coconut,Local,12/09/2026,2500,3000,2750
Tamil Nadu,Ranipet,Arcot(Uzhavar Sandhai ),Indian Beans(Seam),Indian Beans (Seam),Local,12/09/2026,6000,6000,6000
Tamil Nadu,Ranipet,Arcot(Uzhavar Sandhai ),Colacasia,Colacasia,Local,12/09/2026,4000,4000,4000
Tamil Nadu,Ranipet,Arcot(Uzhavar Sandhai ),Onion Green,Onion Green,Local,12/09/2026,9600,9600,9600
Tamil Nadu,Ranipet,Arcot(Uzhavar Sandhai ),Sweet Corn ,Sweet Corn ,Local,12/09/2026,4000,4000,4000
Tamil Nadu,Ranipet,Ranipettai(Uzhavar Sandhai ),Ginger(Green),Green Ginger,Local,12/09/2026,18000,18000,18000
Tamil Nadu,Ranipet,Ranipettai(Uzhavar Sandhai ),Sweet Potato,Hosur Red,Local,12/09/2026,6000,6000,6000
Tamil Nadu,Ranipet,Ranipettai(Uzhavar Sandhai ),Onion,Bellary,Local,12/09/2026,5600,6400,6000
Tamil Nadu,Ranipet,Ranipettai(Uzhavar Sandhai ),Mousambi(Sweet Lime),Mousambi,Local,12/09/2026,6000,6000,6000
Tamil Nadu,Ranipet,Ranipettai(Uzhavar Sandhai ),Bitter gourd,Other,Local,12/09/2026,3600,3600,3600
Tamil Nadu,Ranipet,Ranipettai(Uzhavar Sandhai ),Raddish,Raddish,Local,12/09/2026,2000,2500,2250
Tamil Nadu,Ranipet,Ranipettai(Uzhavar Sandhai ),Green Avare(W),Other,Local,12/09/2026,5000,5000,5000
Tamil Nadu,Ranipet,Ranipettai(Uzhavar Sandhai ),Mint(Pudina),Mint(Pudina),Local,12/09/2026,3000,3000,3000
Tamil Nadu,Ranipet,Ranipettai(Uzhavar Sandhai ),Sweet Corn ,Sweet Corn ,Local,12/09/2026,3600,4000,3800
Tamil Nadu,Salem,Ammapet(Uzhavar Sandhai ),Groundnut,Big (With Shell),Local,12/09/2026,6500,7000,6750
Tamil Nadu,Salem,Ammapet(Uzhavar Sandhai ),Potato,Other,Local,12/09/2026,4500,5000,4750
Tamil Nadu,Salem,Ammapet(Uzhavar Sandhai ),Cauliflower,Ranchi,Local,12/09/2026,2500,3000,2750
Tamil Nadu,Salem,Ammapet(Uzhavar Sandhai ),Brinjal,Other,Local,12/09/2026,3200,3400,3300
Tamil Nadu,Salem,Ammapet(Uzhavar Sandhai ),Ashgourd,Gouard,Local,12/09/2026,2000,2200,2100
Tamil Nadu,Salem,Ammapet(Uzhavar Sandhai ),Knool Khol,Knool Khol,Local,12/09/2026,3600,4000,3800
Tamil Nadu,Salem,Ammapet(Uzhavar Sandhai ),Pomegranate,Pomogranate,Local,12/09/2026,12000,14000,13000
Tamil Nadu,Salem,Ammapet(Uzhavar Sandhai ),Amla(Nelli Kai),Amla,Local,12/09/2026,6500,7000,6750
Tamil Nadu,Salem,Ammapet(Uzhavar Sandhai ),Sweet Corn ,Sweet Corn ,Local,12/09/2026,3500,4000,3750
Tamil Nadu,Salem,Mettur(Uzhavar Sandhai ),Sweet Potato,Hosur Red,Local,12/09/2026,4000,4500,4250
Tamil Nadu,Salem,Mettur(Uzhavar Sandhai ),Carrot,Pusakesar,Local,12/09/2026,6000,6500,6250
Tamil Nadu,Salem,Mettur(Uzhavar Sandhai ),Coriander(Leaves),I Sort,Local,12/09/2026,3000,4000,3500
Tamil Nadu,Salem,Mettur(Uzhavar Sandhai ),Mousambi(Sweet Lime),Mousambi,Local,12/09/2026,2500,3000,2750
Tamil Nadu,Salem,Mettur(Uzhavar Sandhai ),Tomato,Local,Local,12/09/2026,2000,2600,2300
Tamil Nadu,Salem,Mettur(Uzhavar Sandhai ),Pumpkin,Pumpkin,Local,12/09/2026,1500,2000,1750
Tamil Nadu,Salem,Mettur(Uzhavar Sandhai ),Bhindi(Ladies Finger),Bhindi,Local,12/09/2026,2000,2500,2250
Tamil Nadu,Salem,Mettur(Uzhavar Sandhai ),Amaranthus,Amaranthus,Local,12/09/2026,2000,2500,2250
Tamil Nadu,Salem,Mettur(Uzhavar Sandhai ),Guava,Guava Allahabad,Local,12/09/2026,5000,6000,5500
Tamil Nadu,Salem,Mettur(Uzhavar Sandhai ),Amla(Nelli Kai),Amla,Local,12/09/2026,7000,8000,7500
Tamil Nadu,Salem,Mettur(Uzhavar Sandhai ),Onion Green,Onion Green,Local,12/09/2026,6500,7000,6750
Tamil Nadu,Salem,Mettur(Uzhavar Sandhai ),Sweet Corn ,Sweet Corn ,Local,12/09/2026,3500,4000,3750
Tamil Nadu,Salem,Sooramangalam(Uzhavar Sandhai ),Ginger(Green),Green Ginger,Local,12/09/2026,16000,17000,16500
Tamil Nadu,Salem,Sooramangalam(Uzhavar Sandhai ),Coconut,Coconut,Local,12/09/2026,6000,6500,6250
Tamil Nadu,Salem,Sooramangalam(Uzhavar Sandhai ),Potato,Other,Local,12/09/2026,5000,6000,5500
Tamil Nadu,Salem,Sooramangalam(Uzhavar Sandhai ),Brinjal,Other,Local,12/09/2026,2800,3000,2900
Tamil Nadu,Salem,Sooramangalam(Uzhavar Sandhai ),Pumpkin,Pumpkin,Local,12/09/2026,1500,1800,1650
Tamil Nadu,Salem,Sooramangalam(Uzhavar Sandhai ),Amaranthus,Amaranthus,Local,12/09/2026,1800,2000,1900
Tamil Nadu,Salem,Sooramangalam(Uzhavar Sandhai ),Cowpea(Veg),Cowpea (Veg),Local,12/09/2026,4000,4500,4250
Tamil Nadu,Salem,Sooramangalam(Uzhavar Sandhai ),Capsicum,Capsicum,Local,12/09/2026,4500,5000,4750
Tamil Nadu,Salem,Sooramangalam(Uzhavar Sandhai ),Yam(Ratalu),Yam (Ratalu),Local,12/09/2026,7500,8000,7750
Tamil Nadu,Salem,Sooramangalam(Uzhavar Sandhai ),Lemon,Lemon,Local,12/09/2026,17000,18000,17500
Tamil Nadu,Salem,Sooramangalam(Uzhavar Sandhai ),Colacasia,Colacasia,Local,12/09/2026,6500,7000,6750
Tamil Nadu,Salem,Sooramangalam(Uzhavar Sandhai ),Amla(Nelli Kai),Amla,Local,12/09/2026,7000,8000,7500
Tamil Nadu,Salem,Sooramangalam(Uzhavar Sandhai ),Mint(Pudina),Mint(Pudina),Local,12/09/2026,3400,3600,3500
Tamil Nadu,Salem,Sooramangalam(Uzhavar Sandhai ),Rose(Local),Rose (Local),Local,12/09/2026,8000,10000,9000
Tamil Nadu,Thiruchirappalli,Thuraiyur APMC,Sweet Potato,Hosur Red,Local,12/09/2026,4500,5000,4750
Tamil Nadu,Thiruchirappalli,Thuraiyur APMC,Papaya,Papaya,Local,12/09/2026,3000,4000,3500
Tamil Nadu,Thiruchirappalli,Thuraiyur APMC,Tomato,Other,Local,12/09/2026,2500,3000,2750
Tamil Nadu,Thiruchirappalli,Thuraiyur APMC,Pumpkin,Pumpkin,Local,12/09/2026,1200,1800,1500
Tamil Nadu,Thiruchirappalli,Thuraiyur APMC,Amaranthus,Amaranthus,Local,12/09/2026,1500,2000,1750
Tamil Nadu,Thiruchirappalli,Thuraiyur APMC,Ridgeguard(Tori),Ridgeguard(Tori),Local,12/09/2026,4700,5600,5150
Tamil Nadu,Thiruchirappalli,Thuraiyur APMC,Capsicum,Capsicum,Local,12/09/2026,4000,4500,4250
Tamil Nadu,Thiruchirappalli,Thuraiyur APMC,Green Avare(W),Green Avare (W),Local,12/09/2026,5600,6600,6100
Tamil Nadu,Thiruchirappalli,Thuraiyur APMC,Knool Khol,Knool Khol,Local,12/09/2026,3000,3500,3250
Tamil Nadu,Thiruchirappalli,Thuraiyur APMC,Onion Green,Onion Green,Local,12/09/2026,6000,8000,7000
Tamil Nadu,Salem,Thammampatti (Uzhavar Sandhai ),Cabbage,Cabbage,Local,12/09/2026,3500,4000,3750
Tamil Nadu,Salem,Thammampatti (Uzhavar Sandhai ),Snakeguard,Snakeguard,Local,12/09/2026,3000,3500,3250
Tamil Nadu,Salem,Thammampatti (Uzhavar Sandhai ),Potato,Other,Local,12/09/2026,2800,3000,2900
Tamil Nadu,Salem,Thammampatti (Uzhavar Sandhai ),Tomato,Deshi,Local,12/09/2026,2000,2800,2400
Tamil Nadu,Salem,Thammampatti (Uzhavar Sandhai ),Cluster beans,Cluster Beans,Local,12/09/2026,3500,4000,3750
Tamil Nadu,Salem,Thammampatti (Uzhavar Sandhai ),Bhindi(Ladies Finger),Bhindi,Local,12/09/2026,2500,3000,2750
Tamil Nadu,Salem,Thammampatti (Uzhavar Sandhai ),Ridgeguard(Tori),Ridgeguard(Tori),Local,12/09/2026,4000,4400,4200
Tamil Nadu,Salem,Thammampatti (Uzhavar Sandhai ),Guava,Guava Allahabad,Local,12/09/2026,6000,6000,6000
Tamil Nadu,Salem,Thammampatti (Uzhavar Sandhai ),Tamarind Fruit,Tamarind Fruit,Local,12/09/2026,13000,14000,13500
Tamil Nadu,Salem,Thammampatti (Uzhavar Sandhai ),Mint(Pudina),Mint(Pudina),Local,12/09/2026,3500,4000,3750
Tamil Nadu,Salem,Thammampatti (Uzhavar Sandhai ),Baby Corn,Baby Corn,Grade A,12/09/2026,3000,3500,3250
Tamil Nadu,Salem,Thathakapatti(Uzhavar Sandhai ),Sweet Potato,Hosur Red,Local,12/09/2026,4000,5000,4500
Tamil Nadu,Salem,Thathakapatti(Uzhavar Sandhai ),Brinjal,Round,Local,12/09/2026,3400,3800,3600
Tamil Nadu,Salem,Thathakapatti(Uzhavar Sandhai ),Bhindi(Ladies Finger),Bhindi,Local,12/09/2026,2500,3000,2750
Tamil Nadu,Salem,Thathakapatti(Uzhavar Sandhai ),Banana - Green,Banana - Green,Local,12/09/2026,3500,4000,3750
Tamil Nadu,Salem,Thathakapatti(Uzhavar Sandhai ),Ridgeguard(Tori),Ridgeguard(Tori),Local,12/09/2026,4000,4400,4200
Tamil Nadu,Salem,Thathakapatti(Uzhavar Sandhai ),Green Avare(W),Green Avare (W),Local,12/09/2026,6000,6500,6250
Tamil Nadu,Salem,Thathakapatti(Uzhavar Sandhai ),Colacasia,Colacasia,Local,12/09/2026,5500,6000,5750
Tamil Nadu,Salem,Thathakapatti(Uzhavar Sandhai ),Onion Green,Onion Green,Local,12/09/2026,6500,6800,6650
Tamil Nadu,Theni,Chinnamanur(Uzhavar Sandhai ),Carrot,Pusakesar,Local,12/09/2026,6000,6000,6000
Tamil Nadu,Theni,Chinnamanur(Uzhavar Sandhai ),Onion,Bellary,Local,12/09/2026,6500,6500,6500
Tamil Nadu,Theni,Chinnamanur(Uzhavar Sandhai ),Cauliflower,Ranchi,Local,12/09/2026,3000,4000,3500
Tamil Nadu,Theni,Chinnamanur(Uzhavar Sandhai ),Beans,Beans (Whole),Local,12/09/2026,8000,11500,9750
Tamil Nadu,Theni,Chinnamanur(Uzhavar Sandhai ),Green Avare(W),Other,Local,12/09/2026,5400,5400,5400
Tamil Nadu,Theni,Chinnamanur(Uzhavar Sandhai ),Lime,Lime,Local,12/09/2026,13000,13000,13000
Tamil Nadu,Theni,Kambam(Uzhavar Sandhai ),Banana,Besrai,Local,12/09/2026,5000,6000,5500
Tamil Nadu,Theni,Kambam(Uzhavar Sandhai ),Onion,Bellary,Local,12/09/2026,6000,6500,6250
Tamil Nadu,Theni,Kambam(Uzhavar Sandhai ),Green Chilli,Green Chilly,Local,12/09/2026,4600,5000,4800
Tamil Nadu,Theni,Kambam(Uzhavar Sandhai ),Raddish,Raddish,Local,12/09/2026,2400,2400,2400
Tamil Nadu,Theni,Kambam(Uzhavar Sandhai ),Thondekai,Thondekai,Local,12/09/2026,3400,3400,3400
Tamil Nadu,Theni,Theni(Uzhavar Sandhai ),Ginger(Green),Green Ginger,Local,12/09/2026,7500,15000,11250
Tamil Nadu,Theni,Theni(Uzhavar Sandhai ),Cabbage,Cabbage,Local,12/09/2026,2500,2500,2500
Tamil Nadu,Theni,Theni(Uzhavar Sandhai ),Mousambi(Sweet Lime),Mousambi,Local,12/09/2026,7000,8000,7500
Tamil Nadu,Theni,Theni(Uzhavar Sandhai ),Tomato,Other,Local,12/09/2026,2000,2500,2250
Tamil Nadu,Theni,Theni(Uzhavar Sandhai ),Green Chilli,Green Chilly,Local,12/09/2026,5000,5500,5250
Tamil Nadu,Theni,Theni(Uzhavar Sandhai ),Raddish,Raddish,Local,12/09/2026,2400,2400,2400
Tamil Nadu,Theni,Theni(Uzhavar Sandhai ),Green Avare(W),Other,Local,12/09/2026,5500,6500,6000
Tamil Nadu,Theni,Theni(Uzhavar Sandhai ),Lime,Lime,Local,12/09/2026,13000,13000,13000
Tamil Nadu,Theni,Theni(Uzhavar Sandhai ),Indian Beans(Seam),Indian Beans (Seam),Local,12/09/2026,5500,5800,5650
Tamil Nadu,Theni,Theni(Uzhavar Sandhai ),Mint(Pudina),Mint(Pudina),Local,12/09/2026,5000,5000,5000
Tamil Nadu,Theni,Theni(Uzhavar Sandhai ),Sweet Corn ,Sweet Corn ,Local,12/09/2026,10000,10000,10000
Tamil Nadu,Thirunelveli,NGO Colony(Uzhavar Sandhai ),Carrot,Pusakesar,Local,12/09/2026,5000,5600,5300
Tamil Nadu,Thirunelveli,NGO Colony(Uzhavar Sandhai ),Onion,Bellary,Local,12/09/2026,5500,6200,5850
Tamil Nadu,Thirunelveli,NGO Colony(Uzhavar Sandhai ),Potato,Red Nanital,Local,12/09/2026,2000,2500,2250
Tamil Nadu,Thirunelveli,NGO Colony(Uzhavar Sandhai ),Tomato,Deshi,Local,12/09/2026,2500,3200,2850
Tamil Nadu,Thirunelveli,NGO Colony(Uzhavar Sandhai ),Ashgourd,Gouard,Local,12/09/2026,800,1000,900
Tamil Nadu,Thirunelveli,NGO Colony(Uzhavar Sandhai ),Amaranthus,Amaranthus,Local,12/09/2026,1000,1500,1250
Tamil Nadu,Thirunelveli,NGO Colony(Uzhavar Sandhai ),Onion Green,Onion Green,Local,12/09/2026,8000,8400,8200
Tamil Nadu,Thirunelveli,Palayamkottai(Uzhavar Sandhai ),Coriander(Leaves),I Sort,Local,12/09/2026,4000,4500,4250
Tamil Nadu,Thirunelveli,Palayamkottai(Uzhavar Sandhai ),Green Peas,Green Peas,Local,12/09/2026,14000,16000,15000
Tamil Nadu,Thirunelveli,Palayamkottai(Uzhavar Sandhai ),Chikoos(Sapota),Sapota,Local,12/09/2026,4000,5000,4500
Tamil Nadu,Thirunelveli,Palayamkottai(Uzhavar Sandhai ),Tomato,Deshi,Local,12/09/2026,2600,2800,2700
Tamil Nadu,Thirunelveli,Palayamkottai(Uzhavar Sandhai ),Beetroot,Beetroot,Local,12/09/2026,3600,5000,4300
Tamil Nadu,Thirunelveli,Palayamkottai(Uzhavar Sandhai ),Capsicum,Capsicum,Local,12/09/2026,4500,5000,4750
Tamil Nadu,Thirunelveli,Palayamkottai(Uzhavar Sandhai ),Green Avare(W),Other,Local,12/09/2026,7500,8000,7750
Tamil Nadu,Thirunelveli,Palayamkottai(Uzhavar Sandhai ),Mango(Raw-Ripe),Mango - Raw-Ripe,Local,12/09/2026,8000,10000,9000
Tamil Nadu,Thirunelveli,Palayamkottai(Uzhavar Sandhai ),Amla(Nelli Kai),Amla,Local,12/09/2026,5000,5500,5250
Tamil Nadu,Thirunelveli,Palayamkottai(Uzhavar Sandhai ),Onion Green,Onion Green,Local,12/09/2026,6000,8400,7200
Tamil Nadu,Thirupur,Kangayam(Uzhavar Sandhai ),Cauliflower,Ranchi,Local,12/09/2026,3000,3200,3100
Tamil Nadu,Thirupur,Kangayam(Uzhavar Sandhai ),Tender Coconut,Tender Coconut,Local,12/09/2026,3000,3500,3250
Tamil Nadu,Thirupur,Kangayam(Uzhavar Sandhai ),Mint(Pudina),Mint(Pudina),Local,12/09/2026,4000,4200,4100
Tamil Nadu,Thirupur,Tiruppur (North) (Uzhavar Sandhai ),Snakeguard,Snakeguard,Local,12/09/2026,3500,4000,3750
Tamil Nadu,Thirupur,Tiruppur (North) (Uzhavar Sandhai ),Coriander(Leaves),I Sort,Local,12/09/2026,3500,4000,3750
Tamil Nadu,Thirupur,Tiruppur (North) (Uzhavar Sandhai ),Bottle gourd,Bottle Gourd,Local,12/09/2026,1500,2000,1750
Tamil Nadu,Thirupur,Tiruppur (North) (Uzhavar Sandhai ),Bhindi(Ladies Finger),Bhindi,Local,12/09/2026,4000,4500,4250
Tamil Nadu,Thirupur,Tiruppur (North) (Uzhavar Sandhai ),Amaranthus,Amaranthus,Local,12/09/2026,2000,2500,2250
Tamil Nadu,Thirupur,Tiruppur (North) (Uzhavar Sandhai ),Beans,Beans (Whole),Local,12/09/2026,7000,8000,7500
Tamil Nadu,Thirupur,Tiruppur (North) (Uzhavar Sandhai ),Ridgeguard(Tori),Ridgeguard(Tori),Local,12/09/2026,5000,6000,5500
Tamil Nadu,Thirupur,Tiruppur (North) (Uzhavar Sandhai ),Raddish,Raddish,Local,12/09/2026,3000,3500,3250
Tamil Nadu,Thirupur,Tiruppur (North) (Uzhavar Sandhai ),Chow Chow,Chow Chow,Local,12/09/2026,2500,3000,2750
Tamil Nadu,Thirupur,Tiruppur (North) (Uzhavar Sandhai ),Guava,Guava Allahabad,Local,12/09/2026,4500,5000,4750
Tamil Nadu,Thirupur,Tiruppur (North) (Uzhavar Sandhai ),Lemon,Lemon,Local,12/09/2026,25000,26000,25500
Tamil Nadu,Thiruvannamalai,Chengam(Uzhavar Sandhai ),Snakeguard,Snakeguard,Local,12/09/2026,3300,4000,3650
Tamil Nadu,Thiruvannamalai,Chengam(Uzhavar Sandhai ),Garlic,Garlic,Local,12/09/2026,20000,24000,22000
Tamil Nadu,Thiruvannamalai,Chengam(Uzhavar Sandhai ),Coriander(Leaves),I Sort,Local,12/09/2026,3300,4000,3650
Tamil Nadu,Thiruvannamalai,Chengam(Uzhavar Sandhai ),Thondekai,Thondekai,Local,12/09/2026,5000,6000,5500
Tamil Nadu,Thiruvannamalai,Chengam(Uzhavar Sandhai ),Guava,Guava Allahabad,Local,12/09/2026,5000,6000,5500
Tamil Nadu,Thiruvannamalai,Chengam(Uzhavar Sandhai ),Custard Apple(Sharifa),Custard Apple(Sharifa),Local,12/09/2026,4200,5000,4600
Tamil Nadu,Thiruvannamalai,Keelpennathur(Uzhavar Sandhai ),Onion,Bellary,Local,12/09/2026,5500,6000,5750
Tamil Nadu,Thiruvannamalai,Tamarainagar(Uzhavar Sandhai ),Brinjal,Round,Local,12/09/2026,5000,6000,5500
Tamil Nadu,Thiruvannamalai,Tamarainagar(Uzhavar Sandhai ),Thondekai,Thondekai,Local,12/09/2026,3500,4000,3750
Tamil Nadu,Thiruvannamalai,Tamarainagar(Uzhavar Sandhai ),Amla(Nelli Kai),Amla,Local,12/09/2026,12000,14000,13000
Tamil Nadu,Thiruvannamalai,Vandavasi(Uzhavar Sandhai ),Brinjal,Other,Local,12/09/2026,4000,5000,4500
Tamil Nadu,Thiruvannamalai,Vandavasi(Uzhavar Sandhai ),Bitter gourd,Other,Local,12/09/2026,3600,4200,3900
Tamil Nadu,Thiruvannamalai,Vandavasi(Uzhavar Sandhai ),Ashgourd,Gouard,Local,12/09/2026,2000,2500,2250
Tamil Nadu,Thiruvannamalai,Vandavasi(Uzhavar Sandhai ),Bhindi(Ladies Finger),Bhindi,Local,12/09/2026,3500,4000,3750
Tamil Nadu,Thiruvannamalai,Vandavasi(Uzhavar Sandhai ),Amaranthus,Amaranthus,Local,12/09/2026,2500,3000,2750
Tamil Nadu,Thiruvannamalai,Vandavasi(Uzhavar Sandhai ),Ridgeguard(Tori),Ridgeguard(Tori),Local,12/09/2026,3600,4200,3900
Tamil Nadu,Thiruvannamalai,Vandavasi(Uzhavar Sandhai ),Thondekai,Thondekai,Local,12/09/2026,3500,4000,3750
Tamil Nadu,Thiruvarur,Muthupettai(Uzhavar Sandhai ),Coconut,Coconut,Local,12/09/2026,4000,4000,4000
Tamil Nadu,Thiruvarur,Muthupettai(Uzhavar Sandhai ),Onion,Bellary,Local,12/09/2026,6000,6000,6000
Tamil Nadu,Thiruvarur,Muthupettai(Uzhavar Sandhai ),Bitter gourd,Bitter Gourd,Local,12/09/2026,5600,5600,5600
Tamil Nadu,Thiruvarur,Muthupettai(Uzhavar Sandhai ),Beetroot,Beetroot,Local,12/09/2026,4400,4400,4400
Tamil Nadu,Thiruvarur,Muthupettai(Uzhavar Sandhai ),Lime,Lime,Local,12/09/2026,3000,3000,3000
Tamil Nadu,Thiruvarur,Muthupettai(Uzhavar Sandhai ),Lemon,Lemon,Local,12/09/2026,20000,20000,20000
Tamil Nadu,Thiruvarur,Muthupettai(Uzhavar Sandhai ),Mint(Pudina),Mint(Pudina),Local,12/09/2026,6000,6000,6000
Tamil Nadu,Coimbatore,Sulur(Uzhavar Sandhai ),Cauliflower,Ranchi,Local,12/09/2026,4400,5000,4700
Tamil Nadu,Coimbatore,Sulur(Uzhavar Sandhai ),Tomato,Deshi,Local,12/09/2026,2400,2700,2550
Tamil Nadu,Coimbatore,Sulur(Uzhavar Sandhai ),Bottle gourd,Bottle Gourd,Local,12/09/2026,2600,3000,2800
Tamil Nadu,Coimbatore,Sulur(Uzhavar Sandhai ),Bhindi(Ladies Finger),Bhindi,Local,12/09/2026,4000,4500,4250
Tamil Nadu,Coimbatore,Sulur(Uzhavar Sandhai ),Tapioca,Tapioca,Local,12/09/2026,3200,3600,3400
Tamil Nadu,Coimbatore,Sulur(Uzhavar Sandhai ),Beetroot,Beetroot,Local,12/09/2026,4000,6000,5000
Tamil Nadu,Coimbatore,Sulur(Uzhavar Sandhai ),Raddish,Raddish,Local,12/09/2026,2600,3200,2900
Tamil Nadu,Coimbatore,Sulur(Uzhavar Sandhai ),Thondekai,Thondekai,Local,12/09/2026,3600,4000,3800
Tamil Nadu,Coimbatore,Sulur(Uzhavar Sandhai ),Mint(Pudina),Mint(Pudina),Local,12/09/2026,4600,5000,4800
Tamil Nadu,Pudukkottai,Gandarvakottai(Uzhavar Sandhai ),Cluster beans,Cluster Beans,Local,12/09/2026,3500,4000,3750
Tamil Nadu,Cuddalore,Panruti(Uzhavar Sandhai ),Coconut,Coconut,Local,12/09/2026,6000,6000,6000
Tamil Nadu,Cuddalore,Panruti(Uzhavar Sandhai ),Onion,Bellary,Local,12/09/2026,5000,5000,5000
Tamil Nadu,Cuddalore,Panruti(Uzhavar Sandhai ),Bhindi(Ladies Finger),Bhindi,Local,12/09/2026,3000,3000,3000
Tamil Nadu,Cuddalore,Panruti(Uzhavar Sandhai ),Banana - Green,Banana - Green,Local,12/09/2026,2500,2500,2500
Tamil Nadu,Cuddalore,Panruti(Uzhavar Sandhai ),Guava,Guava Allahabad,Local,12/09/2026,4000,4000,4000
Tamil Nadu,Cuddalore,Panruti(Uzhavar Sandhai ),Onion Green,Onion Green,Local,12/09/2026,8000,8000,8000
Tamil Nadu,Cuddalore,Vadalur(Uzhavar Sandhai ),Cabbage,Cabbage,Local,12/09/2026,3000,3000,3000
Tamil Nadu,Cuddalore,Vadalur(Uzhavar Sandhai ),Onion,Bellary,Local,12/09/2026,5000,6000,5500
Tamil Nadu,Cuddalore,Vadalur(Uzhavar Sandhai ),Brinjal,Other,Local,12/09/2026,4000,4000,4000
Tamil Nadu,Cuddalore,Vadalur(Uzhavar Sandhai ),Cluster beans,Cluster Beans,Local,12/09/2026,4000,4000,4000
Tamil Nadu,Cuddalore,Vadalur(Uzhavar Sandhai ),Green Chilli,Green Chilly,Local,12/09/2026,5000,5000,5000
Tamil Nadu,Cuddalore,Vadalur(Uzhavar Sandhai ),Beans,Beans (Whole),Local,12/09/2026,8000,8000,8000
Tamil Nadu,Cuddalore,Vadalur(Uzhavar Sandhai ),Cucumbar(Kheera),Cucumbar,Local,12/09/2026,4000,4000,4000
Tamil Nadu,Cuddalore,Vadalur(Uzhavar Sandhai ),Ridgeguard(Tori),Ridgeguard(Tori),Local,12/09/2026,6000,6000,6000
Tamil Nadu,Cuddalore,Vadalur(Uzhavar Sandhai ),Chow Chow,Chow Chow,Local,12/09/2026,3000,3000,3000
Tamil Nadu,Cuddalore,Vadalur(Uzhavar Sandhai ),Mango(Raw-Ripe),Mango - Raw-Ripe,Local,12/09/2026,5000,5000,5000
Tamil Nadu,Dharmapuri,AJattihalli(Uzhavar Sandhai ),Coconut,Coconut,Local,12/09/2026,6000,7400,6700
Tamil Nadu,Dharmapuri,AJattihalli(Uzhavar Sandhai ),Cauliflower,Ranchi,Local,12/09/2026,3500,3500,3500
Tamil Nadu,Dharmapuri,AJattihalli(Uzhavar Sandhai ),Brinjal,Other,Local,12/09/2026,2000,2600,2300
Tamil Nadu,Dharmapuri,AJattihalli(Uzhavar Sandhai ),Snakeguard,Snakeguard,Local,12/09/2026,2600,2600,2600
Tamil Nadu,Dharmapuri,AJattihalli(Uzhavar Sandhai ),Cluster beans,Cluster Beans,Local,12/09/2026,2500,2500,2500
Tamil Nadu,Dharmapuri,AJattihalli(Uzhavar Sandhai ),Bitter gourd,Other,Local,12/09/2026,4000,4000,4000
Tamil Nadu,Dharmapuri,AJattihalli(Uzhavar Sandhai ),Amaranthus,Amaranthus,Local,12/09/2026,2500,2500,2500
Tamil Nadu,Dharmapuri,AJattihalli(Uzhavar Sandhai ),Green Chilli,Green Chilly,Local,12/09/2026,2800,3000,2900
Tamil Nadu,Dharmapuri,AJattihalli(Uzhavar Sandhai ),Elephant Yam(Suran)/Amorphophallus,Elephant Yam (Suran),Local,12/09/2026,6400,6400,6400
Tamil Nadu,Thanjavur,Peravurani(Uzhavar Sandhai),Brinjal,Round,Local,12/09/2026,4000,5500,4750
Tamil Nadu,Thanjavur,Peravurani(Uzhavar Sandhai),Cluster beans,Cluster Beans,Local,12/09/2026,4000,4000,4000
Tamil Nadu,Thanjavur,Peravurani(Uzhavar Sandhai),Bottle gourd,Bottle Gourd,Local,12/09/2026,2500,2500,2500
Tamil Nadu,Thanjavur,Peravurani(Uzhavar Sandhai),Beans,Beans (Whole),Local,12/09/2026,8800,8800,8800
Tamil Nadu,Karur,Pallapatti (Uzhavar Sandhai ),Green Chilli,Green Chilly,Local,12/09/2026,5500,6000,5750
Tamil Nadu,Karur,Pallapatti (Uzhavar Sandhai ),Ridgeguard(Tori),Ridgeguard(Tori),Local,12/09/2026,5500,6000,5750
Tamil Nadu,Karur,Pallapatti (Uzhavar Sandhai ),Drumstick,Drumstick,Local,12/09/2026,2200,2500,2350
Tamil Nadu,Karur,Velayuthampalayam(Uzhavar Sandhai ),Coconut,Coconut,Local,12/09/2026,5000,6000,5500
Tamil Nadu,Karur,Velayuthampalayam(Uzhavar Sandhai ),Brinjal,Other,Local,12/09/2026,2800,3500,3150
Tamil Nadu,Karur,Velayuthampalayam(Uzhavar Sandhai ),Snakeguard,Snakeguard,Local,12/09/2026,2800,3500,3150
Tamil Nadu,Karur,Velayuthampalayam(Uzhavar Sandhai ),Tomato,Other,Local,12/09/2026,2400,3000,2700
Tamil Nadu,Karur,Velayuthampalayam(Uzhavar Sandhai ),Bitter gourd,Bitter Gourd,Local,12/09/2026,5000,6000,5500
Tamil Nadu,Karur,Velayuthampalayam(Uzhavar Sandhai ),Bottle gourd,Bottle Gourd,Local,12/09/2026,2400,3000,2700
Tamil Nadu,Karur,Velayuthampalayam(Uzhavar Sandhai ),Green Avare(W),Other,Local,12/09/2026,8000,9000,8500
Tamil Nadu,Karur,Vengamedu(Uzhavar Sandhai ),Coconut,Coconut,Local,12/09/2026,5500,6000,5750
Tamil Nadu,Karur,Vengamedu(Uzhavar Sandhai ),Bottle gourd,Bottle Gourd,Local,12/09/2026,2500,3000,2750
Tamil Nadu,Karur,Vengamedu(Uzhavar Sandhai ),Onion Green,Onion Green,Local,12/09/2026,8500,9000,8750
Tamil Nadu,Theni,Devaram(Uzhavar Sandhai ),Tomato,Deshi,Local,12/09/2026,2400,2400,2400
Tamil Nadu,Theni,Devaram(Uzhavar Sandhai ),Cluster beans,Cluster Beans,Local,12/09/2026,2800,2800,2800
Tamil Nadu,Theni,Devaram(Uzhavar Sandhai ),Pumpkin,Pumpkin,Local,12/09/2026,1500,1500,1500
Tamil Nadu,Theni,Devaram(Uzhavar Sandhai ),Bhindi(Ladies Finger),Bhindi,Local,12/09/2026,3200,3200,3200
Tamil Nadu,Theni,Devaram(Uzhavar Sandhai ),Beetroot,Beetroot,Local,12/09/2026,3000,3000,3000
Tamil Nadu,Theni,Devaram(Uzhavar Sandhai ),Indian Beans(Seam),Indian Beans (Seam),Local,12/09/2026,5600,5600,5600
Tamil Nadu,Salem,Attayampatti(Uzhavar Sandhai ),Banana,Besrai,Local,12/09/2026,5000,8000,6500
Tamil Nadu,Salem,Attayampatti(Uzhavar Sandhai ),Ashgourd,Gouard,Local,12/09/2026,1800,2000,1900
Tamil Nadu,Salem,Attayampatti(Uzhavar Sandhai ),Bhindi(Ladies Finger),Bhindi,Local,12/09/2026,2500,3000,2750
Tamil Nadu,Salem,Attayampatti(Uzhavar Sandhai ),Banana - Green,Banana - Green,Local,12/09/2026,2400,2400,2400
Tamil Nadu,Salem,Attayampatti(Uzhavar Sandhai ),Green Avare(W),Green Avare (W),Local,12/09/2026,5500,5800,5650
Tamil Nadu,Salem,Attayampatti(Uzhavar Sandhai ),Elephant Yam(Suran)/Amorphophallus,Elephant Yam (Suran),Local,12/09/2026,4000,5000,4500
Tamil Nadu,Salem,Attayampatti(Uzhavar Sandhai ),Lemon,Lemon,Local,12/09/2026,5000,8000,6500
Tamil Nadu,Sivaganga,Sivagangai (Uzhavar Sandhai ),Coconut,Coconut,Local,12/09/2026,7000,7200,7100
Tamil Nadu,Sivaganga,Sivagangai (Uzhavar Sandhai ),Snakeguard,Snakeguard,Local,12/09/2026,3800,4200,4000
Tamil Nadu,Sivaganga,Sivagangai (Uzhavar Sandhai ),Potato,Red Nanital,Local,12/09/2026,4600,5200,4900
Tamil Nadu,Sivaganga,Sivagangai (Uzhavar Sandhai ),Chikoos(Sapota),Sapota,Local,12/09/2026,4200,6200,5200
Tamil Nadu,Sivaganga,Sivagangai (Uzhavar Sandhai ),Cluster beans,Cluster Beans,Local,12/09/2026,3200,3800,3500
Tamil Nadu,Sivaganga,Sivagangai (Uzhavar Sandhai ),Bitter gourd,Other,Local,12/09/2026,5600,6200,5900
Tamil Nadu,Sivaganga,Sivagangai (Uzhavar Sandhai ),Ashgourd,Gouard,Local,12/09/2026,1800,2000,1900
Tamil Nadu,Sivaganga,Sivagangai (Uzhavar Sandhai ),Green Avare(W),Other,Local,12/09/2026,8600,9200,8900
Tamil Nadu,Sivaganga,Sivagangai (Uzhavar Sandhai ),Lemon,Lemon,Local,12/09/2026,22000,26000,24000
Tamil Nadu,Sivaganga,Sivagangai (Uzhavar Sandhai ),Colacasia,Colacasia,Local,12/09/2026,5200,6200,5700
Tamil Nadu,Sivaganga,Sivagangai (Uzhavar Sandhai ),Onion Green,Onion Green,Local,12/09/2026,8200,8600,8400
Tamil Nadu,Sivaganga,Devakottai (Uzhavar Sandhai ),Cabbage,Cabbage,Local,12/09/2026,3000,3200,3100
Tamil Nadu,Sivaganga,Devakottai (Uzhavar Sandhai ),Onion,Bellary,Local,12/09/2026,7000,7200,7100
Tamil Nadu,Sivaganga,Devakottai (Uzhavar Sandhai ),Potato,Other,Local,12/09/2026,3000,3400,3200
Tamil Nadu,Sivaganga,Devakottai (Uzhavar Sandhai ),Cauliflower,Ranchi,Local,12/09/2026,3000,3400,3200
Tamil Nadu,Sivaganga,Devakottai (Uzhavar Sandhai ),Brinjal,Other,Local,12/09/2026,4000,4200,4100
Tamil Nadu,Sivaganga,Devakottai (Uzhavar Sandhai ),Bottle gourd,Bottle Gourd,Local,12/09/2026,2200,3000,2600
Tamil Nadu,Sivaganga,Devakottai (Uzhavar Sandhai ),Bhindi(Ladies Finger),Bhindi,Local,12/09/2026,4000,4200,4100
Tamil Nadu,Sivaganga,Devakottai (Uzhavar Sandhai ),Beans,Beans (Whole),Local,12/09/2026,10200,12200,11200
Tamil Nadu,Sivaganga,Devakottai (Uzhavar Sandhai ),Lemon,Lemon,Local,12/09/2026,22200,26200,24200
Tamil Nadu,Salem,Edapadi (Uzhavar Sandhai ),Bitter gourd,Other,Local,12/09/2026,4500,5000,4750
Tamil Nadu,Salem,Edapadi (Uzhavar Sandhai ),Bottle gourd,Bottle Gourd,Local,12/09/2026,2200,2600,2400
Tamil Nadu,Salem,Edapadi (Uzhavar Sandhai ),Bhindi(Ladies Finger),Bhindi,Local,12/09/2026,2200,2500,2350
Tamil Nadu,Salem,Edapadi (Uzhavar Sandhai ),Thondekai,Thondekai,Local,12/09/2026,3500,4000,3750
Tamil Nadu,Salem,Edapadi (Uzhavar Sandhai ),Capsicum,Capsicum,Local,12/09/2026,4500,5000,4750
Tamil Nadu,Salem,Elampillai(Uzhavar Sandhai ),Beetroot,Beetroot,Local,12/09/2026,4000,5000,4500
Tamil Nadu,Salem,Elampillai(Uzhavar Sandhai ),Onion,Bellary,Local,12/09/2026,6000,6400,6200
Tamil Nadu,Salem,Elampillai(Uzhavar Sandhai ),Potato,Other,Local,12/09/2026,2500,3000,2750
Tamil Nadu,Salem,Elampillai(Uzhavar Sandhai ),Cauliflower,Ranchi,Local,12/09/2026,2500,3000,2750
Tamil Nadu,Salem,Elampillai(Uzhavar Sandhai ),Mousambi(Sweet Lime),Mousambi,Local,12/09/2026,3000,3500,3250
Tamil Nadu,Salem,Elampillai(Uzhavar Sandhai ),Cluster beans,Cluster Beans,Local,12/09/2026,2500,3000,2750
Tamil Nadu,Salem,Elampillai(Uzhavar Sandhai ),Green Chilli,Green Chilly,Local,12/09/2026,3600,3800,3700
Tamil Nadu,Salem,Elampillai(Uzhavar Sandhai ),Banana - Green,Banana - Green,Local,12/09/2026,2500,3000,2750
Tamil Nadu,Salem,Elampillai(Uzhavar Sandhai ),Beans,Beans (Whole),Local,12/09/2026,7000,8000,7500
Tamil Nadu,Salem,Elampillai(Uzhavar Sandhai ),Thondekai,Thondekai,Local,12/09/2026,3500,4000,3750
Tamil Nadu,Salem,Elampillai(Uzhavar Sandhai ),Green Avare(W),Other,Local,12/09/2026,5500,5800,5650
Tamil Nadu,Salem,Elampillai(Uzhavar Sandhai ),Chow Chow,Chow Chow,Local,12/09/2026,4000,4400,4200
Tamil Nadu,Salem,Hasthampatti(Uzhavar Sandhai ),Cabbage,Cabbage,Local,12/09/2026,3000,3500,3250
Tamil Nadu,Salem,Hasthampatti(Uzhavar Sandhai ),Onion,Bellary,Local,12/09/2026,6000,6400,6200
Tamil Nadu,Salem,Hasthampatti(Uzhavar Sandhai ),Mousambi(Sweet Lime),Mousambi,Local,12/09/2026,3000,3500,3250
Tamil Nadu,Salem,Hasthampatti(Uzhavar Sandhai ),Tomato,Local,Local,12/09/2026,2200,2600,2400
Tamil Nadu,Salem,Hasthampatti(Uzhavar Sandhai ),Snakeguard,Snakeguard,Local,12/09/2026,3000,3500,3250
Tamil Nadu,Salem,Hasthampatti(Uzhavar Sandhai ),Raddish,Raddish,Local,12/09/2026,2800,3000,2900
Tamil Nadu,Salem,Hasthampatti(Uzhavar Sandhai ),Chow Chow,Chow Chow,Local,12/09/2026,4000,4400,4200
Tamil Nadu,Salem,Hasthampatti(Uzhavar Sandhai ),Pomegranate,Pomogranate,Local,12/09/2026,10000,12000,11000
Tamil Nadu,Salem,Hasthampatti(Uzhavar Sandhai ),Lemon,Lemon,Local,12/09/2026,4000,10000,7000
Tamil Nadu,Salem,Hasthampatti(Uzhavar Sandhai ),Onion Green,Onion Green,Local,12/09/2026,6000,6800,6400
Tamil Nadu,Salem,Jalagandapuram(Uzhavar Sandhai ),Potato,Other,Local,12/09/2026,2600,2800,2700
Tamil Nadu,Salem,Jalagandapuram(Uzhavar Sandhai ),Papaya,Papaya,Local,12/09/2026,2500,3000,2750
Tamil Nadu,Salem,Jalagandapuram(Uzhavar Sandhai ),Bhindi(Ladies Finger),Bhindi,Local,12/09/2026,2200,2600,2400
Tamil Nadu,Salem,Jalagandapuram(Uzhavar Sandhai ),Amaranthus,Amaranthus,Local,12/09/2026,2000,2400,2200
Tamil Nadu,Salem,Jalagandapuram(Uzhavar Sandhai ),Lemon,Lemon,Local,12/09/2026,5000,6000,5500
Tamil Nadu,Salem,Jalagandapuram(Uzhavar Sandhai ),Amla(Nelli Kai),Amla,Local,12/09/2026,6500,7000,6750
Tamil Nadu,Salem,Jalagandapuram(Uzhavar Sandhai ),Onion Green,Onion Green,Local,12/09/2026,7000,7400,7200
Tamil Nadu,Salem,Jalagandapuram(Uzhavar Sandhai ),Mint(Pudina),Mint(Pudina),Local,12/09/2026,3000,3500,3250
Tamil Nadu,Sivaganga,Singampunari(Uzhavar Sandhai ),Papaya,Papaya,Local,12/09/2026,4600,5000,4800
Tamil Nadu,Sivaganga,Singampunari(Uzhavar Sandhai ),Green Chilli,Green Chilly,Local,12/09/2026,4600,5200,4900
Tamil Nadu,Sivaganga,Singampunari(Uzhavar Sandhai ),Banana - Green,Banana - Green,Local,12/09/2026,2500,3000,2750
Tamil Nadu,Sivaganga,Singampunari(Uzhavar Sandhai ),Raddish,Raddish,Local,12/09/2026,2600,3000,2800
Tamil Nadu,Sivaganga,Singampunari(Uzhavar Sandhai ),Knool Khol,Knool Khol,Local,12/09/2026,3800,4200,4000
Tamil Nadu,Sivaganga,Singampunari(Uzhavar Sandhai ),Guava,Guava Allahabad,Local,12/09/2026,6000,7000,6500
Tamil Nadu,Sivaganga,Karaikudi(Uzhavar Sandhai ),Cauliflower,Ranchi,Local,12/09/2026,3000,3500,3250
Tamil Nadu,Sivaganga,Karaikudi(Uzhavar Sandhai ),Brinjal,Other,Local,12/09/2026,4000,4600,4300
Tamil Nadu,Sivaganga,Karaikudi(Uzhavar Sandhai ),Pumpkin,Pumpkin,Local,12/09/2026,2000,2500,2250
Tamil Nadu,Sivaganga,Karaikudi(Uzhavar Sandhai ),Bhindi(Ladies Finger),Bhindi,Local,12/09/2026,4000,4500,4250
Tamil Nadu,Sivaganga,Karaikudi(Uzhavar Sandhai ),Ridgeguard(Tori),Ridgeguard(Tori),Local,12/09/2026,5000,5500,5250
Tamil Nadu,Sivaganga,Karaikudi(Uzhavar Sandhai ),Guava,Guava Allahabad,Local,12/09/2026,6500,7500,7000
Tamil Nadu,Sivaganga,Karaikudi(Uzhavar Sandhai ),Mint(Pudina),Mint(Pudina),Local,12/09/2026,5000,5500,5250
Tamil Nadu,Sivaganga,Tirupatthur(Uzhavar Sandhai ),Potato,Red Nanital,Local,12/09/2026,3200,3500,3350
Tamil Nadu,Sivaganga,Tirupatthur(Uzhavar Sandhai ),Cauliflower,Ranchi,Local,12/09/2026,3000,3500,3250
Tamil Nadu,Sivaganga,Tirupatthur(Uzhavar Sandhai ),Tomato,Other,Local,12/09/2026,3000,3500,3250
Tamil Nadu,Sivaganga,Tirupatthur(Uzhavar Sandhai ),Bitter gourd,Other,Local,12/09/2026,6000,6500,6250
Tamil Nadu,Sivaganga,Tirupatthur(Uzhavar Sandhai ),Green Chilli,Green Chilly,Local,12/09/2026,5000,5500,5250
Tamil Nadu,Sivaganga,Tirupatthur(Uzhavar Sandhai ),Beans,Beans (Whole),Local,12/09/2026,10400,12500,11450
Tamil Nadu,Sivaganga,Tirupatthur(Uzhavar Sandhai ),Chow Chow,Chow Chow,Local,12/09/2026,3200,3500,3350
Tamil Nadu,Sivaganga,Tirupatthur(Uzhavar Sandhai ),Onion Green,Onion Green,Local,12/09/2026,8500,9000,8750
Tamil Nadu,Thanjavur,Pattukottai(Uzhavar Sandhai ),Potato,Red Nanital,Local,12/09/2026,3000,3000,3000
Tamil Nadu,Thanjavur,Pattukottai(Uzhavar Sandhai ),Coriander(Leaves),I Sort,Local,12/09/2026,3600,3600,3600
Tamil Nadu,Thanjavur,Pattukottai(Uzhavar Sandhai ),Snakeguard,Snakeguard,Local,12/09/2026,4400,4400,4400
Tamil Nadu,Thanjavur,Pattukottai(Uzhavar Sandhai ),Beans,Beans (Whole),Local,12/09/2026,9000,9000,9000
Tamil Nadu,Thanjavur,Pattukottai(Uzhavar Sandhai ),Raddish,Raddish,Local,12/09/2026,4400,4400,4400
Tamil Nadu,Thanjavur,Pattukottai(Uzhavar Sandhai ),Chow Chow,Chow Chow,Local,12/09/2026,4800,4800,4800
Tamil Nadu,Thanjavur,Pattukottai(Uzhavar Sandhai ),Drumstick,Drumstick,Local,12/09/2026,4400,4400,4400
Tamil Nadu,Thanjavur,Thanjavur(Uzhavar Sandhai ),Sweet Potato,Hosur Red,Local,12/09/2026,6000,6000,6000
Tamil Nadu,Thanjavur,Thanjavur(Uzhavar Sandhai ),Garlic,Garlic,Local,12/09/2026,24000,24000,24000
Tamil Nadu,Thanjavur,Thanjavur(Uzhavar Sandhai ),Tomato,Deshi,Local,12/09/2026,2600,2600,2600
Tamil Nadu,Thanjavur,Thanjavur(Uzhavar Sandhai ),Bottle gourd,Bottle Gourd,Local,12/09/2026,3000,3000,3000
Tamil Nadu,Thanjavur,Thanjavur(Uzhavar Sandhai ),Beans,Beans (Whole),Local,12/09/2026,7600,7600,7600
Tamil Nadu,Thanjavur,Thanjavur(Uzhavar Sandhai ),Thondekai,Thondekai,Local,12/09/2026,4000,4000,4000
Tamil Nadu,Thanjavur,Thanjavur(Uzhavar Sandhai ),Rose(Local),Rose (Local),Local,12/09/2026,30000,30000,30000
Tamil Nadu,Thiruchirappalli,KKNagar(Uzhavar Sandhai ),Beetroot,Beetroot,Local,12/09/2026,4000,4000,4000
Tamil Nadu,Thiruchirappalli,KKNagar(Uzhavar Sandhai ),Cabbage,Cabbage,Local,12/09/2026,3200,3200,3200
Tamil Nadu,Thiruchirappalli,KKNagar(Uzhavar Sandhai ),Snakeguard,Snakeguard,Local,12/09/2026,4000,4000,4000
Tamil Nadu,Thiruchirappalli,KKNagar(Uzhavar Sandhai ),Onion,Bellary,Local,12/09/2026,6000,7000,6500
Tamil Nadu,Thiruchirappalli,KKNagar(Uzhavar Sandhai ),Chili Red,Bold,Local,12/09/2026,24000,24000,24000
Tamil Nadu,Thiruchirappalli,KKNagar(Uzhavar Sandhai ),Brinjal,Other,Local,12/09/2026,5000,5000,5000
Tamil Nadu,Thiruchirappalli,KKNagar(Uzhavar Sandhai ),Mousambi(Sweet Lime),Mousambi,Local,12/09/2026,6000,6000,6000
Tamil Nadu,Thiruchirappalli,KKNagar(Uzhavar Sandhai ),Bitter gourd,Other,Local,12/09/2026,5600,5600,5600
Tamil Nadu,Thiruchirappalli,KKNagar(Uzhavar Sandhai ),Bottle gourd,Bottle Gourd,Local,12/09/2026,3000,3000,3000
Tamil Nadu,Thiruchirappalli,KKNagar(Uzhavar Sandhai ),Pumpkin,Pumpkin,Local,12/09/2026,2000,2000,2000
Tamil Nadu,Thiruchirappalli,KKNagar(Uzhavar Sandhai ),Cucumbar(Kheera),Cucumbar,Local,12/09/2026,4600,4600,4600
Tamil Nadu,Thiruchirappalli,KKNagar(Uzhavar Sandhai ),Guava,Guava Allahabad,Local,12/09/2026,10000,10000,10000
Tamil Nadu,Thiruchirappalli,KKNagar(Uzhavar Sandhai ),Lemon,Lemon,Local,12/09/2026,22000,22000,22000
Tamil Nadu,Thiruchirappalli,KKNagar(Uzhavar Sandhai ),Amla(Nelli Kai),Amla,Local,12/09/2026,12000,14000,13000
Tamil Nadu,Thiruchirappalli,Lalgudi(Uzhavar Sandhai ),Potato,Other,Local,12/09/2026,3000,3000,3000
Tamil Nadu,Thiruchirappalli,Lalgudi(Uzhavar Sandhai ),Brinjal,Other,Local,12/09/2026,5600,5600,5600
Tamil Nadu,Thiruchirappalli,Lalgudi(Uzhavar Sandhai ),Papaya,Papaya,Local,12/09/2026,4000,4000,4000
Tamil Nadu,Thiruchirappalli,Lalgudi(Uzhavar Sandhai ),Banana - Green,Banana - Green,Local,12/09/2026,3000,3000,3000
Tamil Nadu,Thiruchirappalli,Lalgudi(Uzhavar Sandhai ),Ridgeguard(Tori),Ridgeguard(Tori),Local,12/09/2026,5600,5600,5600
Tamil Nadu,Thiruchirappalli,Lalgudi(Uzhavar Sandhai ),Amla(Nelli Kai),Amla,Local,12/09/2026,11000,11000,11000
Tamil Nadu,Thiruchirappalli,Manachanallur(Uzhavar Sandhai ),Beetroot,Beetroot,Local,12/09/2026,4000,4000,4000
Tamil Nadu,Thiruchirappalli,Manachanallur(Uzhavar Sandhai ),Carrot,Pusakesar,Local,12/09/2026,9000,9000,9000
Tamil Nadu,Thiruchirappalli,Manachanallur(Uzhavar Sandhai ),Onion,Bellary,Local,12/09/2026,4600,6000,5300
Tamil Nadu,Thiruchirappalli,Manachanallur(Uzhavar Sandhai ),Cauliflower,Ranchi,Local,12/09/2026,4000,4000,4000
Tamil Nadu,Thiruchirappalli,Manachanallur(Uzhavar Sandhai ),Brinjal,Other,Local,12/09/2026,4600,5000,4800
Tamil Nadu,Thiruchirappalli,Manachanallur(Uzhavar Sandhai ),Bottle gourd,Bottle Gourd,Local,12/09/2026,2500,2500,2500
Tamil Nadu,Thiruchirappalli,Manachanallur(Uzhavar Sandhai ),Banana - Green,Banana - Green,Local,12/09/2026,2500,2500,2500
Tamil Nadu,Thiruchirappalli,Manachanallur(Uzhavar Sandhai ),Onion Green,Onion Green,Local,12/09/2026,8000,9000,8500
Tamil Nadu,Thiruchirappalli,Manapparai(Uzhavar Sandhai ),Garlic,Garlic,Local,12/09/2026,25000,25000,25000
Tamil Nadu,Thiruchirappalli,Manapparai(Uzhavar Sandhai ),Chikoos(Sapota),Sapota,Local,12/09/2026,4000,4000,4000
Tamil Nadu,Thiruchirappalli,Manapparai(Uzhavar Sandhai ),Mango(Raw-Ripe),Mango - Raw-Ripe,Local,12/09/2026,10000,10000,10000
Tamil Nadu,Thiruchirappalli,Manapparai(Uzhavar Sandhai ),Knool Khol,Knool Khol,Local,12/09/2026,3500,3500,3500
Tamil Nadu,Thiruchirappalli,Manapparai(Uzhavar Sandhai ),Mint(Pudina),Mint(Pudina),Local,12/09/2026,5500,5500,5500
Tamil Nadu,Thiruchirappalli,Musiri(Uzhavar Sandhai ),Ashgourd,Gouard,Local,12/09/2026,1500,2000,1750
Tamil Nadu,Thiruchirappalli,Musiri(Uzhavar Sandhai ),Pumpkin,Pumpkin,Local,12/09/2026,1500,2000,1750
Tamil Nadu,Thiruchirappalli,Musiri(Uzhavar Sandhai ),Banana - Green,Banana - Green,Local,12/09/2026,2500,2500,2500
Tamil Nadu,Thiruchirappalli,Musiri(Uzhavar Sandhai ),Beans,Beans (Whole),Local,12/09/2026,8000,8500,8250
Tamil Nadu,Thiruchirappalli,Musiri(Uzhavar Sandhai ),Mango(Raw-Ripe),Mango - Raw-Ripe,Local,12/09/2026,11000,12000,11500
Tamil Nadu,Thiruchirappalli,Thiruverumbur(Uzhavar Sandhai ),Onion,Bellary,Local,12/09/2026,5000,6000,5500
Tamil Nadu,Thiruchirappalli,Thiruverumbur(Uzhavar Sandhai ),Garlic,Garlic,Local,12/09/2026,16000,16000,16000
Tamil Nadu,Thiruchirappalli,Thiruverumbur(Uzhavar Sandhai ),Cauliflower,Ranchi,Local,12/09/2026,5000,5000,5000
Tamil Nadu,Thiruchirappalli,Thiruverumbur(Uzhavar Sandhai ),Cluster beans,Cluster Beans,Local,12/09/2026,3600,3600,3600
Tamil Nadu,Thiruchirappalli,Thiruverumbur(Uzhavar Sandhai ),Bhindi(Ladies Finger),Bhindi,Local,12/09/2026,3600,3600,3600
Tamil Nadu,Thiruchirappalli,Thiruverumbur(Uzhavar Sandhai ),Beans,Beans (Whole),Local,12/09/2026,9000,9000,9000
Tamil Nadu,Thiruchirappalli,Thiruverumbur(Uzhavar Sandhai ),Beetroot,Beetroot,Local,12/09/2026,4000,4000,4000
Tamil Nadu,Thiruchirappalli,Thiruverumbur(Uzhavar Sandhai ),Lemon,Lemon,Local,12/09/2026,16000,16000,16000
Tamil Nadu,Virudhunagar,Rajapalayam(Uzhavar Sandhai ),Coconut,Coconut,Local,12/09/2026,5000,6000,5500
Tamil Nadu,Virudhunagar,Rajapalayam(Uzhavar Sandhai ),Onion,Bellary,Local,12/09/2026,6000,7000,6500
Tamil Nadu,Virudhunagar,Rajapalayam(Uzhavar Sandhai ),Brinjal,Round,Local,12/09/2026,2500,3000,2750
Tamil Nadu,Virudhunagar,Rajapalayam(Uzhavar Sandhai ),Tomato,Deshi,Local,12/09/2026,2500,3000,2750
Tamil Nadu,Virudhunagar,Rajapalayam(Uzhavar Sandhai ),Bhindi(Ladies Finger),Bhindi,Local,12/09/2026,3500,4000,3750
Tamil Nadu,Virudhunagar,Rajapalayam(Uzhavar Sandhai ),Ginger(Green),Green Ginger,Local,12/09/2026,9000,10000,9500
Tamil Nadu,Virudhunagar,Rajapalayam(Uzhavar Sandhai ),Beetroot,Beetroot,Local,12/09/2026,3500,4000,3750
Tamil Nadu,Virudhunagar,Rajapalayam(Uzhavar Sandhai ),Ridgeguard(Tori),Ridgeguard(Tori),Local,12/09/2026,3500,4000,3750
Tamil Nadu,Virudhunagar,Rajapalayam(Uzhavar Sandhai ),Green Avare(W),Green Avare (W),Local,12/09/2026,7000,8000,7500
Tamil Nadu,Virudhunagar,Rajapalayam(Uzhavar Sandhai ),Elephant Yam(Suran)/Amorphophallus,Elephant Yam (Suran),Local,12/09/2026,5000,6000,5500
Tamil Nadu,Virudhunagar,Rajapalayam(Uzhavar Sandhai ),Colacasia,Colacasia,Local,12/09/2026,6000,7000,6500
Tamil Nadu,Virudhunagar,Sathur(Uzhavar Sandhai ),Cabbage,Cabbage,Local,12/09/2026,3500,4000,3750
Tamil Nadu,Virudhunagar,Sathur(Uzhavar Sandhai ),Snakeguard,Snakeguard,Local,12/09/2026,3500,4000,3750
Tamil Nadu,Virudhunagar,Sathur(Uzhavar Sandhai ),Cluster beans,Cluster Beans,Local,12/09/2026,3500,4000,3750
Tamil Nadu,Virudhunagar,Sathur(Uzhavar Sandhai ),Raddish,Raddish,Local,12/09/2026,3000,3500,3250
Tamil Nadu,Virudhunagar,Sathur(Uzhavar Sandhai ),Green Avare(W),Green Avare (W),Local,12/09/2026,9000,10000,9500
Tamil Nadu,Virudhunagar,Sathur(Uzhavar Sandhai ),Chow Chow,Chow Chow,Local,12/09/2026,3000,3500,3250
Tamil Nadu,Virudhunagar,Sathur(Uzhavar Sandhai ),Guava,Guava Allahabad,Local,12/09/2026,4500,5000,4750
Tamil Nadu,Virudhunagar,Sivakasi(Uzhavar Sandhai ),Ginger(Green),Green Ginger,Local,12/09/2026,16000,18000,17000
Tamil Nadu,Virudhunagar,Sivakasi(Uzhavar Sandhai ),Coconut,Coconut,Local,12/09/2026,5000,6000,5500
Tamil Nadu,Virudhunagar,Sivakasi(Uzhavar Sandhai ),Banana,Besrai,Local,12/09/2026,3500,4000,3750
Tamil Nadu,Virudhunagar,Sivakasi(Uzhavar Sandhai ),Yam(Ratalu),Yam (Ratalu),Local,12/09/2026,4000,5000,4500
Tamil Nadu,Virudhunagar,Sivakasi(Uzhavar Sandhai ),Lemon,Lemon,Local,12/09/2026,18000,20000,19000
Tamil Nadu,Virudhunagar,Sivakasi(Uzhavar Sandhai ),Mint(Pudina),Mint(Pudina),Local,12/09/2026,4000,5000,4500
Tamil Nadu,Virudhunagar,Thalavaipuram(Uzhavar Sandhai ),Onion,Bellary,Local,12/09/2026,5500,7000,6250
Tamil Nadu,Virudhunagar,Thalavaipuram(Uzhavar Sandhai ),Tomato,Deshi,Local,12/09/2026,2500,3000,2750
Tamil Nadu,Virudhunagar,Thalavaipuram(Uzhavar Sandhai ),Ashgourd,Gouard,Local,12/09/2026,2500,3000,2750
Tamil Nadu,Virudhunagar,Thalavaipuram(Uzhavar Sandhai ),Green Chilli,Green Chilly,Local,12/09/2026,5000,6000,5500
Tamil Nadu,Virudhunagar,Thalavaipuram(Uzhavar Sandhai ),Snakeguard,Snakeguard,Local,12/09/2026,2800,3500,3150
Tamil Nadu,Virudhunagar,Thalavaipuram(Uzhavar Sandhai ),Green Avare(W),Green Avare (W),Local,12/09/2026,6500,8000,7250
Tamil Nadu,Virudhunagar,Thalavaipuram(Uzhavar Sandhai ),Onion Green,Onion Green,Local,12/09/2026,6000,7500,6750
Tamil Nadu,Virudhunagar,Virudhunagar(Uzhavar Sandhai ),Coconut,Coconut,Local,12/09/2026,5500,5600,5550
Tamil Nadu,Virudhunagar,Virudhunagar(Uzhavar Sandhai ),Carrot,Pusakesar,Local,12/09/2026,6700,6800,6750
Tamil Nadu,Virudhunagar,Virudhunagar(Uzhavar Sandhai ),Cabbage,Cabbage,Local,12/09/2026,3300,3500,3400
Tamil Nadu,Virudhunagar,Virudhunagar(Uzhavar Sandhai ),Onion,Bellary,Local,12/09/2026,5300,5400,5350
Tamil Nadu,Virudhunagar,Virudhunagar(Uzhavar Sandhai ),Bitter gourd,Bitter Gourd,Local,12/09/2026,5400,5500,5450
Tamil Nadu,Virudhunagar,Virudhunagar(Uzhavar Sandhai ),Onion Green,Onion Green,Local,12/09/2026,7300,7400,7350
Tamil Nadu,Chengalpattu,Madhuranthagam(Uzhavar Sandhai ),Garlic,Garlic,Local,12/09/2026,16000,16000,16000
Tamil Nadu,Chengalpattu,Madhuranthagam(Uzhavar Sandhai ),Bottle gourd,Bottle Gourd,Local,12/09/2026,4000,4000,4000
Tamil Nadu,Chengalpattu,Madhuranthagam(Uzhavar Sandhai ),Bhindi(Ladies Finger),Bhindi,Local,12/09/2026,4000,4000,4000
Tamil Nadu,Chengalpattu,Madhuranthagam(Uzhavar Sandhai ),Amaranthus,Amaranthus,Local,12/09/2026,3000,3000,3000
Tamil Nadu,Chengalpattu,Medavakkam(Uzhavar Sandhai ),Brinjal,Round,Local,12/09/2026,5000,5000,5000
Tamil Nadu,Chengalpattu,Medavakkam(Uzhavar Sandhai ),Amaranthus,Amaranthus,Local,12/09/2026,2000,2000,2000
Tamil Nadu,Chengalpattu,Medavakkam(Uzhavar Sandhai ),Green Chilli,Green Chilly,Local,12/09/2026,6000,6000,6000
Tamil Nadu,Chengalpattu,Medavakkam(Uzhavar Sandhai ),Banana - Green,Banana - Green,Local,12/09/2026,3500,3500,3500
Tamil Nadu,Chengalpattu,Nanganallur(Uzhavar Sandhai ),Ginger(Green),Green Ginger,Local,12/09/2026,10000,12000,11000
Tamil Nadu,Chengalpattu,Nanganallur(Uzhavar Sandhai ),Carrot,Pusakesar,Local,12/09/2026,7500,8000,7750
Tamil Nadu,Chengalpattu,Nanganallur(Uzhavar Sandhai ),Orange,Darjeeling,Local,12/09/2026,9000,10000,9500
Tamil Nadu,Chengalpattu,Nanganallur(Uzhavar Sandhai ),Banana,Red Banana,Local,12/09/2026,9000,10000,9500
Tamil Nadu,Chengalpattu,Nanganallur(Uzhavar Sandhai ),Pineapple,Pine Apple,Local,12/09/2026,7500,8000,7750
Tamil Nadu,Chengalpattu,Nanganallur(Uzhavar Sandhai ),Potato,Red Nanital,Local,12/09/2026,3500,4000,3750
Tamil Nadu,Chengalpattu,Nanganallur(Uzhavar Sandhai ),Water Melon,Water Melon,Local,12/09/2026,2000,2500,2250
Tamil Nadu,Chengalpattu,Nanganallur(Uzhavar Sandhai ),Bottle gourd,Bottle Gourd,Local,12/09/2026,4500,5000,4750
Tamil Nadu,Chengalpattu,Nanganallur(Uzhavar Sandhai ),Banana - Green,Banana - Green,Local,12/09/2026,3500,4000,3750
Tamil Nadu,Chengalpattu,Nanganallur(Uzhavar Sandhai ),Beetroot,Beetroot,Local,12/09/2026,5500,6000,5750
Tamil Nadu,Chengalpattu,Nanganallur(Uzhavar Sandhai ),Capsicum,Capsicum,Local,12/09/2026,5500,6000,5750
Tamil Nadu,Chengalpattu,Nanganallur(Uzhavar Sandhai ),Knool Khol,Knool Khol,Local,12/09/2026,4500,5000,4750
Tamil Nadu,Chengalpattu,Nanganallur(Uzhavar Sandhai ),Baby Corn,Baby Corn,Grade A,12/09/2026,4500,5000,4750
Tamil Nadu,Chengalpattu,Pallavaram(Uzhavar Sandhai ),Coconut,Coconut,Local,12/09/2026,6000,7000,6500
Tamil Nadu,Chengalpattu,Pallavaram(Uzhavar Sandhai ),Potato,Red Nanital,Local,12/09/2026,2500,3000,2750
Tamil Nadu,Chengalpattu,Pallavaram(Uzhavar Sandhai ),Cauliflower,Ranchi,Local,12/09/2026,2500,3000,2750
Tamil Nadu,Chengalpattu,Pallavaram(Uzhavar Sandhai ),Coriander(Leaves),I Sort,Local,12/09/2026,5000,6000,5500
Tamil Nadu,Chengalpattu,Pallavaram(Uzhavar Sandhai ),Bottle gourd,Bottle Gourd,Local,12/09/2026,3500,4000,3750
Tamil Nadu,Chengalpattu,Pallavaram(Uzhavar Sandhai ),Ashgourd,Gouard,Local,12/09/2026,2000,2500,2250
Tamil Nadu,Chengalpattu,Pallavaram(Uzhavar Sandhai ),Tapioca,Tapioca,Local,12/09/2026,3500,4000,3750
Tamil Nadu,Chengalpattu,Pallavaram(Uzhavar Sandhai ),Raddish,Raddish,Local,12/09/2026,3500,4000,3750
Tamil Nadu,Chengalpattu,Pallavaram(Uzhavar Sandhai ),Knool Khol,Knool Khol,Local,12/09/2026,4000,5000,4500
Tamil Nadu,Chengalpattu,Pallavaram(Uzhavar Sandhai ),Indian Beans(Seam),Indian Beans (Seam),Local,12/09/2026,7000,8000,7500
Tamil Nadu,Chengalpattu,Pallavaram(Uzhavar Sandhai ),Sweet Corn ,Sweet Corn ,Local,12/09/2026,4000,5000,4500
Tamil Nadu,Nagercoil (Kannyiakumari),Myladi(Uzhavar Sandhai ),Banana,Besrai,Local,12/09/2026,6500,7000,6750
Tamil Nadu,Nagercoil (Kannyiakumari),Myladi(Uzhavar Sandhai ),Onion,Bellary,Local,12/09/2026,6500,7000,6750
Tamil Nadu,Nagercoil (Kannyiakumari),Myladi(Uzhavar Sandhai ),Amaranthus,Amaranthus,Local,12/09/2026,1200,1500,1350
Tamil Nadu,Nagercoil (Kannyiakumari),Myladi(Uzhavar Sandhai ),Banana - Green,Banana - Green,Local,12/09/2026,6500,7000,6750
Tamil Nadu,Nagercoil (Kannyiakumari),Myladi(Uzhavar Sandhai ),Drumstick,Drumstick,Local,12/09/2026,4500,5000,4750
Tamil Nadu,Chengalpattu,Jameenrayapettai(Uzhavar Sandhai ),Coconut,Coconut,Local,12/09/2026,6000,7000,6500
Tamil Nadu,Chengalpattu,Jameenrayapettai(Uzhavar Sandhai ),Carrot,Pusakesar,Local,12/09/2026,6000,7000,6500
Tamil Nadu,Chengalpattu,Jameenrayapettai(Uzhavar Sandhai ),Bottle gourd,Bottle Gourd,Local,12/09/2026,3500,4000,3750
Tamil Nadu,Chengalpattu,Jameenrayapettai(Uzhavar Sandhai ),Pumpkin,Pumpkin,Local,12/09/2026,2500,3000,2750
Tamil Nadu,Chengalpattu,Jameenrayapettai(Uzhavar Sandhai ),Cucumbar(Kheera),Cucumbar,Local,12/09/2026,4000,5000,4500
Tamil Nadu,Chengalpattu,Jameenrayapettai(Uzhavar Sandhai ),Raddish,Raddish,Local,12/09/2026,3500,4000,3750
Tamil Nadu,Chengalpattu,Jameenrayapettai(Uzhavar Sandhai ),Green Avare(W),Other,Local,12/09/2026,6000,7000,6500
Tamil Nadu,Chengalpattu,Jameenrayapettai(Uzhavar Sandhai ),Lemon,Lemon,Local,12/09/2026,26000,28000,27000
Tamil Nadu,Villupuram,Tindivanam APMC,Brinjal,Round,Local,12/09/2026,4000,4000,4000
Tamil Nadu,Villupuram,Tindivanam APMC,Water Melon,Water Melon,Local,12/09/2026,2000,2000,2000
Tamil Nadu,Villupuram,Tindivanam APMC,Pumpkin,Pumpkin,Local,12/09/2026,2000,2000,2000
Tamil Nadu,Villupuram,Tindivanam APMC,Marigold(Calcutta),Marigold(Calcutta),Local,12/09/2026,30000,30000,30000
Tamil Nadu,Villupuram,Tindivanam APMC,Yam(Ratalu),Yam (Ratalu),Local,12/09/2026,6000,6000,6000
Tamil Nadu,Villupuram,Tindivanam APMC,Mint(Pudina),Mint(Pudina),Local,12/09/2026,4000,4000,4000
Tamil Nadu,Villupuram,Ulundurpettai APMC,Ginger(Green),Green Ginger,Local,12/09/2026,11000,11000,11000
Tamil Nadu,Villupuram,Ulundurpettai APMC,Coconut,Coconut,Local,12/09/2026,3000,3000,3000
Tamil Nadu,Villupuram,Ulundurpettai APMC,Snakeguard,Snakeguard,Local,12/09/2026,4000,4000,4000
Tamil Nadu,Villupuram,Ulundurpettai APMC,Onion,Bellary,Local,12/09/2026,6000,6000,6000
Tamil Nadu,Villupuram,Ulundurpettai APMC,Pumpkin,Pumpkin,Local,12/09/2026,2500,2500,2500
Tamil Nadu,Villupuram,Ulundurpettai APMC,Bhindi(Ladies Finger),Bhindi,Local,12/09/2026,3000,3000,3000
Tamil Nadu,Villupuram,Ulundurpettai APMC,Green Chilli,Green Chilly,Local,12/09/2026,6000,6000,6000
Tamil Nadu,Villupuram,Ulundurpettai APMC,Banana - Green,Banana - Green,Local,12/09/2026,3000,3000,3000
Tamil Nadu,Villupuram,Ulundurpettai APMC,Raddish,Raddish,Local,12/09/2026,5000,5000,5000
Tamil Nadu,Villupuram,Ulundurpettai APMC,Onion Green,Onion Green,Local,12/09/2026,7000,7000,7000
Tamil Nadu,Madurai,Chokkikulam(Uzhavar Sandhai ),Betal Leaves,Mysore,Local,12/09/2026,20000,28000,24000
Tamil Nadu,Madurai,Chokkikulam(Uzhavar Sandhai ),Groundnut,Big (With Shell),Local,12/09/2026,7000,8000,7500
Tamil Nadu,Madurai,Chokkikulam(Uzhavar Sandhai ),Brinjal,Round,Local,12/09/2026,3600,4200,3900
Tamil Nadu,Madurai,Chokkikulam(Uzhavar Sandhai ),Papaya,Papaya,Local,12/09/2026,4500,5000,4750
Tamil Nadu,Madurai,Chokkikulam(Uzhavar Sandhai ),Mousambi(Sweet Lime),Mousambi,Local,12/09/2026,6500,7000,6750
Tamil Nadu,Madurai,Chokkikulam(Uzhavar Sandhai ),Pumpkin,Pumpkin,Local,12/09/2026,1600,2000,1800
Tamil Nadu,Madurai,Chokkikulam(Uzhavar Sandhai ),Tapioca,Tapioca,Local,12/09/2026,3600,4000,3800
Tamil Nadu,Madurai,Chokkikulam(Uzhavar Sandhai ),Pomegranate,Pomogranate,Local,12/09/2026,18000,23000,20500
Tamil Nadu,Madurai,Chokkikulam(Uzhavar Sandhai ),Elephant Yam(Suran)/Amorphophallus,Elephant Yam (Suran),Local,12/09/2026,4000,5000,4500
Tamil Nadu,Madurai,Chokkikulam(Uzhavar Sandhai ),Lemon,Lemon,Local,12/09/2026,22000,26000,24000
Tamil Nadu,Erode,Thalavadi(Uzhavar Sandhai ),Ginger(Green),Green Ginger,Local,12/09/2026,13000,14000,13500
Tamil Nadu,Erode,Thalavadi(Uzhavar Sandhai ),Carrot,Pusakesar,Local,12/09/2026,5500,6000,5750
Tamil Nadu,Erode,Thalavadi(Uzhavar Sandhai ),Snakeguard,Snakeguard,Local,12/09/2026,2600,3200,2900
Tamil Nadu,Erode,Thalavadi(Uzhavar Sandhai ),Banana,Red Banana,Local,12/09/2026,6500,7000,6750
Tamil Nadu,Erode,Thalavadi(Uzhavar Sandhai ),Bhindi(Ladies Finger),Bhindi,Local,12/09/2026,2600,3000,2800
Tamil Nadu,Erode,Thalavadi(Uzhavar Sandhai ),Green Chilli,Green Chilly,Local,12/09/2026,3000,3600,3300
Tamil Nadu,Erode,Thalavadi(Uzhavar Sandhai ),Beans,Beans (Whole),Local,12/09/2026,6000,7000,6500
Tamil Nadu,Erode,Thalavadi(Uzhavar Sandhai ),Raddish,Raddish,Local,12/09/2026,2000,2500,2250
Tamil Nadu,Erode,Thalavadi(Uzhavar Sandhai ),Chow Chow,Chow Chow,Local,12/09/2026,2400,2800,2600
Tamil Nadu,Cuddalore,Viruthachalam(Uzhavar Sandhai ),Ginger(Green),Green Ginger,Local,12/09/2026,7000,15000,11000
Tamil Nadu,Cuddalore,Viruthachalam(Uzhavar Sandhai ),Carrot,Pusakesar,Local,12/09/2026,6000,6000,6000
Tamil Nadu,Cuddalore,Viruthachalam(Uzhavar Sandhai ),Potato,Red Nanital,Local,12/09/2026,4000,4000,4000
Tamil Nadu,Cuddalore,Viruthachalam(Uzhavar Sandhai ),Bitter gourd,Bitter Gourd,Local,12/09/2026,5000,5000,5000
Tamil Nadu,Cuddalore,Viruthachalam(Uzhavar Sandhai ),Ridgeguard(Tori),Ridgeguard(Tori),Local,12/09/2026,5000,5000,5000
Tamil Nadu,Cuddalore,Viruthachalam(Uzhavar Sandhai ),Mango(Raw-Ripe),Mango - Raw-Ripe,Local,12/09/2026,11000,11000,11000
Tamil Nadu,Cuddalore,Viruthachalam(Uzhavar Sandhai ),Mint(Pudina),Mint(Pudina),Local,12/09/2026,5000,5000,5000
Tamil Nadu,Krishnagiri,Krishnagiri(Uzhavar Sandhai ),Banana,Besrai,Local,12/09/2026,6000,7000,6500
Tamil Nadu,Krishnagiri,Krishnagiri(Uzhavar Sandhai ),Cauliflower,Ranchi,Local,12/09/2026,2500,3000,2750
Tamil Nadu,Krishnagiri,Krishnagiri(Uzhavar Sandhai ),Coriander(Leaves),I Sort,Local,12/09/2026,2500,3000,2750
Tamil Nadu,Krishnagiri,Krishnagiri(Uzhavar Sandhai ),Rose(Local),Rose (Local),Local,12/09/2026,18000,20000,19000
Tamil Nadu,Nagapattinam,Nagapattinam(Uzhavar Sandhai ),Coconut,Coconut,Local,12/09/2026,5000,5500,5250
Tamil Nadu,Nagapattinam,Nagapattinam(Uzhavar Sandhai ),Onion,Bellary,Local,12/09/2026,3700,3700,3700
Tamil Nadu,Nagapattinam,Nagapattinam(Uzhavar Sandhai ),Potato,Red Nanital,Local,12/09/2026,3700,4200,3950
Tamil Nadu,Nagapattinam,Nagapattinam(Uzhavar Sandhai ),Garlic,Garlic,Local,12/09/2026,17300,20000,18650
Tamil Nadu,Nagapattinam,Nagapattinam(Uzhavar Sandhai ),Brinjal,Round,Local,12/09/2026,4600,5500,5050
Tamil Nadu,Nagapattinam,Nagapattinam(Uzhavar Sandhai ),Pumpkin,Pumpkin,Local,12/09/2026,2500,3000,2750
Tamil Nadu,Nagapattinam,Nagapattinam(Uzhavar Sandhai ),Bhindi(Ladies Finger),Bhindi,Local,12/09/2026,5200,5200,5200
Tamil Nadu,Nagapattinam,Nagapattinam(Uzhavar Sandhai ),Cucumbar(Kheera),Cucumbar,Local,12/09/2026,6800,6800,6800
Tamil Nadu,Nagapattinam,Nagapattinam(Uzhavar Sandhai ),Green Avare(W),Green Avare (W),Local,12/09/2026,5800,6500,6150
Tamil Nadu,Tenkasi,Sankarankoil(Uzhavar Sandhai ),Banana,Besrai,Local,12/09/2026,6000,6000,6000
Tamil Nadu,Tenkasi,Sankarankoil(Uzhavar Sandhai ),Onion,Bellary,Local,12/09/2026,6000,6500,6250
Tamil Nadu,Tenkasi,Sankarankoil(Uzhavar Sandhai ),Papaya,Papaya,Local,12/09/2026,3500,3500,3500
Tamil Nadu,Tenkasi,Sankarankoil(Uzhavar Sandhai ),Bottle gourd,Bottle Gourd,Local,12/09/2026,2000,2000,2000
Tamil Nadu,Tenkasi,Sankarankoil(Uzhavar Sandhai ),Green Chilli,Green Chilly,Local,12/09/2026,6000,6000,6000
Tamil Nadu,Tenkasi,Sankarankoil(Uzhavar Sandhai ),Tapioca,Tapioca,Local,12/09/2026,4000,4000,4000
Tamil Nadu,Tenkasi,Sankarankoil(Uzhavar Sandhai ),Thondekai,Thondekai,Local,12/09/2026,6000,6000,6000
Tamil Nadu,Tenkasi,Sankarankoil(Uzhavar Sandhai ),Green Avare(W),Green Avare (W),Local,12/09/2026,8000,8000,8000
Tamil Nadu,Tenkasi,Sankarankoil(Uzhavar Sandhai ),Tender Coconut,Tender Coconut,Local,12/09/2026,3000,3000,3000
Tamil Nadu,Tenkasi,Sankarankoil(Uzhavar Sandhai ),Yam(Ratalu),Yam (Ratalu),Local,12/09/2026,7000,7000,7000
Tamil Nadu,Tenkasi,Tenkasi(Uzhavar Sandhai ),Cauliflower,Ranchi,Local,12/09/2026,4000,4500,4250
Tamil Nadu,Tenkasi,Tenkasi(Uzhavar Sandhai ),Brinjal,Other,Local,12/09/2026,3000,3500,3250
Tamil Nadu,Tenkasi,Tenkasi(Uzhavar Sandhai ),Green Avare(W),Other,Local,12/09/2026,5000,5000,5000
Tamil Nadu,Tenkasi,Tenkasi(Uzhavar Sandhai ),Tender Coconut,Tender Coconut,Local,12/09/2026,4000,4000,4000
Tamil Nadu,Tenkasi,Tenkasi(Uzhavar Sandhai ),Elephant Yam(Suran)/Amorphophallus,Elephant Yam (Suran),Local,12/09/2026,4000,4000,4000
Tamil Nadu,Tenkasi,Tenkasi(Uzhavar Sandhai ),Yam(Ratalu),Yam (Ratalu),Local,12/09/2026,8000,8000,8000
Tamil Nadu,Tenkasi,Tenkasi(Uzhavar Sandhai ),Lemon,Lemon,Local,12/09/2026,14000,14000,14000
Tamil Nadu,Tenkasi,Tenkasi(Uzhavar Sandhai ),Onion Green,Onion Green,Local,12/09/2026,5000,7000,6000
Tamil Nadu,Pudukkottai,Pudukottai(Uzhavar Sandhai ),Groundnut,Big (With Shell),Local,12/09/2026,5000,6000,5500
Tamil Nadu,Pudukkottai,Pudukottai(Uzhavar Sandhai ),Bitter gourd,Other,Local,12/09/2026,6000,7000,6500
Tamil Nadu,Pudukkottai,Pudukottai(Uzhavar Sandhai ),Bottle gourd,Bottle Gourd,Local,12/09/2026,2000,2500,2250
Tamil Nadu,Pudukkottai,Pudukottai(Uzhavar Sandhai ),Ridgeguard(Tori),Ridgeguard(Tori),Local,12/09/2026,5000,6000,5500
Tamil Nadu,Pudukkottai,Pudukottai(Uzhavar Sandhai ),Thondekai,Thondekai,Local,12/09/2026,4000,5000,4500
Tamil Nadu,Pudukkottai,Pudukottai(Uzhavar Sandhai ),Tender Coconut,Tender Coconut,Local,12/09/2026,5000,6000,5500
Tamil Nadu,Pudukkottai,Pudukottai(Uzhavar Sandhai ),Colacasia,Colacasia,Local,12/09/2026,5000,6000,5500
Tamil Nadu,Pudukkottai,Pudukottai(Uzhavar Sandhai ),Mashrooms,Mashrooms,Local,12/09/2026,24000,25000,24500
Tamil Nadu,Thanjavur,Kumbakonam (Uzhavar Sandhai ),Onion,Bellary,Local,12/09/2026,6000,7200,6600
Tamil Nadu,Thanjavur,Kumbakonam (Uzhavar Sandhai ),Tomato,Deshi,Local,12/09/2026,2800,3200,3000
Tamil Nadu,Thanjavur,Kumbakonam (Uzhavar Sandhai ),Bhindi(Ladies Finger),Bhindi,Local,12/09/2026,4800,4800,4800
Tamil Nadu,Thanjavur,Kumbakonam (Uzhavar Sandhai ),Ridgeguard(Tori),Ridgeguard(Tori),Local,12/09/2026,6000,6000,6000
Tamil Nadu,Thanjavur,Kumbakonam (Uzhavar Sandhai ),Elephant Yam(Suran)/Amorphophallus,Elephant Yam (Suran),Local,12/09/2026,6000,6000,6000
Tamil Nadu,The Nilgiris,Udhagamandalam(Uzhavar Sandhai ),Carrot,Pusakesar,Local,12/09/2026,3000,3500,3250
Tamil Nadu,The Nilgiris,Udhagamandalam(Uzhavar Sandhai ),Tomato,Deshi,Local,12/09/2026,2500,3000,2750
Tamil Nadu,The Nilgiris,Udhagamandalam(Uzhavar Sandhai ),Bitter gourd,Bitter Gourd,Local,12/09/2026,4500,4800,4650
Tamil Nadu,The Nilgiris,Udhagamandalam(Uzhavar Sandhai ),Green Chilli,Green Chilly,Local,12/09/2026,3500,4000,3750
Tamil Nadu,The Nilgiris,Udhagamandalam(Uzhavar Sandhai ),Cowpea(Veg),Cowpea (Veg),Local,12/09/2026,3500,4000,3750
Tamil Nadu,The Nilgiris,Udhagamandalam(Uzhavar Sandhai ),Thondekai,Thondekai,Local,12/09/2026,3000,3500,3250
Tamil Nadu,The Nilgiris,Udhagamandalam(Uzhavar Sandhai ),Capsicum,Capsicum,Local,12/09/2026,5500,6000,5750
Tamil Nadu,The Nilgiris,Udhagamandalam(Uzhavar Sandhai ),Green Avare(W),Green Avare (W),Local,12/09/2026,5500,6000,5750
Tamil Nadu,The Nilgiris,Udhagamandalam(Uzhavar Sandhai ),Chow Chow,Chow Chow,Local,12/09/2026,2000,2500,2250
Tamil Nadu,The Nilgiris,Udhagamandalam(Uzhavar Sandhai ),Lemon,Lemon,Local,12/09/2026,22000,24000,23000
Tamil Nadu,The Nilgiris,Udhagamandalam(Uzhavar Sandhai ),Onion Green,Onion Green,Local,12/09/2026,8000,8500,8250
Tamil Nadu,The Nilgiris,Udhagamandalam(Uzhavar Sandhai ),Mint(Pudina),Mint(Pudina),Local,12/09/2026,4500,5000,4750
Tamil Nadu,Theni,Andipatti(Uzhavar Sandhai ),Onion,Bellary,Local,12/09/2026,6200,6400,6300
Tamil Nadu,Theni,Andipatti(Uzhavar Sandhai ),Brinjal,Other,Local,12/09/2026,3300,3500,3400
Tamil Nadu,Theni,Andipatti(Uzhavar Sandhai ),Bitter gourd,Other,Local,12/09/2026,3600,3800,3700
Tamil Nadu,Theni,Andipatti(Uzhavar Sandhai ),Green Chilli,Green Chilly,Local,12/09/2026,5000,5500,5250
Tamil Nadu,Theni,Andipatti(Uzhavar Sandhai ),Drumstick,Drumstick,Local,12/09/2026,3000,3500,3250
Tamil Nadu,Theni,Andipatti(Uzhavar Sandhai ),Yam(Ratalu),Yam (Ratalu),Local,12/09/2026,5800,6000,5900
Tamil Nadu,Theni,Andipatti(Uzhavar Sandhai ),Mint(Pudina),Mint(Pudina),Local,12/09/2026,5000,5000,5000
Tamil Nadu,Theni,Bodinayakanur(Uzhavar Sandhai ),Coconut,Coconut,Local,12/09/2026,5800,5800,5800
Tamil Nadu,Theni,Bodinayakanur(Uzhavar Sandhai ),Cabbage,Cabbage,Local,12/09/2026,2400,2400,2400
Tamil Nadu,Theni,Bodinayakanur(Uzhavar Sandhai ),Banana,Besrai,Local,12/09/2026,6000,6000,6000
Tamil Nadu,Theni,Bodinayakanur(Uzhavar Sandhai ),Cauliflower,Ranchi,Local,12/09/2026,4000,4000,4000
Tamil Nadu,Theni,Bodinayakanur(Uzhavar Sandhai ),Coriander(Leaves),I Sort,Local,12/09/2026,3000,3000,3000
Tamil Nadu,Theni,Bodinayakanur(Uzhavar Sandhai ),Banana - Green,Banana - Green,Local,12/09/2026,3600,3600,3600
Tamil Nadu,Theni,Bodinayakanur(Uzhavar Sandhai ),Chow Chow,Chow Chow,Local,12/09/2026,3000,3000,3000
Tamil Nadu,Theni,Bodinayakanur(Uzhavar Sandhai ),Onion Green,Onion Green,Local,12/09/2026,8000,8000,8000
Tamil Nadu,Thiruvarur,Needamangalam(Uzhavar Sandhai ),Ashgourd,Gouard,Local,12/09/2026,3000,3000,3000
Tamil Nadu,Thiruvarur,Needamangalam(Uzhavar Sandhai ),Snakeguard,Snakeguard,Local,12/09/2026,3400,3400,3400
Tamil Nadu,Thiruvarur,Needamangalam(Uzhavar Sandhai ),Drumstick,Drumstick,Local,12/09/2026,4600,4600,4600
Tamil Nadu,Thiruvarur,Tiruvarur(Uzhavar Sandhai ),Coconut,Coconut,Local,12/09/2026,5000,5000,5000
Tamil Nadu,Thiruvarur,Tiruvarur(Uzhavar Sandhai ),Green Chilli,Green Chilly,Local,12/09/2026,5000,5000,5000
Tamil Nadu,Thiruvarur,Tiruvarur(Uzhavar Sandhai ),Ridgeguard(Tori),Ridgeguard(Tori),Local,12/09/2026,4000,4000,4000
Tamil Nadu,Thiruvarur,Tiruvarur(Uzhavar Sandhai ),Lime,Lime,Local,12/09/2026,3000,3000,3000
Tamil Nadu,Thiruvarur,Tiruvarur(Uzhavar Sandhai ),Lemon,Lemon,Local,12/09/2026,20000,20000,20000
Tamil Nadu,Thiruvarur,Tiruvarur(Uzhavar Sandhai ),Mint(Pudina),Mint(Pudina),Local,12/09/2026,6000,6000,6000
Tamil Nadu,Virudhunagar,Aruppukottai(Uzhavar Sandhai ),Potato,Red Nanital,Local,12/09/2026,3000,3500,3250
Tamil Nadu,Virudhunagar,Aruppukottai(Uzhavar Sandhai ),Cluster beans,Cluster Beans,Local,12/09/2026,3500,4000,3750
Tamil Nadu,Virudhunagar,Aruppukottai(Uzhavar Sandhai ),Ashgourd,Gouard,Local,12/09/2026,2000,2500,2250
Tamil Nadu,Virudhunagar,Aruppukottai(Uzhavar Sandhai ),Cucumbar(Kheera),Cucumbar,Local,12/09/2026,7500,8000,7750
Tamil Nadu,Virudhunagar,Aruppukottai(Uzhavar Sandhai ),Ridgeguard(Tori),Ridgeguard(Tori),Local,12/09/2026,5500,6000,5750
Tamil Nadu,Virudhunagar,Aruppukottai(Uzhavar Sandhai ),Green Avare(W),Green Avare (W),Local,12/09/2026,7500,8000,7750
Tamil Nadu,Virudhunagar,Aruppukottai(Uzhavar Sandhai ),Guava,Guava Allahabad,Local,12/09/2026,4500,5000,4750
Tamil Nadu,Virudhunagar,Aruppukottai(Uzhavar Sandhai ),Onion Green,Onion Green,Local,12/09/2026,7500,8000,7750
Tamil Nadu,Villupuram,Gingee(Uzhavar Sandhai ),Cabbage,Cabbage,Local,12/09/2026,4000,4000,4000
Tamil Nadu,Villupuram,Gingee(Uzhavar Sandhai ),Cucumbar(Kheera),Cucumbar,Local,12/09/2026,4500,4500,4500
Tamil Nadu,Villupuram,Gingee(Uzhavar Sandhai ),Mango(Raw-Ripe),Mango - Raw-Ripe,Local,12/09/2026,9000,9000,9000
Tamil Nadu,Villupuram,Gingee(Uzhavar Sandhai ),Knool Khol,Knool Khol,Local,12/09/2026,4000,4000,4000
Tamil Nadu,Villupuram,Gingee(Uzhavar Sandhai ),Amla(Nelli Kai),Amla,Local,12/09/2026,9000,10000,9500
Tamil Nadu,Thiruvarur,Valangaiman APMC,Tomato,Deshi,Local,12/09/2026,2600,3000,2800
Tamil Nadu,Thiruvarur,Valangaiman APMC,Bottle gourd,Bottle Gourd,Local,12/09/2026,3000,3000,3000
Tamil Nadu,Thiruvarur,Valangaiman APMC,Ridgeguard(Tori),Ridgeguard(Tori),Local,12/09/2026,4000,4000,4000
Tamil Nadu,Thiruvarur,Valangaiman APMC,Green Avare(W),Green Avare (W),Local,12/09/2026,6000,6000,6000
Tamil Nadu,Thiruvellore,Tiruthani(Uzhavar Sandhai ),Bottle gourd,Bottle Gourd,Local,12/09/2026,3000,3000,3000
Tamil Nadu,Thiruvellore,Tiruthani(Uzhavar Sandhai ),Banana - Green,Banana - Green,Local,12/09/2026,4000,4000,4000
Tamil Nadu,Virudhunagar,Kariyapatti(Uzhavar Sandhai ),Carrot,Pusakesar,Local,12/09/2026,6500,7000,6750
Tamil Nadu,Virudhunagar,Kariyapatti(Uzhavar Sandhai ),Onion,Bellary,Local,12/09/2026,6500,7000,6750
Tamil Nadu,Virudhunagar,Kariyapatti(Uzhavar Sandhai ),Potato,Red Nanital,Local,12/09/2026,3000,3500,3250
Tamil Nadu,Virudhunagar,Kariyapatti(Uzhavar Sandhai ),Coriander(Leaves),I Sort,Local,12/09/2026,3500,4000,3750
Tamil Nadu,Virudhunagar,Kariyapatti(Uzhavar Sandhai ),Ginger(Green),Green Ginger,Local,12/09/2026,19000,20000,19500
Tamil Nadu,Virudhunagar,Kariyapatti(Uzhavar Sandhai ),Ridgeguard(Tori),Ridgeguard(Tori),Local,12/09/2026,5500,6000,5750
Tamil Nadu,Virudhunagar,Kariyapatti(Uzhavar Sandhai ),Chow Chow,Chow Chow,Local,12/09/2026,3000,3500,3250
Tamil Nadu,Virudhunagar,Kariyapatti(Uzhavar Sandhai ),Guava,Guava Allahabad,Local,12/09/2026,4500,5000,4750
Tamil Nadu,Virudhunagar,Kariyapatti(Uzhavar Sandhai ),Lemon,Lemon,Local,12/09/2026,21000,22000,21500
Tamil Nadu,Thiruvellore,Tiruvallur(Uzhavar Sandhai ),Tomato,Deshi,Local,12/09/2026,3000,3000,3000
Tamil Nadu,Thiruvellore,Tiruvallur(Uzhavar Sandhai ),Amaranthus,Amaranthus,Local,12/09/2026,3000,3000,3000
Tamil Nadu,Thiruvellore,Tiruvallur(Uzhavar Sandhai ),Banana - Green,Banana - Green,Local,12/09/2026,4000,4000,4000
Tamil Nadu,Thiruvellore,Tiruvallur(Uzhavar Sandhai ),Ridgeguard(Tori),Ridgeguard(Tori),Local,12/09/2026,5000,5000,5000
Tamil Nadu,Thiruvellore,Tiruvallur(Uzhavar Sandhai ),Mango(Raw-Ripe),Mango - Raw-Ripe,Local,12/09/2026,5000,5000,5000
Tamil Nadu,Vellore,Katpadi (Uzhavar Sandhai ),Sweet Potato,Hosur Red,Local,12/09/2026,3000,3000,3000
Tamil Nadu,Vellore,Katpadi (Uzhavar Sandhai ),Snakeguard,Snakeguard,Local,12/09/2026,3000,3000,3000
Tamil Nadu,Vellore,Katpadi (Uzhavar Sandhai ),Papaya,Papaya,Local,12/09/2026,4500,5000,4750
Tamil Nadu,Vellore,Katpadi (Uzhavar Sandhai ),Cluster beans,Cluster Beans,Local,12/09/2026,2500,3000,2750
Tamil Nadu,Vellore,Katpadi (Uzhavar Sandhai ),Bottle gourd,Bottle Gourd,Local,12/09/2026,2000,2500,2250
Tamil Nadu,Vellore,Katpadi (Uzhavar Sandhai ),Ashgourd,Gouard,Local,12/09/2026,3000,3000,3000
Tamil Nadu,Vellore,Katpadi (Uzhavar Sandhai ),Tapioca,Tapioca,Local,12/09/2026,3500,3500,3500
Tamil Nadu,Vellore,Katpadi (Uzhavar Sandhai ),Cucumbar(Kheera),Cucumbar,Local,12/09/2026,3500,4000,3750
Tamil Nadu,Vellore,Katpadi (Uzhavar Sandhai ),Tender Coconut,Tender Coconut,Local,12/09/2026,3000,4000,3500
Tamil Nadu,Vellore,Katpadi (Uzhavar Sandhai ),Marigold(Calcutta),Marigold(Calcutta),Local,12/09/2026,20000,20000,20000
Tamil Nadu,Vellore,Katpadi (Uzhavar Sandhai ),Sweet Corn ,Sweet Corn ,Local,12/09/2026,2500,3000,2750
Tamil Nadu,Madurai,Thirumangalam(Uzhavar Sandhai ),Chikoos(Sapota),Sapota,Local,12/09/2026,4000,6000,5000
Tamil Nadu,Madurai,Thirumangalam(Uzhavar Sandhai ),Green Avare(W),Green Avare (W),Local,12/09/2026,9000,10000,9500
Tamil Nadu,Madurai,Melur(Uzhavar Sandhai ),Chikoos(Sapota),Sapota,Local,12/09/2026,4000,6000,5000
Tamil Nadu,Madurai,Melur(Uzhavar Sandhai ),Banana - Green,Banana - Green,Local,12/09/2026,1800,2300,2050
Tamil Nadu,Madurai,Melur(Uzhavar Sandhai ),Cucumbar(Kheera),Cucumbar,Local,12/09/2026,4000,5000,4500
Tamil Nadu,Madurai,Melur(Uzhavar Sandhai ),Drumstick,Drumstick,Local,12/09/2026,5000,6000,5500
Tamil Nadu,Madurai,Melur(Uzhavar Sandhai ),Guava,Guava Allahabad,Local,12/09/2026,6000,7000,6500
Tamil Nadu,Madurai,Melur(Uzhavar Sandhai ),Yam(Ratalu),Yam (Ratalu),Local,12/09/2026,6500,7000,6750
Tamil Nadu,Salem,Vazhapadi(Uzhavar Sandhai),Coconut,Coconut,Local,12/09/2026,5500,6000,5750
Tamil Nadu,Salem,Vazhapadi(Uzhavar Sandhai),Beetroot,Beetroot,Local,12/09/2026,3600,5500,4550
Tamil Nadu,Salem,Vazhapadi(Uzhavar Sandhai),Groundnut,Big (With Shell),Local,12/09/2026,7500,8000,7750
Tamil Nadu,Salem,Vazhapadi(Uzhavar Sandhai),Banana,Karpura,Local,12/09/2026,4800,5000,4900
Tamil Nadu,Salem,Vazhapadi(Uzhavar Sandhai),Garlic,Garlic,Local,12/09/2026,23500,25000,24250
Tamil Nadu,Salem,Vazhapadi(Uzhavar Sandhai),Papaya,Papaya,Local,12/09/2026,3200,3500,3350
Tamil Nadu,Salem,Vazhapadi(Uzhavar Sandhai),Cluster beans,Cluster Beans,Local,12/09/2026,2800,3000,2900
Tamil Nadu,Salem,Vazhapadi(Uzhavar Sandhai),Bottle gourd,Bottle Gourd,Local,12/09/2026,1600,2500,2050
Tamil Nadu,Salem,Vazhapadi(Uzhavar Sandhai),Green Chilli,Green Chilly,Local,12/09/2026,3500,4000,3750
Tamil Nadu,Salem,Vazhapadi(Uzhavar Sandhai),Ridgeguard(Tori),Ridgeguard(Tori),Local,12/09/2026,3800,4000,3900
Tamil Nadu,Salem,Vazhapadi(Uzhavar Sandhai),Raddish,Raddish,Local,12/09/2026,1800,2000,1900
Tamil Nadu,Karur,Gandhigramam(Uzhavar Sandhai),Onion,Bellary,Local,12/09/2026,6000,6500,6250
Tamil Nadu,Karur,Gandhigramam(Uzhavar Sandhai),Potato,Other,Local,12/09/2026,4000,6000,5000
Tamil Nadu,Karur,Gandhigramam(Uzhavar Sandhai),Pumpkin,Pumpkin,Local,12/09/2026,2200,2500,2350
Tamil Nadu,Karur,Gandhigramam(Uzhavar Sandhai),Amaranthus,Amaranthus,Local,12/09/2026,2000,2500,2250
Tamil Nadu,Karur,Gandhigramam(Uzhavar Sandhai),Banana - Green,Banana - Green,Local,12/09/2026,2000,3000,2500
Tamil Nadu,Karur,Gandhigramam(Uzhavar Sandhai),Beans,Beans (Whole),Local,12/09/2026,7000,8000,7500
Tamil Nadu,Karur,Gandhigramam(Uzhavar Sandhai),Ridgeguard(Tori),Ridgeguard(Tori),Local,12/09/2026,4500,5000,4750
Tamil Nadu,Karur,Gandhigramam(Uzhavar Sandhai),Capsicum,Capsicum,Local,12/09/2026,6500,7000,6750
Tamil Nadu,Karur,Gandhigramam(Uzhavar Sandhai),Green Avare(W),Other,Local,12/09/2026,8000,9000,8500
Tamil Nadu,Karur,Gandhigramam(Uzhavar Sandhai),Onion Green,Onion Green,Local,12/09/2026,8000,9000,8500
Tamil Nadu,Karur,Gandhigramam(Uzhavar Sandhai),Baby Corn,Baby Corn,Grade A,12/09/2026,3500,4000,3750
Tamil Nadu,Pudukkottai,Aranthangi(Uzhavar Sandhai ),Onion,Bellary,Local,12/09/2026,5000,6000,5500
Tamil Nadu,Pudukkottai,Aranthangi(Uzhavar Sandhai ),Ashgourd,Gouard,Local,12/09/2026,1000,1500,1250
Tamil Nadu,Pudukkottai,Aranthangi(Uzhavar Sandhai ),Bhindi(Ladies Finger),Bhindi,Local,12/09/2026,2500,3000,2750
Tamil Nadu,Pudukkottai,Aranthangi(Uzhavar Sandhai ),Amaranthus,Amaranthus,Local,12/09/2026,1500,2000,1750
Tamil Nadu,Pudukkottai,Aranthangi(Uzhavar Sandhai ),Raddish,Raddish,Local,12/09/2026,2500,3000,2750
Tamil Nadu,Pudukkottai,Aranthangi(Uzhavar Sandhai ),Lemon,Lemon,Local,12/09/2026,17000,18000,17500
Tamil Nadu,Pudukkottai,Aranthangi(Uzhavar Sandhai ),Onion Green,Onion Green,Local,12/09/2026,8000,9000,8500
Tamil Nadu,Nagapattinam,Vedaranyam(Uzhavar Sandhai),Banana - Green,Banana - Green,Local,12/09/2026,2000,2500,2250
Tamil Nadu,Nagapattinam,Vedaranyam(Uzhavar Sandhai),Ridgeguard(Tori),Ridgeguard(Tori),Local,12/09/2026,4600,4600,4600
Tamil Nadu,Nagapattinam,Vedaranyam(Uzhavar Sandhai),Raddish,Raddish,Local,12/09/2026,2800,3300,3050
Tamil Nadu,Nagapattinam,Vedaranyam(Uzhavar Sandhai),Lime,Lime,Local,12/09/2026,3000,3500,3250
Tamil Nadu,Vellore,Perampet(Uzhavar Sandhai),Garlic,Garlic,Local,12/09/2026,23000,23000,23000
Tamil Nadu,Vellore,Perampet(Uzhavar Sandhai),Tomato,Deshi,Local,12/09/2026,2000,2000,2000
Tamil Nadu,Vellore,Perampet(Uzhavar Sandhai),Cluster beans,Cluster Beans,Local,12/09/2026,2400,2400,2400
Tamil Nadu,Vellore,Perampet(Uzhavar Sandhai),Pumpkin,Pumpkin,Local,12/09/2026,2400,2400,2400
Tamil Nadu,Vellore,Perampet(Uzhavar Sandhai),Bhindi(Ladies Finger),Bhindi,Local,12/09/2026,2000,2000,2000
Tamil Nadu,Vellore,Perampet(Uzhavar Sandhai),Green Chilli,Green Chilly,Local,12/09/2026,5000,5000,5000
Tamil Nadu,Vellore,Perampet(Uzhavar Sandhai),Guava,Guava Allahabad,Local,12/09/2026,6000,6000,6000
Tamil Nadu,Vellore,Perampet(Uzhavar Sandhai),Amla(Nelli Kai),Amla,Local,12/09/2026,10000,10000,10000
Tamil Nadu,Vellore,Perampet(Uzhavar Sandhai),Mint(Pudina),Mint(Pudina),Local,12/09/2026,4000,4000,4000
Tamil Nadu,Karur,Kulithalai(Uzhavar Sandhai ),Sweet Potato,Hosur Red,Local,12/09/2026,2500,3000,2750
Tamil Nadu,Karur,Kulithalai(Uzhavar Sandhai ),Cabbage,Cabbage,Local,12/09/2026,3000,3200,3100
Tamil Nadu,Karur,Kulithalai(Uzhavar Sandhai ),Cauliflower,Ranchi,Local,12/09/2026,3500,4000,3750
Tamil Nadu,Karur,Kulithalai(Uzhavar Sandhai ),Brinjal,Other,Local,12/09/2026,2400,2800,2600
Tamil Nadu,Karur,Kulithalai(Uzhavar Sandhai ),Green Avare(W),Other,Local,12/09/2026,8000,9000,8500
Tamil Nadu,Karur,Kulithalai(Uzhavar Sandhai ),Elephant Yam(Suran)/Amorphophallus,Elephant Yam (Suran),Local,12/09/2026,5000,5500,5250
Tamil Nadu,Karur,Kulithalai(Uzhavar Sandhai ),Amla(Nelli Kai),Amla,Local,12/09/2026,6000,8000,7000
Tamil Nadu,Chengalpattu,Guduvancheri(Uzhavar Sandhai ),Coconut,Coconut,Local,12/09/2026,6000,7000,6500
Tamil Nadu,Chengalpattu,Guduvancheri(Uzhavar Sandhai ),Papaya,Papaya,Local,12/09/2026,5000,6000,5500
Tamil Nadu,Chengalpattu,Guduvancheri(Uzhavar Sandhai ),Bottle gourd,Bottle Gourd,Local,12/09/2026,3500,4000,3750
Tamil Nadu,Chengalpattu,Guduvancheri(Uzhavar Sandhai ),Banana - Green,Banana - Green,Local,12/09/2026,3500,4000,3750
Tamil Nadu,Chengalpattu,Guduvancheri(Uzhavar Sandhai ),Thondekai,Thondekai,Local,12/09/2026,5000,6000,5500
Tamil Nadu,Chengalpattu,Guduvancheri(Uzhavar Sandhai ),Amla(Nelli Kai),Amla,Local,12/09/2026,10000,12000,11000
Tamil Nadu,Chengalpattu,Guduvancheri(Uzhavar Sandhai ),Onion Green,Onion Green,Local,12/09/2026,10000,11000,10500
Tamil Nadu,Thirupur,Dharapuram(Uzhavar Sandhai ),Carrot,Pusakesar,Local,12/09/2026,5500,6000,5750
Tamil Nadu,Thirupur,Dharapuram(Uzhavar Sandhai ),Snakeguard,Snakeguard,Local,12/09/2026,3800,4200,4000
Tamil Nadu,Thirupur,Dharapuram(Uzhavar Sandhai ),Cluster beans,Cluster Beans,Local,12/09/2026,3500,4000,3750
Tamil Nadu,Thirupur,Dharapuram(Uzhavar Sandhai ),Ashgourd,Gouard,Local,12/09/2026,2000,2500,2250
Tamil Nadu,Thirupur,Dharapuram(Uzhavar Sandhai ),Bhindi(Ladies Finger),Bhindi,Local,12/09/2026,4500,5200,4850
Tamil Nadu,Thirupur,Dharapuram(Uzhavar Sandhai ),Cowpea(Veg),Cowpea (Veg),Local,12/09/2026,3500,4000,3750
Tamil Nadu,Thirupur,Dharapuram(Uzhavar Sandhai ),Raddish,Raddish,Local,12/09/2026,3000,3400,3200
Tamil Nadu,Thirupur,Palladam(Uzhavar Sandhai ),Coconut,Coconut,Local,12/09/2026,5000,6000,5500
Tamil Nadu,Thirupur,Palladam(Uzhavar Sandhai ),Banana,Red Banana,Local,12/09/2026,5000,6000,5500
Tamil Nadu,Thirupur,Palladam(Uzhavar Sandhai ),Cauliflower,Ranchi,Local,12/09/2026,3000,3500,3250
Tamil Nadu,Thirupur,Palladam(Uzhavar Sandhai ),Papaya,Papaya,Local,12/09/2026,2500,3000,2750
Tamil Nadu,Thirupur,Palladam(Uzhavar Sandhai ),Bottle gourd,Bottle Gourd,Local,12/09/2026,1500,2000,1750
Tamil Nadu,Thirupur,Palladam(Uzhavar Sandhai ),Green Chilli,Green Chilly,Local,12/09/2026,3500,4000,3750
Tamil Nadu,Thirupur,Palladam(Uzhavar Sandhai ),Drumstick,Drumstick,Local,12/09/2026,2500,3000,2750
Tamil Nadu,Kallakuruchi,Kallakurichi(Uzhavar Sandhai ),Coconut,Coconut,Local,12/09/2026,6000,6000,6000
Tamil Nadu,Kallakuruchi,Kallakurichi(Uzhavar Sandhai ),Onion,Bellary,Local,12/09/2026,6000,6000,6000
Tamil Nadu,Kallakuruchi,Kallakurichi(Uzhavar Sandhai ),Coriander(Leaves),I Sort,Local,12/09/2026,6000,6000,6000
Tamil Nadu,Kallakuruchi,Kallakurichi(Uzhavar Sandhai ),Bitter gourd,Bitter Gourd,Local,12/09/2026,6000,6000,6000
Tamil Nadu,Kallakuruchi,Kallakurichi(Uzhavar Sandhai ),Banana - Green,Banana - Green,Local,12/09/2026,3000,3000,3000
Tamil Nadu,Kallakuruchi,Kallakurichi(Uzhavar Sandhai ),Raddish,Raddish,Local,12/09/2026,4000,4000,4000
Tamil Nadu,Kallakuruchi,Kallakurichi(Uzhavar Sandhai ),Thondekai,Thondekai,Local,12/09/2026,5000,5000,5000
Tamil Nadu,Kallakuruchi,Kallakurichi(Uzhavar Sandhai ),Mashrooms,Mashrooms,Local,12/09/2026,22500,22500,22500
Tamil Nadu,Thirupathur,Natrampalli(Uzhavar Sandhai ),Carrot,Pusakesar,Local,12/09/2026,5000,6000,5500
Tamil Nadu,Thirupathur,Natrampalli(Uzhavar Sandhai ),Coriander(Leaves),I Sort,Local,12/09/2026,3500,4000,3750
Tamil Nadu,Thirupathur,Natrampalli(Uzhavar Sandhai ),Bhindi(Ladies Finger),Bhindi,Local,12/09/2026,2500,3000,2750
Tamil Nadu,Thirupathur,Natrampalli(Uzhavar Sandhai ),Lemon,Lemon,Local,12/09/2026,5000,6000,5500
Tamil Nadu,Salem,Athur(Uzhavar Sandhai ),Potato,Other,Local,12/09/2026,5000,5500,5250
Tamil Nadu,Salem,Athur(Uzhavar Sandhai ),Snakeguard,Snakeguard,Local,12/09/2026,2500,3000,2750
Tamil Nadu,Salem,Athur(Uzhavar Sandhai ),Ashgourd,Gouard,Local,12/09/2026,2000,2200,2100
Tamil Nadu,Salem,Athur(Uzhavar Sandhai ),Amaranthus,Amaranthus,Local,12/09/2026,2000,2500,2250
Tamil Nadu,Salem,Athur(Uzhavar Sandhai ),Tapioca,Tapioca,Local,12/09/2026,2500,3000,2750
Tamil Nadu,Salem,Athur(Uzhavar Sandhai ),Cucumbar(Kheera),Cucumbar,Local,12/09/2026,5000,6000,5500
Tamil Nadu,Salem,Athur(Uzhavar Sandhai ),Guava,Guava Allahabad,Local,12/09/2026,5500,6000,5750
Tamil Nadu,Salem,Athur(Uzhavar Sandhai ),Tamarind Fruit,Tamarind Fruit,Local,12/09/2026,13000,16000,14500
Tamil Nadu,Salem,Athur(Uzhavar Sandhai ),Mint(Pudina),Mint(Pudina),Local,12/09/2026,3500,4000,3750
Tamil Nadu,Theni,Periyakulam(Uzhavar Sandhai ),Potato,Other,Local,12/09/2026,2800,2800,2800
Tamil Nadu,Theni,Periyakulam(Uzhavar Sandhai ),Bhindi(Ladies Finger),Bhindi,Local,12/09/2026,3500,3800,3650
Tamil Nadu,Theni,Periyakulam(Uzhavar Sandhai ),Knool Khol,Knool Khol,Local,12/09/2026,3000,3000,3000
Tamil Nadu,Theni,Periyakulam(Uzhavar Sandhai ),Lemon,Lemon,Local,12/09/2026,20000,23000,21500
Tamil Nadu,Virudhunagar,Srivilliputhur(Uzhavar Sandhai ),Potato,Red Nanital,Local,12/09/2026,2500,3000,2750
Tamil Nadu,Virudhunagar,Srivilliputhur(Uzhavar Sandhai ),Papaya,Papaya,Local,12/09/2026,2500,3000,2750
Tamil Nadu,Virudhunagar,Srivilliputhur(Uzhavar Sandhai ),Bitter gourd,Bitter Gourd,Local,12/09/2026,7000,8000,7500
Tamil Nadu,Virudhunagar,Srivilliputhur(Uzhavar Sandhai ),Beans,Beans (Whole),Local,12/09/2026,8000,9000,8500
Tamil Nadu,Virudhunagar,Srivilliputhur(Uzhavar Sandhai ),Ridgeguard(Tori),Ridgeguard(Tori),Local,12/09/2026,4500,5000,4750
Tamil Nadu,Virudhunagar,Srivilliputhur(Uzhavar Sandhai ),Thondekai,Thondekai,Local,12/09/2026,5000,6000,5500
Tamil Nadu,Virudhunagar,Srivilliputhur(Uzhavar Sandhai ),Tender Coconut,Tender Coconut,Local,12/09/2026,2000,2500,2250
Tamil Nadu,Virudhunagar,Srivilliputhur(Uzhavar Sandhai ),Yam(Ratalu),Yam (Ratalu),Local,12/09/2026,7000,8000,7500
Tamil Nadu,Virudhunagar,Srivilliputhur(Uzhavar Sandhai ),Colacasia,Colacasia,Local,12/09/2026,5000,6000,5500
Tamil Nadu,Coimbatore,Vadavalli(Uzhavar Sandhai ),Ginger(Green),Green Ginger,Local,12/09/2026,14500,15500,15000
Tamil Nadu,Coimbatore,Vadavalli(Uzhavar Sandhai ),Coconut,Coconut,Local,12/09/2026,5500,6000,5750
Tamil Nadu,Coimbatore,Vadavalli(Uzhavar Sandhai ),Carrot,Pusakesar,Local,12/09/2026,5000,5800,5400
Tamil Nadu,Coimbatore,Vadavalli(Uzhavar Sandhai ),Green Peas,Green Peas,Local,12/09/2026,22000,24000,23000
Tamil Nadu,Coimbatore,Vadavalli(Uzhavar Sandhai ),Banana - Green,Banana - Green,Local,12/09/2026,3800,4300,4050
Tamil Nadu,Coimbatore,Vadavalli(Uzhavar Sandhai ),Raddish,Raddish,Local,12/09/2026,2600,3200,2900
Tamil Nadu,Coimbatore,Vadavalli(Uzhavar Sandhai ),Thondekai,Thondekai,Local,12/09/2026,3500,4000,3750
Tamil Nadu,Coimbatore,Vadavalli(Uzhavar Sandhai ),Capsicum,Capsicum,Local,12/09/2026,4000,4500,4250
Tamil Nadu,Coimbatore,Vadavalli(Uzhavar Sandhai ),Green Avare(W),Other,Local,12/09/2026,5400,6000,5700
Tamil Nadu,Coimbatore,Vadavalli(Uzhavar Sandhai ),Chow Chow,Chow Chow,Local,12/09/2026,2500,3000,2750
Tamil Nadu,Coimbatore,Vadavalli(Uzhavar Sandhai ),Drumstick,Drumstick,Local,12/09/2026,2400,2800,2600
Tamil Nadu,Coimbatore,Vadavalli(Uzhavar Sandhai ),Colacasia,Colacasia,Local,12/09/2026,4500,5000,4750
Tamil Nadu,Coimbatore,Vadavalli(Uzhavar Sandhai ),Amla(Nelli Kai),Amla,Local,12/09/2026,9000,10000,9500
Tamil Nadu,Coimbatore,Vadavalli(Uzhavar Sandhai ),Mint(Pudina),Mint(Pudina),Local,12/09/2026,4500,5000,4750
Tamil Nadu,Coimbatore,Vadavalli(Uzhavar Sandhai ),Sweet Corn ,Sweet Corn ,Local,12/09/2026,3500,4000,3750
Tamil Nadu,Dindigul,Vedasanthur(Uzhavar Sandhai ),Bottle gourd,Bottle Gourd,Local,12/09/2026,1000,1400,1200
Tamil Nadu,Dindigul,Vedasanthur(Uzhavar Sandhai ),Green Chilli,Green Chilly,Local,12/09/2026,4000,5000,4500
Tamil Nadu,Dindigul,Vedasanthur(Uzhavar Sandhai ),Drumstick,Drumstick,Local,12/09/2026,1500,2000,1750
Tamil Nadu,Coimbatore,Udumalpet APMC,Coconut,Coconut,Local,12/09/2026,5500,6000,5750
Tamil Nadu,Coimbatore,Udumalpet APMC,Cabbage,Cabbage,Local,12/09/2026,3000,3500,3250
Tamil Nadu,Coimbatore,Udumalpet APMC,Onion,Bellary,Local,12/09/2026,6000,6500,6250
Tamil Nadu,Coimbatore,Udumalpet APMC,Cauliflower,Ranchi,Local,12/09/2026,2000,3000,2500
Tamil Nadu,Coimbatore,Udumalpet APMC,Ashgourd,Gouard,Local,12/09/2026,1500,2000,1750
Tamil Nadu,Coimbatore,Udumalpet APMC,Cowpea(Veg),Cowpea (Veg),Local,12/09/2026,3500,4000,3750
Tamil Nadu,Coimbatore,Udumalpet APMC,Raddish,Raddish,Local,12/09/2026,2500,3400,2950
Tamil Nadu,Coimbatore,Udumalpet APMC,Thondekai,Thondekai,Local,12/09/2026,4000,4500,4250
Tamil Nadu,Coimbatore,Udumalpet APMC,Green Avare(W),Green Avare (W),Local,12/09/2026,6000,7000,6500
Tamil Nadu,Coimbatore,Udumalpet APMC,Yam(Ratalu),Yam (Ratalu),Local,12/09/2026,8000,9000,8500
Tamil Nadu,Coimbatore,Udumalpet APMC,Indian Beans(Seam),Indian Beans (Seam),Local,12/09/2026,7000,7500,7250
Tamil Nadu,Coimbatore,Udumalpet APMC,Amla(Nelli Kai),Amla,Local,12/09/2026,7000,8000,7500
Tamil Nadu,Erode,Gobichettipalayam(Uzhavar Sandhai ),Ginger(Green),Green Ginger,Local,12/09/2026,8500,9000,8750
Tamil Nadu,Erode,Gobichettipalayam(Uzhavar Sandhai ),Potato,Red Nanital,Local,12/09/2026,3800,4000,3900
Tamil Nadu,Erode,Gobichettipalayam(Uzhavar Sandhai ),Pumpkin,Pumpkin,Local,12/09/2026,2500,3000,2750
Tamil Nadu,Erode,Gobichettipalayam(Uzhavar Sandhai ),Green Chilli,Green Chilly,Local,12/09/2026,4400,4600,4500
Tamil Nadu,Erode,Gobichettipalayam(Uzhavar Sandhai ),Beetroot,Beetroot,Local,12/09/2026,5000,5200,5100
Tamil Nadu,Erode,Gobichettipalayam(Uzhavar Sandhai ),Beans,Beans (Whole),Local,12/09/2026,7000,7500,7250
Tamil Nadu,Erode,Gobichettipalayam(Uzhavar Sandhai ),Guava,Guava Allahabad,Local,12/09/2026,5500,6000,5750
Tamil Nadu,Erode,Gobichettipalayam(Uzhavar Sandhai ),Onion Green,Onion Green,Local,12/09/2026,7500,8000,7750
Tamil Nadu,Erode,Sampath Nagar(Uzhavar Sandhai ),Ginger(Green),Green Ginger,Local,12/09/2026,16000,16500,16250
Tamil Nadu,Erode,Sampath Nagar(Uzhavar Sandhai ),Banana,Besrai,Local,12/09/2026,2500,2800,2650
Tamil Nadu,Erode,Sampath Nagar(Uzhavar Sandhai ),Grapes,Annabesahai,Local,12/09/2026,11000,11500,11250
Tamil Nadu,Erode,Sampath Nagar(Uzhavar Sandhai ),Coriander(Leaves),I Sort,Local,12/09/2026,3600,4000,3800
Tamil Nadu,Erode,Sampath Nagar(Uzhavar Sandhai ),Mousambi(Sweet Lime),Mousambi,Local,12/09/2026,5000,5400,5200
Tamil Nadu,Erode,Sampath Nagar(Uzhavar Sandhai ),Bhindi(Ladies Finger),Bhindi,Local,12/09/2026,2000,2500,2250
Tamil Nadu,Erode,Sampath Nagar(Uzhavar Sandhai ),Amaranthus,Amaranthus,Local,12/09/2026,4000,4500,4250
Tamil Nadu,Erode,Sampath Nagar(Uzhavar Sandhai ),Tapioca,Tapioca,Local,12/09/2026,2000,2500,2250
Tamil Nadu,Erode,Sampath Nagar(Uzhavar Sandhai ),Raddish,Raddish,Local,12/09/2026,1800,2000,1900
Tamil Nadu,Erode,Sampath Nagar(Uzhavar Sandhai ),Mango(Raw-Ripe),Mango - Raw-Ripe,Local,12/09/2026,7500,8000,7750
Tamil Nadu,Erode,Sampath Nagar(Uzhavar Sandhai ),Knool Khol,Knool Khol,Local,12/09/2026,3000,3500,3250
Tamil Nadu,Vellore,Pallikonda(Uzhavar Sandhai),Ginger(Green),Green Ginger,Local,12/09/2026,15000,16000,15500
Tamil Nadu,Vellore,Pallikonda(Uzhavar Sandhai),Cabbage,Cabbage,Local,12/09/2026,3000,3000,3000
Tamil Nadu,Vellore,Pallikonda(Uzhavar Sandhai),Snakeguard,Snakeguard,Local,12/09/2026,3000,3000,3000
Tamil Nadu,Vellore,Pallikonda(Uzhavar Sandhai),Garlic,Garlic,Local,12/09/2026,18000,19000,18500
Tamil Nadu,Vellore,Pallikonda(Uzhavar Sandhai),Brinjal,Round,Local,12/09/2026,4500,5000,4750
Tamil Nadu,Vellore,Pallikonda(Uzhavar Sandhai),Bhindi(Ladies Finger),Bhindi,Local,12/09/2026,2500,3000,2750
Tamil Nadu,Vellore,Pallikonda(Uzhavar Sandhai),Beetroot,Beetroot,Local,12/09/2026,3500,3500,3500
Tamil Nadu,Vellore,Pallikonda(Uzhavar Sandhai),Ridgeguard(Tori),Ridgeguard(Tori),Local,12/09/2026,3000,3500,3250
Tamil Nadu,Vellore,Pallikonda(Uzhavar Sandhai),Sweet Corn ,Sweet Corn ,Local,12/09/2026,2500,3000,2750
Tamil Nadu,Pudukkottai,Ponnamaravathi(Uzhavar Sandhai),Brinjal,Round,Local,12/09/2026,6500,7000,6750
Tamil Nadu,Pudukkottai,Ponnamaravathi(Uzhavar Sandhai),Papaya,Papaya,Local,12/09/2026,2500,3000,2750
Tamil Nadu,Pudukkottai,Ponnamaravathi(Uzhavar Sandhai),Tomato,Deshi,Local,12/09/2026,2500,3000,2750
Tamil Nadu,Pudukkottai,Ponnamaravathi(Uzhavar Sandhai),Bottle gourd,Bottle Gourd,Local,12/09/2026,2000,2500,2250
Tamil Nadu,Pudukkottai,Ponnamaravathi(Uzhavar Sandhai),Snakeguard,Snakeguard,Local,12/09/2026,2500,3000,2750
Tamil Nadu,Pudukkottai,Ponnamaravathi(Uzhavar Sandhai),Amaranthus,Amaranthus,Local,12/09/2026,1500,2000,1750
Tamil Nadu,Pudukkottai,Ponnamaravathi(Uzhavar Sandhai),Mint(Pudina),Mint(Pudina),Local,12/09/2026,4500,5000,4750
Tamil Nadu,Nagapattinam,Mayiladuthurai(Uzhavar Sandhai ),Cabbage,Cabbage,Local,12/09/2026,2500,3000,2750
Tamil Nadu,Nagapattinam,Mayiladuthurai(Uzhavar Sandhai ),Pumpkin,Pumpkin,Local,12/09/2026,1500,2000,1750
Tamil Nadu,Nagapattinam,Mayiladuthurai(Uzhavar Sandhai ),Bhindi(Ladies Finger),Bhindi,Local,12/09/2026,4500,5000,4750
Tamil Nadu,Nagapattinam,Mayiladuthurai(Uzhavar Sandhai ),Green Chilli,Green Chilly,Local,12/09/2026,4500,5000,4750
Tamil Nadu,Nagapattinam,Mayiladuthurai(Uzhavar Sandhai ),Ridgeguard(Tori),Ridgeguard(Tori),Local,12/09/2026,5500,6000,5750
Tamil Nadu,Nagapattinam,Mayiladuthurai(Uzhavar Sandhai ),Lime,Lime,Local,12/09/2026,3500,4000,3750
Tamil Nadu,Pudukkottai,Viralimalai(Uzhavar Sandhai ),Onion,Bellary,Local,12/09/2026,6500,7000,6750
Tamil Nadu,Pudukkottai,Viralimalai(Uzhavar Sandhai ),Bitter gourd,Bitter Gourd,Local,12/09/2026,7500,8000,7750
Tamil Nadu,Pudukkottai,Viralimalai(Uzhavar Sandhai ),Bottle gourd,Bottle Gourd,Local,12/09/2026,2500,3000,2750
Tamil Nadu,Pudukkottai,Viralimalai(Uzhavar Sandhai ),Ashgourd,Gouard,Local,12/09/2026,1200,1500,1350
Tamil Nadu,Pudukkottai,Viralimalai(Uzhavar Sandhai ),Bhindi(Ladies Finger),Bhindi,Local,12/09/2026,3000,3500,3250
Tamil Nadu,Pudukkottai,Viralimalai(Uzhavar Sandhai ),Drumstick,Drumstick,Local,12/09/2026,4500,5000,4750
Tamil Nadu,Pudukkottai,Viralimalai(Uzhavar Sandhai ),Onion Green,Onion Green,Local,12/09/2026,8000,9000,8500
Tamil Nadu,Ramanathapuram,Kamuthi(Uzhavar Sandhai ),Bhindi(Ladies Finger),Bhindi,Local,12/09/2026,6000,6500,6250
Tamil Nadu,Ramanathapuram,Paramakudi(Uzhavar Sandhai ),Carrot,Pusakesar,Local,12/09/2026,6000,7000,6500
Tamil Nadu,Ramanathapuram,Paramakudi(Uzhavar Sandhai ),Cluster beans,Cluster Beans,Local,12/09/2026,3800,4000,3900
Tamil Nadu,Ramanathapuram,Paramakudi(Uzhavar Sandhai ),Bottle gourd,Bottle Gourd,Local,12/09/2026,2000,2200,2100
Tamil Nadu,Ramanathapuram,Paramakudi(Uzhavar Sandhai ),Beans,Beans (Whole),Local,12/09/2026,8000,9000,8500
Tamil Nadu,Ramanathapuram,Paramakudi(Uzhavar Sandhai ),Ginger(Green),Green Ginger,Local,12/09/2026,18000,20000,19000
Tamil Nadu,Ramanathapuram,Paramakudi(Uzhavar Sandhai ),Chow Chow,Chow Chow,Local,12/09/2026,4000,4200,4100
Tamil Nadu,Ramanathapuram,Paramakudi(Uzhavar Sandhai ),Marigold(Calcutta),Marigold(Calcutta),Local,12/09/2026,8000,9000,8500
Tamil Nadu,Ramanathapuram,Paramakudi(Uzhavar Sandhai ),Elephant Yam(Suran)/Amorphophallus,Elephant Yam (Suran),Local,12/09/2026,7000,7500,7250
Tamil Nadu,Ramanathapuram,Paramakudi(Uzhavar Sandhai ),Yam(Ratalu),Yam (Ratalu),Local,12/09/2026,8000,9000,8500
Tamil Nadu,Ramanathapuram,Ramanathapuram(Uzhavar Sandhai ),Potato,Red Nanital,Local,12/09/2026,4500,5000,4750
Tamil Nadu,Ramanathapuram,Ramanathapuram(Uzhavar Sandhai ),Cluster beans,Cluster Beans,Local,12/09/2026,3500,4000,3750
Tamil Nadu,Ramanathapuram,Ramanathapuram(Uzhavar Sandhai ),Bottle gourd,Bottle Gourd,Local,12/09/2026,2000,2500,2250
Tamil Nadu,Ramanathapuram,Ramanathapuram(Uzhavar Sandhai ),Ashgourd,Gouard,Local,12/09/2026,2000,2500,2250
Tamil Nadu,Ramanathapuram,Ramanathapuram(Uzhavar Sandhai ),Kakada,Kakada,Local,12/09/2026,40000,45000,42500
Tamil Nadu,Ramanathapuram,Ramanathapuram(Uzhavar Sandhai ),Marigold(Calcutta),Marigold(Calcutta),Local,12/09/2026,9000,10000,9500
Tamil Nadu,Ramanathapuram,Ramanathapuram(Uzhavar Sandhai ),Elephant Yam(Suran)/Amorphophallus,Elephant Yam (Suran),Local,12/09/2026,6000,6500,6250
Tamil Nadu,Ramanathapuram,Ramanathapuram(Uzhavar Sandhai ),Colacasia,Colacasia,Local,12/09/2026,6500,7000,6750
Tamil Nadu,Pudukkottai,Alangudi(Uzhavar Sandhai ),Coconut,Coconut,Local,12/09/2026,3500,4000,3750
Tamil Nadu,Pudukkottai,Alangudi(Uzhavar Sandhai ),Banana,Karpura,Local,12/09/2026,4500,5000,4750
Tamil Nadu,Pudukkottai,Alangudi(Uzhavar Sandhai ),Cluster beans,Cluster Beans,Local,12/09/2026,3000,3500,3250
Tamil Nadu,Pudukkottai,Alangudi(Uzhavar Sandhai ),Pumpkin,Pumpkin,Local,12/09/2026,1000,1500,1250
Tamil Nadu,Pudukkottai,Alangudi(Uzhavar Sandhai ),Bhindi(Ladies Finger),Bhindi,Local,12/09/2026,2500,3000,2750
Tamil Nadu,Pudukkottai,Alangudi(Uzhavar Sandhai ),Green Chilli,Green Chilly,Local,12/09/2026,5500,6000,5750
Tamil Nadu,Thiruvannamalai,Arani(Uzhavar Sandhai ),Sweet Potato,Hosur Red,Local,12/09/2026,3000,4000,3500
Tamil Nadu,Thiruvannamalai,Arani(Uzhavar Sandhai ),Carrot,Pusakesar,Local,12/09/2026,4000,5000,4500
Tamil Nadu,Thiruvannamalai,Arani(Uzhavar Sandhai ),Colacasia,Colacasia,Local,12/09/2026,3500,4200,3850
Tamil Nadu,Thiruvannamalai,Polur(Uzhavar Sandhai ),Banana,Besrai,Local,12/09/2026,4200,5000,4600
Tamil Nadu,Thiruvannamalai,Polur(Uzhavar Sandhai ),Cauliflower,Ranchi,Local,12/09/2026,2500,3000,2750
Tamil Nadu,Thiruvannamalai,Polur(Uzhavar Sandhai ),Beetroot,Beetroot,Local,12/09/2026,4000,4800,4400
Tamil Nadu,Thiruvannamalai,Polur(Uzhavar Sandhai ),Knool Khol,Knool Khol,Local,12/09/2026,3300,4000,3650
Tamil Nadu,Thiruvannamalai,Tiruvannamalai(Uzhavar Sandhai ),Grapes,Annabesahai,Local,12/09/2026,8000,10000,9000
Tamil Nadu,Thiruvannamalai,Tiruvannamalai(Uzhavar Sandhai ),Onion,Bellary,Local,12/09/2026,6000,6500,6250
Tamil Nadu,Thiruvannamalai,Tiruvannamalai(Uzhavar Sandhai ),Tomato,Deshi,Local,12/09/2026,2000,2500,2250
Tamil Nadu,Thiruvannamalai,Tiruvannamalai(Uzhavar Sandhai ),Banana - Green,Banana - Green,Local,12/09/2026,2500,3000,2750
Tamil Nadu,Thiruvannamalai,Tiruvannamalai(Uzhavar Sandhai ),Thondekai,Thondekai,Local,12/09/2026,3600,4000,3800
Tamil Nadu,Thiruvannamalai,Tiruvannamalai(Uzhavar Sandhai ),Tender Coconut,Tender Coconut,Local,12/09/2026,2500,3000,2750
Tamil Nadu,Thiruvannamalai,Tiruvannamalai(Uzhavar Sandhai ),Lemon,Lemon,Local,12/09/2026,22000,25000,23500
Tamil Nadu,Thiruvarur,Mannargudi I(Uzhavar Sandhai ),Apple,American,Local,12/09/2026,18000,24000,21000
Tamil Nadu,Thiruvarur,Mannargudi I(Uzhavar Sandhai ),Grapes,Annabesahai,Local,12/09/2026,11000,11000,11000
Tamil Nadu,Thiruvarur,Mannargudi I(Uzhavar Sandhai ),Potato,Red Nanital,Local,12/09/2026,3000,3000,3000
Tamil Nadu,Thiruvarur,Mannargudi I(Uzhavar Sandhai ),Garlic,Garlic,Local,12/09/2026,20000,24000,22000
Tamil Nadu,Thiruvarur,Mannargudi I(Uzhavar Sandhai ),Brinjal,Round,Local,12/09/2026,4400,4400,4400
Tamil Nadu,Thiruvarur,Mannargudi I(Uzhavar Sandhai ),Ashgourd,Gouard,Local,12/09/2026,3000,3000,3000
Tamil Nadu,Thiruvarur,Mannargudi I(Uzhavar Sandhai ),Amaranthus,Amaranthus,Local,12/09/2026,2000,2000,2000
Tamil Nadu,Thiruvarur,Mannargudi I(Uzhavar Sandhai ),Banana - Green,Banana - Green,Local,12/09/2026,4800,4800,4800
Tamil Nadu,Thiruvarur,Mannargudi I(Uzhavar Sandhai ),Beans,Beans (Whole),Local,12/09/2026,8000,8000,8000
Tamil Nadu,Thiruvarur,Mannargudi I(Uzhavar Sandhai ),Tapioca,Tapioca,Local,12/09/2026,4000,4000,4000
Tamil Nadu,Thiruvarur,Mannargudi I(Uzhavar Sandhai ),Raddish,Raddish,Local,12/09/2026,3400,3400,3400
Tamil Nadu,Thiruvarur,Mannargudi I(Uzhavar Sandhai ),Lemon,Lemon,Local,12/09/2026,22000,22000,22000
Tamil Nadu,Thiruvarur,Mannargudi II(Uzhavar Sandhai ),Cabbage,Cabbage,Local,12/09/2026,3400,3400,3400
Tamil Nadu,Thiruvarur,Mannargudi II(Uzhavar Sandhai ),Banana,Other,Local,12/09/2026,6000,6000,6000
Tamil Nadu,Thiruvarur,Mannargudi II(Uzhavar Sandhai ),Onion,Bellary,Local,12/09/2026,6000,7000,6500
Tamil Nadu,Thiruvarur,Mannargudi II(Uzhavar Sandhai ),Garlic,Garlic,Local,12/09/2026,20000,24000,22000
Tamil Nadu,Thiruvarur,Mannargudi II(Uzhavar Sandhai ),Brinjal,Round,Local,12/09/2026,4400,4400,4400
Tamil Nadu,Thiruvarur,Mannargudi II(Uzhavar Sandhai ),Coriander(Leaves),I Sort,Local,12/09/2026,4000,4000,4000
Tamil Nadu,Thiruvarur,Mannargudi II(Uzhavar Sandhai ),Tomato,Deshi,Local,12/09/2026,2800,2800,2800
Tamil Nadu,Thiruvarur,Mannargudi II(Uzhavar Sandhai ),Green Chilli,Green Chilly,Local,12/09/2026,5000,5000,5000
Tamil Nadu,Thiruvarur,Mannargudi II(Uzhavar Sandhai ),Ridgeguard(Tori),Ridgeguard(Tori),Local,12/09/2026,4800,4800,4800
Tamil Nadu,Thiruvarur,Mannargudi II(Uzhavar Sandhai ),Mango(Raw-Ripe),Mango - Raw-Ripe,Local,12/09/2026,10400,10400,10400
Tamil Nadu,Thiruvarur,Tiruthuraipoondi(Uzhavar Sandhai ),Mango,Safeda,Local,12/09/2026,7000,7000,7000
Tamil Nadu,Thiruvarur,Tiruthuraipoondi(Uzhavar Sandhai ),Papaya,Papaya,Local,12/09/2026,3500,3500,3500
Tamil Nadu,Thiruvarur,Tiruthuraipoondi(Uzhavar Sandhai ),Cluster beans,Cluster Beans,Local,12/09/2026,4400,4400,4400
Tamil Nadu,Thiruvarur,Tiruthuraipoondi(Uzhavar Sandhai ),Green Chilli,Green Chilly,Local,12/09/2026,4800,4800,4800
Tamil Nadu,Thiruvarur,Tiruthuraipoondi(Uzhavar Sandhai ),Tapioca,Tapioca,Local,12/09/2026,4400,4400,4400
Tamil Nadu,Thiruvarur,Tiruthuraipoondi(Uzhavar Sandhai ),Cucumbar(Kheera),Cucumbar,Local,12/09/2026,7000,7000,7000
Tamil Nadu,Thiruvarur,Tiruthuraipoondi(Uzhavar Sandhai ),Ridgeguard(Tori),Ridgeguard(Tori),Local,12/09/2026,4800,4800,4800
Tamil Nadu,Thiruvarur,Tiruthuraipoondi(Uzhavar Sandhai ),Lemon,Lemon,Local,12/09/2026,19000,19000,19000
Tamil Nadu,Thiruvellore,Ambattur(Uzhavar Sandhai ),Coconut,Coconut,Local,12/09/2026,6000,6000,6000
Tamil Nadu,Thiruvellore,Ambattur(Uzhavar Sandhai ),Onion,Bellary,Local,12/09/2026,5500,5500,5500
Tamil Nadu,Thiruvellore,Paruthipattu(Uzhavar Sandhai ),Cabbage,Cabbage,Local,12/09/2026,4000,4000,4000
Tamil Nadu,Thiruvellore,Paruthipattu(Uzhavar Sandhai ),Brinjal,Round,Local,12/09/2026,5000,5000,5000
Tamil Nadu,Thiruvellore,Paruthipattu(Uzhavar Sandhai ),Bhindi(Ladies Finger),Bhindi,Local,12/09/2026,5000,5000,5000
Tamil Nadu,Thiruvellore,Paruthipattu(Uzhavar Sandhai ),Cucumbar(Kheera),Cucumbar,Local,12/09/2026,4000,4000,4000
Tamil Nadu,Thiruvellore,Paruthipattu(Uzhavar Sandhai ),Capsicum,Capsicum,Local,12/09/2026,5000,5000,5000
Tamil Nadu,Thiruvellore,Perambakkam(Uzhavar Sandhai ),Onion,Bellary,Local,12/09/2026,6000,6000,6000
Tamil Nadu,Thiruvellore,Perambakkam(Uzhavar Sandhai ),Snakeguard,Snakeguard,Local,12/09/2026,4000,4000,4000
Tamil Nadu,Thiruvellore,Perambakkam(Uzhavar Sandhai ),Rose(Local),Rose (Local),Local,12/09/2026,20000,20000,20000
Tamil Nadu,Tuticorin,Kovilpatti(Uzhavar Sandhai ),Carrot,Pusakesar,Local,12/09/2026,5000,5500,5250
Tamil Nadu,Tuticorin,Kovilpatti(Uzhavar Sandhai ),Cluster beans,Cluster Beans,Local,12/09/2026,3500,4000,3750
Tamil Nadu,Tuticorin,Kovilpatti(Uzhavar Sandhai ),Ashgourd,Gouard,Local,12/09/2026,2000,2500,2250
Tamil Nadu,Tuticorin,Kovilpatti(Uzhavar Sandhai ),Green Chilli,Green Chilly,Local,12/09/2026,5000,5500,5250
Tamil Nadu,Tuticorin,Kovilpatti(Uzhavar Sandhai ),Beans,Beans (Whole),Local,12/09/2026,7000,7500,7250
Tamil Nadu,Tuticorin,Kovilpatti(Uzhavar Sandhai ),Mango(Raw-Ripe),Mango - Raw-Ripe,Local,12/09/2026,7500,8000,7750
Tamil Nadu,Tuticorin,Kovilpatti(Uzhavar Sandhai ),Indian Beans(Seam),Indian Beans (Seam),Local,12/09/2026,7000,7500,7250
Tamil Nadu,Vellore,Gudiyatham(Uzhavar Sandhai ),Cabbage,Cabbage,Local,12/09/2026,3000,3000,3000
Tamil Nadu,Vellore,Gudiyatham(Uzhavar Sandhai ),Garlic,Garlic,Local,12/09/2026,23000,24000,23500
Tamil Nadu,Vellore,Gudiyatham(Uzhavar Sandhai ),Brinjal,Other,Local,12/09/2026,3000,3000,3000
Tamil Nadu,Vellore,Gudiyatham(Uzhavar Sandhai ),Papaya,Papaya,Local,12/09/2026,4000,4000,4000
Tamil Nadu,Vellore,Gudiyatham(Uzhavar Sandhai ),Banana - Green,Banana - Green,Local,12/09/2026,3500,3500,3500
Tamil Nadu,Vellore,Gudiyatham(Uzhavar Sandhai ),Cucumbar(Kheera),Cucumbar,Local,12/09/2026,3600,3600,3600
Tamil Nadu,Vellore,Gudiyatham(Uzhavar Sandhai ),Tamarind Fruit,Tamarind Fruit,Local,12/09/2026,15000,15000,15000
Tamil Nadu,Vellore,Gudiyatham(Uzhavar Sandhai ),Indian Beans(Seam),Indian Beans (Seam),Local,12/09/2026,5600,5600,5600
Tamil Nadu,Vellore,Gudiyatham(Uzhavar Sandhai ),Mint(Pudina),Mint(Pudina),Local,12/09/2026,4000,4000,4000
Tamil Nadu,Vellore,Kahithapattarai(Uzhavar Sandhai ),Banana,Besrai,Local,12/09/2026,5000,6000,5500
Tamil Nadu,Vellore,Kahithapattarai(Uzhavar Sandhai ),Snakeguard,Snakeguard,Local,12/09/2026,2500,2500,2500
Tamil Nadu,Vellore,Kahithapattarai(Uzhavar Sandhai ),Ashgourd,Gouard,Local,12/09/2026,2500,2500,2500
Tamil Nadu,Vellore,Kahithapattarai(Uzhavar Sandhai ),Cowpea(Veg),Cowpea (Veg),Local,12/09/2026,3000,3000,3000
Tamil Nadu,Vellore,Kahithapattarai(Uzhavar Sandhai ),Beans,Beans (Whole),Local,12/09/2026,5600,8000,6800
Tamil Nadu,Vellore,Kahithapattarai(Uzhavar Sandhai ),Cucumbar(Kheera),Cucumbar,Local,12/09/2026,3500,3500,3500
Tamil Nadu,Vellore,Kahithapattarai(Uzhavar Sandhai ),Ridgeguard(Tori),Ridgeguard(Tori),Local,12/09/2026,3500,4000,3750
Tamil Nadu,Vellore,Kahithapattarai(Uzhavar Sandhai ),Thondekai,Thondekai,Local,12/09/2026,3000,3000,3000
Tamil Nadu,Vellore,Kahithapattarai(Uzhavar Sandhai ),Capsicum,Capsicum,Local,12/09/2026,5600,5600,5600
Tamil Nadu,Vellore,Kahithapattarai(Uzhavar Sandhai ),Green Avare(W),Other,Local,12/09/2026,6500,6500,6500
Tamil Nadu,Vellore,Kahithapattarai(Uzhavar Sandhai ),Mango(Raw-Ripe),Mango - Raw-Ripe,Local,12/09/2026,10000,10000,10000
Tamil Nadu,Vellore,Kahithapattarai(Uzhavar Sandhai ),Lemon,Lemon,Local,12/09/2026,20000,20000,20000
Tamil Nadu,Vellore,Kahithapattarai(Uzhavar Sandhai ),Mint(Pudina),Mint(Pudina),Local,12/09/2026,9000,9000,9000
Tamil Nadu,Villupuram,Villupuram(Uzhavar Sandhai ),Potato,Red Nanital,Local,12/09/2026,3500,3500,3500
Tamil Nadu,Villupuram,Villupuram(Uzhavar Sandhai ),Brinjal,Round,Local,12/09/2026,4000,6000,5000
Tamil Nadu,Villupuram,Villupuram(Uzhavar Sandhai ),Coriander(Leaves),I Sort,Local,12/09/2026,5000,5000,5000
Tamil Nadu,Villupuram,Villupuram(Uzhavar Sandhai ),Papaya,Papaya,Local,12/09/2026,5000,5000,5000
Tamil Nadu,Villupuram,Villupuram(Uzhavar Sandhai ),Bhindi(Ladies Finger),Bhindi,Local,12/09/2026,4000,4000,4000
Tamil Nadu,Villupuram,Villupuram(Uzhavar Sandhai ),Raddish,Raddish,Local,12/09/2026,4000,4000,4000
Tamil Nadu,Villupuram,Villupuram(Uzhavar Sandhai ),Guava,Guava Allahabad,Local,12/09/2026,4000,6000,5000
Tamil Nadu,Villupuram,Villupuram(Uzhavar Sandhai ),Onion Green,Onion Green,Local,12/09/2026,7000,7000,7000
Tamil Nadu,Villupuram,Villupuram(Uzhavar Sandhai ),Mint(Pudina),Mint(Pudina),Local,12/09/2026,4000,4000,4000
Tamil Nadu,Villupuram,Villupuram(Uzhavar Sandhai ),Rose(Local),Rose (Local),Local,12/09/2026,30000,30000,30000
Tamil Nadu,Thiruvannamalai,Cheyyar(Uzhavar Sandhai ),Tomato,Local,Local,12/09/2026,2000,2500,2250
Tamil Nadu,Thiruvannamalai,Cheyyar(Uzhavar Sandhai ),Bhindi(Ladies Finger),Bhindi,Local,12/09/2026,3200,4000,3600
Tamil Nadu,Thiruvannamalai,Cheyyar(Uzhavar Sandhai ),Banana - Green,Banana - Green,Local,12/09/2026,1500,2000,1750
Tamil Nadu,Thiruvannamalai,Cheyyar(Uzhavar Sandhai ),Beans,Beans (Whole),Local,12/09/2026,7000,8400,7700
Tamil Nadu,Thiruvannamalai,Cheyyar(Uzhavar Sandhai ),Thondekai,Thondekai,Local,12/09/2026,3200,4000,3600
Tamil Nadu,Thiruvannamalai,Cheyyar(Uzhavar Sandhai ),Mango(Raw-Ripe),Mango - Raw-Ripe,Local,12/09/2026,6500,8000,7250
Tamil Nadu,Thiruvannamalai,Cheyyar(Uzhavar Sandhai ),Tender Coconut,Tender Coconut,Local,12/09/2026,2000,2500,2250
Tamil Nadu,Thiruvannamalai,Cheyyar(Uzhavar Sandhai ),Mint(Pudina),Mint(Pudina),Local,12/09/2026,3700,4500,4100
Tamil Nadu,Thanjavur,Papanasam(Uzhavar Sandhai ),Bitter gourd,Bitter Gourd,Local,12/09/2026,4800,7200,6000
Tamil Nadu,Thanjavur,Papanasam(Uzhavar Sandhai ),Bottle gourd,Bottle Gourd,Local,12/09/2026,2400,2400,2400
Tamil Nadu,Thanjavur,Papanasam(Uzhavar Sandhai ),Green Chilli,Green Chilly,Local,12/09/2026,4800,4800,4800
Tamil Nadu,Thanjavur,Papanasam(Uzhavar Sandhai ),Banana - Green,Banana - Green,Local,12/09/2026,4800,4800,4800
Tamil Nadu,Dindigul,Kodaikkanal(Uzhavar Sandhai),Beetroot,Beetroot,Local,12/09/2026,7000,8000,7500
Tamil Nadu,Coimbatore,Sundarapuram(Uzhavar Sandhai ),Carrot,Pusakesar,Local,12/09/2026,5500,6000,5750
Tamil Nadu,Coimbatore,Sundarapuram(Uzhavar Sandhai ),Cabbage,Cabbage,Local,12/09/2026,2000,2500,2250
Tamil Nadu,Coimbatore,Sundarapuram(Uzhavar Sandhai ),Tomato,Local,Local,12/09/2026,2500,2800,2650
Tamil Nadu,Coimbatore,Sundarapuram(Uzhavar Sandhai ),Cowpea(Veg),Cowpea (Veg),Local,12/09/2026,3500,4000,3750
Tamil Nadu,Coimbatore,Sundarapuram(Uzhavar Sandhai ),Beans,Beans (Whole),Local,12/09/2026,6500,7200,6850
Tamil Nadu,Coimbatore,Sundarapuram(Uzhavar Sandhai ),Raddish,Raddish,Local,12/09/2026,3000,3500,3250
Tamil Nadu,Coimbatore,Sundarapuram(Uzhavar Sandhai ),Amla(Nelli Kai),Amla,Local,12/09/2026,10000,11000,10500
Tamil Nadu,Erode,Sathiyamagalam(Uzhavar Sandhai ),Cabbage,Cabbage,Local,12/09/2026,3000,3400,3200
Tamil Nadu,Erode,Sathiyamagalam(Uzhavar Sandhai ),Potato,Other,Local,12/09/2026,3500,4000,3750
Tamil Nadu,Erode,Sathiyamagalam(Uzhavar Sandhai ),Cauliflower,Ranchi,Local,12/09/2026,3400,3800,3600
Tamil Nadu,Erode,Sathiyamagalam(Uzhavar Sandhai ),Bitter gourd,Other,Local,12/09/2026,4500,5000,4750
Tamil Nadu,Erode,Sathiyamagalam(Uzhavar Sandhai ),Pumpkin,Pumpkin,Local,12/09/2026,2400,2800,2600
Tamil Nadu,Erode,Sathiyamagalam(Uzhavar Sandhai ),Bhindi(Ladies Finger),Bhindi,Local,12/09/2026,3000,3500,3250
Tamil Nadu,Erode,Sathiyamagalam(Uzhavar Sandhai ),Tapioca,Tapioca,Local,12/09/2026,2500,3000,2750
Tamil Nadu,Erode,Sathiyamagalam(Uzhavar Sandhai ),Cucumbar(Kheera),Cucumbar,Local,12/09/2026,3000,3500,3250
Tamil Nadu,Erode,Sathiyamagalam(Uzhavar Sandhai ),Sweet Corn ,Sweet Corn ,Local,12/09/2026,2500,3000,2750
Tamil Nadu,Coimbatore,Mettupalayam(Uzhavar Sandhai ),Onion,Bellary,Local,12/09/2026,6000,6400,6200
Tamil Nadu,Coimbatore,Mettupalayam(Uzhavar Sandhai ),Chikoos(Sapota),Sapota,Local,12/09/2026,4500,5000,4750
Tamil Nadu,Coimbatore,Mettupalayam(Uzhavar Sandhai ),Mousambi(Sweet Lime),Mousambi,Local,12/09/2026,4500,5000,4750
Tamil Nadu,Coimbatore,Mettupalayam(Uzhavar Sandhai ),Bottle gourd,Bottle Gourd,Local,12/09/2026,2000,3000,2500
Tamil Nadu,Coimbatore,Mettupalayam(Uzhavar Sandhai ),Tapioca,Tapioca,Local,12/09/2026,3000,3500,3250
Tamil Nadu,Coimbatore,Mettupalayam(Uzhavar Sandhai ),Cucumbar(Kheera),Cucumbar,Local,12/09/2026,3500,4500,4000
Tamil Nadu,Coimbatore,Mettupalayam(Uzhavar Sandhai ),Thondekai,Thondekai,Local,12/09/2026,3000,3400,3200
Tamil Nadu,Coimbatore,Mettupalayam(Uzhavar Sandhai ),Green Avare(W),Green Avare (W),Local,12/09/2026,5500,6000,5750
Tamil Nadu,Coimbatore,Mettupalayam(Uzhavar Sandhai ),Chow Chow,Chow Chow,Local,12/09/2026,3000,3500,3250
Tamil Nadu,Coimbatore,Mettupalayam(Uzhavar Sandhai ),Pomegranate,Pomogranate,Local,12/09/2026,12000,15000,13500
Tamil Nadu,Coimbatore,Mettupalayam(Uzhavar Sandhai ),Lemon,Lemon,Local,12/09/2026,20000,25000,22500
Tamil Nadu,Coimbatore,Mettupalayam(Uzhavar Sandhai ),Mashrooms,Mashrooms,Local,12/09/2026,16000,20000,18000
Tamil Nadu,Coimbatore,Mettupalayam(Uzhavar Sandhai ),Amla(Nelli Kai),Amla,Local,12/09/2026,9000,10000,9500
Tamil Nadu,Coimbatore,Mettupalayam(Uzhavar Sandhai ),Onion Green,Onion Green,Local,12/09/2026,8000,8500,8250
Tamil Nadu,Coimbatore,Mettupalayam(Uzhavar Sandhai ),Mint(Pudina),Mint(Pudina),Local,12/09/2026,5000,6000,5500
Tamil Nadu,Namakkal,Tiruchengode APMC,Coconut,Coconut,Local,12/09/2026,5400,6000,5700
Tamil Nadu,Namakkal,Tiruchengode APMC,Cabbage,Cabbage,Local,12/09/2026,2600,3000,2800
Tamil Nadu,Namakkal,Tiruchengode APMC,Brinjal,Other,Local,12/09/2026,5400,6000,5700
Tamil Nadu,Namakkal,Tiruchengode APMC,Papaya,Papaya,Local,12/09/2026,3000,3500,3250
Tamil Nadu,Namakkal,Tiruchengode APMC,Cluster beans,Cluster Beans,Local,12/09/2026,3200,3600,3400
Tamil Nadu,Namakkal,Tiruchengode APMC,Bitter gourd,Other,Local,12/09/2026,5400,6000,5700
Tamil Nadu,Namakkal,Tiruchengode APMC,Bottle gourd,Bottle Gourd,Local,12/09/2026,1800,2000,1900
Tamil Nadu,Namakkal,Tiruchengode APMC,Beans,Beans (Whole),Local,12/09/2026,7000,8000,7500
Tamil Nadu,Namakkal,Tiruchengode APMC,Raddish,Raddish,Local,12/09/2026,2000,2400,2200
Tamil Nadu,Namakkal,Tiruchengode APMC,Drumstick,Drumstick,Local,12/09/2026,2600,3000,2800
Tamil Nadu,Namakkal,Tiruchengode APMC,Yam(Ratalu),Yam (Ratalu),Local,12/09/2026,7000,8000,7500
Tamil Nadu,Ariyalur,Jeyankondam (Uzhavar Sandhai ),Brinjal,Round,Local,12/09/2026,4200,4600,4400
Tamil Nadu,Ariyalur,Jeyankondam (Uzhavar Sandhai ),Tomato,Deshi,Local,12/09/2026,2800,3200,3000
Tamil Nadu,Coimbatore,RSPuram(Uzhavar Sandhai ),Carrot,Pusakesar,Local,12/09/2026,5000,5800,5400
Tamil Nadu,Coimbatore,RSPuram(Uzhavar Sandhai ),Groundnut,Big (With Shell),Local,12/09/2026,6000,7000,6500
Tamil Nadu,Coimbatore,RSPuram(Uzhavar Sandhai ),Potato,Other,Local,12/09/2026,5000,6200,5600
Tamil Nadu,Coimbatore,RSPuram(Uzhavar Sandhai ),Water Melon,Water Melon,Local,12/09/2026,1500,2000,1750
Tamil Nadu,Coimbatore,RSPuram(Uzhavar Sandhai ),Mousambi(Sweet Lime),Mousambi,Local,12/09/2026,4000,5000,4500
Tamil Nadu,Coimbatore,RSPuram(Uzhavar Sandhai ),Tomato,Local,Local,12/09/2026,2400,2700,2550
Tamil Nadu,Coimbatore,RSPuram(Uzhavar Sandhai ),Green Chilli,Green Chilly,Local,12/09/2026,4200,4500,4350
Tamil Nadu,Coimbatore,RSPuram(Uzhavar Sandhai ),Green Avare(W),Other,Local,12/09/2026,5500,6000,5750
Tamil Nadu,Coimbatore,RSPuram(Uzhavar Sandhai ),Chow Chow,Chow Chow,Local,12/09/2026,2500,3000,2750
Tamil Nadu,Coimbatore,RSPuram(Uzhavar Sandhai ),Custard Apple(Sharifa),Custard Apple(Sharifa),Local,12/09/2026,5000,6000,5500
Tamil Nadu,Coimbatore,Singanallur(Uzhavar Sandhai ),Brinjal,Other,Local,12/09/2026,3500,4000,3750
Tamil Nadu,Coimbatore,Singanallur(Uzhavar Sandhai ),Papaya,Papaya,Local,12/09/2026,5000,5400,5200
Tamil Nadu,Coimbatore,Singanallur(Uzhavar Sandhai ),Tomato,Local,Local,12/09/2026,2000,2700,2350
Tamil Nadu,Coimbatore,Singanallur(Uzhavar Sandhai ),Beans,Beans (Whole),Local,12/09/2026,6500,7000,6750
Tamil Nadu,Coimbatore,Singanallur(Uzhavar Sandhai ),Ginger(Green),Green Ginger,Local,12/09/2026,15000,16500,15750
Tamil Nadu,Coimbatore,Singanallur(Uzhavar Sandhai ),Green Avare(W),Other,Local,12/09/2026,5000,5500,5250
Tamil Nadu,Coimbatore,Singanallur(Uzhavar Sandhai ),Drumstick,Drumstick,Local,12/09/2026,3000,3200,3100
Tamil Nadu,Coimbatore,Singanallur(Uzhavar Sandhai ),Mango(Raw-Ripe),Mango - Raw-Ripe,Local,12/09/2026,6500,7000,6750
Tamil Nadu,Coimbatore,Singanallur(Uzhavar Sandhai ),Colacasia,Colacasia,Local,12/09/2026,4500,5000,4750
Tamil Nadu,Coimbatore,Singanallur(Uzhavar Sandhai ),Mint(Pudina),Mint(Pudina),Local,12/09/2026,4500,5000,4750
Tamil Nadu,Coimbatore,Pollachi(Uzhavar Sandhai ),Ginger(Green),Green Ginger,Local,12/09/2026,16000,18000,17000
Tamil Nadu,Coimbatore,Pollachi(Uzhavar Sandhai ),Coconut,Coconut,Local,12/09/2026,5500,6000,5750
Tamil Nadu,Coimbatore,Pollachi(Uzhavar Sandhai ),Beetroot,Beetroot,Local,12/09/2026,5000,7000,6000
Tamil Nadu,Coimbatore,Pollachi(Uzhavar Sandhai ),Garlic,Garlic,Local,12/09/2026,18000,22000,20000
Tamil Nadu,Coimbatore,Pollachi(Uzhavar Sandhai ),Papaya,Papaya,Local,12/09/2026,4000,4500,4250
Tamil Nadu,Coimbatore,Pollachi(Uzhavar Sandhai ),Tomato,Deshi,Local,12/09/2026,2000,2500,2250
Tamil Nadu,Coimbatore,Pollachi(Uzhavar Sandhai ),Cluster beans,Cluster Beans,Local,12/09/2026,4000,4500,4250
Tamil Nadu,Coimbatore,Pollachi(Uzhavar Sandhai ),Ashgourd,Gouard,Local,12/09/2026,1800,2200,2000
Tamil Nadu,Coimbatore,Pollachi(Uzhavar Sandhai ),Pumpkin,Pumpkin,Local,12/09/2026,2000,2500,2250
Tamil Nadu,Coimbatore,Pollachi(Uzhavar Sandhai ),Beans,Beans (Whole),Local,12/09/2026,6500,7000,6750
Tamil Nadu,Coimbatore,Pollachi(Uzhavar Sandhai ),Elephant Yam(Suran)/Amorphophallus,Elephant Yam (Suran),Local,12/09/2026,3500,4000,3750
Tamil Nadu,Coimbatore,Pollachi(Uzhavar Sandhai ),Lemon,Lemon,Local,12/09/2026,20000,22000,21000
Tamil Nadu,Coimbatore,Pollachi(Uzhavar Sandhai ),Amla(Nelli Kai),Amla,Local,12/09/2026,7000,8000,7500
Tamil Nadu,Karur,Karur(Uzhavar Sandhai ),Ginger(Green),Green Ginger,Local,12/09/2026,18500,19000,18750
Tamil Nadu,Karur,Karur(Uzhavar Sandhai ),Cabbage,Cabbage,Local,12/09/2026,3500,4000,3750
Tamil Nadu,Karur,Karur(Uzhavar Sandhai ),Cauliflower,Ranchi,Local,12/09/2026,4000,4500,4250
Tamil Nadu,Karur,Karur(Uzhavar Sandhai ),Snakeguard,Snakeguard,Local,12/09/2026,3000,3500,3250
Tamil Nadu,Karur,Karur(Uzhavar Sandhai ),Cluster beans,Cluster Beans,Local,12/09/2026,3500,4000,3750
Tamil Nadu,Karur,Karur(Uzhavar Sandhai ),Cowpea(Veg),Cowpea (Veg),Local,12/09/2026,3500,4000,3750
Tamil Nadu,Karur,Karur(Uzhavar Sandhai ),Banana - Green,Banana - Green,Local,12/09/2026,2500,3000,2750
Tamil Nadu,Karur,Karur(Uzhavar Sandhai ),Thondekai,Thondekai,Local,12/09/2026,4500,5000,4750
Tamil Nadu,Karur,Karur(Uzhavar Sandhai ),Capsicum,Capsicum,Local,12/09/2026,6500,7000,6750
Tamil Nadu,Karur,Karur(Uzhavar Sandhai ),Drumstick,Drumstick,Local,12/09/2026,2500,3000,2750
Tamil Nadu,Coimbatore,Kurichi(Uzhavar Sandhai ),Coriander(Leaves),I Sort,Local,12/09/2026,3500,4000,3750
Tamil Nadu,Coimbatore,Kurichi(Uzhavar Sandhai ),Ashgourd,Gouard,Local,12/09/2026,1800,2000,1900
Tamil Nadu,Coimbatore,Kurichi(Uzhavar Sandhai ),Drumstick,Drumstick,Local,12/09/2026,3000,3500,3250
Tamil Nadu,Coimbatore,Kurichi(Uzhavar Sandhai ),Onion Green,Onion Green,Local,12/09/2026,8000,8600,8300
Tamil Nadu,Cuddalore,Chidambaram(Uzhavar Sandhai ),Banana - Green,Banana - Green,Local,12/09/2026,2500,3000,2750
Tamil Nadu,Cuddalore,Chidambaram(Uzhavar Sandhai ),Onion Green,Onion Green,Local,12/09/2026,8000,8000,8000
Tamil Nadu,Cuddalore,Cuddalore(Uzhavar Sandhai ),Potato,Red Nanital,Local,12/09/2026,4000,4000,4000
Tamil Nadu,Cuddalore,Cuddalore(Uzhavar Sandhai ),Tomato,Deshi,Local,12/09/2026,2500,2500,2500
Tamil Nadu,Cuddalore,Cuddalore(Uzhavar Sandhai ),Bhindi(Ladies Finger),Bhindi,Local,12/09/2026,3000,3500,3250
Tamil Nadu,Cuddalore,Cuddalore(Uzhavar Sandhai ),Beans,Beans (Whole),Local,12/09/2026,9000,9000,9000
Tamil Nadu,Cuddalore,Cuddalore(Uzhavar Sandhai ),Raddish,Raddish,Local,12/09/2026,2500,3000,2750
Tamil Nadu,Cuddalore,Cuddalore(Uzhavar Sandhai ),Mango(Raw-Ripe),Mango - Raw-Ripe,Local,12/09/2026,8000,8000,8000
Tamil Nadu,Cuddalore,Cuddalore(Uzhavar Sandhai ),Knool Khol,Knool Khol,Local,12/09/2026,4000,4000,4000
Tamil Nadu,Cuddalore,Cuddalore(Uzhavar Sandhai ),Mint(Pudina),Mint(Pudina),Local,12/09/2026,4000,4000,4000
Tamil Nadu,Tuticorin,Tuticorin(Uzhavar Sandhai ),Carrot,Pusakesar,Local,12/09/2026,7500,8000,7750
Tamil Nadu,Tuticorin,Tuticorin(Uzhavar Sandhai ),Cabbage,Cabbage,Local,12/09/2026,3000,3500,3250
Tamil Nadu,Tuticorin,Tuticorin(Uzhavar Sandhai ),Banana,Besrai,Local,12/09/2026,2500,3000,2750
Tamil Nadu,Tuticorin,Tuticorin(Uzhavar Sandhai ),Grapes,Annabesahai,Local,12/09/2026,13000,14000,13500
Tamil Nadu,Tuticorin,Tuticorin(Uzhavar Sandhai ),Garlic,Garlic,Local,12/09/2026,21000,22000,21500
Tamil Nadu,Tuticorin,Tuticorin(Uzhavar Sandhai ),Brinjal,Round,Local,12/09/2026,3000,3500,3250
Tamil Nadu,Tuticorin,Tuticorin(Uzhavar Sandhai ),Papaya,Papaya,Local,12/09/2026,4500,5000,4750
Tamil Nadu,Tuticorin,Tuticorin(Uzhavar Sandhai ),Cluster beans,Cluster Beans,Local,12/09/2026,3500,4000,3750
Tamil Nadu,Tuticorin,Tuticorin(Uzhavar Sandhai ),Beans,Beans (Whole),Local,12/09/2026,11000,12000,11500
Tamil Nadu,Tuticorin,Tuticorin(Uzhavar Sandhai ),Beetroot,Beetroot,Local,12/09/2026,5000,5500,5250
Tamil Nadu,Tuticorin,Tuticorin(Uzhavar Sandhai ),Ginger(Green),Green Ginger,Local,12/09/2026,19000,20000,19500
Tamil Nadu,Tuticorin,Tuticorin(Uzhavar Sandhai ),Ridgeguard(Tori),Ridgeguard(Tori),Local,12/09/2026,4500,5000,4750
Tamil Nadu,Tuticorin,Tuticorin(Uzhavar Sandhai ),Chow Chow,Chow Chow,Local,12/09/2026,3500,4000,3750
Tamil Nadu,Tuticorin,Tuticorin(Uzhavar Sandhai ),Mango(Raw-Ripe),Mango - Raw-Ripe,Local,12/09/2026,11000,12000,11500
Tamil Nadu,Tuticorin,Tuticorin(Uzhavar Sandhai ),Lemon,Lemon,Local,12/09/2026,27000,28000,27500
Tamil Nadu,Tuticorin,Tuticorin(Uzhavar Sandhai ),Amla(Nelli Kai),Amla,Local,12/09/2026,6500,7000,6750
Tamil Nadu,Nagercoil (Kannyiakumari),Vadaseri APMC,Coconut,Coconut,Local,12/09/2026,6100,6300,6200
Tamil Nadu,Nagercoil (Kannyiakumari),Vadaseri APMC,Carrot,Pusakesar,Local,12/09/2026,7000,7500,7250
Tamil Nadu,Nagercoil (Kannyiakumari),Vadaseri APMC,Mango,Safeda,Local,12/09/2026,6500,7000,6750
Tamil Nadu,Nagercoil (Kannyiakumari),Vadaseri APMC,Ashgourd,Gouard,Local,12/09/2026,2200,2500,2350
Tamil Nadu,Nagercoil (Kannyiakumari),Vadaseri APMC,Bhindi(Ladies Finger),Bhindi,Local,12/09/2026,4000,4500,4250
Tamil Nadu,Nagercoil (Kannyiakumari),Vadaseri APMC,Beetroot,Beetroot,Local,12/09/2026,4500,5000,4750
Tamil Nadu,Nagercoil (Kannyiakumari),Vadaseri APMC,Mango(Raw-Ripe),Mango - Raw-Ripe,Local,12/09/2026,9000,10000,9500
Tamil Nadu,Nagercoil (Kannyiakumari),Vadaseri APMC,Tender Coconut,Tender Coconut,Local,12/09/2026,4500,5000,4750
Tamil Nadu,Nagercoil (Kannyiakumari),Vadaseri APMC,Onion Green,Onion Green,Local,12/09/2026,10000,11000,10500
Tamil Nadu,Nagercoil (Kannyiakumari),Vadaseri APMC,Mint(Pudina),Mint(Pudina),Local,12/09/2026,6500,7000,6750
Tamil Nadu,Pudukkottai,Karambakkudi(Uzhavar Sandhai ),Potato,Other,Local,12/09/2026,5000,6000,5500
Tamil Nadu,Pudukkottai,Karambakkudi(Uzhavar Sandhai ),Coriander(Leaves),I Sort,Local,12/09/2026,4500,5000,4750
Tamil Nadu,Pudukkottai,Karambakkudi(Uzhavar Sandhai ),Tomato,Other,Local,12/09/2026,2500,3000,2750
Tamil Nadu,Pudukkottai,Karambakkudi(Uzhavar Sandhai ),Cluster beans,Cluster Beans,Local,12/09/2026,3500,4000,3750
Tamil Nadu,Pudukkottai,Karambakkudi(Uzhavar Sandhai ),Bitter gourd,Other,Local,12/09/2026,6000,7000,6500
Tamil Nadu,Pudukkottai,Karambakkudi(Uzhavar Sandhai ),Onion Green,Onion Green,Local,12/09/2026,7000,8000,7500
Tamil Nadu,Vellore,Thirupathur APMC,Sweet Potato,Hosur Red,Local,12/09/2026,4000,4000,4000
Tamil Nadu,Vellore,Thirupathur APMC,Cluster beans,Cluster Beans,Local,12/09/2026,4000,4000,4000
Tamil Nadu,Vellore,Thirupathur APMC,Bottle gourd,Bottle Gourd,Local,12/09/2026,2000,2000,2000
Tamil Nadu,Vellore,Thirupathur APMC,Green Chilli,Green Chilly,Local,12/09/2026,7000,7000,7000
Tamil Nadu,Vellore,Thirupathur APMC,Drumstick,Drumstick,Local,12/09/2026,4000,4000,4000
Tamil Nadu,Vellore,Thirupathur APMC,Guava,Guava Allahabad,Local,12/09/2026,5000,5000,5000
Tamil Nadu,Vellore,Thirupathur APMC,Indian Beans(Seam),Indian Beans (Seam),Local,12/09/2026,6000,6000,6000
Tamil Nadu,Vellore,Thirupathur APMC,Custard Apple(Sharifa),Custard Apple(Sharifa),Local,12/09/2026,4000,4000,4000
Tamil Nadu,Vellore,Thirupathur APMC,Mint(Pudina),Mint(Pudina),Local,12/09/2026,5000,5000,5000
Tamil Nadu,Vellore,Vellore APMC,Orange,Darjeeling,Local,12/09/2026,12000,12000,12000
Tamil Nadu,Vellore,Vellore APMC,Grapes,Annabesahai,Local,12/09/2026,9000,10000,9500
Tamil Nadu,Vellore,Vellore APMC,Brinjal,Round,Local,12/09/2026,4500,5500,5000
Tamil Nadu,Vellore,Vellore APMC,Coriander(Leaves),I Sort,Local,12/09/2026,3500,3500,3500
Tamil Nadu,Vellore,Vellore APMC,Papaya,Papaya,Local,12/09/2026,4000,4500,4250
Tamil Nadu,Vellore,Vellore APMC,Mousambi(Sweet Lime),Mousambi,Local,12/09/2026,7000,7000,7000
Tamil Nadu,Vellore,Vellore APMC,Bottle gourd,Bottle Gourd,Local,12/09/2026,1500,2000,1750
Tamil Nadu,Vellore,Vellore APMC,Snakeguard,Snakeguard,Local,12/09/2026,2000,2500,2250
Tamil Nadu,Vellore,Vellore APMC,Banana - Green,Banana - Green,Local,12/09/2026,3500,3500,3500
Tamil Nadu,Vellore,Vellore APMC,Beetroot,Beetroot,Local,12/09/2026,3000,3500,3250
Tamil Nadu,Vellore,Vellore APMC,Capsicum,Capsicum,Local,12/09/2026,3500,3500,3500
Tamil Nadu,Vellore,Vellore APMC,Drumstick,Drumstick,Local,12/09/2026,3000,3500,3250
Tamil Nadu,Vellore,Vellore APMC,Knool Khol,Knool Khol,Local,12/09/2026,2000,2500,2250
Tamil Nadu,Vellore,Vellore APMC,Tender Coconut,Tender Coconut,Local,12/09/2026,2000,3000,2500
Tamil Nadu,Vellore,Vellore APMC,Amla(Nelli Kai),Amla,Local,12/09/2026,10000,12000,11000
Tamil Nadu,Vellore,Vellore APMC,Sweet Corn ,Sweet Corn ,Local,12/09/2026,2500,2500,2500
Tamil Nadu,Dharmapuri,Harur(Uzhavar Sandhai ),Onion,Bellary,Local,12/09/2026,5000,6000,5500
Tamil Nadu,Dharmapuri,Harur(Uzhavar Sandhai ),Cauliflower,Ranchi,Local,12/09/2026,3500,4000,3750
Tamil Nadu,Dharmapuri,Harur(Uzhavar Sandhai ),Beans,Beans (Whole),Local,12/09/2026,9000,9500,9250
Tamil Nadu,Dharmapuri,Harur(Uzhavar Sandhai ),Lemon,Lemon,Local,12/09/2026,10000,12500,11250
Tamil Nadu,Krishnagiri,Kaveripattinam(Uzhavar Sandhai ),Carrot,Pusakesar,Local,12/09/2026,5500,5500,5500
Tamil Nadu,Krishnagiri,Kaveripattinam(Uzhavar Sandhai ),Bitter gourd,Bitter Gourd,Local,12/09/2026,5000,5000,5000
Tamil Nadu,Krishnagiri,Kaveripattinam(Uzhavar Sandhai ),Green Avare(W),Green Avare (W),Local,12/09/2026,7000,7000,7000
Tamil Nadu,The Nilgiris,Coonoor(Uzhavar Sandhai ),Cabbage,Cabbage,Local,12/09/2026,2800,3000,2900
Tamil Nadu,The Nilgiris,Coonoor(Uzhavar Sandhai ),Snakeguard,Snakeguard,Local,12/09/2026,3800,4000,3900
Tamil Nadu,The Nilgiris,Coonoor(Uzhavar Sandhai ),Onion,Bellary,Local,12/09/2026,6400,6800,6600
Tamil Nadu,The Nilgiris,Coonoor(Uzhavar Sandhai ),Cauliflower,Ranchi,Local,12/09/2026,4500,5000,4750
Tamil Nadu,The Nilgiris,Coonoor(Uzhavar Sandhai ),Cluster beans,Cluster Beans,Local,12/09/2026,3600,4000,3800
Tamil Nadu,The Nilgiris,Coonoor(Uzhavar Sandhai ),Bottle gourd,Bottle Gourd,Local,12/09/2026,3000,3400,3200
Tamil Nadu,The Nilgiris,Coonoor(Uzhavar Sandhai ),Bhindi(Ladies Finger),Bhindi,Local,12/09/2026,4000,4400,4200
Tamil Nadu,The Nilgiris,Coonoor(Uzhavar Sandhai ),Amaranthus,Amaranthus,Local,12/09/2026,5500,6000,5750
Tamil Nadu,The Nilgiris,Coonoor(Uzhavar Sandhai ),Banana - Green,Banana - Green,Local,12/09/2026,4500,5000,4750
Tamil Nadu,The Nilgiris,Coonoor(Uzhavar Sandhai ),Beans,Beans (Whole),Local,12/09/2026,6500,7000,6750
Tamil Nadu,The Nilgiris,Coonoor(Uzhavar Sandhai ),Capsicum,Capsicum,Local,12/09/2026,6500,7000,6750
Tamil Nadu,The Nilgiris,Coonoor(Uzhavar Sandhai ),Elephant Yam(Suran)/Amorphophallus,Elephant Yam (Suran),Local,12/09/2026,3800,4000,3900
Tamil Nadu,The Nilgiris,Coonoor(Uzhavar Sandhai ),Lemon,Lemon,Local,12/09/2026,20000,21000,20500
Tamil Nadu,The Nilgiris,Coonoor(Uzhavar Sandhai ),Onion Green,Onion Green,Local,12/09/2026,8000,9000,8500
Tamil Nadu,The Nilgiris,Gudalur(Uzhavar Sandhai ),Carrot,Pusakesar,Local,12/09/2026,3000,3500,3250
Tamil Nadu,The Nilgiris,Gudalur(Uzhavar Sandhai ),Cauliflower,Ranchi,Local,12/09/2026,4000,4500,4250
Tamil Nadu,The Nilgiris,Gudalur(Uzhavar Sandhai ),Coriander(Leaves),I Sort,Local,12/09/2026,6000,7000,6500
Tamil Nadu,The Nilgiris,Gudalur(Uzhavar Sandhai ),Bitter gourd,Bitter Gourd,Local,12/09/2026,4500,4800,4650
Tamil Nadu,The Nilgiris,Gudalur(Uzhavar Sandhai ),Bottle gourd,Bottle Gourd,Local,12/09/2026,2500,3000,2750
Tamil Nadu,The Nilgiris,Gudalur(Uzhavar Sandhai ),Ginger(Green),Green Ginger,Local,12/09/2026,15000,16000,15500
Tamil Nadu,The Nilgiris,Gudalur(Uzhavar Sandhai ),Raddish,Raddish,Local,12/09/2026,3000,3500,3250
Tamil Nadu,The Nilgiris,Gudalur(Uzhavar Sandhai ),Lemon,Lemon,Local,12/09/2026,20000,22000,21000
Tamil Nadu,The Nilgiris,Gudalur(Uzhavar Sandhai ),Mint(Pudina),Mint(Pudina),Local,12/09/2026,5000,6000,5500
Tamil Nadu,Thirupur,Tiruppur (South) (Uzhavar Sandhai ),Potato,Other,Local,12/09/2026,4000,5000,4500
Tamil Nadu,Thirupur,Tiruppur (South) (Uzhavar Sandhai ),Bottle gourd,Bottle Gourd,Local,12/09/2026,1500,2000,1750
Tamil Nadu,Thirupur,Tiruppur (South) (Uzhavar Sandhai ),Ashgourd,Gouard,Local,12/09/2026,1200,1500,1350
Tamil Nadu,Thirupur,Tiruppur (South) (Uzhavar Sandhai ),Amaranthus,Amaranthus,Local,12/09/2026,2000,3800,2900
Tamil Nadu,Thirupur,Tiruppur (South) (Uzhavar Sandhai ),Cowpea(Veg),Cowpea (Veg),Local,12/09/2026,2500,3000,2750
Tamil Nadu,Thirupur,Tiruppur (South) (Uzhavar Sandhai ),Banana - Green,Banana - Green,Local,12/09/2026,2500,3000,2750
Tamil Nadu,Thirupur,Tiruppur (South) (Uzhavar Sandhai ),Chow Chow,Chow Chow,Local,12/09/2026,2500,3000,2750
Tamil Nadu,Thirupur,Tiruppur (South) (Uzhavar Sandhai ),Amla(Nelli Kai),Amla,Local,12/09/2026,7500,8000,7750
Tamil Nadu,Thirupur,Tiruppur (South) (Uzhavar Sandhai ),Mint(Pudina),Mint(Pudina),Local,12/09/2026,2400,3000,2700
Tamil Nadu,Erode,Perundurai(Uzhavar Sandhai ),Cauliflower,Ranchi,Local,12/09/2026,3500,3800,3650
Tamil Nadu,Erode,Perundurai(Uzhavar Sandhai ),Brinjal,Round,Local,12/09/2026,4000,4500,4250
Tamil Nadu,Erode,Perundurai(Uzhavar Sandhai ),Bitter gourd,Bitter Gourd,Local,12/09/2026,4500,4800,4650
Tamil Nadu,Erode,Perundurai(Uzhavar Sandhai ),Pumpkin,Pumpkin,Local,12/09/2026,2200,2500,2350
Tamil Nadu,Erode,Perundurai(Uzhavar Sandhai ),Chow Chow,Chow Chow,Local,12/09/2026,3000,3400,3200
Tamil Nadu,Erode,Perundurai(Uzhavar Sandhai ),Elephant Yam(Suran)/Amorphophallus,Elephant Yam (Suran),Local,12/09/2026,2600,3000,2800
Tamil Nadu,Dharmapuri,Dharmapuri(Uzhavar Sandhai ),Papaya,Papaya,Local,12/09/2026,3600,3800,3700
Tamil Nadu,Dharmapuri,Dharmapuri(Uzhavar Sandhai ),Bottle gourd,Bottle Gourd,Local,12/09/2026,1400,1500,1450
Tamil Nadu,Dharmapuri,Dharmapuri(Uzhavar Sandhai ),Bhindi(Ladies Finger),Bhindi,Local,12/09/2026,1800,2000,1900
Tamil Nadu,Dharmapuri,Dharmapuri(Uzhavar Sandhai ),Beans,Beans (Whole),Local,12/09/2026,8500,9000,8750
Tamil Nadu,Dharmapuri,Dharmapuri(Uzhavar Sandhai ),Capsicum,Capsicum,Local,12/09/2026,7500,8000,7750
Tamil Nadu,Dharmapuri,Dharmapuri(Uzhavar Sandhai ),Elephant Yam(Suran)/Amorphophallus,Elephant Yam (Suran),Local,12/09/2026,6200,6400,6300
Tamil Nadu,Dharmapuri,Dharmapuri(Uzhavar Sandhai ),Onion Green,Onion Green,Local,12/09/2026,6500,6800,6650
Tamil Nadu,Dharmapuri,Palacode(Uzhavar Sandhai ),Cauliflower,Ranchi,Local,12/09/2026,3000,3500,3250
Tamil Nadu,Dharmapuri,Palacode(Uzhavar Sandhai ),Brinjal,Other,Local,12/09/2026,2800,3200,3000
Tamil Nadu,Dharmapuri,Palacode(Uzhavar Sandhai ),Papaya,Papaya,Local,12/09/2026,3500,3800,3650
Tamil Nadu,Dharmapuri,Palacode(Uzhavar Sandhai ),Cowpea(Veg),Cowpea (Veg),Local,12/09/2026,4000,4500,4250
Tamil Nadu,Dharmapuri,Palacode(Uzhavar Sandhai ),Capsicum,Capsicum,Local,12/09/2026,7800,8000,7900
Tamil Nadu,Dharmapuri,Palacode(Uzhavar Sandhai ),Sweet Corn ,Sweet Corn ,Local,12/09/2026,2800,3000,2900
Tamil Nadu,Dharmapuri,Pennagaram(Uzhavar Sandhai ),Cabbage,Cabbage,Local,12/09/2026,3000,3500,3250
Tamil Nadu,Dharmapuri,Pennagaram(Uzhavar Sandhai ),Groundnut,Big (With Shell),Local,12/09/2026,6000,6500,6250
Tamil Nadu,Dharmapuri,Pennagaram(Uzhavar Sandhai ),Onion,Bellary,Local,12/09/2026,6000,6400,6200
Tamil Nadu,Dharmapuri,Pennagaram(Uzhavar Sandhai ),Brinjal,Round,Local,12/09/2026,3000,3400,3200
Tamil Nadu,Dharmapuri,Pennagaram(Uzhavar Sandhai ),Cucumbar(Kheera),Cucumbar,Local,12/09/2026,4000,4500,4250
Tamil Nadu,Dharmapuri,Pennagaram(Uzhavar Sandhai ),Knool Khol,Knool Khol,Local,12/09/2026,4500,5000,4750
Tamil Nadu,Dharmapuri,Pennagaram(Uzhavar Sandhai ),Lemon,Lemon,Local,12/09/2026,22000,23000,22500
Tamil Nadu,Dindigul,Chinnalapatti(Uzhavar Sandhai ),Cauliflower,Ranchi,Local,12/09/2026,4000,5000,4500
Tamil Nadu,Dindigul,Chinnalapatti(Uzhavar Sandhai ),Tomato,Deshi,Local,12/09/2026,2500,3000,2750
Tamil Nadu,Dindigul,Chinnalapatti(Uzhavar Sandhai ),Chow Chow,Chow Chow,Local,12/09/2026,3600,4000,3800
Tamil Nadu,Dindigul,Dindigul(Uzhavar Sandhai ),Carrot,Pusakesar,Local,12/09/2026,6000,7000,6500
Tamil Nadu,Dindigul,Dindigul(Uzhavar Sandhai ),Onion,Bellary,Local,12/09/2026,6000,6500,6250
Tamil Nadu,Dindigul,Dindigul(Uzhavar Sandhai ),Potato,Other,Local,12/09/2026,4000,5000,4500
Tamil Nadu,Dindigul,Dindigul(Uzhavar Sandhai ),Garlic,Garlic,Local,12/09/2026,25000,28000,26500
Tamil Nadu,Dindigul,Dindigul(Uzhavar Sandhai ),Brinjal,Other,Local,12/09/2026,10000,12000,11000
Tamil Nadu,Dindigul,Dindigul(Uzhavar Sandhai ),Cluster beans,Cluster Beans,Local,12/09/2026,3000,4000,3500
Tamil Nadu,Dindigul,Dindigul(Uzhavar Sandhai ),Snakeguard,Snakeguard,Local,12/09/2026,5000,6000,5500
Tamil Nadu,Dindigul,Dindigul(Uzhavar Sandhai ),Beans,Beans (Whole),Local,12/09/2026,7000,8000,7500
Tamil Nadu,Dindigul,Dindigul(Uzhavar Sandhai ),Raddish,Raddish,Local,12/09/2026,3000,4000,3500
Tamil Nadu,Dindigul,Dindigul(Uzhavar Sandhai ),Capsicum,Capsicum,Local,12/09/2026,7000,8000,7500
Tamil Nadu,Dindigul,Dindigul(Uzhavar Sandhai ),Chow Chow,Chow Chow,Local,12/09/2026,3000,4000,3500
Tamil Nadu,Dindigul,Dindigul(Uzhavar Sandhai ),Drumstick,Drumstick,Local,12/09/2026,3000,4000,3500
Tamil Nadu,Dindigul,Dindigul(Uzhavar Sandhai ),Indian Beans(Seam),Indian Beans (Seam),Local,12/09/2026,7000,8000,7500
Tamil Nadu,Dindigul,Dindigul(Uzhavar Sandhai ),Mashrooms,Mashrooms,Local,12/09/2026,20000,25000,22500
Tamil Nadu,Dindigul,Palani(Uzhavar Sandhai ),Carrot,Pusakesar,Local,12/09/2026,5500,6400,5950
Tamil Nadu,Dindigul,Palani(Uzhavar Sandhai ),Onion,Bellary,Local,12/09/2026,6000,6800,6400
Tamil Nadu,Dindigul,Palani(Uzhavar Sandhai ),Potato,Other,Local,12/09/2026,3600,4000,3800
Tamil Nadu,Dindigul,Palani(Uzhavar Sandhai ),Water Melon,Water Melon,Local,12/09/2026,1600,2000,1800
Tamil Nadu,Dindigul,Palani(Uzhavar Sandhai ),Cluster beans,Cluster Beans,Local,12/09/2026,3000,4000,3500
Tamil Nadu,Dindigul,Palani(Uzhavar Sandhai ),Ashgourd,Gouard,Local,12/09/2026,1600,2000,1800
Tamil Nadu,Dindigul,Palani(Uzhavar Sandhai ),Amaranthus,Amaranthus,Local,12/09/2026,3000,4000,3500
Tamil Nadu,Dindigul,Palani(Uzhavar Sandhai ),Thondekai,Thondekai,Local,12/09/2026,4000,5000,4500
Tamil Nadu,Dindigul,Palani(Uzhavar Sandhai ),Drumstick,Drumstick,Local,12/09/2026,1600,2000,1800
Tamil Nadu,Dindigul,Palani(Uzhavar Sandhai ),Lime,Lime,Local,12/09/2026,10000,12000,11000
Tamil Nadu,Dindigul,Palani(Uzhavar Sandhai ),Guava,Guava Allahabad,Local,12/09/2026,5000,5500,5250
Tamil Nadu,Dindigul,Palani(Uzhavar Sandhai ),Onion Green,Onion Green,Local,12/09/2026,6000,8000,7000
Tamil Nadu,Erode,Periyar Nagar(Uzhavar Sandhai ),Coriander(Leaves),I Sort,Local,12/09/2026,3500,4000,3750
Tamil Nadu,Erode,Periyar Nagar(Uzhavar Sandhai ),Bhindi(Ladies Finger),Bhindi,Local,12/09/2026,2200,2500,2350
Tamil Nadu,Erode,Periyar Nagar(Uzhavar Sandhai ),Amaranthus,Amaranthus,Local,12/09/2026,4000,4500,4250
Tamil Nadu,Erode,Periyar Nagar(Uzhavar Sandhai ),Raddish,Raddish,Local,12/09/2026,1800,2000,1900
Tamil Nadu,Erode,Periyar Nagar(Uzhavar Sandhai ),Green Avare(W),Green Avare (W),Local,12/09/2026,5000,5500,5250
Tamil Nadu,Kallakuruchi,Sankarapuram(Uzhavar Sandhai ),Brinjal,Round,Local,12/09/2026,5000,5000,5000
Tamil Nadu,Kallakuruchi,Sankarapuram(Uzhavar Sandhai ),Chikoos(Sapota),Sapota,Local,12/09/2026,5000,5000,5000
Tamil Nadu,Kallakuruchi,Sankarapuram(Uzhavar Sandhai ),Bottle gourd,Bottle Gourd,Local,12/09/2026,1500,1500,1500
Tamil Nadu,Kallakuruchi,Sankarapuram(Uzhavar Sandhai ),Banana - Green,Banana - Green,Local,12/09/2026,3000,3000,3000
Tamil Nadu,Kallakuruchi,Sankarapuram(Uzhavar Sandhai ),Ginger(Green),Green Ginger,Local,12/09/2026,16000,16000,16000
Tamil Nadu,Kallakuruchi,Sankarapuram(Uzhavar Sandhai ),Custard Apple(Sharifa),Custard Apple(Sharifa),Local,12/09/2026,5000,5000,5000
Tamil Nadu,Kallakuruchi,Sankarapuram(Uzhavar Sandhai ),Onion Green,Onion Green,Local,12/09/2026,7000,7000,7000
Tamil Nadu,Kallakuruchi,Sankarapuram(Uzhavar Sandhai ),Mint(Pudina),Mint(Pudina),Local,12/09/2026,4000,4000,4000
Tamil Nadu,Kancheepuram,Kancheepuram(Uzhavar Sandhai ),Coconut,Coconut,Local,12/09/2026,5500,6500,6000
Tamil Nadu,Kancheepuram,Kancheepuram(Uzhavar Sandhai ),Onion,Bellary,Local,12/09/2026,5500,6500,6000
Tamil Nadu,Kancheepuram,Kancheepuram(Uzhavar Sandhai ),Cauliflower,Ranchi,Local,12/09/2026,3000,3500,3250
Tamil Nadu,Kancheepuram,Kancheepuram(Uzhavar Sandhai ),Brinjal,Other,Local,12/09/2026,2500,3000,2750
Tamil Nadu,Kancheepuram,Kancheepuram(Uzhavar Sandhai ),Tomato,Local,Local,12/09/2026,2200,3000,2600
Tamil Nadu,Kancheepuram,Kancheepuram(Uzhavar Sandhai ),Cucumbar(Kheera),Cucumbar,Local,12/09/2026,2500,3000,2750
Tamil Nadu,Kancheepuram,Kancheepuram(Uzhavar Sandhai ),Sweet Corn ,Sweet Corn ,Local,12/09/2026,2500,3500,3000
Tamil Nadu,Kancheepuram,Kundrathur(Uzhavar Sandhai ),Banana,Karpura,Local,12/09/2026,5000,5000,5000
Tamil Nadu,Kancheepuram,Kundrathur(Uzhavar Sandhai ),Onion,Bellary,Local,12/09/2026,5000,5000,5000
Tamil Nadu,Kancheepuram,Kundrathur(Uzhavar Sandhai ),Pumpkin,Pumpkin,Local,12/09/2026,2000,2000,2000
Tamil Nadu,Kancheepuram,Kundrathur(Uzhavar Sandhai ),Amaranthus,Amaranthus,Local,12/09/2026,3000,3000,3000
Tamil Nadu,Kancheepuram,Kundrathur(Uzhavar Sandhai ),Green Avare(W),Green Avare (W),Local,12/09/2026,5000,5000,5000
Tamil Nadu,Kancheepuram,Kundrathur(Uzhavar Sandhai ),Drumstick,Drumstick,Local,12/09/2026,4000,4000,4000
Tamil Nadu,Kancheepuram,Padappai(Uzhavar Sandhai ),Groundnut,Big (With Shell),Local,12/09/2026,6000,7500,6750
Tamil Nadu,Kancheepuram,Padappai(Uzhavar Sandhai ),Papaya,Papaya,Local,12/09/2026,2500,3500,3000
Tamil Nadu,Kancheepuram,Padappai(Uzhavar Sandhai ),Bottle gourd,Bottle Gourd,Local,12/09/2026,2000,2500,2250
Tamil Nadu,Kancheepuram,Padappai(Uzhavar Sandhai ),Green Chilli,Green Chilly,Local,12/09/2026,2500,3500,3000
Tamil Nadu,Kancheepuram,Padappai(Uzhavar Sandhai ),Capsicum,Capsicum,Local,12/09/2026,4500,5500,5000
Tamil Nadu,Kancheepuram,Padappai(Uzhavar Sandhai ),Guava,Guava Allahabad,Local,12/09/2026,4000,5000,4500
Tamil Nadu,Kancheepuram,Padappai(Uzhavar Sandhai ),Tender Coconut,Tender Coconut,Local,12/09/2026,2200,2800,2500
Tamil Nadu,Kancheepuram,Sunguvarchatram(Uzhavar Sandhai ),Carrot,Pusakesar,Local,12/09/2026,5000,5000,5000
Tamil Nadu,Kancheepuram,Sunguvarchatram(Uzhavar Sandhai ),Cabbage,Cabbage,Local,12/09/2026,3000,3000,3000
Tamil Nadu,Kancheepuram,Sunguvarchatram(Uzhavar Sandhai ),Onion,Bellary,Local,12/09/2026,5000,5000,5000
Tamil Nadu,Kancheepuram,Sunguvarchatram(Uzhavar Sandhai ),Cauliflower,Ranchi,Local,12/09/2026,3500,3500,3500
Tamil Nadu,Kancheepuram,Sunguvarchatram(Uzhavar Sandhai ),Tomato,Other,Local,12/09/2026,2500,3000,2750
Tamil Nadu,Kancheepuram,Sunguvarchatram(Uzhavar Sandhai ),Snakeguard,Snakeguard,Local,12/09/2026,4000,4000,4000
Tamil Nadu,Kancheepuram,Sunguvarchatram(Uzhavar Sandhai ),Ashgourd,Gouard,Local,12/09/2026,2000,2000,2000
Tamil Nadu,Kancheepuram,Sunguvarchatram(Uzhavar Sandhai ),Beans,Beans (Whole),Local,12/09/2026,7000,7000,7000
Tamil Nadu,Kancheepuram,Sunguvarchatram(Uzhavar Sandhai ),Cucumbar(Kheera),Cucumbar,Local,12/09/2026,3000,3000,3000
Tamil Nadu,Kancheepuram,Sunguvarchatram(Uzhavar Sandhai ),Drumstick,Drumstick,Local,12/09/2026,4000,4000,4000
Tamil Nadu,Krishnagiri,Avallapalli(Uzhavar Sandhai ),Carrot,Pusakesar,Local,12/09/2026,4000,4500,4250
Tamil Nadu,Krishnagiri,Avallapalli(Uzhavar Sandhai ),Onion,Bellary,Local,12/09/2026,5500,6000,5750
Tamil Nadu,Krishnagiri,Avallapalli(Uzhavar Sandhai ),Cauliflower,Ranchi,Local,12/09/2026,2500,3000,2750
Tamil Nadu,Krishnagiri,Avallapalli(Uzhavar Sandhai ),Tomato,Deshi,Local,12/09/2026,2000,2500,2250
Tamil Nadu,Krishnagiri,Avallapalli(Uzhavar Sandhai ),Ashgourd,Gouard,Local,12/09/2026,1500,2000,1750
Tamil Nadu,Krishnagiri,Avallapalli(Uzhavar Sandhai ),Bhindi(Ladies Finger),Bhindi,Local,12/09/2026,3000,3500,3250
Tamil Nadu,Krishnagiri,Avallapalli(Uzhavar Sandhai ),Amaranthus,Amaranthus,Local,12/09/2026,3500,4000,3750
Tamil Nadu,Krishnagiri,Avallapalli(Uzhavar Sandhai ),Tapioca,Tapioca,Local,12/09/2026,3500,4000,3750
Tamil Nadu,Dharmapuri,Karimangalam(Uzhavar Sandhai),Cabbage,Cabbage,Local,12/09/2026,3300,3500,3400
Tamil Nadu,Dharmapuri,Karimangalam(Uzhavar Sandhai),Banana,Karpura,Local,12/09/2026,6000,6500,6250
Tamil Nadu,Dharmapuri,Karimangalam(Uzhavar Sandhai),Brinjal,Other,Local,12/09/2026,2300,2500,2400
Tamil Nadu,Dharmapuri,Karimangalam(Uzhavar Sandhai),Bottle gourd,Bottle Gourd,Local,12/09/2026,1800,2000,1900
Tamil Nadu,Dharmapuri,Karimangalam(Uzhavar Sandhai),Amaranthus,Amaranthus,Local,12/09/2026,2300,2500,2400
Tamil Nadu,Dharmapuri,Karimangalam(Uzhavar Sandhai),Lemon,Lemon,Local,12/09/2026,19000,20000,19500
Tamil Nadu,Krishnagiri,Denkanikottai(Uzhavar Sandhai ),Cabbage,Cabbage,Local,12/09/2026,1000,1500,1250
Tamil Nadu,Krishnagiri,Denkanikottai(Uzhavar Sandhai ),Banana,Elakki Bale,Local,12/09/2026,6500,7000,6750
Tamil Nadu,Krishnagiri,Denkanikottai(Uzhavar Sandhai ),Garlic,Garlic,Local,12/09/2026,22000,24000,23000
Tamil Nadu,Krishnagiri,Denkanikottai(Uzhavar Sandhai ),Cauliflower,Ranchi,Local,12/09/2026,2500,3000,2750
Tamil Nadu,Krishnagiri,Denkanikottai(Uzhavar Sandhai ),Papaya,Papaya,Local,12/09/2026,3500,4000,3750
Tamil Nadu,Krishnagiri,Denkanikottai(Uzhavar Sandhai ),Ashgourd,Gouard,Local,12/09/2026,1500,2000,1750
Tamil Nadu,Krishnagiri,Denkanikottai(Uzhavar Sandhai ),Amaranthus,Amaranthus,Local,12/09/2026,3500,4000,3750
Tamil Nadu,Krishnagiri,Denkanikottai(Uzhavar Sandhai ),Beans,Beans (Whole),Local,12/09/2026,6500,7000,6750
Tamil Nadu,Krishnagiri,Denkanikottai(Uzhavar Sandhai ),Thondekai,Thondekai,Local,12/09/2026,3000,3500,3250
Tamil Nadu,Krishnagiri,Denkanikottai(Uzhavar Sandhai ),Capsicum,Capsicum,Local,12/09/2026,3000,3500,3250
Tamil Nadu,Krishnagiri,Denkanikottai(Uzhavar Sandhai ),Knool Khol,Knool Khol,Local,12/09/2026,1500,2000,1750
Tamil Nadu,Krishnagiri,Hosur(Uzhavar Sandhai ),Coconut,Coconut,Local,12/09/2026,5000,6000,5500
Tamil Nadu,Krishnagiri,Hosur(Uzhavar Sandhai ),Sweet Potato,Hosur Red,Local,12/09/2026,3500,4000,3750
Tamil Nadu,Krishnagiri,Hosur(Uzhavar Sandhai ),Carrot,Pusakesar,Local,12/09/2026,4000,4500,4250
Tamil Nadu,Krishnagiri,Hosur(Uzhavar Sandhai ),Cabbage,Cabbage,Local,12/09/2026,1000,1500,1250
Tamil Nadu,Krishnagiri,Hosur(Uzhavar Sandhai ),Orange,Darjeeling,Local,12/09/2026,22000,24000,23000
Tamil Nadu,Krishnagiri,Hosur(Uzhavar Sandhai ),Pineapple,Pine Apple,Local,12/09/2026,8000,10000,9000
Tamil Nadu,Krishnagiri,Hosur(Uzhavar Sandhai ),Grapes,Annabesahai,Local,12/09/2026,20000,24000,22000
Tamil Nadu,Krishnagiri,Hosur(Uzhavar Sandhai ),Cauliflower,Ranchi,Local,12/09/2026,2500,3000,2750
Tamil Nadu,Krishnagiri,Hosur(Uzhavar Sandhai ),Green Peas,Green Peas,Local,12/09/2026,10000,12000,11000
Tamil Nadu,Krishnagiri,Hosur(Uzhavar Sandhai ),Water Melon,Water Melon,Local,12/09/2026,2000,2500,2250
Tamil Nadu,Krishnagiri,Hosur(Uzhavar Sandhai ),Snakeguard,Snakeguard,Local,12/09/2026,3000,3500,3250
Tamil Nadu,Krishnagiri,Hosur(Uzhavar Sandhai ),Bottle gourd,Bottle Gourd,Local,12/09/2026,1500,2000,1750
Tamil Nadu,Krishnagiri,Hosur(Uzhavar Sandhai ),Banana - Green,Banana - Green,Local,12/09/2026,4500,5000,4750
Tamil Nadu,Krishnagiri,Hosur(Uzhavar Sandhai ),Jasmine,Jasmine,Local,12/09/2026,50000,60000,55000
Tamil Nadu,Krishnagiri,Hosur(Uzhavar Sandhai ),Lemon,Lemon,Local,12/09/2026,20000,23000,21500
Tamil Nadu,Madurai,Anaiyur(Uzhavar Sandhai ),Cabbage,Cabbage,Local,12/09/2026,2600,3000,2800
Tamil Nadu,Madurai,Anaiyur(Uzhavar Sandhai ),Orange,Darjeeling,Local,12/09/2026,14000,16000,15000
Tamil Nadu,Madurai,Anaiyur(Uzhavar Sandhai ),Garlic,Garlic,Local,12/09/2026,14000,27000,20500
Tamil Nadu,Madurai,Anaiyur(Uzhavar Sandhai ),Cauliflower,Ranchi,Local,12/09/2026,2000,2500,2250
Tamil Nadu,Madurai,Anaiyur(Uzhavar Sandhai ),Coriander(Leaves),I Sort,Local,12/09/2026,7000,7500,7250
Tamil Nadu,Madurai,Anaiyur(Uzhavar Sandhai ),Tomato,Deshi,Local,12/09/2026,2600,3000,2800
Tamil Nadu,Madurai,Anaiyur(Uzhavar Sandhai ),Cluster beans,Cluster Beans,Local,12/09/2026,3000,3200,3100
Tamil Nadu,Madurai,Anaiyur(Uzhavar Sandhai ),Ashgourd,Gouard,Local,12/09/2026,1600,2000,1800
Tamil Nadu,Madurai,Anaiyur(Uzhavar Sandhai ),Amaranthus,Amaranthus,Local,12/09/2026,3000,3600,3300
Tamil Nadu,Madurai,Anaiyur(Uzhavar Sandhai ),Knool Khol,Knool Khol,Local,12/09/2026,3000,3600,3300
Tamil Nadu,Madurai,Anaiyur(Uzhavar Sandhai ),Elephant Yam(Suran)/Amorphophallus,Elephant Yam (Suran),Local,12/09/2026,4500,5000,4750
Tamil Nadu,Madurai,Usilampatti(Uzhavar Sandhai ),Coriander(Leaves),I Sort,Local,12/09/2026,5500,6000,5750
Tamil Nadu,Madurai,Usilampatti(Uzhavar Sandhai ),Drumstick,Drumstick,Local,12/09/2026,5000,6000,5500
Tamil Nadu,Madurai,Usilampatti(Uzhavar Sandhai ),Lemon,Lemon,Local,12/09/2026,22000,26000,24000
Tamil Nadu,Madurai,Usilampatti(Uzhavar Sandhai ),Onion Green,Onion Green,Local,12/09/2026,8000,8500,8250
Tamil Nadu,Nagapattinam,Sirkali(Uzhavar Sandhai ),Coconut,Coconut,Local,12/09/2026,3500,4000,3750
Tamil Nadu,Nagapattinam,Sirkali(Uzhavar Sandhai ),Potato,Red Nanital,Local,12/09/2026,3600,4000,3800
Tamil Nadu,Nagapattinam,Sirkali(Uzhavar Sandhai ),Papaya,Papaya,Local,12/09/2026,3500,4000,3750
Tamil Nadu,Nagapattinam,Sirkali(Uzhavar Sandhai ),Beans,Beans (Whole),Local,12/09/2026,9000,9000,9000
Tamil Nadu,Nagapattinam,Sirkali(Uzhavar Sandhai ),Tapioca,Tapioca,Local,12/09/2026,4500,5000,4750
Tamil Nadu,Nagapattinam,Sirkali(Uzhavar Sandhai ),Drumstick,Drumstick,Local,12/09/2026,4500,5000,4750
Tamil Nadu,Nagapattinam,Sirkali(Uzhavar Sandhai ),Yam(Ratalu),Yam (Ratalu),Local,12/09/2026,5500,6000,5750
Tamil Nadu,Nagapattinam,Sirkali(Uzhavar Sandhai ),Onion Green,Onion Green,Local,12/09/2026,5500,6000,5750
Tamil Nadu,Namakkal,Kumarapalayam(Uzhavar Sandhai ),Brinjal,Other,Local,12/09/2026,4500,5000,4750
Tamil Nadu,Namakkal,Kumarapalayam(Uzhavar Sandhai ),Cluster beans,Cluster Beans,Local,12/09/2026,2600,3000,2800
Tamil Nadu,Namakkal,Kumarapalayam(Uzhavar Sandhai ),Banana - Green,Banana - Green,Local,12/09/2026,3000,3500,3250
Tamil Nadu,Namakkal,Kumarapalayam(Uzhavar Sandhai ),Ridgeguard(Tori),Ridgeguard(Tori),Local,12/09/2026,4500,5000,4750
Tamil Nadu,Namakkal,Mohanur(Uzhavar Sandhai ),Cabbage,Cabbage,Local,12/09/2026,3000,3500,3250
Tamil Nadu,Namakkal,Mohanur(Uzhavar Sandhai ),Potato,Other,Local,12/09/2026,3000,3500,3250
Tamil Nadu,Namakkal,Mohanur(Uzhavar Sandhai ),Coriander(Leaves),I Sort,Local,12/09/2026,7000,8000,7500
Tamil Nadu,Namakkal,Mohanur(Uzhavar Sandhai ),Tomato,Deshi,Local,12/09/2026,2500,3000,2750
Tamil Nadu,Namakkal,Mohanur(Uzhavar Sandhai ),Bottle gourd,Bottle Gourd,Local,12/09/2026,1500,2000,1750
Tamil Nadu,Namakkal,Mohanur(Uzhavar Sandhai ),Amaranthus,Amaranthus,Local,12/09/2026,4500,5000,4750
Tamil Nadu,Namakkal,Mohanur(Uzhavar Sandhai ),Beans,Beans (Whole),Local,12/09/2026,8000,9000,8500
Tamil Nadu,Namakkal,Mohanur(Uzhavar Sandhai ),Ridgeguard(Tori),Ridgeguard(Tori),Local,12/09/2026,6000,6800,6400
Tamil Nadu,Namakkal,Mohanur(Uzhavar Sandhai ),Chow Chow,Chow Chow,Local,12/09/2026,3500,4000,3750
Tamil Nadu,Namakkal,Mohanur(Uzhavar Sandhai ),Onion Green,Onion Green,Local,12/09/2026,5000,8000,6500
Tamil Nadu,Namakkal,Namakkal(Uzhavar Sandhai ),Betal Leaves,Mysore,Local,12/09/2026,13000,15000,14000
Tamil Nadu,Namakkal,Namakkal(Uzhavar Sandhai ),Groundnut,Big (With Shell),Local,12/09/2026,6500,7000,6750
Tamil Nadu,Namakkal,Namakkal(Uzhavar Sandhai ),Cauliflower,Ranchi,Local,12/09/2026,2000,3500,2750
Tamil Nadu,Namakkal,Namakkal(Uzhavar Sandhai ),Green Peas,Green Peas,Local,12/09/2026,16000,17500,16750
Tamil Nadu,Namakkal,Namakkal(Uzhavar Sandhai ),Tomato,Local,Local,12/09/2026,2500,3000,2750
Tamil Nadu,Namakkal,Namakkal(Uzhavar Sandhai ),Snakeguard,Snakeguard,Local,12/09/2026,5000,5500,5250
Tamil Nadu,Namakkal,Namakkal(Uzhavar Sandhai ),Pumpkin,Pumpkin,Local,12/09/2026,1500,1800,1650
Tamil Nadu,Namakkal,Namakkal(Uzhavar Sandhai ),Bhindi(Ladies Finger),Bhindi,Local,12/09/2026,3500,3800,3650
Tamil Nadu,Namakkal,Namakkal(Uzhavar Sandhai ),Ginger(Green),Green Ginger,Local,12/09/2026,17000,18000,17500
Tamil Nadu,Namakkal,Namakkal(Uzhavar Sandhai ),Cucumbar(Kheera),Cucumbar,Local,12/09/2026,7000,9000,8000
Tamil Nadu,Namakkal,Namakkal(Uzhavar Sandhai ),Knool Khol,Knool Khol,Local,12/09/2026,2500,3000,2750
Tamil Nadu,Namakkal,Namakkal(Uzhavar Sandhai ),Onion Green,Onion Green,Local,12/09/2026,4000,8000,6000
Tamil Nadu,Namakkal,Namakkal(Uzhavar Sandhai ),Sweet Corn ,Sweet Corn ,Local,12/09/2026,5000,5500,5250
Tamil Nadu,Namakkal,Paramathivelur(Uzhavar Sandhai ),Papaya,Papaya,Local,12/09/2026,3500,4000,3750
Tamil Nadu,Namakkal,Paramathivelur(Uzhavar Sandhai ),Tomato,Local,Local,12/09/2026,2800,3200,3000
Tamil Nadu,Namakkal,Paramathivelur(Uzhavar Sandhai ),Bottle gourd,Bottle Gourd,Local,12/09/2026,1700,2000,1850
Tamil Nadu,Namakkal,Paramathivelur(Uzhavar Sandhai ),Banana - Green,Banana - Green,Local,12/09/2026,3500,4000,3750
Tamil Nadu,Namakkal,Paramathivelur(Uzhavar Sandhai ),Tapioca,Tapioca,Local,12/09/2026,3000,3500,3250
Tamil Nadu,Namakkal,Paramathivelur(Uzhavar Sandhai ),Ridgeguard(Tori),Ridgeguard(Tori),Local,12/09/2026,5800,6500,6150
Tamil Nadu,Namakkal,Paramathivelur(Uzhavar Sandhai ),Drumstick,Drumstick,Local,12/09/2026,2000,2500,2250
Tamil Nadu,Namakkal,Paramathivelur(Uzhavar Sandhai ),Onion Green,Onion Green,Local,12/09/2026,8200,9000,8600
Tamil Nadu,Namakkal,Rasipuram(Uzhavar Sandhai ),Ginger(Green),Green Ginger,Local,12/09/2026,17000,18000,17500
Tamil Nadu,Namakkal,Rasipuram(Uzhavar Sandhai ),Coconut,Coconut,Local,12/09/2026,6000,6500,6250
Tamil Nadu,Namakkal,Rasipuram(Uzhavar Sandhai ),Carrot,Pusakesar,Local,12/09/2026,5500,6500,6000
Tamil Nadu,Namakkal,Rasipuram(Uzhavar Sandhai ),Ashgourd,Gouard,Local,12/09/2026,2000,2500,2250
Tamil Nadu,Namakkal,Rasipuram(Uzhavar Sandhai ),Beetroot,Beetroot,Local,12/09/2026,6000,7000,6500
Tamil Nadu,Namakkal,Rasipuram(Uzhavar Sandhai ),Mint(Pudina),Mint(Pudina),Local,12/09/2026,5500,6000,5750
Tamil Nadu,Namakkal,Rasipuram(Uzhavar Sandhai ),Sweet Corn ,Sweet Corn ,Local,12/09/2026,2000,2500,2250
Tamil Nadu,Thanjavur,Tirukattupalli(Uzhavar Sandhai ),Coconut,Coconut,Local,12/09/2026,6000,9000,7500
Tamil Nadu,Thanjavur,Tirukattupalli(Uzhavar Sandhai ),Banana,Besrai,Local,12/09/2026,6500,6500,6500
Tamil Nadu,Thanjavur,Tirukattupalli(Uzhavar Sandhai ),Bottle gourd,Bottle Gourd,Local,12/09/2026,3000,3000,3000
Tamil Nadu,Thanjavur,Tirukattupalli(Uzhavar Sandhai ),Pumpkin,Pumpkin,Local,12/09/2026,2000,2000,2000
Tamil Nadu,Thanjavur,Tirukattupalli(Uzhavar Sandhai ),Beans,Beans (Whole),Local,12/09/2026,7600,7600,7600
Tamil Nadu,Thanjavur,Tirukattupalli(Uzhavar Sandhai ),Raddish,Raddish,Local,12/09/2026,3000,3000,3000
Tamil Nadu,Thanjavur,Tirukattupalli(Uzhavar Sandhai ),Onion Green,Onion Green,Local,12/09/2026,8400,8400,8400
Tamil Nadu,Madurai,Palanganatham(Uzhavar Sandhai ),Cabbage,Cabbage,Local,12/09/2026,2600,3000,2800
Tamil Nadu,Madurai,Palanganatham(Uzhavar Sandhai ),Potato,Other,Local,12/09/2026,4000,5000,4500
Tamil Nadu,Madurai,Palanganatham(Uzhavar Sandhai ),Snakeguard,Snakeguard,Local,12/09/2026,3600,4000,3800
Tamil Nadu,Madurai,Palanganatham(Uzhavar Sandhai ),Raddish,Raddish,Local,12/09/2026,2400,2800,2600
Tamil Nadu,Madurai,Palanganatham(Uzhavar Sandhai ),Green Avare(W),Green Avare (W),Local,12/09/2026,6000,10000,8000
Tamil Nadu,Madurai,Palanganatham(Uzhavar Sandhai ),Knool Khol,Knool Khol,Local,12/09/2026,3000,3600,3300
Tamil Nadu,Madurai,Palanganatham(Uzhavar Sandhai ),Pomegranate,Pomogranate,Local,12/09/2026,20000,23000,21500
Tamil Nadu,Madurai,Palanganatham(Uzhavar Sandhai ),Indian Beans(Seam),Indian Beans (Seam),Local,12/09/2026,5000,6000,5500
Tamil Nadu,Madurai,Anna nagar(Uzhavar Sandhai ),Bitter gourd,Bitter Gourd,Local,12/09/2026,5500,7000,6250
Tamil Nadu,Madurai,Anna nagar(Uzhavar Sandhai ),Grapes,Annabesahai,Local,12/09/2026,10500,10500,10500
Tamil Nadu,Madurai,Anna nagar(Uzhavar Sandhai ),Chili Red,Bold,Local,12/09/2026,20000,20000,20000
Tamil Nadu,Madurai,Anna nagar(Uzhavar Sandhai ),Green Peas,Green Peas,Local,12/09/2026,17000,17000,17000
Tamil Nadu,Madurai,Anna nagar(Uzhavar Sandhai ),Water Melon,Water Melon,Local,12/09/2026,1800,2000,1900
Tamil Nadu,Madurai,Anna nagar(Uzhavar Sandhai ),Cluster beans,Cluster Beans,Local,12/09/2026,3000,3600,3300
Tamil Nadu,Madurai,Anna nagar(Uzhavar Sandhai ),Bitter gourd,Other,Local,12/09/2026,4600,5600,5100
Tamil Nadu,Madurai,Anna nagar(Uzhavar Sandhai ),Banana - Green,Banana - Green,Local,12/09/2026,2000,2500,2250
Tamil Nadu,Madurai,Anna nagar(Uzhavar Sandhai ),Tapioca,Tapioca,Local,12/09/2026,3600,4000,3800
Tamil Nadu,Madurai,Anna nagar(Uzhavar Sandhai ),Cucumbar(Kheera),Cucumbar,Local,12/09/2026,4600,4600,4600
Tamil Nadu,Madurai,Anna nagar(Uzhavar Sandhai ),Green Avare(W),Other,Local,12/09/2026,8600,9000,8800
Tamil Nadu,Madurai,Anna nagar(Uzhavar Sandhai ),Mango(Raw-Ripe),Mango - Raw-Ripe,Local,12/09/2026,11000,14000,12500
Tamil Nadu,Madurai,Anna nagar(Uzhavar Sandhai ),Turnip,Turnip,Local,12/09/2026,8000,10000,9000
Tamil Nadu,Madurai,Anna nagar(Uzhavar Sandhai ),Mint(Pudina),Mint(Pudina),Local,12/09/2026,5600,5600,5600
Tamil Nadu,Madurai,Anna nagar(Uzhavar Sandhai ),Rose(Local),Rose (Local),Local,12/09/2026,12000,13000,12500
Tamil Nadu,Perambalur,Perambalur(Uzhavar Sandhai ),Potato,Other,Local,12/09/2026,2800,3200,3000
Tamil Nadu,Perambalur,Perambalur(Uzhavar Sandhai ),Cauliflower,Ranchi,Local,12/09/2026,5000,6000,5500
Tamil Nadu,Perambalur,Perambalur(Uzhavar Sandhai ),Snakeguard,Snakeguard,Local,12/09/2026,3600,3600,3600
Tamil Nadu,Perambalur,Perambalur(Uzhavar Sandhai ),Mousambi(Sweet Lime),Mousambi,Local,12/09/2026,7000,8000,7500
Tamil Nadu,Perambalur,Perambalur(Uzhavar Sandhai ),Cluster beans,Cluster Beans,Local,12/09/2026,4800,5000,4900
Tamil Nadu,Perambalur,Perambalur(Uzhavar Sandhai ),Bitter gourd,Bitter Gourd,Local,12/09/2026,5800,6000,5900
Tamil Nadu,Perambalur,Perambalur(Uzhavar Sandhai ),Ashgourd,Gouard,Local,12/09/2026,2000,2400,2200
Tamil Nadu,Perambalur,Perambalur(Uzhavar Sandhai ),Pumpkin,Pumpkin,Local,12/09/2026,2000,2400,2200
Tamil Nadu,Perambalur,Perambalur(Uzhavar Sandhai ),Green Chilli,Green Chilly,Local,12/09/2026,5600,6000,5800
Tamil Nadu,Perambalur,Perambalur(Uzhavar Sandhai ),Cucumbar(Kheera),Cucumbar,Local,12/09/2026,5200,6400,5800
Tamil Nadu,Perambalur,Perambalur(Uzhavar Sandhai ),Thondekai,Thondekai,Local,12/09/2026,4800,5200,5000
Tamil Nadu,Perambalur,Perambalur(Uzhavar Sandhai ),Capsicum,Capsicum,Local,12/09/2026,5600,6000,5800
Tamil Nadu,Perambalur,Perambalur(Uzhavar Sandhai ),Chow Chow,Chow Chow,Local,12/09/2026,4400,4400,4400
Tamil Nadu,Perambalur,Perambalur(Uzhavar Sandhai ),Guava,Guava Allahabad,Local,12/09/2026,6000,7000,6500
Tamil Nadu,Perambalur,Perambalur(Uzhavar Sandhai ),Pomegranate,Pomogranate,Local,12/09/2026,18000,18000,18000
Tamil Nadu,Perambalur,Perambalur(Uzhavar Sandhai ),Elephant Yam(Suran)/Amorphophallus,Elephant Yam (Suran),Local,12/09/2026,4800,5600,5200
Tamil Nadu,Perambalur,Perambalur(Uzhavar Sandhai ),Mint(Pudina),Mint(Pudina),Local,12/09/2026,6000,6000,6000
Tamil Nadu,Salem,Mecheri(Uzhavar Sandhai),Coriander(Leaves),I Sort,Local,12/09/2026,2000,2000,2000
Tamil Nadu,Salem,Mecheri(Uzhavar Sandhai),Tomato,Deshi,Local,12/09/2026,2600,2600,2600
Tamil Nadu,Ranipet,Arcot(Uzhavar Sandhai ),Coconut,Coconut,Local,12/09/2026,4000,5000,4500
Tamil Nadu,Ranipet,Arcot(Uzhavar Sandhai ),Groundnut,Big (With Shell),Local,12/09/2026,6000,6000,6000
Tamil Nadu,Ranipet,Arcot(Uzhavar Sandhai ),Coriander(Leaves),I Sort,Local,12/09/2026,4000,4000,4000
Tamil Nadu,Ranipet,Arcot(Uzhavar Sandhai ),Banana - Green,Banana - Green,Local,12/09/2026,4000,5000,4500
Tamil Nadu,Ranipet,Arcot(Uzhavar Sandhai ),Tapioca,Tapioca,Local,12/09/2026,3000,3000,3000
Tamil Nadu,Ranipet,Arcot(Uzhavar Sandhai ),Raddish,Raddish,Local,12/09/2026,2400,2400,2400
Tamil Nadu,Ranipet,Arcot(Uzhavar Sandhai ),Green Avare(W),Green Avare (W),Local,12/09/2026,6000,6000,6000
Tamil Nadu,Ranipet,Arcot(Uzhavar Sandhai ),Lemon,Lemon,Local,12/09/2026,20000,20000,20000
Tamil Nadu,Ranipet,Ranipettai(Uzhavar Sandhai ),Cabbage,Cabbage,Local,12/09/2026,2500,2500,2500
Tamil Nadu,Ranipet,Ranipettai(Uzhavar Sandhai ),Pumpkin,Pumpkin,Local,12/09/2026,2500,2500,2500
Tamil Nadu,Ranipet,Ranipettai(Uzhavar Sandhai ),Amaranthus,Amaranthus,Local,12/09/2026,3000,3000,3000
Tamil Nadu,Ranipet,Ranipettai(Uzhavar Sandhai ),Banana - Green,Banana - Green,Local,12/09/2026,4000,5000,4500
Tamil Nadu,Ranipet,Ranipettai(Uzhavar Sandhai ),Beans,Beans (Whole),Local,12/09/2026,6000,8000,7000
Tamil Nadu,Ranipet,Ranipettai(Uzhavar Sandhai ),Beetroot,Beetroot,Local,12/09/2026,4000,4000,4000
Tamil Nadu,Ranipet,Ranipettai(Uzhavar Sandhai ),Cucumbar(Kheera),Cucumbar,Local,12/09/2026,4000,4000,4000
Tamil Nadu,Ranipet,Ranipettai(Uzhavar Sandhai ),Tender Coconut,Tender Coconut,Local,12/09/2026,2500,2500,2500
Tamil Nadu,Ranipet,Ranipettai(Uzhavar Sandhai ),Rose(Local),Rose (Local),Local,12/09/2026,24000,36000,30000
Tamil Nadu,Salem,Ammapet(Uzhavar Sandhai ),Beetroot,Beetroot,Local,12/09/2026,5500,6000,5750
Tamil Nadu,Salem,Ammapet(Uzhavar Sandhai ),Cabbage,Cabbage,Local,12/09/2026,2500,3000,2750
Tamil Nadu,Salem,Ammapet(Uzhavar Sandhai ),Coriander(Leaves),I Sort,Local,12/09/2026,3600,4000,3800
Tamil Nadu,Salem,Ammapet(Uzhavar Sandhai ),Chikoos(Sapota),Sapota,Local,12/09/2026,4500,5000,4750
Tamil Nadu,Salem,Ammapet(Uzhavar Sandhai ),Beans,Beans (Whole),Local,12/09/2026,7500,8000,7750
Tamil Nadu,Salem,Ammapet(Uzhavar Sandhai ),Ginger(Green),Green Ginger,Local,12/09/2026,17000,18000,17500
Tamil Nadu,Salem,Ammapet(Uzhavar Sandhai ),Green Avare(W),Other,Local,12/09/2026,5500,6000,5750
Tamil Nadu,Salem,Ammapet(Uzhavar Sandhai ),Guava,Guava Allahabad,Local,12/09/2026,5000,6000,5500
Tamil Nadu,Salem,Ammapet(Uzhavar Sandhai ),Indian Beans(Seam),Indian Beans (Seam),Local,12/09/2026,5500,6000,5750
Tamil Nadu,Salem,Ammapet(Uzhavar Sandhai ),Lemon,Lemon,Local,12/09/2026,9000,10000,9500
Tamil Nadu,Salem,Mettur(Uzhavar Sandhai ),Cabbage,Cabbage,Local,12/09/2026,2500,3000,2750
Tamil Nadu,Salem,Mettur(Uzhavar Sandhai ),Onion,Bellary,Local,12/09/2026,5000,6500,5750
Tamil Nadu,Salem,Mettur(Uzhavar Sandhai ),Potato,Other,Local,12/09/2026,4000,4500,4250
Tamil Nadu,Salem,Mettur(Uzhavar Sandhai ),Garlic,Garlic,Local,12/09/2026,24000,28000,26000
Tamil Nadu,Salem,Mettur(Uzhavar Sandhai ),Brinjal,Other,Local,12/09/2026,3500,4000,3750
Tamil Nadu,Salem,Mettur(Uzhavar Sandhai ),Papaya,Papaya,Local,12/09/2026,2500,3000,2750
Tamil Nadu,Salem,Mettur(Uzhavar Sandhai ),Ashgourd,Gouard,Local,12/09/2026,1500,2000,1750
Tamil Nadu,Salem,Mettur(Uzhavar Sandhai ),Green Chilli,Green Chilly,Local,12/09/2026,3500,4500,4000
Tamil Nadu,Salem,Mettur(Uzhavar Sandhai ),Beans,Beans (Whole),Local,12/09/2026,7000,7500,7250
Tamil Nadu,Salem,Mettur(Uzhavar Sandhai ),Cucumbar(Kheera),Cucumbar,Local,12/09/2026,3500,4000,3750
Tamil Nadu,Salem,Mettur(Uzhavar Sandhai ),Lemon,Lemon,Local,12/09/2026,10000,12000,11000
Tamil Nadu,Salem,Sooramangalam(Uzhavar Sandhai ),Carrot,Pusakesar,Local,12/09/2026,5500,6000,5750
Tamil Nadu,Salem,Sooramangalam(Uzhavar Sandhai ),Snakeguard,Snakeguard,Local,12/09/2026,3600,3800,3700
Tamil Nadu,Salem,Sooramangalam(Uzhavar Sandhai ),Tomato,Local,Local,12/09/2026,2600,2800,2700
Tamil Nadu,Salem,Sooramangalam(Uzhavar Sandhai ),Bottle gourd,Bottle Gourd,Local,12/09/2026,2000,3000,2500
Tamil Nadu,Salem,Sooramangalam(Uzhavar Sandhai ),Beans,Beans (Whole),Local,12/09/2026,7000,8400,7700
Tamil Nadu,Salem,Sooramangalam(Uzhavar Sandhai ),Beetroot,Beetroot,Local,12/09/2026,5500,6000,5750
Tamil Nadu,Salem,Sooramangalam(Uzhavar Sandhai ),Cucumbar(Kheera),Cucumbar,Local,12/09/2026,3500,4000,3750
Tamil Nadu,Salem,Sooramangalam(Uzhavar Sandhai ),Drumstick,Drumstick,Local,12/09/2026,2500,3000,2750
Tamil Nadu,Salem,Sooramangalam(Uzhavar Sandhai ),Knool Khol,Knool Khol,Local,12/09/2026,3800,4000,3900
Tamil Nadu,Salem,Sooramangalam(Uzhavar Sandhai ),Tube Rose(Loose),Tube Rose (Loose),Local,12/09/2026,24000,25000,24500
Tamil Nadu,Salem,Sooramangalam(Uzhavar Sandhai ),Baby Corn,Baby Corn,Grade A,12/09/2026,2500,3000,2750
Tamil Nadu,Thiruchirappalli,Thuraiyur APMC,Potato,Other,Local,12/09/2026,2500,3000,2750
Tamil Nadu,Thiruchirappalli,Thuraiyur APMC,Bitter gourd,Other,Local,12/09/2026,5000,5600,5300
Tamil Nadu,Thiruchirappalli,Thuraiyur APMC,Green Chilli,Green Chilly,Local,12/09/2026,4500,5000,4750
Tamil Nadu,Thiruchirappalli,Thuraiyur APMC,Banana - Green,Banana - Green,Local,12/09/2026,2000,2500,2250
Tamil Nadu,Thiruchirappalli,Thuraiyur APMC,Beans,Beans (Whole),Local,12/09/2026,8500,9000,8750
Tamil Nadu,Thiruchirappalli,Thuraiyur APMC,Chow Chow,Chow Chow,Local,12/09/2026,3500,4000,3750
Tamil Nadu,Thiruchirappalli,Thuraiyur APMC,Guava,Guava Allahabad,Local,12/09/2026,5000,6000,5500
Tamil Nadu,Thiruchirappalli,Thuraiyur APMC,Tender Coconut,Tender Coconut,Local,12/09/2026,4000,5000,4500
Tamil Nadu,Salem,Thammampatti (Uzhavar Sandhai ),Carrot,Pusakesar,Local,12/09/2026,6000,6500,6250
Tamil Nadu,Salem,Thammampatti (Uzhavar Sandhai ),Banana,Red Banana,Local,12/09/2026,6500,7000,6750
Tamil Nadu,Salem,Thammampatti (Uzhavar Sandhai ),Onion,Bellary,Local,12/09/2026,5500,6500,6000
Tamil Nadu,Salem,Thammampatti (Uzhavar Sandhai ),Garlic,Garlic,Local,12/09/2026,24000,28000,26000
Tamil Nadu,Salem,Thammampatti (Uzhavar Sandhai ),Ashgourd,Gouard,Local,12/09/2026,2000,2000,2000
Tamil Nadu,Salem,Thammampatti (Uzhavar Sandhai ),Pumpkin,Pumpkin,Local,12/09/2026,2000,2000,2000
Tamil Nadu,Salem,Thammampatti (Uzhavar Sandhai ),Raddish,Raddish,Local,12/09/2026,1200,1500,1350
Tamil Nadu,Salem,Thammampatti (Uzhavar Sandhai ),Green Avare(W),Green Avare (W),Local,12/09/2026,7000,7500,7250
Tamil Nadu,Salem,Thammampatti (Uzhavar Sandhai ),Amla(Nelli Kai),Amla,Local,12/09/2026,7000,8000,7500
Tamil Nadu,Salem,Thammampatti (Uzhavar Sandhai ),Onion Green,Onion Green,Local,12/09/2026,5000,6500,5750
Tamil Nadu,Salem,Thathakapatti(Uzhavar Sandhai ),Coconut,Coconut,Local,12/09/2026,6000,6500,6250
Tamil Nadu,Salem,Thathakapatti(Uzhavar Sandhai ),Beetroot,Beetroot,Local,12/09/2026,5000,6000,5500
Tamil Nadu,Salem,Thathakapatti(Uzhavar Sandhai ),Garlic,Garlic,Local,12/09/2026,25000,28000,26500
Tamil Nadu,Salem,Thathakapatti(Uzhavar Sandhai ),Cauliflower,Ranchi,Local,12/09/2026,2000,2500,2250
Tamil Nadu,Salem,Thathakapatti(Uzhavar Sandhai ),Water Melon,Water Melon,Local,12/09/2026,1500,2000,1750
Tamil Nadu,Salem,Thathakapatti(Uzhavar Sandhai ),Mousambi(Sweet Lime),Mousambi,Local,12/09/2026,3500,4000,3750
Tamil Nadu,Salem,Thathakapatti(Uzhavar Sandhai ),Tomato,Deshi,Local,12/09/2026,2500,2800,2650
Tamil Nadu,Salem,Thathakapatti(Uzhavar Sandhai ),Pumpkin,Pumpkin,Local,12/09/2026,1800,2000,1900
Tamil Nadu,Salem,Thathakapatti(Uzhavar Sandhai ),Cowpea(Veg),Cowpea (Veg),Local,12/09/2026,4000,5000,4500
Tamil Nadu,Salem,Thathakapatti(Uzhavar Sandhai ),Ginger(Green),Green Ginger,Local,12/09/2026,16000,17000,16500
Tamil Nadu,Salem,Thathakapatti(Uzhavar Sandhai ),Cucumbar(Kheera),Cucumbar,Local,12/09/2026,4000,5000,4500
Tamil Nadu,Salem,Thathakapatti(Uzhavar Sandhai ),Thondekai,Thondekai,Local,12/09/2026,3500,4000,3750
Tamil Nadu,Salem,Thathakapatti(Uzhavar Sandhai ),Capsicum,Capsicum,Local,12/09/2026,4000,5000,4500
Tamil Nadu,Salem,Thathakapatti(Uzhavar Sandhai ),Drumstick,Drumstick,Local,12/09/2026,2500,3000,2750
Tamil Nadu,Salem,Thathakapatti(Uzhavar Sandhai ),Pomegranate,Pomogranate,Local,12/09/2026,15000,16000,15500
Tamil Nadu,Salem,Thathakapatti(Uzhavar Sandhai ),Jasmine,Jasmine,Local,12/09/2026,55000,60000,57500
Tamil Nadu,Salem,Thathakapatti(Uzhavar Sandhai ),Custard Apple(Sharifa),Custard Apple(Sharifa),Local,12/09/2026,4000,5000,4500
Tamil Nadu,Theni,Chinnamanur(Uzhavar Sandhai ),Cabbage,Cabbage,Local,12/09/2026,2800,2800,2800
Tamil Nadu,Theni,Chinnamanur(Uzhavar Sandhai ),Green Peas,Green Peas,Local,12/09/2026,18000,18000,18000
Tamil Nadu,Theni,Chinnamanur(Uzhavar Sandhai ),Cucumbar(Kheera),Cucumbar,Local,12/09/2026,4000,4000,4000
Tamil Nadu,Theni,Chinnamanur(Uzhavar Sandhai ),Drumstick,Drumstick,Local,12/09/2026,3600,3600,3600
Tamil Nadu,Theni,Chinnamanur(Uzhavar Sandhai ),Knool Khol,Knool Khol,Local,12/09/2026,3000,3000,3000
Tamil Nadu,Theni,Chinnamanur(Uzhavar Sandhai ),Elephant Yam(Suran)/Amorphophallus,Elephant Yam (Suran),Local,12/09/2026,4200,4200,4200
Tamil Nadu,Theni,Chinnamanur(Uzhavar Sandhai ),Onion Green,Onion Green,Local,12/09/2026,7000,8500,7750
Tamil Nadu,Theni,Kambam(Uzhavar Sandhai ),Betal Leaves,Mysore,Local,12/09/2026,24000,24000,24000
Tamil Nadu,Theni,Kambam(Uzhavar Sandhai ),Cabbage,Cabbage,Local,12/09/2026,2600,2600,2600
Tamil Nadu,Theni,Kambam(Uzhavar Sandhai ),Bottle gourd,Bottle Gourd,Local,12/09/2026,1500,1600,1550
Tamil Nadu,Theni,Kambam(Uzhavar Sandhai ),Ashgourd,Gouard,Local,12/09/2026,2000,2000,2000
Tamil Nadu,Theni,Kambam(Uzhavar Sandhai ),Pumpkin,Pumpkin,Local,12/09/2026,1600,1600,1600
Tamil Nadu,Theni,Kambam(Uzhavar Sandhai ),Amaranthus,Amaranthus,Local,12/09/2026,3000,3000,3000
Tamil Nadu,Theni,Kambam(Uzhavar Sandhai ),Beans,Beans (Whole),Local,12/09/2026,7400,7400,7400
Tamil Nadu,Theni,Kambam(Uzhavar Sandhai ),Ridgeguard(Tori),Ridgeguard(Tori),Local,12/09/2026,3800,3800,3800
Tamil Nadu,Theni,Kambam(Uzhavar Sandhai ),Lemon,Lemon,Local,12/09/2026,24000,24000,24000
Tamil Nadu,Theni,Kambam(Uzhavar Sandhai ),Mashrooms,Mashrooms,Local,12/09/2026,25000,25000,25000
Tamil Nadu,Theni,Kambam(Uzhavar Sandhai ),Mint(Pudina),Mint(Pudina),Local,12/09/2026,5000,5000,5000
Tamil Nadu,Theni,Theni(Uzhavar Sandhai ),Coconut,Coconut,Local,12/09/2026,5600,5600,5600
Tamil Nadu,Theni,Theni(Uzhavar Sandhai ),Betal Leaves,Mysore,Local,12/09/2026,22000,22000,22000
Tamil Nadu,Theni,Theni(Uzhavar Sandhai ),Carrot,Pusakesar,Local,12/09/2026,6000,6000,6000
Tamil Nadu,Theni,Theni(Uzhavar Sandhai ),Pineapple,Pine Apple,Local,12/09/2026,8000,8000,8000
Tamil Nadu,Theni,Theni(Uzhavar Sandhai ),Cluster beans,Cluster Beans,Local,12/09/2026,2800,2800,2800
Tamil Nadu,Theni,Theni(Uzhavar Sandhai ),Bitter gourd,Other,Local,12/09/2026,3800,3800,3800
Tamil Nadu,Theni,Theni(Uzhavar Sandhai ),Amaranthus,Amaranthus,Local,12/09/2026,2000,2000,2000
Tamil Nadu,Theni,Theni(Uzhavar Sandhai ),Beans,Beans (Whole),Local,12/09/2026,8500,11500,10000
Tamil Nadu,Theni,Theni(Uzhavar Sandhai ),Chow Chow,Chow Chow,Local,12/09/2026,2400,2400,2400
Tamil Nadu,Theni,Theni(Uzhavar Sandhai ),Lemon,Lemon,Local,12/09/2026,20000,23000,21500
Tamil Nadu,Theni,Theni(Uzhavar Sandhai ),Colacasia,Colacasia,Local,12/09/2026,5500,5500,5500
Tamil Nadu,Theni,Theni(Uzhavar Sandhai ),Amla(Nelli Kai),Amla,Local,12/09/2026,6500,6500,6500
Tamil Nadu,Thirunelveli,Ambasamudram(Uzhavar Sandhai ),Tomato,Local,Local,12/09/2026,2400,2800,2600
Tamil Nadu,Thirunelveli,Ambasamudram(Uzhavar Sandhai ),Ashgourd,Gouard,Local,12/09/2026,800,1000,900
Tamil Nadu,Thirunelveli,Ambasamudram(Uzhavar Sandhai ),Green Chilli,Green Chilly,Local,12/09/2026,2500,3000,2750
Tamil Nadu,Thirunelveli,NGO Colony(Uzhavar Sandhai ),Brinjal,Round,Local,12/09/2026,4500,5000,4750
Tamil Nadu,Thirunelveli,NGO Colony(Uzhavar Sandhai ),Green Chilli,Green Chilly,Local,12/09/2026,3500,4000,3750
Tamil Nadu,Thirunelveli,NGO Colony(Uzhavar Sandhai ),Banana - Green,Banana - Green,Local,12/09/2026,2200,3000,2600
Tamil Nadu,Thirunelveli,NGO Colony(Uzhavar Sandhai ),Lemon,Lemon,Local,12/09/2026,15000,20000,17500
Tamil Nadu,Thirunelveli,Palayamkottai(Uzhavar Sandhai ),Cabbage,Cabbage,Local,12/09/2026,2400,2600,2500
Tamil Nadu,Thirunelveli,Palayamkottai(Uzhavar Sandhai ),Cauliflower,Ranchi,Local,12/09/2026,4200,4400,4300
Tamil Nadu,Thirunelveli,Palayamkottai(Uzhavar Sandhai ),Mousambi(Sweet Lime),Mousambi,Local,12/09/2026,6000,7000,6500
Tamil Nadu,Thirunelveli,Palayamkottai(Uzhavar Sandhai ),Bitter gourd,Bitter Gourd,Local,12/09/2026,4500,6000,5250
Tamil Nadu,Thirunelveli,Palayamkottai(Uzhavar Sandhai ),Ashgourd,Gouard,Local,12/09/2026,900,1000,950
Tamil Nadu,Thirunelveli,Palayamkottai(Uzhavar Sandhai ),Pumpkin,Pumpkin,Local,12/09/2026,900,1000,950
Tamil Nadu,Thirunelveli,Palayamkottai(Uzhavar Sandhai ),Raddish,Raddish,Local,12/09/2026,3000,3500,3250
Tamil Nadu,Thirunelveli,Palayamkottai(Uzhavar Sandhai ),Chow Chow,Chow Chow,Local,12/09/2026,3400,3600,3500
Tamil Nadu,Thirunelveli,Palayamkottai(Uzhavar Sandhai ),Drumstick,Drumstick,Local,12/09/2026,3000,3200,3100
Tamil Nadu,Thirupur,Kangayam(Uzhavar Sandhai ),Banana,Besrai,Local,12/09/2026,3500,4000,3750
Tamil Nadu,Thirupur,Kangayam(Uzhavar Sandhai ),Coriander(Leaves),I Sort,Local,12/09/2026,4000,4500,4250
Tamil Nadu,Thirupur,Kangayam(Uzhavar Sandhai ),Papaya,Papaya,Local,12/09/2026,2500,2700,2600
Tamil Nadu,Thirupur,Kangayam(Uzhavar Sandhai ),Tomato,Local,Local,12/09/2026,2000,2200,2100
Tamil Nadu,Thirupur,Kangayam(Uzhavar Sandhai ),Green Avare(W),Green Avare (W),Local,12/09/2026,6400,6800,6600
Tamil Nadu,Thirupur,Kangayam(Uzhavar Sandhai ),Onion Green,Onion Green,Local,12/09/2026,6000,7200,6600
Tamil Nadu,Thirupur,Tiruppur (North) (Uzhavar Sandhai ),Carrot,Pusakesar,Local,12/09/2026,5000,6000,5500
Tamil Nadu,Thirupur,Tiruppur (North) (Uzhavar Sandhai ),Water Melon,Water Melon,Local,12/09/2026,1500,2000,1750
Tamil Nadu,Thirupur,Tiruppur (North) (Uzhavar Sandhai ),Bitter gourd,Other,Local,12/09/2026,5000,6000,5500
Tamil Nadu,Thirupur,Tiruppur (North) (Uzhavar Sandhai ),Ashgourd,Gouard,Local,12/09/2026,1500,2000,1750
Tamil Nadu,Thirupur,Tiruppur (North) (Uzhavar Sandhai ),Green Chilli,Green Chilly,Local,12/09/2026,4000,4500,4250
Tamil Nadu,Thirupur,Tiruppur (North) (Uzhavar Sandhai ),Cowpea(Veg),Cowpea (Veg),Local,12/09/2026,3000,3600,3300
Tamil Nadu,Thirupur,Tiruppur (North) (Uzhavar Sandhai ),Drumstick,Drumstick,Local,12/09/2026,2500,3000,2750
Tamil Nadu,Thiruvannamalai,Chengam(Uzhavar Sandhai ),Banana,Besrai,Local,12/09/2026,4200,5000,4600
Tamil Nadu,Thiruvannamalai,Chengam(Uzhavar Sandhai ),Potato,Red Nanital,Local,12/09/2026,2500,3000,2750
Tamil Nadu,Thiruvannamalai,Chengam(Uzhavar Sandhai ),Cauliflower,Ranchi,Local,12/09/2026,3300,4000,3650
Tamil Nadu,Thiruvannamalai,Chengam(Uzhavar Sandhai ),Tomato,Deshi,Local,12/09/2026,2000,2500,2250
Tamil Nadu,Thiruvannamalai,Chengam(Uzhavar Sandhai ),Cluster beans,Cluster Beans,Local,12/09/2026,3300,4000,3650
Tamil Nadu,Thiruvannamalai,Chengam(Uzhavar Sandhai ),Bitter gourd,Bitter Gourd,Local,12/09/2026,5000,6000,5500
Tamil Nadu,Thiruvannamalai,Chengam(Uzhavar Sandhai ),Pumpkin,Pumpkin,Local,12/09/2026,2000,2500,2250
Tamil Nadu,Thiruvannamalai,Chengam(Uzhavar Sandhai ),Amaranthus,Amaranthus,Local,12/09/2026,1200,1500,1350
Tamil Nadu,Thiruvannamalai,Chengam(Uzhavar Sandhai ),Banana - Green,Banana - Green,Local,12/09/2026,1200,1500,1350
Tamil Nadu,Thiruvannamalai,Chengam(Uzhavar Sandhai ),Onion Green,Onion Green,Local,12/09/2026,7000,8000,7500
Tamil Nadu,Thiruvannamalai,Chengam(Uzhavar Sandhai ),Sweet Corn ,Sweet Corn ,Local,12/09/2026,2500,3000,2750
Tamil Nadu,Thiruvannamalai,Keelpennathur(Uzhavar Sandhai ),Banana,Poovan,Local,12/09/2026,4500,5000,4750
Tamil Nadu,Thiruvannamalai,Tamarainagar(Uzhavar Sandhai ),Coriander(Leaves),I Sort,Local,12/09/2026,5000,6000,5500
Tamil Nadu,Thiruvannamalai,Tamarainagar(Uzhavar Sandhai ),Tomato,Deshi,Local,12/09/2026,2200,2700,2450
Tamil Nadu,Thiruvannamalai,Tamarainagar(Uzhavar Sandhai ),Ashgourd,Gouard,Local,12/09/2026,2000,2500,2250
Tamil Nadu,Thiruvannamalai,Tamarainagar(Uzhavar Sandhai ),Pumpkin,Pumpkin,Local,12/09/2026,2000,2500,2250
Tamil Nadu,Thiruvannamalai,Tamarainagar(Uzhavar Sandhai ),Green Chilli,Green Chilly,Local,12/09/2026,4000,5000,4500
Tamil Nadu,Thiruvannamalai,Tamarainagar(Uzhavar Sandhai ),Banana - Green,Banana - Green,Local,12/09/2026,3700,4400,4050
Tamil Nadu,Thiruvannamalai,Tamarainagar(Uzhavar Sandhai ),Ridgeguard(Tori),Ridgeguard(Tori),Local,12/09/2026,5000,6000,5500
Tamil Nadu,Thiruvannamalai,Tamarainagar(Uzhavar Sandhai ),Raddish,Raddish,Local,12/09/2026,2500,3000,2750
Tamil Nadu,Thiruvannamalai,Tamarainagar(Uzhavar Sandhai ),Tamarind Fruit,Tamarind Fruit,Local,12/09/2026,10000,12000,11000
Tamil Nadu,Thiruvannamalai,Tamarainagar(Uzhavar Sandhai ),Elephant Yam(Suran)/Amorphophallus,Elephant Yam (Suran),Local,12/09/2026,4000,5000,4500
Tamil Nadu,Thiruvannamalai,Tamarainagar(Uzhavar Sandhai ),Colacasia,Colacasia,Local,12/09/2026,3500,4000,3750
Tamil Nadu,Thiruvannamalai,Tamarainagar(Uzhavar Sandhai ),Mint(Pudina),Mint(Pudina),Local,12/09/2026,5000,6000,5500
Tamil Nadu,Thiruvannamalai,Tamarainagar(Uzhavar Sandhai ),Sweet Corn ,Sweet Corn ,Local,12/09/2026,3500,4000,3750
Tamil Nadu,Thiruvannamalai,Vandavasi(Uzhavar Sandhai ),Onion,Bellary,Local,12/09/2026,5000,6000,5500
Tamil Nadu,Thiruvannamalai,Vandavasi(Uzhavar Sandhai ),Papaya,Papaya,Local,12/09/2026,3000,4000,3500
Tamil Nadu,Thiruvannamalai,Vandavasi(Uzhavar Sandhai ),Tomato,Other,Local,12/09/2026,2000,2500,2250
Tamil Nadu,Thiruvannamalai,Vandavasi(Uzhavar Sandhai ),Pumpkin,Pumpkin,Local,12/09/2026,2500,3000,2750
Tamil Nadu,Thiruvannamalai,Vandavasi(Uzhavar Sandhai ),Beans,Beans (Whole),Local,12/09/2026,6000,7200,6600
Tamil Nadu,Thiruvannamalai,Vandavasi(Uzhavar Sandhai ),Knool Khol,Knool Khol,Local,12/09/2026,2500,3000,2750
Tamil Nadu,Thiruvannamalai,Vandavasi(Uzhavar Sandhai ),Guava,Guava Allahabad,Local,12/09/2026,4000,5000,4500
Tamil Nadu,Thiruvarur,Muthupettai(Uzhavar Sandhai ),Onion Green,Onion Green,Local,12/09/2026,8000,8000,8000
Tamil Nadu,Coimbatore,Sulur(Uzhavar Sandhai ),Ginger(Green),Green Ginger,Local,12/09/2026,14000,16500,15250
Tamil Nadu,Coimbatore,Sulur(Uzhavar Sandhai ),Carrot,Pusakesar,Local,12/09/2026,5000,5600,5300
Tamil Nadu,Coimbatore,Sulur(Uzhavar Sandhai ),Onion,Bellary,Local,12/09/2026,5400,6000,5700
Tamil Nadu,Coimbatore,Sulur(Uzhavar Sandhai ),Brinjal,Round,Local,12/09/2026,3600,5000,4300
Tamil Nadu,Coimbatore,Sulur(Uzhavar Sandhai ),Bitter gourd,Bitter Gourd,Local,12/09/2026,4400,5000,4700
Tamil Nadu,Coimbatore,Sulur(Uzhavar Sandhai ),Beans,Beans (Whole),Local,12/09/2026,6400,7000,6700
Tamil Nadu,Coimbatore,Sulur(Uzhavar Sandhai ),Guava,Guava Allahabad,Local,12/09/2026,5000,6000,5500
Tamil Nadu,Coimbatore,Sulur(Uzhavar Sandhai ),Elephant Yam(Suran)/Amorphophallus,Elephant Yam (Suran),Local,12/09/2026,3600,4000,3800
Tamil Nadu,Coimbatore,Sulur(Uzhavar Sandhai ),Lemon,Lemon,Local,12/09/2026,24000,26000,25000
Tamil Nadu,Pudukkottai,Gandarvakottai(Uzhavar Sandhai ),Snakeguard,Snakeguard,Local,12/09/2026,2500,3000,2750
Tamil Nadu,Pudukkottai,Gandarvakottai(Uzhavar Sandhai ),Coriander(Leaves),I Sort,Local,12/09/2026,4000,5000,4500
Tamil Nadu,Pudukkottai,Gandarvakottai(Uzhavar Sandhai ),Papaya,Papaya,Local,12/09/2026,2500,3000,2750
Tamil Nadu,Pudukkottai,Gandarvakottai(Uzhavar Sandhai ),Green Chilli,Green Chilly,Local,12/09/2026,4000,5500,4750
Tamil Nadu,Pudukkottai,Gandarvakottai(Uzhavar Sandhai ),Onion Green,Onion Green,Local,12/09/2026,7000,8500,7750
Tamil Nadu,Cuddalore,Panruti(Uzhavar Sandhai ),Brinjal,Round,Local,12/09/2026,4000,5000,4500
Tamil Nadu,Cuddalore,Panruti(Uzhavar Sandhai ),Coriander(Leaves),I Sort,Local,12/09/2026,5000,5000,5000
Tamil Nadu,Cuddalore,Panruti(Uzhavar Sandhai ),Papaya,Papaya,Local,12/09/2026,4000,4000,4000
Tamil Nadu,Cuddalore,Panruti(Uzhavar Sandhai ),Bottle gourd,Bottle Gourd,Local,12/09/2026,2500,2500,2500
Tamil Nadu,Cuddalore,Panruti(Uzhavar Sandhai ),Ashgourd,Gouard,Local,12/09/2026,3000,3000,3000
Tamil Nadu,Cuddalore,Panruti(Uzhavar Sandhai ),Lemon,Lemon,Local,12/09/2026,12000,12000,12000
Tamil Nadu,Cuddalore,Vadalur(Uzhavar Sandhai ),Pumpkin,Pumpkin,Local,12/09/2026,2500,2500,2500
Tamil Nadu,Cuddalore,Vadalur(Uzhavar Sandhai ),Bhindi(Ladies Finger),Bhindi,Local,12/09/2026,4000,4000,4000
Tamil Nadu,Cuddalore,Vadalur(Uzhavar Sandhai ),Green Avare(W),Other,Local,12/09/2026,6000,6000,6000
Tamil Nadu,Cuddalore,Vadalur(Uzhavar Sandhai ),Drumstick,Drumstick,Local,12/09/2026,4000,4000,4000
Tamil Nadu,Cuddalore,Vadalur(Uzhavar Sandhai ),Yam(Ratalu),Yam (Ratalu),Local,12/09/2026,6000,6000,6000
Tamil Nadu,Cuddalore,Vadalur(Uzhavar Sandhai ),Onion Green,Onion Green,Local,12/09/2026,8000,8000,8000
Tamil Nadu,Dharmapuri,AJattihalli(Uzhavar Sandhai ),Cabbage,Cabbage,Local,12/09/2026,3000,3000,3000
Tamil Nadu,Dharmapuri,AJattihalli(Uzhavar Sandhai ),Bhindi(Ladies Finger),Bhindi,Local,12/09/2026,1600,2000,1800
Tamil Nadu,Dharmapuri,AJattihalli(Uzhavar Sandhai ),Beans,Beans (Whole),Local,12/09/2026,9000,9000,9000
Tamil Nadu,Dharmapuri,AJattihalli(Uzhavar Sandhai ),Ginger(Green),Green Ginger,Local,12/09/2026,20000,22000,21000
Tamil Nadu,Dharmapuri,AJattihalli(Uzhavar Sandhai ),Cucumbar(Kheera),Cucumbar,Local,12/09/2026,4000,4500,4250
Tamil Nadu,Dharmapuri,AJattihalli(Uzhavar Sandhai ),Lemon,Lemon,Local,12/09/2026,23000,28000,25500
Tamil Nadu,Thanjavur,Peravurani(Uzhavar Sandhai),Carrot,Pusakesar,Local,12/09/2026,7600,7600,7600
Tamil Nadu,Thanjavur,Peravurani(Uzhavar Sandhai),Snakeguard,Snakeguard,Local,12/09/2026,4000,4000,4000
Tamil Nadu,Thanjavur,Peravurani(Uzhavar Sandhai),Bitter gourd,Bitter Gourd,Local,12/09/2026,6000,6000,6000
Tamil Nadu,Thanjavur,Peravurani(Uzhavar Sandhai),Green Chilli,Green Chilly,Local,12/09/2026,4600,4600,4600
Tamil Nadu,Thanjavur,Peravurani(Uzhavar Sandhai),Raddish,Raddish,Local,12/09/2026,4000,4000,4000
Tamil Nadu,Thanjavur,Peravurani(Uzhavar Sandhai),Green Avare(W),Green Avare (W),Local,12/09/2026,7200,7200,7200
Tamil Nadu,Thanjavur,Peravurani(Uzhavar Sandhai),Drumstick,Drumstick,Local,12/09/2026,4400,4400,4400
Tamil Nadu,Thanjavur,Peravurani(Uzhavar Sandhai),Onion Green,Onion Green,Local,12/09/2026,7200,7200,7200
Tamil Nadu,Karur,Pallapatti (Uzhavar Sandhai ),Banana,Other,Local,12/09/2026,6500,7000,6750
Tamil Nadu,Karur,Pallapatti (Uzhavar Sandhai ),Brinjal,Other,Local,12/09/2026,5500,6000,5750
Tamil Nadu,Karur,Pallapatti (Uzhavar Sandhai ),Chikoos(Sapota),Sapota,Local,12/09/2026,4500,5000,4750
Tamil Nadu,Karur,Pallapatti (Uzhavar Sandhai ),Ashgourd,Gouard,Local,12/09/2026,2200,2500,2350
Tamil Nadu,Karur,Pallapatti (Uzhavar Sandhai ),Amaranthus,Amaranthus,Local,12/09/2026,2500,3000,2750
Tamil Nadu,Karur,Pallapatti (Uzhavar Sandhai ),Lime,Lime,Local,12/09/2026,3500,4000,3750
Tamil Nadu,Karur,Pallapatti (Uzhavar Sandhai ),Guava,Guava Allahabad,Local,12/09/2026,5500,6000,5750
Tamil Nadu,Karur,Pallapatti (Uzhavar Sandhai ),Onion Green,Onion Green,Local,12/09/2026,8000,9000,8500
Tamil Nadu,Karur,Pallapatti (Uzhavar Sandhai ),Mint(Pudina),Mint(Pudina),Local,12/09/2026,4500,5000,4750
Tamil Nadu,Karur,Velayuthampalayam(Uzhavar Sandhai ),Amaranthus,Amaranthus,Local,12/09/2026,2000,2500,2250
Tamil Nadu,Karur,Velayuthampalayam(Uzhavar Sandhai ),Onion Green,Onion Green,Local,12/09/2026,8000,9000,8500
Tamil Nadu,Karur,Vengamedu(Uzhavar Sandhai ),Coriander(Leaves),I Sort,Local,12/09/2026,5500,6000,5750
Tamil Nadu,Karur,Vengamedu(Uzhavar Sandhai ),Cluster beans,Cluster Beans,Local,12/09/2026,3500,4000,3750
Tamil Nadu,Karur,Vengamedu(Uzhavar Sandhai ),Drumstick,Drumstick,Local,12/09/2026,2500,3000,2750
Tamil Nadu,Theni,Devaram(Uzhavar Sandhai ),Cabbage,Cabbage,Local,12/09/2026,2400,2400,2400
Tamil Nadu,Theni,Devaram(Uzhavar Sandhai ),Cauliflower,Ranchi,Local,12/09/2026,3500,3500,3500
Tamil Nadu,Theni,Devaram(Uzhavar Sandhai ),Ashgourd,Gouard,Local,12/09/2026,1500,1500,1500
Tamil Nadu,Theni,Devaram(Uzhavar Sandhai ),Banana - Green,Banana - Green,Local,12/09/2026,3500,3500,3500
Tamil Nadu,Theni,Devaram(Uzhavar Sandhai ),Raddish,Raddish,Local,12/09/2026,2400,2400,2400
Tamil Nadu,Theni,Devaram(Uzhavar Sandhai ),Green Avare(W),Green Avare (W),Local,12/09/2026,5500,5500,5500
Tamil Nadu,Theni,Devaram(Uzhavar Sandhai ),Drumstick,Drumstick,Local,12/09/2026,3000,3000,3000
Tamil Nadu,Salem,Attayampatti(Uzhavar Sandhai ),Brinjal,Round,Local,12/09/2026,3400,3800,3600
Tamil Nadu,Salem,Attayampatti(Uzhavar Sandhai ),Chikoos(Sapota),Sapota,Local,12/09/2026,4000,5000,4500
Tamil Nadu,Salem,Attayampatti(Uzhavar Sandhai ),Papaya,Papaya,Local,12/09/2026,3000,3500,3250
Tamil Nadu,Salem,Attayampatti(Uzhavar Sandhai ),Cluster beans,Cluster Beans,Local,12/09/2026,3000,3600,3300
Tamil Nadu,Salem,Attayampatti(Uzhavar Sandhai ),Drumstick,Drumstick,Local,12/09/2026,2500,3000,2750
Tamil Nadu,Salem,Attayampatti(Uzhavar Sandhai ),Guava,Guava Allahabad,Local,12/09/2026,5000,6000,5500
Tamil Nadu,Salem,Attayampatti(Uzhavar Sandhai ),Onion Green,Onion Green,Local,12/09/2026,6000,6500,6250
Tamil Nadu,Sivaganga,Sivagangai (Uzhavar Sandhai ),Cauliflower,Ranchi,Local,12/09/2026,2600,3200,2900
Tamil Nadu,Sivaganga,Sivagangai (Uzhavar Sandhai ),Bottle gourd,Bottle Gourd,Local,12/09/2026,2200,2800,2500
Tamil Nadu,Sivaganga,Sivagangai (Uzhavar Sandhai ),Bhindi(Ladies Finger),Bhindi,Local,12/09/2026,3800,4200,4000
Tamil Nadu,Sivaganga,Sivagangai (Uzhavar Sandhai ),Beans,Beans (Whole),Local,12/09/2026,10500,12500,11500
Tamil Nadu,Sivaganga,Sivagangai (Uzhavar Sandhai ),Beetroot,Beetroot,Local,12/09/2026,4600,5200,4900
Tamil Nadu,Sivaganga,Devakottai (Uzhavar Sandhai ),Carrot,Pusakesar,Local,12/09/2026,4000,6200,5100
Tamil Nadu,Sivaganga,Devakottai (Uzhavar Sandhai ),Snakeguard,Snakeguard,Local,12/09/2026,3200,3800,3500
Tamil Nadu,Sivaganga,Devakottai (Uzhavar Sandhai ),Banana,Poovan,Local,12/09/2026,3500,4000,3750
Tamil Nadu,Sivaganga,Devakottai (Uzhavar Sandhai ),Tomato,Deshi,Local,12/09/2026,3000,3200,3100
Tamil Nadu,Sivaganga,Devakottai (Uzhavar Sandhai ),Cluster beans,Cluster Beans,Local,12/09/2026,3200,4000,3600
Tamil Nadu,Sivaganga,Devakottai (Uzhavar Sandhai ),Amaranthus,Amaranthus,Local,12/09/2026,3500,4000,3750
Tamil Nadu,Sivaganga,Devakottai (Uzhavar Sandhai ),Beetroot,Beetroot,Local,12/09/2026,5000,5200,5100
Tamil Nadu,Sivaganga,Devakottai (Uzhavar Sandhai ),Raddish,Raddish,Local,12/09/2026,2500,3000,2750
Tamil Nadu,Sivaganga,Devakottai (Uzhavar Sandhai ),Mango(Raw-Ripe),Mango - Raw-Ripe,Local,12/09/2026,9200,10200,9700
Tamil Nadu,Sivaganga,Devakottai (Uzhavar Sandhai ),Elephant Yam(Suran)/Amorphophallus,Elephant Yam (Suran),Local,12/09/2026,4400,4800,4600
Tamil Nadu,Sivaganga,Devakottai (Uzhavar Sandhai ),Yam(Ratalu),Yam (Ratalu),Local,12/09/2026,7000,7200,7100
Tamil Nadu,Salem,Edapadi (Uzhavar Sandhai ),Carrot,Pusakesar,Local,12/09/2026,6500,7000,6750
Tamil Nadu,Salem,Edapadi (Uzhavar Sandhai ),Onion,Bellary,Local,12/09/2026,6000,6500,6250
Tamil Nadu,Salem,Edapadi (Uzhavar Sandhai ),Potato,Other,Local,12/09/2026,4500,5000,4750
Tamil Nadu,Salem,Edapadi (Uzhavar Sandhai ),Cauliflower,Ranchi,Local,12/09/2026,2600,3000,2800
Tamil Nadu,Salem,Edapadi (Uzhavar Sandhai ),Papaya,Papaya,Local,12/09/2026,2800,3000,2900
Tamil Nadu,Salem,Edapadi (Uzhavar Sandhai ),Tomato,Other,Local,12/09/2026,2600,2800,2700
Tamil Nadu,Salem,Edapadi (Uzhavar Sandhai ),Cluster beans,Cluster Beans,Local,12/09/2026,3000,3500,3250
Tamil Nadu,Salem,Edapadi (Uzhavar Sandhai ),Ashgourd,Gouard,Local,12/09/2026,2000,2400,2200
Tamil Nadu,Salem,Edapadi (Uzhavar Sandhai ),Pumpkin,Pumpkin,Local,12/09/2026,2200,2400,2300
Tamil Nadu,Salem,Edapadi (Uzhavar Sandhai ),Amaranthus,Amaranthus,Local,12/09/2026,2400,2600,2500
Tamil Nadu,Salem,Edapadi (Uzhavar Sandhai ),Banana - Green,Banana - Green,Local,12/09/2026,2800,3000,2900
Tamil Nadu,Salem,Edapadi (Uzhavar Sandhai ),Beans,Beans (Whole),Local,12/09/2026,7500,8000,7750
Tamil Nadu,Salem,Edapadi (Uzhavar Sandhai ),Ginger(Green),Green Ginger,Local,12/09/2026,17000,18000,17500
Tamil Nadu,Salem,Edapadi (Uzhavar Sandhai ),Guava,Guava Allahabad,Local,12/09/2026,4500,5000,4750
Tamil Nadu,Salem,Edapadi (Uzhavar Sandhai ),Elephant Yam(Suran)/Amorphophallus,Elephant Yam (Suran),Local,12/09/2026,3500,4000,3750
Tamil Nadu,Salem,Edapadi (Uzhavar Sandhai ),Lemon,Lemon,Local,12/09/2026,15000,16000,15500
Tamil Nadu,Salem,Elampillai(Uzhavar Sandhai ),Bottle gourd,Bottle Gourd,Local,12/09/2026,2000,2500,2250
Tamil Nadu,Salem,Elampillai(Uzhavar Sandhai ),Amaranthus,Amaranthus,Local,12/09/2026,2000,2500,2250
Tamil Nadu,Salem,Elampillai(Uzhavar Sandhai ),Tapioca,Tapioca,Local,12/09/2026,2500,3000,2750
Tamil Nadu,Salem,Elampillai(Uzhavar Sandhai ),Guava,Guava Allahabad,Local,12/09/2026,3000,4000,3500
Tamil Nadu,Salem,Hasthampatti(Uzhavar Sandhai ),Coconut,Coconut,Local,12/09/2026,6000,6500,6250
Tamil Nadu,Salem,Hasthampatti(Uzhavar Sandhai ),Sweet Potato,Hosur Red,Local,12/09/2026,4500,5000,4750
Tamil Nadu,Salem,Hasthampatti(Uzhavar Sandhai ),Carrot,Pusakesar,Local,12/09/2026,6000,6500,6250
Tamil Nadu,Salem,Hasthampatti(Uzhavar Sandhai ),Apple,American,Local,12/09/2026,14000,15000,14500
Tamil Nadu,Salem,Hasthampatti(Uzhavar Sandhai ),Banana,Red Banana,Local,12/09/2026,7500,8000,7750
Tamil Nadu,Salem,Hasthampatti(Uzhavar Sandhai ),Potato,Other,Local,12/09/2026,4500,5000,4750
Tamil Nadu,Salem,Hasthampatti(Uzhavar Sandhai ),Garlic,Garlic,Local,12/09/2026,17000,18000,17500
Tamil Nadu,Salem,Hasthampatti(Uzhavar Sandhai ),Coriander(Leaves),I Sort,Local,12/09/2026,1800,2000,1900
Tamil Nadu,Salem,Hasthampatti(Uzhavar Sandhai ),Papaya,Papaya,Local,12/09/2026,3500,4000,3750
Tamil Nadu,Salem,Hasthampatti(Uzhavar Sandhai ),Tapioca,Tapioca,Local,12/09/2026,3000,3500,3250
Tamil Nadu,Salem,Hasthampatti(Uzhavar Sandhai ),Cucumbar(Kheera),Cucumbar,Local,12/09/2026,4000,5000,4500
Tamil Nadu,Salem,Hasthampatti(Uzhavar Sandhai ),Green Avare(W),Other,Local,12/09/2026,5500,6000,5750
Tamil Nadu,Salem,Hasthampatti(Uzhavar Sandhai ),Lime,Lime,Local,12/09/2026,3500,4000,3750
Tamil Nadu,Salem,Hasthampatti(Uzhavar Sandhai ),Guava,Guava Allahabad,Local,12/09/2026,4000,5000,4500
Tamil Nadu,Salem,Hasthampatti(Uzhavar Sandhai ),Tamarind Fruit,Tamarind Fruit,Local,12/09/2026,14000,15000,14500
Tamil Nadu,Salem,Jalagandapuram(Uzhavar Sandhai ),Brinjal,Round,Local,12/09/2026,3400,3600,3500
Tamil Nadu,Salem,Jalagandapuram(Uzhavar Sandhai ),Ashgourd,Gouard,Local,12/09/2026,1600,2000,1800
Tamil Nadu,Salem,Jalagandapuram(Uzhavar Sandhai ),Banana - Green,Banana - Green,Local,12/09/2026,2500,2800,2650
Tamil Nadu,Salem,Jalagandapuram(Uzhavar Sandhai ),Beans,Beans (Whole),Local,12/09/2026,7500,8000,7750
Tamil Nadu,Salem,Jalagandapuram(Uzhavar Sandhai ),Tender Coconut,Tender Coconut,Local,12/09/2026,3000,3500,3250
Tamil Nadu,Sivaganga,Singampunari(Uzhavar Sandhai ),Beetroot,Beetroot,Local,12/09/2026,4600,5200,4900
Tamil Nadu,Sivaganga,Singampunari(Uzhavar Sandhai ),Cauliflower,Ranchi,Local,12/09/2026,2600,3200,2900
Tamil Nadu,Sivaganga,Singampunari(Uzhavar Sandhai ),Coriander(Leaves),I Sort,Local,12/09/2026,5200,5600,5400
Tamil Nadu,Sivaganga,Singampunari(Uzhavar Sandhai ),Cluster beans,Cluster Beans,Local,12/09/2026,3200,3800,3500
Tamil Nadu,Sivaganga,Singampunari(Uzhavar Sandhai ),Drumstick,Drumstick,Local,12/09/2026,4400,6200,5300
Tamil Nadu,Sivaganga,Karaikudi(Uzhavar Sandhai ),Coconut,Coconut,Local,12/09/2026,7200,7500,7350
Tamil Nadu,Sivaganga,Karaikudi(Uzhavar Sandhai ),Cabbage,Cabbage,Local,12/09/2026,3000,3500,3250
Tamil Nadu,Sivaganga,Karaikudi(Uzhavar Sandhai ),Papaya,Papaya,Local,12/09/2026,5000,5500,5250
Tamil Nadu,Sivaganga,Karaikudi(Uzhavar Sandhai ),Tomato,Local,Local,12/09/2026,3000,3500,3250
Tamil Nadu,Sivaganga,Karaikudi(Uzhavar Sandhai ),Cluster beans,Cluster Beans,Local,12/09/2026,3500,4000,3750
Tamil Nadu,Sivaganga,Karaikudi(Uzhavar Sandhai ),Bitter gourd,Other,Local,12/09/2026,6000,6500,6250
Tamil Nadu,Sivaganga,Karaikudi(Uzhavar Sandhai ),Beans,Beans (Whole),Local,12/09/2026,9000,13000,11000
Tamil Nadu,Sivaganga,Karaikudi(Uzhavar Sandhai ),Raddish,Raddish,Local,12/09/2026,2800,3200,3000
Tamil Nadu,Sivaganga,Karaikudi(Uzhavar Sandhai ),Capsicum,Capsicum,Local,12/09/2026,6500,7500,7000
Tamil Nadu,Sivaganga,Tirupatthur(Uzhavar Sandhai ),Carrot,Pusakesar,Local,12/09/2026,4000,6500,5250
Tamil Nadu,Sivaganga,Tirupatthur(Uzhavar Sandhai ),Brinjal,Other,Local,12/09/2026,4000,4500,4250
Tamil Nadu,Sivaganga,Tirupatthur(Uzhavar Sandhai ),Banana - Green,Banana - Green,Local,12/09/2026,2500,3000,2750
Tamil Nadu,Sivaganga,Tirupatthur(Uzhavar Sandhai ),Knool Khol,Knool Khol,Local,12/09/2026,4000,4500,4250
Tamil Nadu,Sivaganga,Tirupatthur(Uzhavar Sandhai ),Mint(Pudina),Mint(Pudina),Local,12/09/2026,5000,5500,5250
Tamil Nadu,Thanjavur,Pattukottai(Uzhavar Sandhai ),Ginger(Green),Green Ginger,Local,12/09/2026,12000,18000,15000
Tamil Nadu,Thanjavur,Pattukottai(Uzhavar Sandhai ),Carrot,Pusakesar,Local,12/09/2026,8000,8000,8000
Tamil Nadu,Thanjavur,Pattukottai(Uzhavar Sandhai ),Brinjal,Round,Local,12/09/2026,4000,5800,4900
Tamil Nadu,Thanjavur,Pattukottai(Uzhavar Sandhai ),Cluster beans,Cluster Beans,Local,12/09/2026,4000,4000,4000
Tamil Nadu,Thanjavur,Pattukottai(Uzhavar Sandhai ),Bottle gourd,Bottle Gourd,Local,12/09/2026,2600,2600,2600
Tamil Nadu,Thanjavur,Pattukottai(Uzhavar Sandhai ),Amaranthus,Amaranthus,Local,12/09/2026,2000,2000,2000
Tamil Nadu,Thanjavur,Pattukottai(Uzhavar Sandhai ),Beetroot,Beetroot,Local,12/09/2026,4800,4800,4800
Tamil Nadu,Thanjavur,Pattukottai(Uzhavar Sandhai ),Green Avare(W),Green Avare (W),Local,12/09/2026,7400,7400,7400
Tamil Nadu,Thanjavur,Pattukottai(Uzhavar Sandhai ),Elephant Yam(Suran)/Amorphophallus,Elephant Yam (Suran),Local,12/09/2026,7000,7000,7000
Tamil Nadu,Thanjavur,Pattukottai(Uzhavar Sandhai ),Colacasia,Colacasia,Local,12/09/2026,7000,7000,7000
Tamil Nadu,Thanjavur,Thanjavur(Uzhavar Sandhai ),Carrot,Pusakesar,Local,12/09/2026,6400,6400,6400
Tamil Nadu,Thanjavur,Thanjavur(Uzhavar Sandhai ),Orange,Darjeeling,Local,12/09/2026,16000,16000,16000
Tamil Nadu,Thanjavur,Thanjavur(Uzhavar Sandhai ),Grapes,Annabesahai,Local,12/09/2026,12000,12000,12000
Tamil Nadu,Thanjavur,Thanjavur(Uzhavar Sandhai ),Coriander(Leaves),I Sort,Local,12/09/2026,3500,3500,3500
Tamil Nadu,Thanjavur,Thanjavur(Uzhavar Sandhai ),Bitter gourd,Bitter Gourd,Local,12/09/2026,5000,8800,6900
Tamil Nadu,Thanjavur,Thanjavur(Uzhavar Sandhai ),Bhindi(Ladies Finger),Bhindi,Local,12/09/2026,4400,4400,4400
Tamil Nadu,Thanjavur,Thanjavur(Uzhavar Sandhai ),Green Chilli,Green Chilly,Local,12/09/2026,4400,4400,4400
Tamil Nadu,Thanjavur,Thanjavur(Uzhavar Sandhai ),Banana - Green,Banana - Green,Local,12/09/2026,4000,4000,4000
Tamil Nadu,Thanjavur,Thanjavur(Uzhavar Sandhai ),Ridgeguard(Tori),Ridgeguard(Tori),Local,12/09/2026,5000,5000,5000
Tamil Nadu,Thanjavur,Thanjavur(Uzhavar Sandhai ),Drumstick,Drumstick,Local,12/09/2026,4000,4000,4000
Tamil Nadu,Thanjavur,Thanjavur(Uzhavar Sandhai ),Yam(Ratalu),Yam (Ratalu),Local,12/09/2026,9000,9000,9000
Tamil Nadu,Thanjavur,Thanjavur(Uzhavar Sandhai ),Mint(Pudina),Mint(Pudina),Local,12/09/2026,6000,6000,6000
Tamil Nadu,Thiruchirappalli,KKNagar(Uzhavar Sandhai ),Ginger(Green),Green Ginger,Local,12/09/2026,18000,18000,18000
Tamil Nadu,Thiruchirappalli,KKNagar(Uzhavar Sandhai ),Carrot,Pusakesar,Local,12/09/2026,8600,8600,8600
Tamil Nadu,Thiruchirappalli,KKNagar(Uzhavar Sandhai ),Orange,Darjeeling,Local,12/09/2026,12000,12000,12000
Tamil Nadu,Thiruchirappalli,KKNagar(Uzhavar Sandhai ),Green Peas,Green Peas,Local,12/09/2026,18000,18000,18000
Tamil Nadu,Thiruchirappalli,KKNagar(Uzhavar Sandhai ),Tomato,Deshi,Local,12/09/2026,3000,3000,3000
Tamil Nadu,Thiruchirappalli,KKNagar(Uzhavar Sandhai ),Cluster beans,Cluster Beans,Local,12/09/2026,3600,3600,3600
Tamil Nadu,Thiruchirappalli,KKNagar(Uzhavar Sandhai ),Green Chilli,Green Chilly,Local,12/09/2026,4800,4800,4800
Tamil Nadu,Thiruchirappalli,KKNagar(Uzhavar Sandhai ),Green Avare(W),Other,Local,12/09/2026,6600,6600,6600
Tamil Nadu,Thiruchirappalli,KKNagar(Uzhavar Sandhai ),Tender Coconut,Tender Coconut,Local,12/09/2026,5000,5000,5000
Tamil Nadu,Thiruchirappalli,KKNagar(Uzhavar Sandhai ),Onion Green,Onion Green,Local,12/09/2026,8000,9000,8500
Tamil Nadu,Thiruchirappalli,Lalgudi(Uzhavar Sandhai ),Cabbage,Cabbage,Local,12/09/2026,3600,3600,3600
Tamil Nadu,Thiruchirappalli,Lalgudi(Uzhavar Sandhai ),Amaranthus,Amaranthus,Local,12/09/2026,1500,1500,1500
Tamil Nadu,Thiruchirappalli,Lalgudi(Uzhavar Sandhai ),Cucumbar(Kheera),Cucumbar,Local,12/09/2026,4600,4600,4600
Tamil Nadu,Thiruchirappalli,Lalgudi(Uzhavar Sandhai ),Raddish,Raddish,Local,12/09/2026,3600,3600,3600
Tamil Nadu,Thiruchirappalli,Lalgudi(Uzhavar Sandhai ),Thondekai,Thondekai,Local,12/09/2026,4600,4600,4600
Tamil Nadu,Thiruchirappalli,Lalgudi(Uzhavar Sandhai ),Elephant Yam(Suran)/Amorphophallus,Elephant Yam (Suran),Local,12/09/2026,3600,3600,3600
Tamil Nadu,Thiruchirappalli,Lalgudi(Uzhavar Sandhai ),Colacasia,Colacasia,Local,12/09/2026,5600,5600,5600
Tamil Nadu,Thiruchirappalli,Lalgudi(Uzhavar Sandhai ),Mint(Pudina),Mint(Pudina),Local,12/09/2026,5600,5600,5600
Tamil Nadu,Thiruchirappalli,Manachanallur(Uzhavar Sandhai ),Ginger(Green),Green Ginger,Local,12/09/2026,18000,18000,18000
Tamil Nadu,Thiruchirappalli,Manachanallur(Uzhavar Sandhai ),Banana,Poovan,Local,12/09/2026,4000,4000,4000
Tamil Nadu,Thiruchirappalli,Manachanallur(Uzhavar Sandhai ),Potato,Other,Local,12/09/2026,3000,3000,3000
Tamil Nadu,Thiruchirappalli,Manachanallur(Uzhavar Sandhai ),Bhindi(Ladies Finger),Bhindi,Local,12/09/2026,4000,4000,4000
Tamil Nadu,Thiruchirappalli,Manachanallur(Uzhavar Sandhai ),Cowpea(Veg),Cowpea (Veg),Local,12/09/2026,3400,3400,3400
Tamil Nadu,Thiruchirappalli,Manachanallur(Uzhavar Sandhai ),Tender Coconut,Tender Coconut,Local,12/09/2026,4000,4000,4000
Tamil Nadu,Thiruchirappalli,Manapparai(Uzhavar Sandhai ),Carrot,Pusakesar,Local,12/09/2026,9000,9000,9000
Tamil Nadu,Thiruchirappalli,Manapparai(Uzhavar Sandhai ),Grapes,Annabesahai,Local,12/09/2026,8000,8000,8000
Tamil Nadu,Thiruchirappalli,Manapparai(Uzhavar Sandhai ),Onion,Bellary,Local,12/09/2026,5000,6000,5500
Tamil Nadu,Thiruchirappalli,Manapparai(Uzhavar Sandhai ),Cauliflower,Ranchi,Local,12/09/2026,5000,5000,5000
Tamil Nadu,Thiruchirappalli,Manapparai(Uzhavar Sandhai ),Bitter gourd,Other,Local,12/09/2026,5600,5600,5600
Tamil Nadu,Thiruchirappalli,Manapparai(Uzhavar Sandhai ),Ashgourd,Gouard,Local,12/09/2026,2000,2000,2000
Tamil Nadu,Thiruchirappalli,Manapparai(Uzhavar Sandhai ),Beans,Beans (Whole),Local,12/09/2026,9000,9000,9000
Tamil Nadu,Thiruchirappalli,Manapparai(Uzhavar Sandhai ),Beetroot,Beetroot,Local,12/09/2026,4000,4000,4000
Tamil Nadu,Thiruchirappalli,Manapparai(Uzhavar Sandhai ),Onion Green,Onion Green,Local,12/09/2026,7000,8000,7500
Tamil Nadu,Thiruchirappalli,Musiri(Uzhavar Sandhai ),Betal Leaves,Mysore,Local,12/09/2026,7000,8000,7500
Tamil Nadu,Thiruchirappalli,Musiri(Uzhavar Sandhai ),Carrot,Pusakesar,Local,12/09/2026,8000,9000,8500
Tamil Nadu,Thiruchirappalli,Musiri(Uzhavar Sandhai ),Cabbage,Cabbage,Local,12/09/2026,3000,3600,3300
Tamil Nadu,Thiruchirappalli,Musiri(Uzhavar Sandhai ),Brinjal,Other,Local,12/09/2026,3000,3600,3300
Tamil Nadu,Thiruchirappalli,Musiri(Uzhavar Sandhai ),Coriander(Leaves),I Sort,Local,12/09/2026,3000,3500,3250
Tamil Nadu,Thiruchirappalli,Musiri(Uzhavar Sandhai ),Cowpea(Veg),Cowpea (Veg),Local,12/09/2026,3000,3600,3300
Tamil Nadu,Thiruchirappalli,Musiri(Uzhavar Sandhai ),Tapioca,Tapioca,Local,12/09/2026,3000,3600,3300
Tamil Nadu,Thiruchirappalli,Musiri(Uzhavar Sandhai ),Beetroot,Beetroot,Local,12/09/2026,3500,4000,3750
Tamil Nadu,Thiruchirappalli,Musiri(Uzhavar Sandhai ),Cucumbar(Kheera),Cucumbar,Local,12/09/2026,4000,4600,4300
Tamil Nadu,Thiruchirappalli,Musiri(Uzhavar Sandhai ),Drumstick,Drumstick,Local,12/09/2026,2500,3000,2750
Tamil Nadu,Thiruchirappalli,Musiri(Uzhavar Sandhai ),Knool Khol,Knool Khol,Local,12/09/2026,3000,3500,3250
Tamil Nadu,Thiruchirappalli,Musiri(Uzhavar Sandhai ),Yam(Ratalu),Yam (Ratalu),Local,12/09/2026,5000,5500,5250
Tamil Nadu,Thiruchirappalli,Musiri(Uzhavar Sandhai ),Turnip,Turnip,Local,12/09/2026,3000,3600,3300
Tamil Nadu,Thiruchirappalli,Musiri(Uzhavar Sandhai ),Mint(Pudina),Mint(Pudina),Local,12/09/2026,5000,5600,5300
Tamil Nadu,Thiruchirappalli,Thiruverumbur(Uzhavar Sandhai ),Carrot,Pusakesar,Local,12/09/2026,9000,9000,9000
Tamil Nadu,Thiruchirappalli,Thiruverumbur(Uzhavar Sandhai ),Tomato,Other,Local,12/09/2026,3000,3000,3000
Tamil Nadu,Thiruchirappalli,Thiruverumbur(Uzhavar Sandhai ),Ashgourd,Gouard,Local,12/09/2026,2000,2000,2000
Tamil Nadu,Thiruchirappalli,Thiruverumbur(Uzhavar Sandhai ),Raddish,Raddish,Local,12/09/2026,3000,3000,3000
Tamil Nadu,Thiruchirappalli,Thiruverumbur(Uzhavar Sandhai ),Thondekai,Thondekai,Local,12/09/2026,4600,4600,4600
Tamil Nadu,Thiruchirappalli,Thiruverumbur(Uzhavar Sandhai ),Chow Chow,Chow Chow,Local,12/09/2026,4000,4000,4000
Tamil Nadu,Thiruchirappalli,Thiruverumbur(Uzhavar Sandhai ),Mint(Pudina),Mint(Pudina),Local,12/09/2026,6000,6000,6000
Tamil Nadu,Virudhunagar,Rajapalayam(Uzhavar Sandhai ),Cabbage,Cabbage,Local,12/09/2026,2500,3000,2750
Tamil Nadu,Virudhunagar,Rajapalayam(Uzhavar Sandhai ),Potato,Red Nanital,Local,12/09/2026,3000,3500,3250
Tamil Nadu,Virudhunagar,Rajapalayam(Uzhavar Sandhai ),Green Chilli,Green Chilly,Local,12/09/2026,5500,6000,5750
Tamil Nadu,Virudhunagar,Rajapalayam(Uzhavar Sandhai ),Drumstick,Drumstick,Local,12/09/2026,4500,5000,4750
Tamil Nadu,Virudhunagar,Sathur(Uzhavar Sandhai ),Carrot,Pusakesar,Local,12/09/2026,4500,5000,4750
Tamil Nadu,Virudhunagar,Sathur(Uzhavar Sandhai ),Cauliflower,Ranchi,Local,12/09/2026,3500,4000,3750
Tamil Nadu,Virudhunagar,Sathur(Uzhavar Sandhai ),Green Chilli,Green Chilly,Local,12/09/2026,5500,6000,5750
Tamil Nadu,Virudhunagar,Sathur(Uzhavar Sandhai ),Mint(Pudina),Mint(Pudina),Local,12/09/2026,3500,4000,3750
Tamil Nadu,Virudhunagar,Sivakasi(Uzhavar Sandhai ),Coriander(Leaves),I Sort,Local,12/09/2026,4000,4500,4250
Tamil Nadu,Virudhunagar,Sivakasi(Uzhavar Sandhai ),Chikoos(Sapota),Sapota,Local,12/09/2026,3500,4000,3750
Tamil Nadu,Virudhunagar,Sivakasi(Uzhavar Sandhai ),Papaya,Papaya,Local,12/09/2026,2500,3000,2750
Tamil Nadu,Virudhunagar,Sivakasi(Uzhavar Sandhai ),Bitter gourd,Bitter Gourd,Local,12/09/2026,4000,5000,4500
Tamil Nadu,Virudhunagar,Sivakasi(Uzhavar Sandhai ),Amaranthus,Amaranthus,Local,12/09/2026,2500,3000,2750
Tamil Nadu,Virudhunagar,Sivakasi(Uzhavar Sandhai ),Ridgeguard(Tori),Ridgeguard(Tori),Local,12/09/2026,4000,5000,4500
Tamil Nadu,Virudhunagar,Sivakasi(Uzhavar Sandhai ),Green Avare(W),Green Avare (W),Local,12/09/2026,5000,6000,5500
Tamil Nadu,Virudhunagar,Thalavaipuram(Uzhavar Sandhai ),Banana,Besrai,Local,12/09/2026,3200,4000,3600
Tamil Nadu,Virudhunagar,Thalavaipuram(Uzhavar Sandhai ),Papaya,Papaya,Local,12/09/2026,2800,3500,3150
Tamil Nadu,Virudhunagar,Thalavaipuram(Uzhavar Sandhai ),Cluster beans,Cluster Beans,Local,12/09/2026,2800,3500,3150
Tamil Nadu,Virudhunagar,Thalavaipuram(Uzhavar Sandhai ),Bitter gourd,Other,Local,12/09/2026,7500,9000,8250
Tamil Nadu,Virudhunagar,Thalavaipuram(Uzhavar Sandhai ),Banana - Green,Banana - Green,Local,12/09/2026,2800,3500,3150
Tamil Nadu,Virudhunagar,Thalavaipuram(Uzhavar Sandhai ),Beetroot,Beetroot,Local,12/09/2026,3300,4200,3750
Tamil Nadu,Virudhunagar,Thalavaipuram(Uzhavar Sandhai ),Ridgeguard(Tori),Ridgeguard(Tori),Local,12/09/2026,3200,4000,3600
Tamil Nadu,Virudhunagar,Thalavaipuram(Uzhavar Sandhai ),Chow Chow,Chow Chow,Local,12/09/2026,3000,3600,3300
Tamil Nadu,Virudhunagar,Thalavaipuram(Uzhavar Sandhai ),Drumstick,Drumstick,Local,12/09/2026,4000,5000,4500
Tamil Nadu,Virudhunagar,Thalavaipuram(Uzhavar Sandhai ),Guava,Guava Allahabad,Local,12/09/2026,3200,4000,3600
Tamil Nadu,Virudhunagar,Thalavaipuram(Uzhavar Sandhai ),Colacasia,Colacasia,Local,12/09/2026,5500,7000,6250
Tamil Nadu,Virudhunagar,Virudhunagar(Uzhavar Sandhai ),Ashgourd,Gouard,Local,12/09/2026,2200,2300,2250
Tamil Nadu,Virudhunagar,Virudhunagar(Uzhavar Sandhai ),Snakeguard,Snakeguard,Local,12/09/2026,3200,3300,3250
Tamil Nadu,Virudhunagar,Virudhunagar(Uzhavar Sandhai ),Chow Chow,Chow Chow,Local,12/09/2026,3000,3100,3050
Tamil Nadu,Chengalpattu,Madhuranthagam(Uzhavar Sandhai ),Ginger(Green),Green Ginger,Local,12/09/2026,12000,12000,12000
Tamil Nadu,Chengalpattu,Madhuranthagam(Uzhavar Sandhai ),Bitter gourd,Bitter Gourd,Local,12/09/2026,4000,4000,4000
Tamil Nadu,Chengalpattu,Madhuranthagam(Uzhavar Sandhai ),Ashgourd,Gouard,Local,12/09/2026,2000,2000,2000
Tamil Nadu,Chengalpattu,Madhuranthagam(Uzhavar Sandhai ),Green Chilli,Green Chilly,Local,12/09/2026,5000,5000,5000
Tamil Nadu,Chengalpattu,Madhuranthagam(Uzhavar Sandhai ),Ridgeguard(Tori),Ridgeguard(Tori),Local,12/09/2026,4000,4000,4000
Tamil Nadu,Chengalpattu,Madhuranthagam(Uzhavar Sandhai ),Green Avare(W),Green Avare (W),Local,12/09/2026,5000,5000,5000
Tamil Nadu,Chengalpattu,Medavakkam(Uzhavar Sandhai ),Potato,Other,Local,12/09/2026,3000,3000,3000
Tamil Nadu,Chengalpattu,Medavakkam(Uzhavar Sandhai ),Ashgourd,Gouard,Local,12/09/2026,2500,2500,2500
Tamil Nadu,Chengalpattu,Medavakkam(Uzhavar Sandhai ),Rose(Local),Rose (Local),Local,12/09/2026,20000,20000,20000
Tamil Nadu,Chengalpattu,Nanganallur(Uzhavar Sandhai ),Mousambi(Sweet Lime),Mousambi,Local,12/09/2026,3500,4000,3750
Tamil Nadu,Chengalpattu,Nanganallur(Uzhavar Sandhai ),Bitter gourd,Bitter Gourd,Local,12/09/2026,5500,6000,5750
Tamil Nadu,Chengalpattu,Nanganallur(Uzhavar Sandhai ),Pumpkin,Pumpkin,Local,12/09/2026,3500,4000,3750
Tamil Nadu,Chengalpattu,Nanganallur(Uzhavar Sandhai ),Cucumbar(Kheera),Cucumbar,Local,12/09/2026,5500,6000,5750
Tamil Nadu,Chengalpattu,Nanganallur(Uzhavar Sandhai ),Ridgeguard(Tori),Ridgeguard(Tori),Local,12/09/2026,4500,5000,4750
Tamil Nadu,Chengalpattu,Nanganallur(Uzhavar Sandhai ),Drumstick,Drumstick,Local,12/09/2026,4500,5000,4750
Tamil Nadu,Chengalpattu,Nanganallur(Uzhavar Sandhai ),Guava,Guava Allahabad,Local,12/09/2026,5500,6000,5750
Tamil Nadu,Chengalpattu,Nanganallur(Uzhavar Sandhai ),Tender Coconut,Tender Coconut,Local,12/09/2026,5500,6000,5750
Tamil Nadu,Chengalpattu,Nanganallur(Uzhavar Sandhai ),Marigold(Calcutta),Marigold(Calcutta),Local,12/09/2026,32000,35000,33500
Tamil Nadu,Chengalpattu,Nanganallur(Uzhavar Sandhai ),Elephant Yam(Suran)/Amorphophallus,Elephant Yam (Suran),Local,12/09/2026,5500,6000,5750
Tamil Nadu,Chengalpattu,Nanganallur(Uzhavar Sandhai ),Colacasia,Colacasia,Local,12/09/2026,5500,6000,5750
Tamil Nadu,Chengalpattu,Pallavaram(Uzhavar Sandhai ),Ginger(Green),Green Ginger,Local,12/09/2026,15000,17000,16000
Tamil Nadu,Chengalpattu,Pallavaram(Uzhavar Sandhai ),Sweet Potato,Hosur Red,Local,12/09/2026,5000,6000,5500
Tamil Nadu,Chengalpattu,Pallavaram(Uzhavar Sandhai ),Carrot,Pusakesar,Local,12/09/2026,6000,7000,6500
Tamil Nadu,Chengalpattu,Pallavaram(Uzhavar Sandhai ),Garlic,Garlic,Local,12/09/2026,25000,28000,26500
Tamil Nadu,Chengalpattu,Pallavaram(Uzhavar Sandhai ),Bitter gourd,Bitter Gourd,Local,12/09/2026,6000,7000,6500
Tamil Nadu,Chengalpattu,Pallavaram(Uzhavar Sandhai ),Pumpkin,Pumpkin,Local,12/09/2026,2500,3000,2750
Tamil Nadu,Chengalpattu,Pallavaram(Uzhavar Sandhai ),Cowpea(Veg),Cowpea (Veg),Local,12/09/2026,6000,7000,6500
Tamil Nadu,Chengalpattu,Pallavaram(Uzhavar Sandhai ),Beans,Beans (Whole),Local,12/09/2026,8000,9000,8500
Tamil Nadu,Chengalpattu,Pallavaram(Uzhavar Sandhai ),Mango(Raw-Ripe),Mango - Raw-Ripe,Local,12/09/2026,6000,7000,6500
Tamil Nadu,Chengalpattu,Pallavaram(Uzhavar Sandhai ),Yam(Ratalu),Yam (Ratalu),Local,12/09/2026,6000,7000,6500
Tamil Nadu,Nagercoil (Kannyiakumari),Myladi(Uzhavar Sandhai ),Ginger(Green),Green Ginger,Local,12/09/2026,17000,18000,17500
Tamil Nadu,Nagercoil (Kannyiakumari),Myladi(Uzhavar Sandhai ),Coconut,Coconut,Local,12/09/2026,5800,6000,5900
Tamil Nadu,Nagercoil (Kannyiakumari),Myladi(Uzhavar Sandhai ),Garlic,Garlic,Local,12/09/2026,14000,15000,14500
Tamil Nadu,Nagercoil (Kannyiakumari),Myladi(Uzhavar Sandhai ),Brinjal,Round,Local,12/09/2026,5500,6000,5750
Tamil Nadu,Nagercoil (Kannyiakumari),Myladi(Uzhavar Sandhai ),Green Chilli,Green Chilly,Local,12/09/2026,5500,6000,5750
Tamil Nadu,Nagercoil (Kannyiakumari),Myladi(Uzhavar Sandhai ),Cucumbar(Kheera),Cucumbar,Local,12/09/2026,3500,4000,3750
Tamil Nadu,Chengalpattu,Jameenrayapettai(Uzhavar Sandhai ),Sweet Potato,Hosur Red,Local,12/09/2026,5000,6000,5500
Tamil Nadu,Chengalpattu,Jameenrayapettai(Uzhavar Sandhai ),Groundnut,Big (With Shell),Local,12/09/2026,9000,10000,9500
Tamil Nadu,Chengalpattu,Jameenrayapettai(Uzhavar Sandhai ),Orange,Darjeeling,Local,12/09/2026,12000,14000,13000
Tamil Nadu,Chengalpattu,Jameenrayapettai(Uzhavar Sandhai ),Ashgourd,Gouard,Local,12/09/2026,2000,2500,2250
Tamil Nadu,Chengalpattu,Jameenrayapettai(Uzhavar Sandhai ),Bhindi(Ladies Finger),Bhindi,Local,12/09/2026,3500,4000,3750
Tamil Nadu,Chengalpattu,Jameenrayapettai(Uzhavar Sandhai ),Amaranthus,Amaranthus,Local,12/09/2026,2500,3000,2750
Tamil Nadu,Chengalpattu,Jameenrayapettai(Uzhavar Sandhai ),Banana - Green,Banana - Green,Local,12/09/2026,3500,4000,3750
Tamil Nadu,Chengalpattu,Jameenrayapettai(Uzhavar Sandhai ),Snakeguard,Snakeguard,Local,12/09/2026,4000,5000,4500
Tamil Nadu,Chengalpattu,Jameenrayapettai(Uzhavar Sandhai ),Beans,Beans (Whole),Local,12/09/2026,8000,9000,8500
Tamil Nadu,Chengalpattu,Jameenrayapettai(Uzhavar Sandhai ),Tapioca,Tapioca,Local,12/09/2026,3500,4000,3750
Tamil Nadu,Chengalpattu,Jameenrayapettai(Uzhavar Sandhai ),Ridgeguard(Tori),Ridgeguard(Tori),Local,12/09/2026,6000,7000,6500
Tamil Nadu,Chengalpattu,Jameenrayapettai(Uzhavar Sandhai ),Thondekai,Thondekai,Local,12/09/2026,5000,6000,5500
Tamil Nadu,Chengalpattu,Jameenrayapettai(Uzhavar Sandhai ),Capsicum,Capsicum,Local,12/09/2026,5000,6000,5500
Tamil Nadu,Chengalpattu,Jameenrayapettai(Uzhavar Sandhai ),Pomegranate,Pomogranate,Local,12/09/2026,20000,22000,21000
Tamil Nadu,Chengalpattu,Jameenrayapettai(Uzhavar Sandhai ),Elephant Yam(Suran)/Amorphophallus,Elephant Yam (Suran),Local,12/09/2026,4000,5000,4500
Tamil Nadu,Chengalpattu,Jameenrayapettai(Uzhavar Sandhai ),Colacasia,Colacasia,Local,12/09/2026,5000,6000,5500
Tamil Nadu,Chengalpattu,Jameenrayapettai(Uzhavar Sandhai ),Amla(Nelli Kai),Amla,Local,12/09/2026,10000,12000,11000
Tamil Nadu,Chengalpattu,Jameenrayapettai(Uzhavar Sandhai ),Mint(Pudina),Mint(Pudina),Local,12/09/2026,3500,4000,3750
Tamil Nadu,Chengalpattu,Jameenrayapettai(Uzhavar Sandhai ),Baby Corn,Baby Corn,Grade A,12/09/2026,4000,5000,4500
Tamil Nadu,Villupuram,Tindivanam APMC,Carrot,Pusakesar,Local,12/09/2026,5800,5800,5800
Tamil Nadu,Villupuram,Tindivanam APMC,Snakeguard,Snakeguard,Local,12/09/2026,3000,3000,3000
Tamil Nadu,Villupuram,Tindivanam APMC,Coriander(Leaves),I Sort,Local,12/09/2026,4000,4000,4000
Tamil Nadu,Villupuram,Tindivanam APMC,Bhindi(Ladies Finger),Bhindi,Local,12/09/2026,2500,2500,2500
Tamil Nadu,Villupuram,Tindivanam APMC,Amaranthus,Amaranthus,Local,12/09/2026,4000,4000,4000
Tamil Nadu,Villupuram,Tindivanam APMC,Beans,Beans (Whole),Local,12/09/2026,7800,7800,7800
Tamil Nadu,Villupuram,Tindivanam APMC,Drumstick,Drumstick,Local,12/09/2026,5000,5000,5000
Tamil Nadu,Villupuram,Tindivanam APMC,Fig(Anjura/Anjeer),Anjura,Local,12/09/2026,16000,16000,16000
Tamil Nadu,Villupuram,Ulundurpettai APMC,Banana,Besrai,Local,12/09/2026,3000,4000,3500
Tamil Nadu,Villupuram,Ulundurpettai APMC,Potato,Red Nanital,Local,12/09/2026,4000,4000,4000
Tamil Nadu,Villupuram,Ulundurpettai APMC,Tomato,Deshi,Local,12/09/2026,2000,2000,2000
Tamil Nadu,Villupuram,Ulundurpettai APMC,Ridgeguard(Tori),Ridgeguard(Tori),Local,12/09/2026,6000,6000,6000
Tamil Nadu,Villupuram,Ulundurpettai APMC,Lemon,Lemon,Local,12/09/2026,5000,5000,5000
Tamil Nadu,Madurai,Chokkikulam(Uzhavar Sandhai ),Sweet Potato,Hosur Red,Local,12/09/2026,5500,6000,5750
Tamil Nadu,Madurai,Chokkikulam(Uzhavar Sandhai ),Snakeguard,Snakeguard,Local,12/09/2026,3000,4000,3500
Tamil Nadu,Madurai,Chokkikulam(Uzhavar Sandhai ),Apple,American,Local,12/09/2026,18000,27000,22500
Tamil Nadu,Madurai,Chokkikulam(Uzhavar Sandhai ),Grapes,Annabesahai,Local,12/09/2026,11000,12000,11500
Tamil Nadu,Madurai,Chokkikulam(Uzhavar Sandhai ),Cluster beans,Cluster Beans,Local,12/09/2026,3000,3600,3300
Tamil Nadu,Madurai,Chokkikulam(Uzhavar Sandhai ),Bottle gourd,Bottle Gourd,Local,12/09/2026,1600,2000,1800
Tamil Nadu,Madurai,Chokkikulam(Uzhavar Sandhai ),Ashgourd,Gouard,Local,12/09/2026,1600,2000,1800
Tamil Nadu,Madurai,Chokkikulam(Uzhavar Sandhai ),Banana - Green,Banana - Green,Local,12/09/2026,1500,2400,1950
Tamil Nadu,Madurai,Chokkikulam(Uzhavar Sandhai ),Beans,Beans (Whole),Local,12/09/2026,10000,12000,11000
Tamil Nadu,Madurai,Chokkikulam(Uzhavar Sandhai ),Beetroot,Beetroot,Local,12/09/2026,4000,5000,4500
Tamil Nadu,Madurai,Chokkikulam(Uzhavar Sandhai ),Green Avare(W),Green Avare (W),Local,12/09/2026,6000,10000,8000
Tamil Nadu,Madurai,Chokkikulam(Uzhavar Sandhai ),Drumstick,Drumstick,Local,12/09/2026,4000,6000,5000
Tamil Nadu,Madurai,Chokkikulam(Uzhavar Sandhai ),Guava,Guava Allahabad,Local,12/09/2026,6000,7000,6500
Tamil Nadu,Madurai,Chokkikulam(Uzhavar Sandhai ),Colacasia,Colacasia,Local,12/09/2026,5000,6500,5750
Tamil Nadu,Madurai,Chokkikulam(Uzhavar Sandhai ),Custard Apple(Sharifa),Custard Apple(Sharifa),Local,12/09/2026,5000,6000,5500
Tamil Nadu,Madurai,Chokkikulam(Uzhavar Sandhai ),Onion Green,Onion Green,Local,12/09/2026,8000,8500,8250
Tamil Nadu,Madurai,Chokkikulam(Uzhavar Sandhai ),Mint(Pudina),Mint(Pudina),Local,12/09/2026,4500,5000,4750
Tamil Nadu,Erode,Thalavadi(Uzhavar Sandhai ),Coriander(Leaves),I Sort,Local,12/09/2026,3500,4000,3750
Tamil Nadu,Erode,Thalavadi(Uzhavar Sandhai ),Bottle gourd,Bottle Gourd,Local,12/09/2026,2000,2400,2200
Tamil Nadu,Cuddalore,Viruthachalam(Uzhavar Sandhai ),Coconut,Coconut,Local,12/09/2026,6000,6000,6000
Tamil Nadu,Cuddalore,Viruthachalam(Uzhavar Sandhai ),Banana,Besrai,Local,12/09/2026,4000,7000,5500
Tamil Nadu,Cuddalore,Viruthachalam(Uzhavar Sandhai ),Brinjal,Round,Local,12/09/2026,4000,5000,4500
Tamil Nadu,Cuddalore,Viruthachalam(Uzhavar Sandhai ),Coriander(Leaves),I Sort,Local,12/09/2026,5000,5000,5000
Tamil Nadu,Cuddalore,Viruthachalam(Uzhavar Sandhai ),Amaranthus,Amaranthus,Local,12/09/2026,2000,2500,2250
Tamil Nadu,Cuddalore,Viruthachalam(Uzhavar Sandhai ),Green Chilli,Green Chilly,Local,12/09/2026,4000,4000,4000
Tamil Nadu,Cuddalore,Viruthachalam(Uzhavar Sandhai ),Raddish,Raddish,Local,12/09/2026,4000,4000,4000
Tamil Nadu,Cuddalore,Viruthachalam(Uzhavar Sandhai ),Lemon,Lemon,Local,12/09/2026,10000,10000,10000
Tamil Nadu,Krishnagiri,Krishnagiri(Uzhavar Sandhai ),Brinjal,Round,Local,12/09/2026,1500,2000,1750
Tamil Nadu,Krishnagiri,Krishnagiri(Uzhavar Sandhai ),Bottle gourd,Bottle Gourd,Local,12/09/2026,1500,1800,1650
Tamil Nadu,Krishnagiri,Krishnagiri(Uzhavar Sandhai ),Pumpkin,Pumpkin,Local,12/09/2026,1500,2000,1750
Tamil Nadu,Krishnagiri,Krishnagiri(Uzhavar Sandhai ),Beans,Beans (Whole),Local,12/09/2026,7000,7500,7250
Tamil Nadu,Krishnagiri,Krishnagiri(Uzhavar Sandhai ),Beetroot,Beetroot,Local,12/09/2026,4000,4500,4250
Tamil Nadu,Krishnagiri,Krishnagiri(Uzhavar Sandhai ),Tapioca,Tapioca,Local,12/09/2026,2500,3000,2750
Tamil Nadu,Krishnagiri,Krishnagiri(Uzhavar Sandhai ),Thondekai,Thondekai,Local,12/09/2026,3000,4000,3500
Tamil Nadu,Krishnagiri,Krishnagiri(Uzhavar Sandhai ),Indian Beans(Seam),Indian Beans (Seam),Local,12/09/2026,3000,3800,3400
Tamil Nadu,Nagapattinam,Nagapattinam(Uzhavar Sandhai ),Banana,Poovan,Local,12/09/2026,4200,4200,4200
Tamil Nadu,Nagapattinam,Nagapattinam(Uzhavar Sandhai ),Tomato,Deshi,Local,12/09/2026,3800,3800,3800
Tamil Nadu,Nagapattinam,Nagapattinam(Uzhavar Sandhai ),Bottle gourd,Bottle Gourd,Local,12/09/2026,3100,3100,3100
Tamil Nadu,Nagapattinam,Nagapattinam(Uzhavar Sandhai ),Amaranthus,Amaranthus,Local,12/09/2026,2000,2500,2250
Tamil Nadu,Nagapattinam,Nagapattinam(Uzhavar Sandhai ),Green Chilli,Green Chilly,Local,12/09/2026,4500,6000,5250
Tamil Nadu,Nagapattinam,Nagapattinam(Uzhavar Sandhai ),Beans,Beans (Whole),Local,12/09/2026,8500,9900,9200
Tamil Nadu,Nagapattinam,Nagapattinam(Uzhavar Sandhai ),Raddish,Raddish,Local,12/09/2026,4100,4100,4100
Tamil Nadu,Nagapattinam,Nagapattinam(Uzhavar Sandhai ),Drumstick,Drumstick,Local,12/09/2026,3900,3900,3900
Tamil Nadu,Nagapattinam,Nagapattinam(Uzhavar Sandhai ),Tamarind Fruit,Tamarind Fruit,Local,12/09/2026,11100,13000,12050
Tamil Nadu,Tenkasi,Sankarankoil(Uzhavar Sandhai ),Brinjal,Other,Local,12/09/2026,3500,3500,3500
Tamil Nadu,Tenkasi,Sankarankoil(Uzhavar Sandhai ),Tomato,Deshi,Local,12/09/2026,3000,3000,3000
Tamil Nadu,Tenkasi,Sankarankoil(Uzhavar Sandhai ),Bhindi(Ladies Finger),Bhindi,Local,12/09/2026,4000,4000,4000
Tamil Nadu,Tenkasi,Sankarankoil(Uzhavar Sandhai ),Guava,Guava Allahabad,Local,12/09/2026,5000,5000,5000
Tamil Nadu,Tenkasi,Sankarankoil(Uzhavar Sandhai ),Colacasia,Colacasia,Local,12/09/2026,7000,7000,7000
Tamil Nadu,Tenkasi,Sankarankoil(Uzhavar Sandhai ),Onion Green,Onion Green,Local,12/09/2026,8000,9000,8500
Tamil Nadu,Tenkasi,Tenkasi(Uzhavar Sandhai ),Onion,Bellary,Local,12/09/2026,5000,6000,5500
Tamil Nadu,Tenkasi,Tenkasi(Uzhavar Sandhai ),Bottle gourd,Bottle Gourd,Local,12/09/2026,1500,2000,1750
Tamil Nadu,Tenkasi,Tenkasi(Uzhavar Sandhai ),Bhindi(Ladies Finger),Bhindi,Local,12/09/2026,3000,3500,3250
Tamil Nadu,Tenkasi,Tenkasi(Uzhavar Sandhai ),Tapioca,Tapioca,Local,12/09/2026,4000,4000,4000
Tamil Nadu,Tenkasi,Tenkasi(Uzhavar Sandhai ),Ginger(Green),Green Ginger,Local,12/09/2026,16000,16000,16000
Tamil Nadu,Tenkasi,Tenkasi(Uzhavar Sandhai ),Drumstick,Drumstick,Local,12/09/2026,3000,3000,3000
Tamil Nadu,Tenkasi,Tenkasi(Uzhavar Sandhai ),Amla(Nelli Kai),Amla,Local,12/09/2026,6000,6000,6000
Tamil Nadu,Pudukkottai,Pudukottai(Uzhavar Sandhai ),Onion,Bellary,Local,12/09/2026,6000,7000,6500
Tamil Nadu,Pudukkottai,Pudukottai(Uzhavar Sandhai ),Potato,Other,Local,12/09/2026,5000,6000,5500
Tamil Nadu,Pudukkottai,Pudukottai(Uzhavar Sandhai ),Cluster beans,Cluster Beans,Local,12/09/2026,4000,4500,4250
Tamil Nadu,Pudukkottai,Pudukottai(Uzhavar Sandhai ),Bhindi(Ladies Finger),Bhindi,Local,12/09/2026,3000,3500,3250
Tamil Nadu,Pudukkottai,Pudukottai(Uzhavar Sandhai ),Tapioca,Tapioca,Local,12/09/2026,3000,4000,3500
Tamil Nadu,Pudukkottai,Pudukottai(Uzhavar Sandhai ),Capsicum,Capsicum,Local,12/09/2026,5000,6000,5500
Tamil Nadu,Pudukkottai,Pudukottai(Uzhavar Sandhai ),Chow Chow,Chow Chow,Local,12/09/2026,4000,4500,4250
Tamil Nadu,Pudukkottai,Pudukottai(Uzhavar Sandhai ),Guava,Guava Allahabad,Local,12/09/2026,5000,6000,5500
Tamil Nadu,Pudukkottai,Pudukottai(Uzhavar Sandhai ),Tamarind Fruit,Tamarind Fruit,Local,12/09/2026,6000,7000,6500
Tamil Nadu,Thanjavur,Kumbakonam (Uzhavar Sandhai ),Coconut,Coconut,Local,12/09/2026,6000,6000,6000
Tamil Nadu,Thanjavur,Kumbakonam (Uzhavar Sandhai ),Banana,Besrai,Local,12/09/2026,4000,4000,4000
Tamil Nadu,Thanjavur,Kumbakonam (Uzhavar Sandhai ),Brinjal,Round,Local,12/09/2026,4800,6000,5400
Tamil Nadu,Thanjavur,Kumbakonam (Uzhavar Sandhai ),Pumpkin,Pumpkin,Local,12/09/2026,2400,2400,2400
Tamil Nadu,Thanjavur,Kumbakonam (Uzhavar Sandhai ),Amaranthus,Amaranthus,Local,12/09/2026,2000,2000,2000
Tamil Nadu,Thanjavur,Kumbakonam (Uzhavar Sandhai ),Banana - Green,Banana - Green,Local,12/09/2026,4800,4800,4800
Tamil Nadu,Thanjavur,Kumbakonam (Uzhavar Sandhai ),Beetroot,Beetroot,Local,12/09/2026,4800,4800,4800
Tamil Nadu,Thanjavur,Kumbakonam (Uzhavar Sandhai ),Raddish,Raddish,Local,12/09/2026,3600,3600,3600
Tamil Nadu,The Nilgiris,Udhagamandalam(Uzhavar Sandhai ),Cabbage,Cabbage,Local,12/09/2026,1500,2000,1750
Tamil Nadu,The Nilgiris,Udhagamandalam(Uzhavar Sandhai ),Apple,American,Local,12/09/2026,20000,22000,21000
Tamil Nadu,The Nilgiris,Udhagamandalam(Uzhavar Sandhai ),Orange,Darjeeling,Local,12/09/2026,10000,11000,10500
Tamil Nadu,The Nilgiris,Udhagamandalam(Uzhavar Sandhai ),Pineapple,Pine Apple,Local,12/09/2026,8000,9000,8500
Tamil Nadu,The Nilgiris,Udhagamandalam(Uzhavar Sandhai ),Cauliflower,Ranchi,Local,12/09/2026,4000,4500,4250
Tamil Nadu,The Nilgiris,Udhagamandalam(Uzhavar Sandhai ),Brinjal,Round,Local,12/09/2026,3500,3800,3650
Tamil Nadu,The Nilgiris,Udhagamandalam(Uzhavar Sandhai ),Papaya,Papaya,Local,12/09/2026,4500,5000,4750
Tamil Nadu,The Nilgiris,Udhagamandalam(Uzhavar Sandhai ),Amaranthus,Amaranthus,Local,12/09/2026,5000,6000,5500
Tamil Nadu,The Nilgiris,Udhagamandalam(Uzhavar Sandhai ),Banana - Green,Banana - Green,Local,12/09/2026,4000,4500,4250
Tamil Nadu,The Nilgiris,Udhagamandalam(Uzhavar Sandhai ),Cucumbar(Kheera),Cucumbar,Local,12/09/2026,3500,4000,3750
Tamil Nadu,The Nilgiris,Udhagamandalam(Uzhavar Sandhai ),Ridgeguard(Tori),Ridgeguard(Tori),Local,12/09/2026,4500,4800,4650
Tamil Nadu,The Nilgiris,Udhagamandalam(Uzhavar Sandhai ),Mango(Raw-Ripe),Mango - Raw-Ripe,Local,12/09/2026,9000,10000,9500
Tamil Nadu,The Nilgiris,Udhagamandalam(Uzhavar Sandhai ),Lime,Lime,Local,12/09/2026,10000,11000,10500
Tamil Nadu,The Nilgiris,Udhagamandalam(Uzhavar Sandhai ),Amla(Nelli Kai),Amla,Local,12/09/2026,8000,9000,8500
Tamil Nadu,Theni,Andipatti(Uzhavar Sandhai ),Cabbage,Cabbage,Local,12/09/2026,2200,2400,2300
Tamil Nadu,Theni,Andipatti(Uzhavar Sandhai ),Soyabean,Local,Local,12/09/2026,9500,10000,9750
Tamil Nadu,Theni,Andipatti(Uzhavar Sandhai ),Potato,Other,Local,12/09/2026,2600,2800,2700
Tamil Nadu,Theni,Andipatti(Uzhavar Sandhai ),Coriander(Leaves),I Sort,Local,12/09/2026,2500,2500,2500
Tamil Nadu,Theni,Andipatti(Uzhavar Sandhai ),Amaranthus,Amaranthus,Local,12/09/2026,2000,2500,2250
Tamil Nadu,Theni,Andipatti(Uzhavar Sandhai ),Raddish,Raddish,Local,12/09/2026,2200,2400,2300
Tamil Nadu,Theni,Andipatti(Uzhavar Sandhai ),Green Avare(W),Other,Local,12/09/2026,6300,6500,6400
Tamil Nadu,Theni,Bodinayakanur(Uzhavar Sandhai ),Onion,Bellary,Local,12/09/2026,6400,6400,6400
Tamil Nadu,Theni,Bodinayakanur(Uzhavar Sandhai ),Brinjal,Round,Local,12/09/2026,3600,3600,3600
Tamil Nadu,Theni,Bodinayakanur(Uzhavar Sandhai ),Bitter gourd,Bitter Gourd,Local,12/09/2026,3600,3600,3600
Tamil Nadu,Theni,Bodinayakanur(Uzhavar Sandhai ),Pumpkin,Pumpkin,Local,12/09/2026,1500,1500,1500
Tamil Nadu,Theni,Bodinayakanur(Uzhavar Sandhai ),Green Chilli,Green Chilly,Local,12/09/2026,5000,5000,5000
Tamil Nadu,Theni,Bodinayakanur(Uzhavar Sandhai ),Thondekai,Thondekai,Local,12/09/2026,3400,3400,3400
Tamil Nadu,Theni,Bodinayakanur(Uzhavar Sandhai ),Mint(Pudina),Mint(Pudina),Local,12/09/2026,5000,5000,5000
Tamil Nadu,Thiruvarur,Needamangalam(Uzhavar Sandhai ),Brinjal,Round,Local,12/09/2026,4200,4200,4200
Tamil Nadu,Thiruvarur,Needamangalam(Uzhavar Sandhai ),Cluster beans,Cluster Beans,Local,12/09/2026,3800,3800,3800
Tamil Nadu,Thiruvarur,Needamangalam(Uzhavar Sandhai ),Bitter gourd,Bitter Gourd,Local,12/09/2026,5600,5600,5600
Tamil Nadu,Thiruvarur,Needamangalam(Uzhavar Sandhai ),Pumpkin,Pumpkin,Local,12/09/2026,2800,2800,2800
Tamil Nadu,Thiruvarur,Needamangalam(Uzhavar Sandhai ),Bhindi(Ladies Finger),Bhindi,Local,12/09/2026,4000,4000,4000
Tamil Nadu,Thiruvarur,Needamangalam(Uzhavar Sandhai ),Green Avare(W),Green Avare (W),Local,12/09/2026,6200,6200,6200
Tamil Nadu,Thiruvarur,Tiruvarur(Uzhavar Sandhai ),Snakeguard,Snakeguard,Local,12/09/2026,4000,4000,4000
Tamil Nadu,Thiruvarur,Tiruvarur(Uzhavar Sandhai ),Brinjal,Round,Local,12/09/2026,4000,4000,4000
Tamil Nadu,Thiruvarur,Tiruvarur(Uzhavar Sandhai ),Coriander(Leaves),I Sort,Local,12/09/2026,4000,4000,4000
Tamil Nadu,Thiruvarur,Tiruvarur(Uzhavar Sandhai ),Bitter gourd,Bitter Gourd,Local,12/09/2026,6000,6000,6000
Tamil Nadu,Thiruvarur,Tiruvarur(Uzhavar Sandhai ),Drumstick,Drumstick,Local,12/09/2026,4000,4000,4000
Tamil Nadu,Virudhunagar,Aruppukottai(Uzhavar Sandhai ),Brinjal,Round,Local,12/09/2026,3500,4000,3750
Tamil Nadu,Virudhunagar,Aruppukottai(Uzhavar Sandhai ),Bottle gourd,Bottle Gourd,Local,12/09/2026,2500,3000,2750
Tamil Nadu,Virudhunagar,Aruppukottai(Uzhavar Sandhai ),Pumpkin,Pumpkin,Local,12/09/2026,2500,3000,2750
Tamil Nadu,Virudhunagar,Aruppukottai(Uzhavar Sandhai ),Banana - Green,Banana - Green,Local,12/09/2026,3000,3500,3250
Tamil Nadu,Virudhunagar,Aruppukottai(Uzhavar Sandhai ),Beans,Beans (Whole),Local,12/09/2026,8500,9000,8750
Tamil Nadu,Virudhunagar,Aruppukottai(Uzhavar Sandhai ),Ginger(Green),Green Ginger,Local,12/09/2026,19000,20000,19500
Tamil Nadu,Virudhunagar,Aruppukottai(Uzhavar Sandhai ),Raddish,Raddish,Local,12/09/2026,3000,3500,3250
Tamil Nadu,Virudhunagar,Aruppukottai(Uzhavar Sandhai ),Thondekai,Thondekai,Local,12/09/2026,3500,4000,3750
Tamil Nadu,Virudhunagar,Aruppukottai(Uzhavar Sandhai ),Yam(Ratalu),Yam (Ratalu),Local,12/09/2026,7500,8000,7750
Tamil Nadu,Virudhunagar,Aruppukottai(Uzhavar Sandhai ),Lemon,Lemon,Local,12/09/2026,20000,22000,21000
Tamil Nadu,Virudhunagar,Aruppukottai(Uzhavar Sandhai ),Colacasia,Colacasia,Local,12/09/2026,6500,7000,6750
Tamil Nadu,Virudhunagar,Aruppukottai(Uzhavar Sandhai ),Mint(Pudina),Mint(Pudina),Local,12/09/2026,4500,5000,4750
Tamil Nadu,Villupuram,Gingee(Uzhavar Sandhai ),Coconut,Coconut,Local,12/09/2026,6000,6000,6000
Tamil Nadu,Villupuram,Gingee(Uzhavar Sandhai ),Banana,Karpura,Local,12/09/2026,5000,6000,5500
Tamil Nadu,Villupuram,Gingee(Uzhavar Sandhai ),Coriander(Leaves),I Sort,Local,12/09/2026,4000,4000,4000
Tamil Nadu,Villupuram,Gingee(Uzhavar Sandhai ),Cluster beans,Cluster Beans,Local,12/09/2026,3500,3500,3500
Tamil Nadu,Villupuram,Gingee(Uzhavar Sandhai ),Bitter gourd,Bitter Gourd,Local,12/09/2026,5000,6000,5500
Tamil Nadu,Villupuram,Gingee(Uzhavar Sandhai ),Amaranthus,Amaranthus,Local,12/09/2026,4000,5000,4500
Tamil Nadu,Villupuram,Gingee(Uzhavar Sandhai ),Beans,Beans (Whole),Local,12/09/2026,8000,8000,8000
Tamil Nadu,Villupuram,Gingee(Uzhavar Sandhai ),Ginger(Green),Green Ginger,Local,12/09/2026,13000,13000,13000
Tamil Nadu,Villupuram,Gingee(Uzhavar Sandhai ),Green Avare(W),Green Avare (W),Local,12/09/2026,7000,7000,7000
Tamil Nadu,Thiruvarur,Valangaiman APMC,Cluster beans,Cluster Beans,Local,12/09/2026,4000,4000,4000
Tamil Nadu,Thiruvarur,Valangaiman APMC,Pumpkin,Pumpkin,Local,12/09/2026,2400,2400,2400
Tamil Nadu,Thiruvarur,Valangaiman APMC,Green Chilli,Green Chilly,Local,12/09/2026,6000,6000,6000
Tamil Nadu,Thiruvarur,Valangaiman APMC,Raddish,Raddish,Local,12/09/2026,3000,3000,3000
Tamil Nadu,Thiruvellore,Tiruthani(Uzhavar Sandhai ),Coconut,Coconut,Local,12/09/2026,6000,6000,6000
Tamil Nadu,Thiruvellore,Tiruthani(Uzhavar Sandhai ),Bhindi(Ladies Finger),Bhindi,Local,12/09/2026,4000,4000,4000
Tamil Nadu,Thiruvellore,Tiruthani(Uzhavar Sandhai ),Cucumbar(Kheera),Cucumbar,Local,12/09/2026,5000,5000,5000
Tamil Nadu,Thiruvellore,Tiruthani(Uzhavar Sandhai ),Green Avare(W),Green Avare (W),Local,12/09/2026,6000,6000,6000
Tamil Nadu,Thiruvellore,Tiruthani(Uzhavar Sandhai ),Mint(Pudina),Mint(Pudina),Local,12/09/2026,5000,5000,5000
Tamil Nadu,Virudhunagar,Kariyapatti(Uzhavar Sandhai ),Coconut,Coconut,Local,12/09/2026,5500,6000,5750
Tamil Nadu,Virudhunagar,Kariyapatti(Uzhavar Sandhai ),Cluster beans,Cluster Beans,Local,12/09/2026,3500,4000,3750
Tamil Nadu,Virudhunagar,Kariyapatti(Uzhavar Sandhai ),Bitter gourd,Other,Local,12/09/2026,9500,10000,9750
Tamil Nadu,Virudhunagar,Kariyapatti(Uzhavar Sandhai ),Ashgourd,Gouard,Local,12/09/2026,2000,2500,2250
Tamil Nadu,Virudhunagar,Kariyapatti(Uzhavar Sandhai ),Beetroot,Beetroot,Local,12/09/2026,4000,4500,4250
Tamil Nadu,Virudhunagar,Kariyapatti(Uzhavar Sandhai ),Raddish,Raddish,Local,12/09/2026,3000,3500,3250
Tamil Nadu,Virudhunagar,Kariyapatti(Uzhavar Sandhai ),Green Avare(W),Green Avare (W),Local,12/09/2026,7500,8000,7750
Tamil Nadu,Virudhunagar,Kariyapatti(Uzhavar Sandhai ),Drumstick,Drumstick,Local,12/09/2026,3500,4000,3750
Tamil Nadu,Virudhunagar,Kariyapatti(Uzhavar Sandhai ),Yam(Ratalu),Yam (Ratalu),Local,12/09/2026,7500,8000,7750
Tamil Nadu,Thiruvellore,Tiruvallur(Uzhavar Sandhai ),Onion,Bellary,Local,12/09/2026,6000,6000,6000
Tamil Nadu,Thiruvellore,Tiruvallur(Uzhavar Sandhai ),Brinjal,Round,Local,12/09/2026,5000,5000,5000
Tamil Nadu,Thiruvellore,Tiruvallur(Uzhavar Sandhai ),Thondekai,Thondekai,Local,12/09/2026,4500,4500,4500
Tamil Nadu,Vellore,Katpadi (Uzhavar Sandhai ),Carrot,Pusakesar,Local,12/09/2026,5000,5000,5000
Tamil Nadu,Vellore,Katpadi (Uzhavar Sandhai ),Bitter gourd,Bitter Gourd,Local,12/09/2026,4500,5500,5000
Tamil Nadu,Vellore,Katpadi (Uzhavar Sandhai ),Banana - Green,Banana - Green,Local,12/09/2026,3000,3000,3000
Tamil Nadu,Vellore,Katpadi (Uzhavar Sandhai ),Beetroot,Beetroot,Local,12/09/2026,3500,3500,3500
Tamil Nadu,Vellore,Katpadi (Uzhavar Sandhai ),Beans,Beans (Whole),Local,12/09/2026,7000,7000,7000
Tamil Nadu,Vellore,Katpadi (Uzhavar Sandhai ),Ridgeguard(Tori),Ridgeguard(Tori),Local,12/09/2026,4000,4500,4250
Tamil Nadu,Vellore,Katpadi (Uzhavar Sandhai ),Raddish,Raddish,Local,12/09/2026,2500,2500,2500
Tamil Nadu,Vellore,Katpadi (Uzhavar Sandhai ),Thondekai,Thondekai,Local,12/09/2026,3500,3500,3500
Tamil Nadu,Vellore,Katpadi (Uzhavar Sandhai ),Capsicum,Capsicum,Local,12/09/2026,4000,4000,4000
Tamil Nadu,Vellore,Katpadi (Uzhavar Sandhai ),Green Avare(W),Green Avare (W),Local,12/09/2026,6000,6000,6000
Tamil Nadu,Vellore,Katpadi (Uzhavar Sandhai ),Chow Chow,Chow Chow,Local,12/09/2026,3000,3000,3000
Tamil Nadu,Vellore,Katpadi (Uzhavar Sandhai ),Mango(Raw-Ripe),Mango - Raw-Ripe,Local,12/09/2026,12000,12000,12000
Tamil Nadu,Vellore,Katpadi (Uzhavar Sandhai ),Knool Khol,Knool Khol,Local,12/09/2026,2500,2500,2500
Tamil Nadu,Vellore,Katpadi (Uzhavar Sandhai ),Guava,Guava Allahabad,Local,12/09/2026,8000,8000,8000
Tamil Nadu,Vellore,Katpadi (Uzhavar Sandhai ),Pomegranate,Pomogranate,Local,12/09/2026,16000,16000,16000
Tamil Nadu,Vellore,Katpadi (Uzhavar Sandhai ),Indian Beans(Seam),Indian Beans (Seam),Local,12/09/2026,5500,5500,5500
Tamil Nadu,Vellore,Katpadi (Uzhavar Sandhai ),Lemon,Lemon,Local,12/09/2026,12000,12000,12000
Tamil Nadu,Madurai,Thirumangalam(Uzhavar Sandhai ),Coconut,Coconut,Local,12/09/2026,6800,7000,6900
Tamil Nadu,Madurai,Thirumangalam(Uzhavar Sandhai ),Snakeguard,Snakeguard,Local,12/09/2026,3000,3600,3300
Tamil Nadu,Madurai,Thirumangalam(Uzhavar Sandhai ),Onion,Bellary,Local,12/09/2026,6500,7000,6750
Tamil Nadu,Madurai,Thirumangalam(Uzhavar Sandhai ),Papaya,Papaya,Local,12/09/2026,4500,5000,4750
Tamil Nadu,Madurai,Thirumangalam(Uzhavar Sandhai ),Elephant Yam(Suran)/Amorphophallus,Elephant Yam (Suran),Local,12/09/2026,4000,4500,4250
Tamil Nadu,Madurai,Thirumangalam(Uzhavar Sandhai ),Amla(Nelli Kai),Amla,Local,12/09/2026,8000,9000,8500
Tamil Nadu,Madurai,Melur(Uzhavar Sandhai ),Groundnut,Big (With Shell),Local,12/09/2026,7000,8000,7500
Tamil Nadu,Madurai,Melur(Uzhavar Sandhai ),Bitter gourd,Other,Local,12/09/2026,5500,6000,5750
Tamil Nadu,Madurai,Melur(Uzhavar Sandhai ),Ashgourd,Gouard,Local,12/09/2026,1600,1800,1700
Tamil Nadu,Madurai,Melur(Uzhavar Sandhai ),Pumpkin,Pumpkin,Local,12/09/2026,1600,2000,1800
Tamil Nadu,Madurai,Melur(Uzhavar Sandhai ),Thondekai,Thondekai,Local,12/09/2026,4000,4200,4100
Tamil Nadu,Madurai,Melur(Uzhavar Sandhai ),Lime,Lime,Local,12/09/2026,3600,4000,3800
Tamil Nadu,Madurai,Melur(Uzhavar Sandhai ),Amla(Nelli Kai),Amla,Local,12/09/2026,8000,9000,8500
Tamil Nadu,Madurai,Melur(Uzhavar Sandhai ),Mint(Pudina),Mint(Pudina),Local,12/09/2026,4500,5000,4750
Tamil Nadu,Salem,Vazhapadi(Uzhavar Sandhai),Carrot,Pusakesar,Local,12/09/2026,5500,6000,5750
Tamil Nadu,Salem,Vazhapadi(Uzhavar Sandhai),Onion,Bellary,Local,12/09/2026,5600,6000,5800
Tamil Nadu,Salem,Vazhapadi(Uzhavar Sandhai),Potato,Red Nanital,Local,12/09/2026,3300,3500,3400
Tamil Nadu,Salem,Vazhapadi(Uzhavar Sandhai),Coriander(Leaves),I Sort,Local,12/09/2026,4500,5000,4750
Tamil Nadu,Salem,Vazhapadi(Uzhavar Sandhai),Tomato,Deshi,Local,12/09/2026,2200,2800,2500
Tamil Nadu,Salem,Vazhapadi(Uzhavar Sandhai),Bitter gourd,Bitter Gourd,Local,12/09/2026,4500,5000,4750
Tamil Nadu,Salem,Vazhapadi(Uzhavar Sandhai),Green Avare(W),Other,Local,12/09/2026,5600,6000,5800
Tamil Nadu,Karur,Gandhigramam(Uzhavar Sandhai),Carrot,Pusakesar,Local,12/09/2026,6500,7000,6750
Tamil Nadu,Karur,Gandhigramam(Uzhavar Sandhai),Chikoos(Sapota),Sapota,Local,12/09/2026,5500,6000,5750
Tamil Nadu,Karur,Gandhigramam(Uzhavar Sandhai),Bitter gourd,Other,Local,12/09/2026,5500,6000,5750
Tamil Nadu,Karur,Gandhigramam(Uzhavar Sandhai),Cucumbar(Kheera),Cucumbar,Local,12/09/2026,4000,8000,6000
Tamil Nadu,Karur,Gandhigramam(Uzhavar Sandhai),Chow Chow,Chow Chow,Local,12/09/2026,3500,4000,3750
Tamil Nadu,Karur,Gandhigramam(Uzhavar Sandhai),Amla(Nelli Kai),Amla,Local,12/09/2026,9000,10000,9500
Tamil Nadu,Pudukkottai,Aranthangi(Uzhavar Sandhai ),Coconut,Coconut,Local,12/09/2026,3500,4000,3750
Tamil Nadu,Pudukkottai,Aranthangi(Uzhavar Sandhai ),Banana,Poovan,Local,12/09/2026,4500,5000,4750
Tamil Nadu,Pudukkottai,Aranthangi(Uzhavar Sandhai ),Tomato,Other,Local,12/09/2026,2500,3000,2750
Tamil Nadu,Pudukkottai,Aranthangi(Uzhavar Sandhai ),Banana - Green,Banana - Green,Local,12/09/2026,2500,3000,2750
Tamil Nadu,Pudukkottai,Aranthangi(Uzhavar Sandhai ),Green Avare(W),Other,Local,12/09/2026,6000,7000,6500
Tamil Nadu,Pudukkottai,Aranthangi(Uzhavar Sandhai ),Drumstick,Drumstick,Local,12/09/2026,4500,5000,4750
Tamil Nadu,Pudukkottai,Aranthangi(Uzhavar Sandhai ),Mint(Pudina),Mint(Pudina),Local,12/09/2026,4500,5000,4750
Tamil Nadu,Nagapattinam,Vedaranyam(Uzhavar Sandhai),Potato,Red Nanital,Local,12/09/2026,4000,4500,4250
Tamil Nadu,Nagapattinam,Vedaranyam(Uzhavar Sandhai),Bitter gourd,Other,Local,12/09/2026,4500,5000,4750
Tamil Nadu,Nagapattinam,Vedaranyam(Uzhavar Sandhai),Amaranthus,Amaranthus,Local,12/09/2026,2000,2500,2250
Tamil Nadu,Nagapattinam,Vedaranyam(Uzhavar Sandhai),Green Avare(W),Other,Local,12/09/2026,6400,7000,6700
Tamil Nadu,Nagapattinam,Vedaranyam(Uzhavar Sandhai),Lemon,Lemon,Local,12/09/2026,6000,6500,6250
Tamil Nadu,Vellore,Perampet(Uzhavar Sandhai),Coriander(Leaves),I Sort,Local,12/09/2026,5000,5000,5000
Tamil Nadu,Vellore,Perampet(Uzhavar Sandhai),Papaya,Papaya,Local,12/09/2026,4000,4000,4000
Tamil Nadu,Vellore,Perampet(Uzhavar Sandhai),Bottle gourd,Bottle Gourd,Local,12/09/2026,1500,1500,1500
Tamil Nadu,Vellore,Perampet(Uzhavar Sandhai),Banana - Green,Banana - Green,Local,12/09/2026,3500,3500,3500
Tamil Nadu,Vellore,Perampet(Uzhavar Sandhai),Tender Coconut,Tender Coconut,Local,12/09/2026,3500,3500,3500
Tamil Nadu,Karur,Kulithalai(Uzhavar Sandhai ),Coconut,Coconut,Local,12/09/2026,6000,6500,6250
Tamil Nadu,Karur,Kulithalai(Uzhavar Sandhai ),Betal Leaves,Mysore,Local,12/09/2026,8000,10000,9000
Tamil Nadu,Karur,Kulithalai(Uzhavar Sandhai ),Carrot,Pusakesar,Local,12/09/2026,7000,8000,7500
Tamil Nadu,Karur,Kulithalai(Uzhavar Sandhai ),Banana,Other,Local,12/09/2026,5500,6000,5750
Tamil Nadu,Karur,Kulithalai(Uzhavar Sandhai ),Potato,Other,Local,12/09/2026,4500,5000,4750
Tamil Nadu,Karur,Kulithalai(Uzhavar Sandhai ),Coriander(Leaves),I Sort,Local,12/09/2026,2500,3000,2750
Tamil Nadu,Karur,Kulithalai(Uzhavar Sandhai ),Cowpea(Veg),Cowpea (Veg),Local,12/09/2026,2500,3000,2750
Tamil Nadu,Karur,Kulithalai(Uzhavar Sandhai ),Cucumbar(Kheera),Cucumbar,Local,12/09/2026,6000,6500,6250
Tamil Nadu,Karur,Kulithalai(Uzhavar Sandhai ),Ridgeguard(Tori),Ridgeguard(Tori),Local,12/09/2026,5000,5400,5200
Tamil Nadu,Karur,Kulithalai(Uzhavar Sandhai ),Thondekai,Thondekai,Local,12/09/2026,4500,5000,4750
Tamil Nadu,Karur,Kulithalai(Uzhavar Sandhai ),Drumstick,Drumstick,Local,12/09/2026,2500,3000,2750
Tamil Nadu,Karur,Kulithalai(Uzhavar Sandhai ),Yam(Ratalu),Yam (Ratalu),Local,12/09/2026,7000,8000,7500
Tamil Nadu,Karur,Kulithalai(Uzhavar Sandhai ),Lemon,Lemon,Local,12/09/2026,27500,28000,27750
Tamil Nadu,Karur,Kulithalai(Uzhavar Sandhai ),Colacasia,Colacasia,Local,12/09/2026,5500,6000,5750
Tamil Nadu,Chengalpattu,Guduvancheri(Uzhavar Sandhai ),Snakeguard,Snakeguard,Local,12/09/2026,4000,5000,4500
Tamil Nadu,Chengalpattu,Guduvancheri(Uzhavar Sandhai ),Cluster beans,Cluster Beans,Local,12/09/2026,5000,6000,5500
Tamil Nadu,Chengalpattu,Guduvancheri(Uzhavar Sandhai ),Pumpkin,Pumpkin,Local,12/09/2026,2500,3000,2750
Tamil Nadu,Chengalpattu,Guduvancheri(Uzhavar Sandhai ),Lemon,Lemon,Local,12/09/2026,26000,28000,27000
Tamil Nadu,Thirupur,Dharapuram(Uzhavar Sandhai ),Coconut,Coconut,Local,12/09/2026,6000,6300,6150
Tamil Nadu,Thirupur,Dharapuram(Uzhavar Sandhai ),Brinjal,Round,Local,12/09/2026,5000,5500,5250
Tamil Nadu,Thirupur,Dharapuram(Uzhavar Sandhai ),Bottle gourd,Bottle Gourd,Local,12/09/2026,1500,2000,1750
Tamil Nadu,Thirupur,Dharapuram(Uzhavar Sandhai ),Pumpkin,Pumpkin,Local,12/09/2026,2000,2500,2250
Tamil Nadu,Thirupur,Dharapuram(Uzhavar Sandhai ),Amaranthus,Amaranthus,Local,12/09/2026,2500,3000,2750
Tamil Nadu,Thirupur,Dharapuram(Uzhavar Sandhai ),Chow Chow,Chow Chow,Local,12/09/2026,3000,3500,3250
Tamil Nadu,Thirupur,Dharapuram(Uzhavar Sandhai ),Elephant Yam(Suran)/Amorphophallus,Elephant Yam (Suran),Local,12/09/2026,4500,5000,4750
Tamil Nadu,Thirupur,Dharapuram(Uzhavar Sandhai ),Lemon,Lemon,Local,12/09/2026,26000,28000,27000
Tamil Nadu,Thirupur,Palladam(Uzhavar Sandhai ),Cluster beans,Cluster Beans,Local,12/09/2026,3500,4000,3750
Tamil Nadu,Thirupur,Palladam(Uzhavar Sandhai ),Bitter gourd,Bitter Gourd,Local,12/09/2026,5000,6000,5500
Tamil Nadu,Thirupur,Palladam(Uzhavar Sandhai ),Bhindi(Ladies Finger),Bhindi,Local,12/09/2026,4000,5000,4500
Tamil Nadu,Thirupur,Palladam(Uzhavar Sandhai ),Amaranthus,Amaranthus,Local,12/09/2026,2500,3000,2750
Tamil Nadu,Thirupur,Palladam(Uzhavar Sandhai ),Ridgeguard(Tori),Ridgeguard(Tori),Local,12/09/2026,4000,5000,4500
Tamil Nadu,Thirupur,Palladam(Uzhavar Sandhai ),Thondekai,Thondekai,Local,12/09/2026,3500,4000,3750
Tamil Nadu,Thirupur,Palladam(Uzhavar Sandhai ),Green Avare(W),Green Avare (W),Local,12/09/2026,6000,7000,6500
Tamil Nadu,Kallakuruchi,Kallakurichi(Uzhavar Sandhai ),Carrot,Pusakesar,Local,12/09/2026,7000,7000,7000
Tamil Nadu,Kallakuruchi,Kallakurichi(Uzhavar Sandhai ),Groundnut,Big (With Shell),Local,12/09/2026,6000,6000,6000
Tamil Nadu,Kallakuruchi,Kallakurichi(Uzhavar Sandhai ),Garlic,Garlic,Local,12/09/2026,26000,26000,26000
Tamil Nadu,Kallakuruchi,Kallakurichi(Uzhavar Sandhai ),Cauliflower,Ranchi,Local,12/09/2026,3000,3000,3000
Tamil Nadu,Kallakuruchi,Kallakurichi(Uzhavar Sandhai ),Cluster beans,Cluster Beans,Local,12/09/2026,5000,5000,5000
Tamil Nadu,Kallakuruchi,Kallakurichi(Uzhavar Sandhai ),Pumpkin,Pumpkin,Local,12/09/2026,2000,2000,2000
Tamil Nadu,Kallakuruchi,Kallakurichi(Uzhavar Sandhai ),Knool Khol,Knool Khol,Local,12/09/2026,7000,7000,7000
Tamil Nadu,Kallakuruchi,Kallakurichi(Uzhavar Sandhai ),Elephant Yam(Suran)/Amorphophallus,Elephant Yam (Suran),Local,12/09/2026,4000,4000,4000
Tamil Nadu,Thirupathur,Natrampalli(Uzhavar Sandhai ),Onion,Bellary,Local,12/09/2026,5500,6000,5750
Tamil Nadu,Thirupathur,Natrampalli(Uzhavar Sandhai ),Cauliflower,Ranchi,Local,12/09/2026,2500,3000,2750
Tamil Nadu,Thirupathur,Natrampalli(Uzhavar Sandhai ),Brinjal,Round,Local,12/09/2026,3000,4000,3500
Tamil Nadu,Thirupathur,Natrampalli(Uzhavar Sandhai ),Snakeguard,Snakeguard,Local,12/09/2026,2500,3000,2750
Tamil Nadu,Thirupathur,Natrampalli(Uzhavar Sandhai ),Tomato,Deshi,Local,12/09/2026,2500,3000,2750
Tamil Nadu,Thirupathur,Natrampalli(Uzhavar Sandhai ),Cluster beans,Cluster Beans,Local,12/09/2026,2500,3000,2750
Tamil Nadu,Thirupathur,Natrampalli(Uzhavar Sandhai ),Bottle gourd,Bottle Gourd,Local,12/09/2026,2000,3000,2500
Tamil Nadu,Thirupathur,Natrampalli(Uzhavar Sandhai ),Green Chilli,Green Chilly,Local,12/09/2026,5000,6000,5500
Tamil Nadu,Thirupathur,Natrampalli(Uzhavar Sandhai ),Banana - Green,Banana - Green,Local,12/09/2026,2500,3000,2750
Tamil Nadu,Thirupathur,Natrampalli(Uzhavar Sandhai ),Ridgeguard(Tori),Ridgeguard(Tori),Local,12/09/2026,2500,3000,2750
Tamil Nadu,Thirupathur,Natrampalli(Uzhavar Sandhai ),Green Avare(W),Green Avare (W),Local,12/09/2026,5000,6000,5500
Tamil Nadu,Thirupathur,Natrampalli(Uzhavar Sandhai ),Guava,Guava Allahabad,Local,12/09/2026,3000,4000,3500
Tamil Nadu,Thirupathur,Natrampalli(Uzhavar Sandhai ),Onion Green,Onion Green,Local,12/09/2026,7000,8000,7500
Tamil Nadu,Salem,Athur(Uzhavar Sandhai ),Coconut,Coconut,Local,12/09/2026,6000,6500,6250
Tamil Nadu,Salem,Athur(Uzhavar Sandhai ),Sweet Potato,Hosur Red,Local,12/09/2026,4500,5000,4750
Tamil Nadu,Salem,Athur(Uzhavar Sandhai ),Groundnut,Big (With Shell),Local,12/09/2026,7000,7500,7250
Tamil Nadu,Salem,Athur(Uzhavar Sandhai ),Cluster beans,Cluster Beans,Local,12/09/2026,3000,3500,3250
Tamil Nadu,Salem,Athur(Uzhavar Sandhai ),Bitter gourd,Other,Local,12/09/2026,4000,4000,4000
Tamil Nadu,Salem,Athur(Uzhavar Sandhai ),Pumpkin,Pumpkin,Local,12/09/2026,2000,2200,2100
Tamil Nadu,Salem,Athur(Uzhavar Sandhai ),Banana - Green,Banana - Green,Local,12/09/2026,2000,2400,2200
Tamil Nadu,Salem,Athur(Uzhavar Sandhai ),Tender Coconut,Tender Coconut,Local,12/09/2026,3000,3500,3250
Tamil Nadu,Salem,Athur(Uzhavar Sandhai ),Elephant Yam(Suran)/Amorphophallus,Elephant Yam (Suran),Local,12/09/2026,3000,3500,3250
Tamil Nadu,Salem,Athur(Uzhavar Sandhai ),Custard Apple(Sharifa),Custard Apple(Sharifa),Local,12/09/2026,3500,4000,3750
Tamil Nadu,Salem,Athur(Uzhavar Sandhai ),Rose(Local),Rose (Local),Local,12/09/2026,20000,22000,21000
Tamil Nadu,Salem,Athur(Uzhavar Sandhai ),Tube Rose(Loose),Tube Rose (Loose),Local,12/09/2026,25000,40000,32500
Tamil Nadu,Theni,Periyakulam(Uzhavar Sandhai ),Coconut,Coconut,Local,12/09/2026,5600,5600,5600
Tamil Nadu,Theni,Periyakulam(Uzhavar Sandhai ),Cauliflower,Ranchi,Local,12/09/2026,3500,4000,3750
Tamil Nadu,Theni,Periyakulam(Uzhavar Sandhai ),Cluster beans,Cluster Beans,Local,12/09/2026,2800,2800,2800
Tamil Nadu,Theni,Periyakulam(Uzhavar Sandhai ),Banana - Green,Banana - Green,Local,12/09/2026,3000,3500,3250
Tamil Nadu,Theni,Periyakulam(Uzhavar Sandhai ),Ridgeguard(Tori),Ridgeguard(Tori),Local,12/09/2026,3800,3800,3800
Tamil Nadu,Theni,Periyakulam(Uzhavar Sandhai ),Green Avare(W),Other,Local,12/09/2026,6500,6500,6500
Tamil Nadu,Theni,Periyakulam(Uzhavar Sandhai ),Indian Beans(Seam),Indian Beans (Seam),Local,12/09/2026,5800,5800,5800
Tamil Nadu,Virudhunagar,Srivilliputhur(Uzhavar Sandhai ),Beetroot,Beetroot,Local,12/09/2026,4000,4500,4250
Tamil Nadu,Virudhunagar,Srivilliputhur(Uzhavar Sandhai ),Brinjal,Round,Local,12/09/2026,2500,3000,2750
Tamil Nadu,Virudhunagar,Srivilliputhur(Uzhavar Sandhai ),Coriander(Leaves),I Sort,Local,12/09/2026,3500,4000,3750
Tamil Nadu,Virudhunagar,Srivilliputhur(Uzhavar Sandhai ),Snakeguard,Snakeguard,Local,12/09/2026,3500,4000,3750
Tamil Nadu,Virudhunagar,Srivilliputhur(Uzhavar Sandhai ),Amaranthus,Amaranthus,Local,12/09/2026,2500,3000,2750
Tamil Nadu,Virudhunagar,Srivilliputhur(Uzhavar Sandhai ),Green Chilli,Green Chilly,Local,12/09/2026,5000,6000,5500
Tamil Nadu,Virudhunagar,Srivilliputhur(Uzhavar Sandhai ),Raddish,Raddish,Local,12/09/2026,3000,3500,3250
Tamil Nadu,Coimbatore,Vadavalli(Uzhavar Sandhai ),Apple,American,Local,12/09/2026,20000,28000,24000
Tamil Nadu,Coimbatore,Vadavalli(Uzhavar Sandhai ),Grapes,Annabesahai,Local,12/09/2026,9000,10000,9500
Tamil Nadu,Coimbatore,Vadavalli(Uzhavar Sandhai ),Coriander(Leaves),I Sort,Local,12/09/2026,3500,4000,3750
Tamil Nadu,Coimbatore,Vadavalli(Uzhavar Sandhai ),Papaya,Papaya,Local,12/09/2026,5000,5500,5250
Tamil Nadu,Coimbatore,Vadavalli(Uzhavar Sandhai ),Water Melon,Water Melon,Local,12/09/2026,1500,2000,1750
Tamil Nadu,Coimbatore,Vadavalli(Uzhavar Sandhai ),Bitter gourd,Other,Local,12/09/2026,4400,5000,4700
Tamil Nadu,Coimbatore,Vadavalli(Uzhavar Sandhai ),Ashgourd,Gouard,Local,12/09/2026,1800,2000,1900
Tamil Nadu,Coimbatore,Vadavalli(Uzhavar Sandhai ),Amaranthus,Amaranthus,Local,12/09/2026,5400,6200,5800
Tamil Nadu,Coimbatore,Vadavalli(Uzhavar Sandhai ),Cowpea(Veg),Cowpea (Veg),Local,12/09/2026,3500,4000,3750
Tamil Nadu,Dindigul,Vedasanthur(Uzhavar Sandhai ),Coconut,Coconut,Local,12/09/2026,5000,5500,5250
Tamil Nadu,Dindigul,Vedasanthur(Uzhavar Sandhai ),Onion,Bellary,Local,12/09/2026,6000,6800,6400
Tamil Nadu,Dindigul,Vedasanthur(Uzhavar Sandhai ),Pumpkin,Pumpkin,Local,12/09/2026,1000,1600,1300
Tamil Nadu,Coimbatore,Udumalpet APMC,Carrot,Pusakesar,Local,12/09/2026,6500,7500,7000
Tamil Nadu,Coimbatore,Udumalpet APMC,Potato,Red Nanital,Local,12/09/2026,3000,4000,3500
Tamil Nadu,Coimbatore,Udumalpet APMC,Brinjal,Other,Local,12/09/2026,4500,5000,4750
Tamil Nadu,Coimbatore,Udumalpet APMC,Tomato,Deshi,Local,12/09/2026,1500,2500,2000
Tamil Nadu,Coimbatore,Udumalpet APMC,Pumpkin,Pumpkin,Local,12/09/2026,1500,2000,1750
Tamil Nadu,Coimbatore,Udumalpet APMC,Drumstick,Drumstick,Local,12/09/2026,2000,2800,2400
Tamil Nadu,Erode,Gobichettipalayam(Uzhavar Sandhai ),Carrot,Pusakesar,Local,12/09/2026,5000,5500,5250
Tamil Nadu,Erode,Gobichettipalayam(Uzhavar Sandhai ),Brinjal,Round,Local,12/09/2026,4500,4800,4650
Tamil Nadu,Erode,Gobichettipalayam(Uzhavar Sandhai ),Chikoos(Sapota),Sapota,Local,12/09/2026,3500,4000,3750
Tamil Nadu,Erode,Gobichettipalayam(Uzhavar Sandhai ),Bitter gourd,Bitter Gourd,Local,12/09/2026,4600,5000,4800
Tamil Nadu,Erode,Gobichettipalayam(Uzhavar Sandhai ),Bottle gourd,Bottle Gourd,Local,12/09/2026,1800,2000,1900
Tamil Nadu,Erode,Gobichettipalayam(Uzhavar Sandhai ),Snakeguard,Snakeguard,Local,12/09/2026,3500,3800,3650
Tamil Nadu,Erode,Gobichettipalayam(Uzhavar Sandhai ),Bhindi(Ladies Finger),Bhindi,Local,12/09/2026,2400,2600,2500
Tamil Nadu,Erode,Gobichettipalayam(Uzhavar Sandhai ),Green Avare(W),Green Avare (W),Local,12/09/2026,4800,5000,4900
Tamil Nadu,Erode,Gobichettipalayam(Uzhavar Sandhai ),Chow Chow,Chow Chow,Local,12/09/2026,3500,4000,3750
Tamil Nadu,Erode,Gobichettipalayam(Uzhavar Sandhai ),Drumstick,Drumstick,Local,12/09/2026,3000,3200,3100
Tamil Nadu,Erode,Gobichettipalayam(Uzhavar Sandhai ),Elephant Yam(Suran)/Amorphophallus,Elephant Yam (Suran),Local,12/09/2026,2600,2800,2700
Tamil Nadu,Erode,Sampath Nagar(Uzhavar Sandhai ),Carrot,Pusakesar,Local,12/09/2026,5200,5600,5400
Tamil Nadu,Erode,Sampath Nagar(Uzhavar Sandhai ),Cabbage,Cabbage,Local,12/09/2026,1800,2000,1900
Tamil Nadu,Erode,Sampath Nagar(Uzhavar Sandhai ),Groundnut,Big (With Shell),Local,12/09/2026,5500,6000,5750
Tamil Nadu,Erode,Sampath Nagar(Uzhavar Sandhai ),Chikoos(Sapota),Sapota,Local,12/09/2026,3000,3500,3250
Tamil Nadu,Erode,Sampath Nagar(Uzhavar Sandhai ),Papaya,Papaya,Local,12/09/2026,3000,3400,3200
Tamil Nadu,Erode,Sampath Nagar(Uzhavar Sandhai ),Ashgourd,Gouard,Local,12/09/2026,2000,2200,2100
Tamil Nadu,Erode,Sampath Nagar(Uzhavar Sandhai ),Banana - Green,Banana - Green,Local,12/09/2026,3000,3500,3250
Tamil Nadu,Vellore,Pallikonda(Uzhavar Sandhai),Coconut,Coconut,Local,12/09/2026,3500,4000,3750
Tamil Nadu,Vellore,Pallikonda(Uzhavar Sandhai),Potato,Red Nanital,Local,12/09/2026,2500,3000,2750
Tamil Nadu,Vellore,Pallikonda(Uzhavar Sandhai),Papaya,Papaya,Local,12/09/2026,3500,4000,3750
Tamil Nadu,Vellore,Pallikonda(Uzhavar Sandhai),Cucumbar(Kheera),Cucumbar,Local,12/09/2026,4000,4000,4000
Tamil Nadu,Vellore,Pallikonda(Uzhavar Sandhai),Raddish,Raddish,Local,12/09/2026,3000,3000,3000
Tamil Nadu,Vellore,Pallikonda(Uzhavar Sandhai),Green Avare(W),Green Avare (W),Local,12/09/2026,4000,4500,4250
Tamil Nadu,Vellore,Pallikonda(Uzhavar Sandhai),Chow Chow,Chow Chow,Local,12/09/2026,3000,3000,3000
Tamil Nadu,Vellore,Pallikonda(Uzhavar Sandhai),Yam(Ratalu),Yam (Ratalu),Local,12/09/2026,5000,5500,5250
Tamil Nadu,Vellore,Pallikonda(Uzhavar Sandhai),Onion Green,Onion Green,Local,12/09/2026,8000,8000,8000
Tamil Nadu,Pudukkottai,Ponnamaravathi(Uzhavar Sandhai),Cluster beans,Cluster Beans,Local,12/09/2026,3500,4000,3750
Tamil Nadu,Pudukkottai,Ponnamaravathi(Uzhavar Sandhai),Bitter gourd,Bitter Gourd,Local,12/09/2026,6500,7000,6750
Tamil Nadu,Pudukkottai,Ponnamaravathi(Uzhavar Sandhai),Banana - Green,Banana - Green,Local,12/09/2026,2500,3000,2750
Tamil Nadu,Pudukkottai,Ponnamaravathi(Uzhavar Sandhai),Drumstick,Drumstick,Local,12/09/2026,4500,5000,4750
Tamil Nadu,Nagapattinam,Mayiladuthurai(Uzhavar Sandhai ),Beetroot,Beetroot,Local,12/09/2026,4500,5000,4750
Tamil Nadu,Nagapattinam,Mayiladuthurai(Uzhavar Sandhai ),Coriander(Leaves),I Sort,Local,12/09/2026,3600,4000,3800
Tamil Nadu,Nagapattinam,Mayiladuthurai(Uzhavar Sandhai ),Onion Green,Onion Green,Local,12/09/2026,8000,9000,8500
Tamil Nadu,Nagapattinam,Mayiladuthurai(Uzhavar Sandhai ),Mint(Pudina),Mint(Pudina),Local,12/09/2026,4000,4500,4250
Tamil Nadu,Pudukkottai,Viralimalai(Uzhavar Sandhai ),Brinjal,Round,Local,12/09/2026,6500,7000,6750
Tamil Nadu,Pudukkottai,Viralimalai(Uzhavar Sandhai ),Ridgeguard(Tori),Ridgeguard(Tori),Local,12/09/2026,5500,6000,5750
Tamil Nadu,Pudukkottai,Viralimalai(Uzhavar Sandhai ),Green Avare(W),Green Avare (W),Local,12/09/2026,6500,7000,6750
Tamil Nadu,Ramanathapuram,Kamuthi(Uzhavar Sandhai ),Brinjal,Round,Local,12/09/2026,6000,6500,6250
Tamil Nadu,Ramanathapuram,Kamuthi(Uzhavar Sandhai ),Tomato,Deshi,Local,12/09/2026,3000,3500,3250
Tamil Nadu,Ramanathapuram,Paramakudi(Uzhavar Sandhai ),Snakeguard,Snakeguard,Local,12/09/2026,5000,5500,5250
Tamil Nadu,Ramanathapuram,Paramakudi(Uzhavar Sandhai ),Tomato,Deshi,Local,12/09/2026,2500,3000,2750
Tamil Nadu,Ramanathapuram,Paramakudi(Uzhavar Sandhai ),Raddish,Raddish,Local,12/09/2026,4000,4500,4250
Tamil Nadu,Ramanathapuram,Paramakudi(Uzhavar Sandhai ),Knool Khol,Knool Khol,Local,12/09/2026,5000,5500,5250
Tamil Nadu,Ramanathapuram,Paramakudi(Uzhavar Sandhai ),Lime,Lime,Local,12/09/2026,10000,11000,10500
Tamil Nadu,Ramanathapuram,Paramakudi(Uzhavar Sandhai ),Colacasia,Colacasia,Local,12/09/2026,6000,7000,6500
Tamil Nadu,Ramanathapuram,Paramakudi(Uzhavar Sandhai ),Onion Green,Onion Green,Local,12/09/2026,8000,8500,8250
Tamil Nadu,Ramanathapuram,Ramanathapuram(Uzhavar Sandhai ),Beetroot,Beetroot,Local,12/09/2026,4000,5000,4500
Tamil Nadu,Ramanathapuram,Ramanathapuram(Uzhavar Sandhai ),Cabbage,Cabbage,Local,12/09/2026,4000,4500,4250
Tamil Nadu,Ramanathapuram,Ramanathapuram(Uzhavar Sandhai ),Snakeguard,Snakeguard,Local,12/09/2026,4500,5000,4750
Tamil Nadu,Ramanathapuram,Ramanathapuram(Uzhavar Sandhai ),Soyabean,Local,Local,12/09/2026,8500,9000,8750
Tamil Nadu,Ramanathapuram,Ramanathapuram(Uzhavar Sandhai ),Mango(Raw-Ripe),Mango - Raw-Ripe,Local,12/09/2026,5000,5500,5250
Tamil Nadu,Ramanathapuram,Ramanathapuram(Uzhavar Sandhai ),Jasmine,Jasmine,Local,12/09/2026,40000,50000,45000
Tamil Nadu,Ramanathapuram,Ramanathapuram(Uzhavar Sandhai ),Lemon,Lemon,Local,12/09/2026,15000,20000,17500
Tamil Nadu,Ramanathapuram,Ramanathapuram(Uzhavar Sandhai ),Mint(Pudina),Mint(Pudina),Local,12/09/2026,6500,7000,6750
Tamil Nadu,Pudukkottai,Alangudi(Uzhavar Sandhai ),Onion,Bellary,Local,12/09/2026,6000,7000,6500
Tamil Nadu,Pudukkottai,Alangudi(Uzhavar Sandhai ),Potato,Other,Local,12/09/2026,5500,6000,5750
Tamil Nadu,Pudukkottai,Alangudi(Uzhavar Sandhai ),Papaya,Papaya,Local,12/09/2026,2500,3000,2750
Tamil Nadu,Pudukkottai,Alangudi(Uzhavar Sandhai ),Green Avare(W),Other,Local,12/09/2026,6000,7000,6500
Tamil Nadu,Thiruvannamalai,Arani(Uzhavar Sandhai ),Banana,Other,Local,12/09/2026,5000,6000,5500
Tamil Nadu,Thiruvannamalai,Arani(Uzhavar Sandhai ),Potato,Red Nanital,Local,12/09/2026,3000,4000,3500
Tamil Nadu,Thiruvannamalai,Arani(Uzhavar Sandhai ),Papaya,Papaya,Local,12/09/2026,3000,4000,3500
Tamil Nadu,Thiruvannamalai,Arani(Uzhavar Sandhai ),Tomato,Deshi,Local,12/09/2026,2500,3000,2750
Tamil Nadu,Thiruvannamalai,Arani(Uzhavar Sandhai ),Cluster beans,Cluster Beans,Local,12/09/2026,3500,4200,3850
Tamil Nadu,Thiruvannamalai,Arani(Uzhavar Sandhai ),Beetroot,Beetroot,Local,12/09/2026,3500,4200,3850
Tamil Nadu,Thiruvannamalai,Arani(Uzhavar Sandhai ),Ridgeguard(Tori),Ridgeguard(Tori),Local,12/09/2026,3500,4200,3850
Tamil Nadu,Thiruvannamalai,Arani(Uzhavar Sandhai ),Raddish,Raddish,Local,12/09/2026,2500,3000,2750
Tamil Nadu,Thiruvannamalai,Arani(Uzhavar Sandhai ),Green Avare(W),Green Avare (W),Local,12/09/2026,5000,6000,5500
Tamil Nadu,Thiruvannamalai,Arani(Uzhavar Sandhai ),Mango(Raw-Ripe),Mango - Raw-Ripe,Local,12/09/2026,8000,9600,8800
Tamil Nadu,Thiruvannamalai,Polur(Uzhavar Sandhai ),Onion,Bellary,Local,12/09/2026,5000,6000,5500
Tamil Nadu,Thiruvannamalai,Polur(Uzhavar Sandhai ),Garlic,Garlic,Local,12/09/2026,22000,26000,24000
Tamil Nadu,Thiruvannamalai,Polur(Uzhavar Sandhai ),Coriander(Leaves),I Sort,Local,12/09/2026,4200,5000,4600
Tamil Nadu,Thiruvannamalai,Polur(Uzhavar Sandhai ),Cluster beans,Cluster Beans,Local,12/09/2026,4000,4800,4400
Tamil Nadu,Thiruvannamalai,Polur(Uzhavar Sandhai ),Green Chilli,Green Chilly,Local,12/09/2026,5000,6000,5500
Tamil Nadu,Thiruvannamalai,Polur(Uzhavar Sandhai ),Cucumbar(Kheera),Cucumbar,Local,12/09/2026,3300,4000,3650
Tamil Nadu,Thiruvannamalai,Polur(Uzhavar Sandhai ),Green Avare(W),Green Avare (W),Local,12/09/2026,5000,6000,5500
Tamil Nadu,Thiruvannamalai,Polur(Uzhavar Sandhai ),Yam(Ratalu),Yam (Ratalu),Local,12/09/2026,5000,6000,5500
Tamil Nadu,Thiruvannamalai,Polur(Uzhavar Sandhai ),Onion Green,Onion Green,Local,12/09/2026,5000,6000,5500
Tamil Nadu,Thiruvannamalai,Tiruvannamalai(Uzhavar Sandhai ),Carrot,Pusakesar,Local,12/09/2026,6400,7200,6800
Tamil Nadu,Thiruvannamalai,Tiruvannamalai(Uzhavar Sandhai ),Cabbage,Cabbage,Local,12/09/2026,2000,2500,2250
Tamil Nadu,Thiruvannamalai,Tiruvannamalai(Uzhavar Sandhai ),Banana,Besrai,Local,12/09/2026,4000,5000,4500
Tamil Nadu,Thiruvannamalai,Tiruvannamalai(Uzhavar Sandhai ),Potato,Red Nanital,Local,12/09/2026,3500,4000,3750
Tamil Nadu,Thiruvannamalai,Tiruvannamalai(Uzhavar Sandhai ),Garlic,Garlic,Local,12/09/2026,25000,28000,26500
Tamil Nadu,Thiruvannamalai,Tiruvannamalai(Uzhavar Sandhai ),Cauliflower,Ranchi,Local,12/09/2026,3500,4000,3750
Tamil Nadu,Thiruvannamalai,Tiruvannamalai(Uzhavar Sandhai ),Brinjal,Round,Local,12/09/2026,6400,7200,6800
Tamil Nadu,Thiruvannamalai,Tiruvannamalai(Uzhavar Sandhai ),Green Chilli,Green Chilly,Local,12/09/2026,5000,6000,5500
Tamil Nadu,Thiruvannamalai,Tiruvannamalai(Uzhavar Sandhai ),Tapioca,Tapioca,Local,12/09/2026,3000,3500,3250
Tamil Nadu,Thiruvannamalai,Tiruvannamalai(Uzhavar Sandhai ),Ginger(Green),Green Ginger,Local,12/09/2026,16000,18000,17000
Tamil Nadu,Thiruvannamalai,Tiruvannamalai(Uzhavar Sandhai ),Capsicum,Capsicum,Local,12/09/2026,6000,7000,6500
Tamil Nadu,Thiruvannamalai,Tiruvannamalai(Uzhavar Sandhai ),Drumstick,Drumstick,Local,12/09/2026,4000,5000,4500
Tamil Nadu,Thiruvannamalai,Tiruvannamalai(Uzhavar Sandhai ),Guava,Guava Allahabad,Local,12/09/2026,5000,6000,5500
Tamil Nadu,Thiruvannamalai,Tiruvannamalai(Uzhavar Sandhai ),Pomegranate,Pomogranate,Local,12/09/2026,14000,16000,15000
Tamil Nadu,Thiruvannamalai,Tiruvannamalai(Uzhavar Sandhai ),Marigold(Calcutta),Marigold(Calcutta),Local,12/09/2026,30000,35000,32500
Tamil Nadu,Thiruvannamalai,Tiruvannamalai(Uzhavar Sandhai ),Elephant Yam(Suran)/Amorphophallus,Elephant Yam (Suran),Local,12/09/2026,5000,6000,5500
Tamil Nadu,Thiruvannamalai,Tiruvannamalai(Uzhavar Sandhai ),Onion Green,Onion Green,Local,12/09/2026,8000,10000,9000
Tamil Nadu,Thiruvannamalai,Tiruvannamalai(Uzhavar Sandhai ),Rose(Local),Rose (Local),Local,12/09/2026,20000,24000,22000
Tamil Nadu,Thiruvannamalai,Tiruvannamalai(Uzhavar Sandhai ),Sweet Corn ,Sweet Corn ,Local,12/09/2026,3000,3500,3250
Tamil Nadu,Thiruvarur,Mannargudi I(Uzhavar Sandhai ),Ginger(Green),Green Ginger,Local,12/09/2026,10000,19000,14500
Tamil Nadu,Thiruvarur,Mannargudi I(Uzhavar Sandhai ),Coconut,Coconut,Local,12/09/2026,4000,4000,4000
Tamil Nadu,Thiruvarur,Mannargudi I(Uzhavar Sandhai ),Beetroot,Beetroot,Local,12/09/2026,4400,4400,4400
Tamil Nadu,Thiruvarur,Mannargudi I(Uzhavar Sandhai ),Banana,Other,Local,12/09/2026,6000,6000,6000
Tamil Nadu,Thiruvarur,Mannargudi I(Uzhavar Sandhai ),Mango,Safeda,Local,12/09/2026,16000,16000,16000
Tamil Nadu,Thiruvarur,Mannargudi I(Uzhavar Sandhai ),Cauliflower,Ranchi,Local,12/09/2026,6000,6000,6000
Tamil Nadu,Thiruvarur,Mannargudi I(Uzhavar Sandhai ),Chikoos(Sapota),Sapota,Local,12/09/2026,7000,7000,7000
Tamil Nadu,Thiruvarur,Mannargudi I(Uzhavar Sandhai ),Snakeguard,Snakeguard,Local,12/09/2026,3600,3600,3600
Tamil Nadu,Thiruvarur,Mannargudi I(Uzhavar Sandhai ),Bhindi(Ladies Finger),Bhindi,Local,12/09/2026,4200,4200,4200
Tamil Nadu,Thiruvarur,Mannargudi I(Uzhavar Sandhai ),Lime,Lime,Local,12/09/2026,4000,4000,4000
Tamil Nadu,Thiruvarur,Mannargudi I(Uzhavar Sandhai ),Elephant Yam(Suran)/Amorphophallus,Elephant Yam (Suran),Local,12/09/2026,6000,6000,6000
Tamil Nadu,Thiruvarur,Mannargudi II(Uzhavar Sandhai ),Ginger(Green),Green Ginger,Local,12/09/2026,10000,19000,14500
Tamil Nadu,Thiruvarur,Mannargudi II(Uzhavar Sandhai ),Coconut,Coconut,Local,12/09/2026,4000,4000,4000
Tamil Nadu,Thiruvarur,Mannargudi II(Uzhavar Sandhai ),Amaranthus,Amaranthus,Local,12/09/2026,2000,2000,2000
Tamil Nadu,Thiruvarur,Mannargudi II(Uzhavar Sandhai ),Chow Chow,Chow Chow,Local,12/09/2026,3800,3800,3800
Tamil Nadu,Thiruvarur,Tiruthuraipoondi(Uzhavar Sandhai ),Coconut,Coconut,Local,12/09/2026,5000,5000,5000
Tamil Nadu,Thiruvarur,Tiruthuraipoondi(Uzhavar Sandhai ),Pineapple,Pine Apple,Local,12/09/2026,6000,6000,6000
Tamil Nadu,Thiruvarur,Tiruthuraipoondi(Uzhavar Sandhai ),Brinjal,Round,Local,12/09/2026,4000,4000,4000
Tamil Nadu,Thiruvarur,Tiruthuraipoondi(Uzhavar Sandhai ),Bottle gourd,Bottle Gourd,Local,12/09/2026,3000,3000,3000
Tamil Nadu,Thiruvarur,Tiruthuraipoondi(Uzhavar Sandhai ),Drumstick,Drumstick,Local,12/09/2026,5000,5000,5000
Tamil Nadu,Thiruvarur,Tiruthuraipoondi(Uzhavar Sandhai ),Amla(Nelli Kai),Amla,Local,12/09/2026,8000,8000,8000
Tamil Nadu,Thiruvellore,Ambattur(Uzhavar Sandhai ),Tomato,Deshi,Local,12/09/2026,3000,3000,3000
Tamil Nadu,Thiruvellore,Ambattur(Uzhavar Sandhai ),Bhindi(Ladies Finger),Bhindi,Local,12/09/2026,4000,4000,4000
Tamil Nadu,Thiruvellore,Paruthipattu(Uzhavar Sandhai ),Coconut,Coconut,Local,12/09/2026,6000,6000,6000
Tamil Nadu,Thiruvellore,Paruthipattu(Uzhavar Sandhai ),Snakeguard,Snakeguard,Local,12/09/2026,4000,4000,4000
Tamil Nadu,Thiruvellore,Paruthipattu(Uzhavar Sandhai ),Onion,Bellary,Local,12/09/2026,4500,4500,4500
Tamil Nadu,Thiruvellore,Paruthipattu(Uzhavar Sandhai ),Potato,Red Nanital,Local,12/09/2026,4000,4000,4000
Tamil Nadu,Thiruvellore,Paruthipattu(Uzhavar Sandhai ),Bitter gourd,Bitter Gourd,Local,12/09/2026,7000,7000,7000
Tamil Nadu,Thiruvellore,Perambakkam(Uzhavar Sandhai ),Amaranthus,Amaranthus,Local,12/09/2026,3000,3000,3000
Tamil Nadu,Tuticorin,Kovilpatti(Uzhavar Sandhai ),Ginger(Green),Green Ginger,Local,12/09/2026,18000,19000,18500
Tamil Nadu,Tuticorin,Kovilpatti(Uzhavar Sandhai ),Bhindi(Ladies Finger),Bhindi,Local,12/09/2026,3000,3500,3250
Tamil Nadu,Tuticorin,Kovilpatti(Uzhavar Sandhai ),Thondekai,Thondekai,Local,12/09/2026,4500,5000,4750
Tamil Nadu,Vellore,Gudiyatham(Uzhavar Sandhai ),Coconut,Coconut,Local,12/09/2026,4000,4000,4000
Tamil Nadu,Vellore,Gudiyatham(Uzhavar Sandhai ),Banana,Red Banana,Local,12/09/2026,8500,8500,8500
Tamil Nadu,Vellore,Gudiyatham(Uzhavar Sandhai ),Tomato,Local,Local,12/09/2026,3000,3000,3000
Tamil Nadu,Vellore,Gudiyatham(Uzhavar Sandhai ),Bottle gourd,Bottle Gourd,Local,12/09/2026,1800,1800,1800
Tamil Nadu,Vellore,Gudiyatham(Uzhavar Sandhai ),Tapioca,Tapioca,Local,12/09/2026,3000,3000,3000
Tamil Nadu,Vellore,Gudiyatham(Uzhavar Sandhai ),Ridgeguard(Tori),Ridgeguard(Tori),Local,12/09/2026,3600,3600,3600
Tamil Nadu,Vellore,Gudiyatham(Uzhavar Sandhai ),Raddish,Raddish,Local,12/09/2026,2400,2400,2400
Tamil Nadu,Vellore,Gudiyatham(Uzhavar Sandhai ),Chow Chow,Chow Chow,Local,12/09/2026,4600,4600,4600
Tamil Nadu,Vellore,Gudiyatham(Uzhavar Sandhai ),Tender Coconut,Tender Coconut,Local,12/09/2026,3500,3500,3500
Tamil Nadu,Vellore,Gudiyatham(Uzhavar Sandhai ),Lemon,Lemon,Local,12/09/2026,14000,14000,14000
Tamil Nadu,Vellore,Gudiyatham(Uzhavar Sandhai ),Colacasia,Colacasia,Local,12/09/2026,5600,5600,5600
Tamil Nadu,Vellore,Kahithapattarai(Uzhavar Sandhai ),Brinjal,Other,Local,12/09/2026,3600,3600,3600
Tamil Nadu,Vellore,Kahithapattarai(Uzhavar Sandhai ),Cluster beans,Cluster Beans,Local,12/09/2026,2500,2500,2500
Tamil Nadu,Vellore,Kahithapattarai(Uzhavar Sandhai ),Bottle gourd,Bottle Gourd,Local,12/09/2026,2000,2000,2000
Tamil Nadu,Vellore,Kahithapattarai(Uzhavar Sandhai ),Tapioca,Tapioca,Local,12/09/2026,3500,3500,3500
Tamil Nadu,Vellore,Kahithapattarai(Uzhavar Sandhai ),Drumstick,Drumstick,Local,12/09/2026,3500,3500,3500
Tamil Nadu,Vellore,Kahithapattarai(Uzhavar Sandhai ),Tamarind Fruit,Tamarind Fruit,Local,12/09/2026,14000,14000,14000
Tamil Nadu,Vellore,Kahithapattarai(Uzhavar Sandhai ),Colacasia,Colacasia,Local,12/09/2026,4500,4500,4500
Tamil Nadu,Vellore,Kahithapattarai(Uzhavar Sandhai ),Custard Apple(Sharifa),Custard Apple(Sharifa),Local,12/09/2026,5000,5000,5000
Tamil Nadu,Vellore,Kahithapattarai(Uzhavar Sandhai ),Rose(Local),Rose (Local),Local,12/09/2026,17000,17000,17000
Tamil Nadu,Villupuram,Villupuram(Uzhavar Sandhai ),Sweet Potato,Hosur Red,Local,12/09/2026,6000,6000,6000
Tamil Nadu,Villupuram,Villupuram(Uzhavar Sandhai ),Carrot,Pusakesar,Local,12/09/2026,7000,7000,7000
Tamil Nadu,Villupuram,Villupuram(Uzhavar Sandhai ),Cabbage,Cabbage,Local,12/09/2026,4000,4000,4000
Tamil Nadu,Villupuram,Villupuram(Uzhavar Sandhai ),Banana,Besrai,Local,12/09/2026,4000,10000,7000
Tamil Nadu,Villupuram,Villupuram(Uzhavar Sandhai ),Cauliflower,Ranchi,Local,12/09/2026,3000,3000,3000
Tamil Nadu,Villupuram,Villupuram(Uzhavar Sandhai ),Beans,Beans (Whole),Local,12/09/2026,8000,8000,8000
Tamil Nadu,Villupuram,Villupuram(Uzhavar Sandhai ),Tapioca,Tapioca,Local,12/09/2026,5000,5000,5000
Tamil Nadu,Villupuram,Villupuram(Uzhavar Sandhai ),Cucumbar(Kheera),Cucumbar,Local,12/09/2026,4000,8000,6000
Tamil Nadu,Villupuram,Villupuram(Uzhavar Sandhai ),Green Avare(W),Green Avare (W),Local,12/09/2026,6000,6000,6000
Tamil Nadu,Villupuram,Villupuram(Uzhavar Sandhai ),Drumstick,Drumstick,Local,12/09/2026,4000,4000,4000
Tamil Nadu,Villupuram,Villupuram(Uzhavar Sandhai ),Mango(Raw-Ripe),Mango - Raw-Ripe,Local,12/09/2026,9000,9000,9000
Tamil Nadu,Villupuram,Villupuram(Uzhavar Sandhai ),Elephant Yam(Suran)/Amorphophallus,Elephant Yam (Suran),Local,12/09/2026,6500,6500,6500
Tamil Nadu,Villupuram,Villupuram(Uzhavar Sandhai ),Lemon,Lemon,Local,12/09/2026,8000,8000,8000
Tamil Nadu,Villupuram,Villupuram(Uzhavar Sandhai ),Colacasia,Colacasia,Local,12/09/2026,6000,6000,6000
Tamil Nadu,Villupuram,Villupuram(Uzhavar Sandhai ),Sweet Corn ,Sweet Corn ,Local,12/09/2026,4000,4000,4000
Tamil Nadu,Thiruvannamalai,Cheyyar(Uzhavar Sandhai ),Carrot,Pusakesar,Local,12/09/2026,4000,5000,4500
Tamil Nadu,Thiruvannamalai,Cheyyar(Uzhavar Sandhai ),Cabbage,Cabbage,Local,12/09/2026,2500,3000,2750
Tamil Nadu,Thiruvannamalai,Cheyyar(Uzhavar Sandhai ),Cluster beans,Cluster Beans,Local,12/09/2026,3200,4000,3600
Tamil Nadu,Thiruvannamalai,Cheyyar(Uzhavar Sandhai ),Ashgourd,Gouard,Local,12/09/2026,2000,2500,2250
Tamil Nadu,Thiruvannamalai,Cheyyar(Uzhavar Sandhai ),Pumpkin,Pumpkin,Local,12/09/2026,2500,3000,2750
Tamil Nadu,Thiruvannamalai,Cheyyar(Uzhavar Sandhai ),Ridgeguard(Tori),Ridgeguard(Tori),Local,12/09/2026,3500,4200,3850
Tamil Nadu,Thiruvannamalai,Cheyyar(Uzhavar Sandhai ),Green Avare(W),Other,Local,12/09/2026,4000,4800,4400
Tamil Nadu,Thiruvannamalai,Cheyyar(Uzhavar Sandhai ),Chow Chow,Chow Chow,Local,12/09/2026,2500,3000,2750
Tamil Nadu,Thiruvannamalai,Cheyyar(Uzhavar Sandhai ),Onion Green,Onion Green,Local,12/09/2026,4800,6000,5400
Tamil Nadu,Thanjavur,Papanasam(Uzhavar Sandhai ),Coconut,Coconut,Local,12/09/2026,6000,6000,6000
Tamil Nadu,Thanjavur,Papanasam(Uzhavar Sandhai ),Onion,Bellary,Local,12/09/2026,6000,7200,6600
Tamil Nadu,Thanjavur,Papanasam(Uzhavar Sandhai ),Brinjal,Round,Local,12/09/2026,4800,6000,5400
Tamil Nadu,Thanjavur,Papanasam(Uzhavar Sandhai ),Coriander(Leaves),I Sort,Local,12/09/2026,3600,3600,3600
Tamil Nadu,Thanjavur,Papanasam(Uzhavar Sandhai ),Cluster beans,Cluster Beans,Local,12/09/2026,4800,4800,4800
Tamil Nadu,Thanjavur,Papanasam(Uzhavar Sandhai ),Raddish,Raddish,Local,12/09/2026,3600,3600,3600
Tamil Nadu,Thanjavur,Papanasam(Uzhavar Sandhai ),Onion Green,Onion Green,Local,12/09/2026,9600,9600,9600
Tamil Nadu,Ariyalur,Ariyalur(Uzhavar Sandhai),Cabbage,Cabbage,Local,12/09/2026,3000,3500,3250
Tamil Nadu,Ariyalur,Ariyalur(Uzhavar Sandhai),Onion,Bellary,Local,12/09/2026,5000,5500,5250
Tamil Nadu,Ariyalur,Ariyalur(Uzhavar Sandhai),Cluster beans,Cluster Beans,Local,12/09/2026,3500,4000,3750
Tamil Nadu,Ariyalur,Ariyalur(Uzhavar Sandhai),Beetroot,Beetroot,Local,12/09/2026,3500,4500,4000
Tamil Nadu,Ariyalur,Ariyalur(Uzhavar Sandhai),Green Avare(W),Green Avare (W),Local,12/09/2026,7000,8000,7500
Tamil Nadu,Ariyalur,Ariyalur(Uzhavar Sandhai),Chow Chow,Chow Chow,Local,12/09/2026,3500,4000,3750
Tamil Nadu,Ariyalur,Ariyalur(Uzhavar Sandhai),Lemon,Lemon,Local,12/09/2026,3500,4500,4000
Tamil Nadu,Dindigul,Kodaikkanal(Uzhavar Sandhai),Tomato,Deshi,Local,12/09/2026,2500,3000,2750
Tamil Nadu,Dindigul,Kodaikkanal(Uzhavar Sandhai),Raddish,Raddish,Local,12/09/2026,3500,4000,3750
Tamil Nadu,Coimbatore,Sundarapuram(Uzhavar Sandhai ),Sweet Potato,Hosur Red,Local,12/09/2026,5200,5800,5500
Tamil Nadu,Coimbatore,Sundarapuram(Uzhavar Sandhai ),Potato,Other,Local,12/09/2026,6000,6500,6250
Tamil Nadu,Coimbatore,Sundarapuram(Uzhavar Sandhai ),Papaya,Papaya,Local,12/09/2026,5000,5600,5300
Tamil Nadu,Coimbatore,Sundarapuram(Uzhavar Sandhai ),Cluster beans,Cluster Beans,Local,12/09/2026,3200,3800,3500
Tamil Nadu,Coimbatore,Sundarapuram(Uzhavar Sandhai ),Amaranthus,Amaranthus,Local,12/09/2026,5000,6500,5750
Tamil Nadu,Coimbatore,Sundarapuram(Uzhavar Sandhai ),Cucumbar(Kheera),Cucumbar,Local,12/09/2026,3500,4000,3750
Tamil Nadu,Coimbatore,Sundarapuram(Uzhavar Sandhai ),Ridgeguard(Tori),Ridgeguard(Tori),Local,12/09/2026,4000,4500,4250
Tamil Nadu,Erode,Sathiyamagalam(Uzhavar Sandhai ),Ginger(Green),Green Ginger,Local,12/09/2026,15000,16000,15500
Tamil Nadu,Erode,Sathiyamagalam(Uzhavar Sandhai ),Coconut,Coconut,Local,12/09/2026,4500,5000,4750
Tamil Nadu,Erode,Sathiyamagalam(Uzhavar Sandhai ),Banana,Red Banana,Local,12/09/2026,6500,7000,6750
Tamil Nadu,Erode,Sathiyamagalam(Uzhavar Sandhai ),Cluster beans,Cluster Beans,Local,12/09/2026,3000,3600,3300
Tamil Nadu,Erode,Sathiyamagalam(Uzhavar Sandhai ),Snakeguard,Snakeguard,Local,12/09/2026,3000,3600,3300
Tamil Nadu,Erode,Sathiyamagalam(Uzhavar Sandhai ),Ashgourd,Gouard,Local,12/09/2026,2000,2400,2200
Tamil Nadu,Erode,Sathiyamagalam(Uzhavar Sandhai ),Green Chilli,Green Chilly,Local,12/09/2026,4000,4600,4300
Tamil Nadu,Erode,Sathiyamagalam(Uzhavar Sandhai ),Banana - Green,Banana - Green,Local,12/09/2026,3000,3500,3250
Tamil Nadu,Erode,Sathiyamagalam(Uzhavar Sandhai ),Beans,Beans (Whole),Local,12/09/2026,6000,6500,6250
Tamil Nadu,Erode,Sathiyamagalam(Uzhavar Sandhai ),Elephant Yam(Suran)/Amorphophallus,Elephant Yam (Suran),Local,12/09/2026,3500,4000,3750
Tamil Nadu,Erode,Sathiyamagalam(Uzhavar Sandhai ),Turnip,Turnip,Local,12/09/2026,6000,6500,6250
Tamil Nadu,Coimbatore,Mettupalayam(Uzhavar Sandhai ),Coconut,Coconut,Local,12/09/2026,5500,6000,5750
Tamil Nadu,Coimbatore,Mettupalayam(Uzhavar Sandhai ),Carrot,Pusakesar,Local,12/09/2026,5500,6000,5750
Tamil Nadu,Coimbatore,Mettupalayam(Uzhavar Sandhai ),Potato,Red Nanital,Local,12/09/2026,4000,6000,5000
Tamil Nadu,Coimbatore,Mettupalayam(Uzhavar Sandhai ),Brinjal,Round,Local,12/09/2026,3000,3400,3200
Tamil Nadu,Coimbatore,Mettupalayam(Uzhavar Sandhai ),Green Peas,Green Peas,Local,12/09/2026,12000,15000,13500
Tamil Nadu,Coimbatore,Mettupalayam(Uzhavar Sandhai ),Amaranthus,Amaranthus,Local,12/09/2026,3000,4000,3500
Tamil Nadu,Coimbatore,Mettupalayam(Uzhavar Sandhai ),Green Chilli,Green Chilly,Local,12/09/2026,4500,5000,4750
Tamil Nadu,Coimbatore,Mettupalayam(Uzhavar Sandhai ),Beans,Beans (Whole),Local,12/09/2026,6000,7000,6500
Tamil Nadu,Coimbatore,Mettupalayam(Uzhavar Sandhai ),Ridgeguard(Tori),Ridgeguard(Tori),Local,12/09/2026,3500,4500,4000
Tamil Nadu,Coimbatore,Mettupalayam(Uzhavar Sandhai ),Raddish,Raddish,Local,12/09/2026,2500,3000,2750
Tamil Nadu,Coimbatore,Mettupalayam(Uzhavar Sandhai ),Mango(Raw-Ripe),Mango - Raw-Ripe,Local,12/09/2026,8000,9000,8500
Tamil Nadu,Coimbatore,Mettupalayam(Uzhavar Sandhai ),Tender Coconut,Tender Coconut,Local,12/09/2026,3500,4000,3750
Tamil Nadu,Namakkal,Tiruchengode APMC,Coriander(Leaves),I Sort,Local,12/09/2026,10500,12000,11250
Tamil Nadu,Namakkal,Tiruchengode APMC,Pumpkin,Pumpkin,Local,12/09/2026,1800,2000,1900
Tamil Nadu,Namakkal,Tiruchengode APMC,Beetroot,Beetroot,Local,12/09/2026,6200,7000,6600
Tamil Nadu,Namakkal,Tiruchengode APMC,Guava,Guava Allahabad,Local,12/09/2026,6200,7000,6600
Tamil Nadu,Namakkal,Tiruchengode APMC,Mint(Pudina),Mint(Pudina),Local,12/09/2026,4500,5000,4750
Tamil Nadu,Ariyalur,Jeyankondam (Uzhavar Sandhai ),Amaranthus,Amaranthus,Local,12/09/2026,2500,3000,2750
Tamil Nadu,Coimbatore,RSPuram(Uzhavar Sandhai ),Sweet Potato,Hosur Red,Local,12/09/2026,5000,5700,5350
Tamil Nadu,Coimbatore,RSPuram(Uzhavar Sandhai ),Grapes,Annabesahai,Local,12/09/2026,10000,11000,10500
Tamil Nadu,Coimbatore,RSPuram(Uzhavar Sandhai ),Cauliflower,Ranchi,Local,12/09/2026,4500,4800,4650
Tamil Nadu,Coimbatore,RSPuram(Uzhavar Sandhai ),Brinjal,Other,Local,12/09/2026,3200,3600,3400
Tamil Nadu,Coimbatore,RSPuram(Uzhavar Sandhai ),Green Peas,Green Peas,Local,12/09/2026,20000,22000,21000
Tamil Nadu,Coimbatore,RSPuram(Uzhavar Sandhai ),Bitter gourd,Other,Local,12/09/2026,4500,5000,4750
Tamil Nadu,Coimbatore,RSPuram(Uzhavar Sandhai ),Bottle gourd,Bottle Gourd,Local,12/09/2026,2400,2800,2600
Tamil Nadu,Coimbatore,RSPuram(Uzhavar Sandhai ),Banana - Green,Banana - Green,Local,12/09/2026,3500,4000,3750
Tamil Nadu,Coimbatore,RSPuram(Uzhavar Sandhai ),Tapioca,Tapioca,Local,12/09/2026,3000,3500,3250
Tamil Nadu,Coimbatore,RSPuram(Uzhavar Sandhai ),Beetroot,Beetroot,Local,12/09/2026,5000,5400,5200
Tamil Nadu,Coimbatore,RSPuram(Uzhavar Sandhai ),Raddish,Raddish,Local,12/09/2026,2800,3200,3000
Tamil Nadu,Coimbatore,RSPuram(Uzhavar Sandhai ),Indian Beans(Seam),Indian Beans (Seam),Local,12/09/2026,5000,5500,5250
Tamil Nadu,Coimbatore,RSPuram(Uzhavar Sandhai ),Pear(Marasebu),Pears,Local,12/09/2026,14000,15000,14500
Tamil Nadu,Coimbatore,RSPuram(Uzhavar Sandhai ),Amla(Nelli Kai),Amla,Local,12/09/2026,10000,11000,10500
Tamil Nadu,Coimbatore,RSPuram(Uzhavar Sandhai ),Sweet Corn ,Sweet Corn ,Local,12/09/2026,3500,4000,3750
Tamil Nadu,Coimbatore,Singanallur(Uzhavar Sandhai ),Coconut,Coconut,Local,12/09/2026,5600,5800,5700
Tamil Nadu,Coimbatore,Singanallur(Uzhavar Sandhai ),Garlic,Garlic,Local,12/09/2026,18000,20000,19000
Tamil Nadu,Coimbatore,Singanallur(Uzhavar Sandhai ),Snakeguard,Snakeguard,Local,12/09/2026,2800,3200,3000
Tamil Nadu,Coimbatore,Singanallur(Uzhavar Sandhai ),Cowpea(Veg),Cowpea (Veg),Local,12/09/2026,3500,4000,3750
Tamil Nadu,Coimbatore,Singanallur(Uzhavar Sandhai ),Banana - Green,Banana - Green,Local,12/09/2026,4000,4400,4200
Tamil Nadu,Coimbatore,Singanallur(Uzhavar Sandhai ),Raddish,Raddish,Local,12/09/2026,2800,3200,3000
Tamil Nadu,Coimbatore,Singanallur(Uzhavar Sandhai ),Thondekai,Thondekai,Local,12/09/2026,3500,4000,3750
Tamil Nadu,Coimbatore,Pollachi(Uzhavar Sandhai ),Carrot,Pusakesar,Local,12/09/2026,5500,6000,5750
Tamil Nadu,Coimbatore,Pollachi(Uzhavar Sandhai ),Cabbage,Cabbage,Local,12/09/2026,3000,3500,3250
Tamil Nadu,Coimbatore,Pollachi(Uzhavar Sandhai ),Banana,Red Banana,Local,12/09/2026,8000,9000,8500
Tamil Nadu,Coimbatore,Pollachi(Uzhavar Sandhai ),Banana - Green,Banana - Green,Local,12/09/2026,4000,4500,4250
Tamil Nadu,Coimbatore,Pollachi(Uzhavar Sandhai ),Mashrooms,Mashrooms,Local,12/09/2026,18000,20000,19000
Tamil Nadu,Coimbatore,Pollachi(Uzhavar Sandhai ),Onion Green,Onion Green,Local,12/09/2026,8000,9000,8500
Tamil Nadu,Karur,Karur(Uzhavar Sandhai ),Banana,Red Banana,Local,12/09/2026,5000,6000,5500
Tamil Nadu,Karur,Karur(Uzhavar Sandhai ),Chow Chow,Chow Chow,Local,12/09/2026,3500,4000,3750
Tamil Nadu,Karur,Karur(Uzhavar Sandhai ),Mango(Raw-Ripe),Mango - Raw-Ripe,Local,12/09/2026,9500,10000,9750
Tamil Nadu,Karur,Karur(Uzhavar Sandhai ),Knool Khol,Knool Khol,Local,12/09/2026,5500,6000,5750
Tamil Nadu,Karur,Karur(Uzhavar Sandhai ),Lemon,Lemon,Local,12/09/2026,29500,30000,29750
Tamil Nadu,Coimbatore,Kurichi(Uzhavar Sandhai ),Sweet Potato,Hosur Red,Local,12/09/2026,5000,5500,5250
Tamil Nadu,Coimbatore,Kurichi(Uzhavar Sandhai ),Brinjal,Round,Local,12/09/2026,4500,5000,4750
Tamil Nadu,Coimbatore,Kurichi(Uzhavar Sandhai ),Bottle gourd,Bottle Gourd,Local,12/09/2026,3000,3500,3250
Tamil Nadu,Coimbatore,Kurichi(Uzhavar Sandhai ),Banana - Green,Banana - Green,Local,12/09/2026,4000,4500,4250
Tamil Nadu,Coimbatore,Kurichi(Uzhavar Sandhai ),Snakeguard,Snakeguard,Local,12/09/2026,3000,3500,3250
Tamil Nadu,Coimbatore,Kurichi(Uzhavar Sandhai ),Tapioca,Tapioca,Local,12/09/2026,3000,3500,3250
Tamil Nadu,Coimbatore,Kurichi(Uzhavar Sandhai ),Raddish,Raddish,Local,12/09/2026,3000,3500,3250
Tamil Nadu,Cuddalore,Chidambaram(Uzhavar Sandhai ),Coconut,Coconut,Local,12/09/2026,6000,6000,6000
Tamil Nadu,Cuddalore,Chidambaram(Uzhavar Sandhai ),Bhindi(Ladies Finger),Bhindi,Local,12/09/2026,2500,3000,2750
Tamil Nadu,Cuddalore,Cuddalore(Uzhavar Sandhai ),Sweet Potato,Hosur Red,Local,12/09/2026,5000,6000,5500
Tamil Nadu,Cuddalore,Cuddalore(Uzhavar Sandhai ),Carrot,Pusakesar,Local,12/09/2026,5000,8000,6500
Tamil Nadu,Cuddalore,Cuddalore(Uzhavar Sandhai ),Snakeguard,Snakeguard,Local,12/09/2026,2500,2500,2500
Tamil Nadu,Cuddalore,Cuddalore(Uzhavar Sandhai ),Banana,Besrai,Local,12/09/2026,4000,8000,6000
Tamil Nadu,Cuddalore,Cuddalore(Uzhavar Sandhai ),Cauliflower,Ranchi,Local,12/09/2026,4000,4000,4000
Tamil Nadu,Cuddalore,Cuddalore(Uzhavar Sandhai ),Papaya,Papaya,Local,12/09/2026,4000,4000,4000
Tamil Nadu,Cuddalore,Cuddalore(Uzhavar Sandhai ),Pumpkin,Pumpkin,Local,12/09/2026,2000,2000,2000
Tamil Nadu,Cuddalore,Cuddalore(Uzhavar Sandhai ),Amaranthus,Amaranthus,Local,12/09/2026,2000,3000,2500
Tamil Nadu,Cuddalore,Cuddalore(Uzhavar Sandhai ),Beetroot,Beetroot,Local,12/09/2026,4000,4000,4000
Tamil Nadu,Cuddalore,Cuddalore(Uzhavar Sandhai ),Capsicum,Capsicum,Local,12/09/2026,4500,4500,4500
Tamil Nadu,Cuddalore,Cuddalore(Uzhavar Sandhai ),Lemon,Lemon,Local,12/09/2026,18000,20000,19000
Tamil Nadu,Cuddalore,Cuddalore(Uzhavar Sandhai ),Colacasia,Colacasia,Local,12/09/2026,6000,6000,6000
Tamil Nadu,Cuddalore,Cuddalore(Uzhavar Sandhai ),Onion Green,Onion Green,Local,12/09/2026,7000,7000,7000
Tamil Nadu,Tuticorin,Tuticorin(Uzhavar Sandhai ),Coconut,Coconut,Local,12/09/2026,6500,7000,6750
Tamil Nadu,Tuticorin,Tuticorin(Uzhavar Sandhai ),Coriander(Leaves),I Sort,Local,12/09/2026,4500,5000,4750
Tamil Nadu,Tuticorin,Tuticorin(Uzhavar Sandhai ),Water Melon,Water Melon,Local,12/09/2026,1500,2000,1750
Tamil Nadu,Tuticorin,Tuticorin(Uzhavar Sandhai ),Bitter gourd,Other,Local,12/09/2026,5000,6000,5500
Tamil Nadu,Tuticorin,Tuticorin(Uzhavar Sandhai ),Ashgourd,Gouard,Local,12/09/2026,1500,2000,1750
Tamil Nadu,Tuticorin,Tuticorin(Uzhavar Sandhai ),Pumpkin,Pumpkin,Local,12/09/2026,1500,2000,1750
Tamil Nadu,Tuticorin,Tuticorin(Uzhavar Sandhai ),Green Chilli,Green Chilly,Local,12/09/2026,6500,7000,6750
Tamil Nadu,Tuticorin,Tuticorin(Uzhavar Sandhai ),Cowpea(Veg),Cowpea (Veg),Local,12/09/2026,2500,3000,2750
Tamil Nadu,Tuticorin,Tuticorin(Uzhavar Sandhai ),Cucumbar(Kheera),Cucumbar,Local,12/09/2026,4500,5000,4750
Tamil Nadu,Tuticorin,Tuticorin(Uzhavar Sandhai ),Drumstick,Drumstick,Local,12/09/2026,4500,5000,4750
Tamil Nadu,Nagercoil (Kannyiakumari),Vadaseri APMC,Cabbage,Cabbage,Local,12/09/2026,5000,5500,5250
Tamil Nadu,Nagercoil (Kannyiakumari),Vadaseri APMC,Pineapple,Pine Apple,Local,12/09/2026,4500,5000,4750
Tamil Nadu,Nagercoil (Kannyiakumari),Vadaseri APMC,Potato,Red Nanital,Local,12/09/2026,3000,3500,3250
Tamil Nadu,Nagercoil (Kannyiakumari),Vadaseri APMC,Bitter gourd,Bitter Gourd,Local,12/09/2026,6000,6500,6250
Tamil Nadu,Nagercoil (Kannyiakumari),Vadaseri APMC,Bottle gourd,Bottle Gourd,Local,12/09/2026,1700,2000,1850
Tamil Nadu,Nagercoil (Kannyiakumari),Vadaseri APMC,Amaranthus,Amaranthus,Local,12/09/2026,1500,2000,1750
Tamil Nadu,Nagercoil (Kannyiakumari),Vadaseri APMC,Cowpea(Veg),Cowpea (Veg),Local,12/09/2026,4300,4800,4550
Tamil Nadu,Nagercoil (Kannyiakumari),Vadaseri APMC,Ginger(Green),Green Ginger,Local,12/09/2026,18000,20000,19000
Tamil Nadu,Nagercoil (Kannyiakumari),Vadaseri APMC,Green Avare(W),Green Avare (W),Local,12/09/2026,3500,4000,3750
Tamil Nadu,Nagercoil (Kannyiakumari),Vadaseri APMC,Kakada,Kakada,Local,12/09/2026,90000,110000,100000
Tamil Nadu,Nagercoil (Kannyiakumari),Vadaseri APMC,Lemon,Lemon,Local,12/09/2026,23000,25000,24000
Tamil Nadu,Nagercoil (Kannyiakumari),Vadaseri APMC,Amla(Nelli Kai),Amla,Local,12/09/2026,7500,8000,7750
Tamil Nadu,Vellore,Thirupathur APMC,Ginger(Green),Green Ginger,Local,12/09/2026,20000,20000,20000
Tamil Nadu,Vellore,Thirupathur APMC,Groundnut,Big (With Shell),Local,12/09/2026,6000,6000,6000
Tamil Nadu,Vellore,Thirupathur APMC,Cauliflower,Ranchi,Local,12/09/2026,3000,3000,3000
Tamil Nadu,Vellore,Thirupathur APMC,Pumpkin,Pumpkin,Local,12/09/2026,2000,2000,2000
Tamil Nadu,Vellore,Thirupathur APMC,Ridgeguard(Tori),Ridgeguard(Tori),Local,12/09/2026,4000,4000,4000
Tamil Nadu,Vellore,Thirupathur APMC,Chow Chow,Chow Chow,Local,12/09/2026,3000,3000,3000
Tamil Nadu,Vellore,Thirupathur APMC,Lemon,Lemon,Local,12/09/2026,5000,5000,5000
Tamil Nadu,Vellore,Thirupathur APMC,Onion Green,Onion Green,Local,12/09/2026,7500,7500,7500
Tamil Nadu,Vellore,Vellore APMC,Cabbage,Cabbage,Local,12/09/2026,2500,2500,2500
Tamil Nadu,Vellore,Vellore APMC,Garlic,Garlic,Local,12/09/2026,19000,20000,19500
Tamil Nadu,Vellore,Vellore APMC,Amaranthus,Amaranthus,Local,12/09/2026,4500,4500,4500
Tamil Nadu,Vellore,Vellore APMC,Colacasia,Colacasia,Local,12/09/2026,3500,4000,3750
Tamil Nadu,Dharmapuri,Harur(Uzhavar Sandhai ),Coconut,Coconut,Local,12/09/2026,6000,7000,6500
Tamil Nadu,Dharmapuri,Harur(Uzhavar Sandhai ),Banana,Besrai,Local,12/09/2026,4000,5000,4500
Tamil Nadu,Dharmapuri,Harur(Uzhavar Sandhai ),Garlic,Garlic,Local,12/09/2026,20000,25000,22500
Tamil Nadu,Dharmapuri,Harur(Uzhavar Sandhai ),Brinjal,Round,Local,12/09/2026,3000,3500,3250
Tamil Nadu,Dharmapuri,Harur(Uzhavar Sandhai ),Coriander(Leaves),I Sort,Local,12/09/2026,3500,4000,3750
Tamil Nadu,Dharmapuri,Harur(Uzhavar Sandhai ),Bitter gourd,Bitter Gourd,Local,12/09/2026,4000,5000,4500
Tamil Nadu,Dharmapuri,Harur(Uzhavar Sandhai ),Pumpkin,Pumpkin,Local,12/09/2026,1500,2000,1750
Tamil Nadu,Dharmapuri,Harur(Uzhavar Sandhai ),Amaranthus,Amaranthus,Local,12/09/2026,2500,3000,2750
Tamil Nadu,Dharmapuri,Harur(Uzhavar Sandhai ),Ridgeguard(Tori),Ridgeguard(Tori),Local,12/09/2026,3000,3500,3250
Tamil Nadu,Dharmapuri,Harur(Uzhavar Sandhai ),Green Avare(W),Green Avare (W),Local,12/09/2026,5000,6000,5500
Tamil Nadu,Dharmapuri,Harur(Uzhavar Sandhai ),Knool Khol,Knool Khol,Local,12/09/2026,4000,5000,4500
Tamil Nadu,Dharmapuri,Harur(Uzhavar Sandhai ),Onion Green,Onion Green,Local,12/09/2026,6000,7000,6500
Tamil Nadu,Krishnagiri,Kaveripattinam(Uzhavar Sandhai ),Tomato,Local,Local,12/09/2026,3000,3000,3000
Tamil Nadu,Krishnagiri,Kaveripattinam(Uzhavar Sandhai ),Cluster beans,Cluster Beans,Local,12/09/2026,4000,4000,4000
Tamil Nadu,Krishnagiri,Kaveripattinam(Uzhavar Sandhai ),Beans,Beans (Whole),Local,12/09/2026,8000,8000,8000
Tamil Nadu,Krishnagiri,Kaveripattinam(Uzhavar Sandhai ),Chow Chow,Chow Chow,Local,12/09/2026,3000,3000,3000
Tamil Nadu,Krishnagiri,Kaveripattinam(Uzhavar Sandhai ),Mint(Pudina),Mint(Pudina),Local,12/09/2026,5500,5500,5500
Tamil Nadu,The Nilgiris,Coonoor(Uzhavar Sandhai ),Coconut,Coconut,Local,12/09/2026,6000,6500,6250
Tamil Nadu,The Nilgiris,Coonoor(Uzhavar Sandhai ),Bitter gourd,Other,Local,12/09/2026,4500,5000,4750
Tamil Nadu,The Nilgiris,Coonoor(Uzhavar Sandhai ),Green Chilli,Green Chilly,Local,12/09/2026,4000,5000,4500
Tamil Nadu,The Nilgiris,Coonoor(Uzhavar Sandhai ),Cucumbar(Kheera),Cucumbar,Local,12/09/2026,3500,4000,3750
Tamil Nadu,The Nilgiris,Coonoor(Uzhavar Sandhai ),Ridgeguard(Tori),Ridgeguard(Tori),Local,12/09/2026,4500,5000,4750
Tamil Nadu,The Nilgiris,Coonoor(Uzhavar Sandhai ),Raddish,Raddish,Local,12/09/2026,3000,3500,3250
Tamil Nadu,The Nilgiris,Gudalur(Uzhavar Sandhai ),Cabbage,Cabbage,Local,12/09/2026,1500,2000,1750
Tamil Nadu,The Nilgiris,Gudalur(Uzhavar Sandhai ),Brinjal,Round,Local,12/09/2026,3500,3800,3650
Tamil Nadu,The Nilgiris,Gudalur(Uzhavar Sandhai ),Ashgourd,Gouard,Local,12/09/2026,1500,2000,1750
Tamil Nadu,The Nilgiris,Gudalur(Uzhavar Sandhai ),Pumpkin,Pumpkin,Local,12/09/2026,1500,2000,1750
Tamil Nadu,The Nilgiris,Gudalur(Uzhavar Sandhai ),Beans,Beans (Whole),Local,12/09/2026,6000,7000,6500
Tamil Nadu,The Nilgiris,Gudalur(Uzhavar Sandhai ),Drumstick,Drumstick,Local,12/09/2026,3000,3400,3200
Tamil Nadu,The Nilgiris,Gudalur(Uzhavar Sandhai ),Knool Khol,Knool Khol,Local,12/09/2026,4000,4500,4250
Telangana,Nirmal,Bhainsa APMC,"Sesamum(Sesame,Gingelly,Til)",Sesame,FAQ,12/09/2026,11623,12009,12009
Telangana,Warangal,Warangal APMC,Brinjal,Brinjal,FAQ,12/09/2026,1500,2000,1750
Telangana,Warangal,Warangal APMC,Bhindi(Ladies Finger),Bhindi,FAQ,12/09/2026,1000,1200,1100
Telangana,Bhadradri Kothagudem,Bhadrachalam APMC,Paddy(Common),Samba Masuri,FAQ,12/09/2026,2389,2389,2389
Telangana,Ranga Reddy,Babbuguda,Ox,Other,Local,12/09/2026,20000,20000,20000
Telangana,Ranga Reddy,"Saroornagar,RBZ",Banana - Green,Banana - Green,Medium,12/09/2026,4000,4000,4000
Telangana,Ranga Reddy,"Saroornagar,RBZ",Bottle gourd,Bottle Gourd,Medium,12/09/2026,900,900,900
Telangana,Ranga Reddy,"Saroornagar,RBZ",Brinjal,Other,Medium,12/09/2026,2300,2300,2300
Telangana,Ranga Reddy,"Saroornagar,RBZ",Colacasia,Colacasia,Medium,12/09/2026,2800,2800,2800
Telangana,Ranga Reddy,"Saroornagar,RBZ",Field Bean(Anumulu),Field Bean(Anumulu),Grade B,12/09/2026,3500,3500,3500
Telangana,Ranga Reddy,"Saroornagar,RBZ",Potato,Other,Medium,12/09/2026,1600,1600,1600
Telangana,Hyderabad,RYTHU BAZAR MEHDIPATNAM,Leafy Vegetable,Leafy Vegetables,Grade A,12/09/2026,3000,3000,3000
Telangana,Hyderabad,RYTHU BAZAR MEHDIPATNAM,Beetroot,Beetroot,Grade A,12/09/2026,3200,3500,3350
Telangana,Hyderabad,RYTHU BAZAR MEHDIPATNAM,Other green and fresh vegetables,Other,Grade A,12/09/2026,2500,2500,2500
Telangana,Hyderabad,RYTHU BAZAR MEHDIPATNAM,Wild Cucumber,Wild Cucumber,Grade A,12/09/2026,1500,1500,1500
Telangana,Siddipet,Vantamamidi APMC,Ridgeguard(Tori),Ridgeguard(Tori),Local,12/09/2026,1200,1800,1500
Telangana,Siddipet,Vantamamidi APMC,Brinjal,Brinjal,Local,12/09/2026,1000,1500,1250
Telangana,Hyderabad,RYTHU BAZAR ERRAGADDA,Tomato,Deshi,Grade A,12/09/2026,1500,1500,1500
Telangana,Hyderabad,RYTHU BAZAR ERRAGADDA,Cauliflower,Cauliflower,Grade A,12/09/2026,1800,1800,1800
Telangana,Hyderabad,RYTHU BAZAR ERRAGADDA,Ridgeguard(Tori),Ridgeguard(Tori),Grade A,12/09/2026,35,35,35
Telangana,Hyderabad,RYTHU BAZAR ERRAGADDA,French Beans(Frasbean),French Beans (Frasbean),Grade A,12/09/2026,5500,5500,5500
Telangana,Hyderabad,RYTHU BAZAR ERRAGADDA,Beetroot,Beetroot,Grade A,12/09/2026,3200,3200,3200
Telangana,Ranga Reddy,L B Nagar APMC,Green Chilli,Green Chilly,Medium,12/09/2026,1500,2500,2000
Telangana,Ranga Reddy,L B Nagar APMC,Onion,Onion,Medium,12/09/2026,5000,6000,5500
Telangana,Ranga Reddy,"Vanasthalipuram,RBZ ",Ladies Finger,Ladies Finger,Grade A,12/09/2026,3500,3500,3500
Telangana,Ranga Reddy,"Vanasthalipuram,RBZ ",Cauliflower,Cauliflower,Grade A,12/09/2026,1800,1800,1800
Telangana,Ranga Reddy,"Vanasthalipuram,RBZ ",Carrot,Carrot,Grade A,12/09/2026,4700,4700,4700
Telangana,Ranga Reddy,"Vanasthalipuram,RBZ ",Bottle gourd,Bottle Gourd,Grade A,12/09/2026,900,900,900
Telangana,Hyderabad,Mahboob Manison APMC,Dry Chillies,Dry Chillies,Grade Range-1,12/09/2026,11000,15000,12000
Telangana,Ranga Reddy,Shankarapally APMC,Green Chilli,Green Chilly,Local,12/09/2026,4000,5000,4500
Telangana,Ranga Reddy,Shankarapally APMC,Potato,Potato,Local,12/09/2026,1800,1800,1800
Telangana,Warangal,Warangal APMC,Bitter gourd,Bitter Gourd,FAQ,12/09/2026,1600,2000,1800
Telangana,Warangal,Warangal APMC,Ridgeguard(Tori),Ridgeguard(Tori),FAQ,12/09/2026,2000,2500,2250
Telangana,Warangal,Warangal APMC,Cauliflower,Cauliflower,FAQ,12/09/2026,1500,2000,1750
Telangana,Warangal,Warangal APMC,Cluster beans,Cluster Beans,FAQ,12/09/2026,2500,3000,2750
Telangana,Warangal,Warangal APMC,Green Chilli,Green Chilly,FAQ,12/09/2026,1500,2000,1750
Telangana,Warangal,Warangal APMC,Potato,Potato,FAQ,12/09/2026,1500,2000,1750
Telangana,Bhadradri Kothagudem,Yellandu APMC,Maize,Local,Local,12/09/2026,2200,2400,2300
Telangana,Ranga Reddy,"Saroornagar,RBZ",Little gourd(Kundru),Other,Medium,12/09/2026,2300,2300,2300
Telangana,Ranga Reddy,"Saroornagar,RBZ",Bhindi(Ladies Finger),Other,Medium,12/09/2026,3500,3500,3500
Telangana,Ranga Reddy,"Saroornagar,RBZ",Onion,Other,Medium,12/09/2026,4000,4000,4000
Telangana,Khammam,Sattupally APMC,Paddy(Common),Samba Masuri,Non-FAQ,12/09/2026,2300,2369,2350
Telangana,Hyderabad,RYTHU BAZAR MEHDIPATNAM,Bottle gourd,Bottle Gourd,Grade A,12/09/2026,900,900,900
Telangana,Hyderabad,RYTHU BAZAR MEHDIPATNAM,Carrot,Carrot,Grade A,12/09/2026,4500,4500,4500
Telangana,Hyderabad,RYTHU BAZAR MEHDIPATNAM,Drumstick,Drumstick,Grade A,12/09/2026,6000,6000,6000
Telangana,Hyderabad,RYTHU BAZAR MEHDIPATNAM,Onion,1st Sort,Grade A,12/09/2026,4000,4000,4000
Telangana,Hyderabad,RYTHU BAZAR MEHDIPATNAM,Ridgeguard(Tori),Other,Grade A,12/09/2026,3500,3500,3500
Telangana,Siddipet,Vantamamidi APMC,Cabbage,Cabbage,Local,12/09/2026,800,1200,1000
Telangana,Hyderabad,RYTHU BAZAR ERRAGADDA,Potato,Potato,Grade A,12/09/2026,1600,1600,1600
Telangana,Hyderabad,RYTHU BAZAR ERRAGADDA,Field Pea,Field Pea,Grade A,12/09/2026,3500,3500,3500
Telangana,Hyderabad,RYTHU BAZAR ERRAGADDA,Bottle gourd,Bottle Gourd,Grade A,12/09/2026,900,900,900
Telangana,Ranga Reddy,L B Nagar APMC,Brinjal,Brinjal,Medium,12/09/2026,1000,2000,1500
Telangana,Ranga Reddy,L B Nagar APMC,Cucumbar(Kheera),Cucumbar,Medium,12/09/2026,800,1200,1000
Telangana,Ranga Reddy,L B Nagar APMC,Pumpkin,Pumpkin,Medium,12/09/2026,1000,1500,1200
Telangana,Ranga Reddy,L B Nagar APMC,Banana - Green,Banana - Green,Medium,12/09/2026,2000,3000,2500
Telangana,Ranga Reddy,L B Nagar APMC,Drumstick,Drumstick,Medium,12/09/2026,2000,3000,2500
Telangana,Ranga Reddy,"Vanasthalipuram,RBZ ",Bitter gourd,Bitter Gourd,Grade A,12/09/2026,3200,3200,3200
Telangana,Ranga Reddy,"Vanasthalipuram,RBZ ",Colacasia,Colacasia,Grade A,12/09/2026,2800,2800,2800
Telangana,Nalgonda,Venkateswarnagar APMC,Tomato,Local,Local,12/09/2026,400,600,500
Telangana,Nalgonda,Venkateswarnagar APMC,Ridgeguard(Tori),Other,Local,12/09/2026,2000,2500,2200
Telangana,Nirmal,Bhainsa APMC,Bengal Gram(Gram)(Whole),Bengal Gram (Split),FAQ,12/09/2026,5559,5559,5559
Telangana,Ranga Reddy,"Saroornagar,RBZ",Ridgeguard(Tori),Other,Medium,12/09/2026,3500,3500,3500
Telangana,Ranga Reddy,"Saroornagar,RBZ",Snakeguard,Snakeguard,Medium,12/09/2026,2800,2800,2800
Telangana,Hyderabad,RYTHU BAZAR MEHDIPATNAM,Cluster beans,Cluster Beans,Grade A,12/09/2026,2800,2800,2800
Telangana,Hyderabad,RYTHU BAZAR MEHDIPATNAM,Colacasia,Colacasia,Grade A,12/09/2026,2800,2800,2800
Telangana,Hyderabad,RYTHU BAZAR MEHDIPATNAM,French Beans(Frasbean),French Beans (Frasbean),Grade A,12/09/2026,5500,5500,5500
Telangana,Hyderabad,RYTHU BAZAR MEHDIPATNAM,Potato,Potato,Grade A,12/09/2026,1600,1600,1600
Telangana,Hyderabad,RYTHU BAZAR ERRAGADDA,Ladies Finger,Ladies Finger,Grade A,12/09/2026,3500,3500,3500
Telangana,Hyderabad,RYTHU BAZAR ERRAGADDA,Bitter gourd,Bitter Gourd,Grade A,12/09/2026,3200,3200,3200
Telangana,Hyderabad,RYTHU BAZAR ERRAGADDA,Green Chilli,Green Chilly,Grade A,12/09/2026,3500,3500,3500
Telangana,Hyderabad,RYTHU BAZAR ERRAGADDA,Wild Cucumber,Wild Cucumber,Grade A,12/09/2026,15,15,15
Telangana,Hyderabad,RYTHU BAZAR ERRAGADDA,Leafy Vegetable,Leafy Vegetables,Grade A,12/09/2026,1500,1500,1500
Telangana,Hyderabad,RYTHU BAZAR ERRAGADDA,Cucumbar(Kheera),Cucumbar,Grade A,12/09/2026,2300,2300,2300
Telangana,Ranga Reddy,L B Nagar APMC,Bhindi(Ladies Finger),Bhindi,Medium,12/09/2026,1000,2000,1500
Telangana,Ranga Reddy,L B Nagar APMC,French Beans(Frasbean),French Beans (Frasbean),Medium,12/09/2026,4000,6000,5000
Telangana,Ranga Reddy,L B Nagar APMC,Tomato,Tomato,Medium,12/09/2026,600,1200,800
Telangana,Ranga Reddy,L B Nagar APMC,Carrot,Carrot,Medium,12/09/2026,3000,4000,3500
Telangana,Ranga Reddy,"Vanasthalipuram,RBZ ",Ridgeguard(Tori),Ridgeguard(Tori),Grade A,12/09/2026,3500,3500,3500
Telangana,Ranga Reddy,"Vanasthalipuram,RBZ ",Wild Cucumber,Wild Cucumber,Grade A,12/09/2026,1500,1500,1500
Telangana,Ranga Reddy,"Vanasthalipuram,RBZ ",Other green and fresh vegetables,Other,Grade A,12/09/2026,2000,2000,2000
Telangana,Ranga Reddy,"Vanasthalipuram,RBZ ",Potato,Potato,Grade A,12/09/2026,1700,1700,1700
Telangana,Ranga Reddy,"Vanasthalipuram,RBZ ",Cabbage,Cabbage,Grade A,12/09/2026,1600,1600,1600
Telangana,Ranga Reddy,"Vanasthalipuram,RBZ ",Cluster beans,Cluster Beans,Grade A,12/09/2026,2800,2800,2800
Telangana,Ranga Reddy,"Vanasthalipuram,RBZ ",Banana - Green,Banana - Green,Grade A,12/09/2026,4000,4000,4000
Telangana,Hyderabad,Mahboob Manison APMC,Garlic,Garlic,Grade Range-2,12/09/2026,7000,20000,12000
Telangana,Hyderabad,Mahboob Manison APMC,Tamarind Fruit,Tamarind Fruit,Grade Range-2,12/09/2026,7000,9000,8000
Telangana,Hyderabad,Mahboob Manison APMC,Dry Chillies,Dry Chillies,Grade Range-2,12/09/2026,7000,10000,8000
Telangana,Nalgonda,Venkateswarnagar APMC,Green Chilli,Green Chilly,Local,12/09/2026,3000,3500,3200
Telangana,Nalgonda,Venkateswarnagar APMC,Brinjal,Brinjal,Local,12/09/2026,600,1000,800
Telangana,Nalgonda,Venkateswarnagar APMC,Bottle gourd,Bottle Gourd,Local,12/09/2026,600,1000,800
Telangana,Nalgonda,Venkateswarnagar APMC,Potato,Local,Local,12/09/2026,1500,1800,1600
Telangana,Nalgonda,Venkateswarnagar APMC,Snakeguard,Other,Local,12/09/2026,800,1000,900
Telangana,Nalgonda,Venkateswarnagar APMC,Carrot,Carrot,Grade A,12/09/2026,2000,2200,2100
Telangana,Ranga Reddy,Shankarapally APMC,Tomato,Local,Local,12/09/2026,1125,1250,1187
Telangana,Ranga Reddy,Shankarapally APMC,Thondekai,Thondekai,Local,12/09/2026,4000,4000,4000
Telangana,Nirmal,Bhainsa APMC,Maize,Hybrid,FAQ,12/09/2026,1726,1726,1726
Telangana,Suryapet,Huzurnagar APMC,Paddy(Common),B P T,Local,12/09/2026,2461,2461,2461
Telangana,Warangal,Warangal APMC,Field Pea,Field Pea,FAQ,12/09/2026,3000,3500,3250
Telangana,Warangal,Warangal APMC,Thondekai,Thondekai,FAQ,12/09/2026,2000,2500,2250
Telangana,Ranga Reddy,"Saroornagar,RBZ",Beetroot,Beetroot,Medium,12/09/2026,3200,3200,3200
Telangana,Ranga Reddy,"Saroornagar,RBZ",Leafy Vegetable,Leafy Vegetables,Medium,12/09/2026,2000,2000,2000
Telangana,Ranga Reddy,"Saroornagar,RBZ",Carrot,Other,Medium,12/09/2026,4500,4500,4500
Telangana,Ranga Reddy,"Saroornagar,RBZ",Cauliflower,Cauliflower,Medium,12/09/2026,1800,1800,1800
Telangana,Karimnagar,V.Saidapur APMC,Paddy(Common),MTU-1010,FAQ,12/09/2026,2389,2389,2389
Telangana,Karimnagar,Gangadhara APMC,Paddy(Common),I.R. 64,FAQ,12/09/2026,2441,2441,2441
Telangana,Hyderabad,RYTHU BAZAR MEHDIPATNAM,Bhindi(Ladies Finger),Bhindi,Grade A,12/09/2026,3500,3500,3500
Telangana,Hyderabad,RYTHU BAZAR MEHDIPATNAM,Snakeguard,Other,Grade A,12/09/2026,2800,2800,2800
Telangana,Hyderabad,RYTHU BAZAR MEHDIPATNAM,Tinda,Other,Grade A,12/09/2026,2300,2300,2300
Telangana,Hyderabad,RYTHU BAZAR MEHDIPATNAM,Tomato,Deshi,Grade A,12/09/2026,1500,1500,1500
Telangana,Hyderabad,RYTHU BAZAR MEHDIPATNAM,Cucumbar(Kheera),Cucumbar,Grade A,12/09/2026,2300,2300,2300
Telangana,Siddipet,Vantamamidi APMC,Tomato,Tomato,Local,12/09/2026,800,800,800
Telangana,Siddipet,Vantamamidi APMC,Green Chilli,Green Chilly,Local,12/09/2026,2000,2000,2000
Telangana,Siddipet,Vantamamidi APMC,Bottle gourd,Bottle Gourd,Local,12/09/2026,500,500,500
Telangana,Siddipet,Vantamamidi APMC,Pumpkin,Pumpkin,Local,12/09/2026,700,1000,850
Telangana,Khammam,Nelakondapally APMC,Paddy(Common),HMT,Local,12/09/2026,2360,2400,2389
Telangana,Hyderabad,RYTHU BAZAR ERRAGADDA,Brinjal,Brinjal,Grade A,12/09/2026,2300,2300,2300
Telangana,Hyderabad,RYTHU BAZAR ERRAGADDA,Cabbage,Cabbage,Grade A,12/09/2026,1500,1500,1500
Telangana,Hyderabad,RYTHU BAZAR ERRAGADDA,Onion,1st Sort,Grade A,12/09/2026,4000,4000,4000
Telangana,Hyderabad,RYTHU BAZAR ERRAGADDA,Cluster beans,Cluster Beans,Grade A,12/09/2026,2800,2800,2800
Telangana,Hyderabad,RYTHU BAZAR ERRAGADDA,Banana - Green,Banana - Green,Grade A,12/09/2026,1000,1000,1000
Telangana,Ranga Reddy,L B Nagar APMC,Ridgeguard(Tori),Ridgeguard(Tori),Medium,12/09/2026,2000,3000,2500
Telangana,Ranga Reddy,L B Nagar APMC,Bitter gourd,Bitter Gourd,Medium,12/09/2026,2000,3000,2500
Telangana,Ranga Reddy,L B Nagar APMC,Bottle gourd,Bottle Gourd,Medium,12/09/2026,400,800,600
Telangana,Ranga Reddy,L B Nagar APMC,Cauliflower,Cauliflower,Medium,12/09/2026,1500,2500,2000
Telangana,Ranga Reddy,L B Nagar APMC,Beetroot,Beetroot,Medium,12/09/2026,2000,3000,2500
Telangana,Ranga Reddy,"Vanasthalipuram,RBZ ",Brinjal,Brinjal,Grade A,12/09/2026,2300,2300,2300
Telangana,Ranga Reddy,"Vanasthalipuram,RBZ ",Onion,Onion,Grade A,12/09/2026,4000,4000,4000
Telangana,Ranga Reddy,"Vanasthalipuram,RBZ ",Little gourd(Kundru),Little gourd (Kundru),Grade A,12/09/2026,2500,2500,2500
Telangana,Ranga Reddy,"Vanasthalipuram,RBZ ",Drumstick,Drumstick,Grade A,12/09/2026,4500,4500,4500
Telangana,Ranga Reddy,"Vanasthalipuram,RBZ ",Cucumbar(Kheera),Other,Grade A,12/09/2026,2300,2300,2300
Telangana,Hyderabad,Mahboob Manison APMC,Ginger(Green),Other,Medium,12/09/2026,4300,8400,6300
Telangana,Karimnagar,Husnabad APMC,Paddy(Common),MTU-1010,Local,12/09/2026,2400,2400,2400
Telangana,Nalgonda,Venkateswarnagar APMC,Cucumbar(Kheera),Other,Local,12/09/2026,800,1000,900
Telangana,Nalgonda,Venkateswarnagar APMC,Cluster beans,Cluster Beans,Local,12/09/2026,1800,2000,1900
Telangana,Warangal,Warangal APMC,Colacasia,Colacasia,FAQ,12/09/2026,1500,2000,1750
Telangana,Warangal,Warangal APMC,Cucumbar(Kheera),Cucumbar,FAQ,12/09/2026,1500,1800,1650
Telangana,Warangal,Warangal APMC,Tomato,Tomato,FAQ,12/09/2026,1000,1200,1100
Telangana,Adilabad,Adilabad APMC,Cotton,Cotton (Unginned),FAQ,12/09/2026,7400,8650,8100
Telangana,Ranga Reddy,Babbuguda,Calf,Calf,Local,12/09/2026,15000,15000,15000
Telangana,Ranga Reddy,"Saroornagar,RBZ",Cabbage,Other,Medium,12/09/2026,1500,1500,1500
Telangana,Ranga Reddy,"Saroornagar,RBZ",Green Chilli,Other,Medium,12/09/2026,3500,3500,3500
Telangana,Ranga Reddy,"Saroornagar,RBZ",Cluster beans,Cluster Beans,Medium,12/09/2026,2800,2800,2800
Telangana,Ranga Reddy,"Saroornagar,RBZ",Bitter gourd,Other,Medium,12/09/2026,3200,3200,3200
Telangana,Ranga Reddy,"Saroornagar,RBZ",French Beans(Frasbean),Other,Medium,12/09/2026,5500,5500,5500
Telangana,Ranga Reddy,"Saroornagar,RBZ",Cucumbar(Kheera),Cucumbar,Medium,12/09/2026,1500,1500,1500
Telangana,Ranga Reddy,"Saroornagar,RBZ",Drumstick,Drumstick,Medium,12/09/2026,4500,4500,4500
Telangana,Ranga Reddy,"Saroornagar,RBZ",Yam(Ratalu),Yam (Ratalu),Medium,12/09/2026,3500,3500,3500
Telangana,Ranga Reddy,"Saroornagar,RBZ",Tomato,Other,Medium,12/09/2026,1500,1500,1500
Telangana,Karimnagar,V.Saidapur APMC,Paddy(Common),1001,Non-FAQ,12/09/2026,2369,2369,2369
Telangana,Jogulamba Gadwal,Alampur APMC,Paddy(Common),Common,Local,12/09/2026,2000,2500,2400
Telangana,Hyderabad,RYTHU BAZAR MEHDIPATNAM,Bitter gourd,Bitter Gourd,Grade A,12/09/2026,3200,3200,3200
Telangana,Hyderabad,RYTHU BAZAR MEHDIPATNAM,Brinjal,Brinjal,Grade A,12/09/2026,2300,2300,2300
Telangana,Hyderabad,RYTHU BAZAR MEHDIPATNAM,Banana - Green,Banana - Green,Grade A,12/09/2026,1000,1000,1000
Telangana,Hyderabad,RYTHU BAZAR MEHDIPATNAM,Cauliflower,Cauliflower,Grade A,12/09/2026,1800,1800,1800
Telangana,Hyderabad,RYTHU BAZAR MEHDIPATNAM,Cabbage,Cabbage,Grade A,12/09/2026,1500,1500,1500
Telangana,Hyderabad,RYTHU BAZAR MEHDIPATNAM,Field Pea,Field Pea,Grade A,12/09/2026,3500,3500,3500
Telangana,Hyderabad,RYTHU BAZAR MEHDIPATNAM,Green Chilli,Green Chilly,Grade A,12/09/2026,3500,3500,3500
Telangana,Siddipet,Vantamamidi APMC,Field Pea,Field Pea,Local,12/09/2026,3000,3000,3000
Telangana,Siddipet,Vantamamidi APMC,Bhindi(Ladies Finger),Bhindi,Local,12/09/2026,1000,1500,1250
Telangana,Siddipet,Vantamamidi APMC,Cucumbar(Kheera),Cucumbar,Local,12/09/2026,700,1000,850
Telangana,Hyderabad,RYTHU BAZAR ERRAGADDA,Carrot,Carrot,Grade A,12/09/2026,4500,4500,4500
Telangana,Hyderabad,RYTHU BAZAR ERRAGADDA,Tinda,Tinda,Grade A,12/09/2026,23,23,23
Telangana,Hyderabad,RYTHU BAZAR ERRAGADDA,Elephant Yam(Suran)/Amorphophallus,Elephant Yam (Suran),Grade A,12/09/2026,3500,3500,3500
Telangana,Hyderabad,RYTHU BAZAR ERRAGADDA,Other green and fresh vegetables,Other,Grade A,12/09/2026,1500,1500,1500
Telangana,Hyderabad,RYTHU BAZAR ERRAGADDA,Colacasia,Colacasia,Grade A,12/09/2026,2800,2800,2800
Telangana,Hyderabad,RYTHU BAZAR ERRAGADDA,Snakeguard,Snakeguard,Grade A,12/09/2026,2800,2800,2800
Telangana,Hyderabad,RYTHU BAZAR ERRAGADDA,Drumstick,Drumstick,Grade A,12/09/2026,4500,4500,4500
Telangana,Ranga Reddy,L B Nagar APMC,Potato,Potato,Medium,12/09/2026,1000,1500,1200
Telangana,Ranga Reddy,L B Nagar APMC,Cluster beans,Cluster Beans,Medium,12/09/2026,2000,3000,2500
Telangana,Ranga Reddy,L B Nagar APMC,Cabbage,Cabbage,Medium,12/09/2026,800,1200,1000
Telangana,Ranga Reddy,L B Nagar APMC,Field Pea,Field Pea,Medium,12/09/2026,2500,3500,3000
Telangana,Ranga Reddy,L B Nagar APMC,Capsicum,Capsicum,Medium,12/09/2026,1500,2500,2000
Telangana,Ranga Reddy,"Vanasthalipuram,RBZ ",Green Chilli,Green Chilly,Grade A,12/09/2026,3500,3500,3500
Telangana,Ranga Reddy,"Vanasthalipuram,RBZ ",Tomato,Other,Grade A,12/09/2026,1500,1500,1500
Telangana,Ranga Reddy,"Vanasthalipuram,RBZ ",Beetroot,Beetroot,Grade A,12/09/2026,3500,3500,3500
Telangana,Ranga Reddy,"Vanasthalipuram,RBZ ",Field Bean(Anumulu),Field Bean(Anumulu),Grade A,12/09/2026,3500,3500,3500
Telangana,Ranga Reddy,"Vanasthalipuram,RBZ ",French Beans(Frasbean),Other,Grade A,12/09/2026,5500,5500,5500
Telangana,Ranga Reddy,"Vanasthalipuram,RBZ ",Leafy Vegetable,Leafy Vegetables,Grade A,12/09/2026,5000,5000,5000
Telangana,Hyderabad,Mahboob Manison APMC,Onion,Onion,Small,12/09/2026,1800,3600,3500
Telangana,Hyderabad,Mahboob Manison APMC,Onion,Onion,Large,12/09/2026,4200,5000,4500
Telangana,Hyderabad,Mahboob Manison APMC,Potato,Potato,Medium,12/09/2026,1400,1900,1600
Telangana,Hyderabad,Mahboob Manison APMC,Tamarind Fruit,Tamarind Fruit,Grade Range-1,12/09/2026,9500,12000,10000
Telangana,Nalgonda,Venkateswarnagar APMC,Bitter gourd,Bitter Gourd,Local,12/09/2026,1600,2000,1800
Telangana,Nalgonda,Venkateswarnagar APMC,Bhindi(Ladies Finger),Bhindi,Local,12/09/2026,1000,1400,1200
Tripura,Dhalai,Kulai APMC,Green Chilli,Green Chilly,Grade B,12/09/2026,19500,20000,19800
Tripura,Dhalai,Chowmanu APMC,Brinjal,Round/Long,Local,12/09/2026,4000,5000,4500
Tripura,South Tripura,Barpathari APMC,Brinjal,Round/Long,Local,12/09/2026,3900,4100,4000
Tripura,South Tripura,Barpathari APMC,"Spiny Gourd / Kartali(Kantola)
",Kartali (Kantola),Local,12/09/2026,4900,5100,5000
Tripura,Gomati,Silachhari APMC,Fish,Rahu(Andhra),FAQ,12/09/2026,19000,20000,19500
Tripura,Dhalai,Chowmanu APMC,Bitter gourd,Bitter Gourd,Local,12/09/2026,6000,7000,6500
Tripura,Dhalai,Chowmanu APMC,Pointed gourd(Parval),Other,Local,12/09/2026,5000,6000,5500
Tripura,Dhalai,Chowmanu APMC,Cucumbar(Kheera),Cucumbar,Local,12/09/2026,4000,5000,4500
Tripura,North Tripura,Dasda APMC,Brinjal,Round/Long,FAQ,12/09/2026,2650,2750,2700
Tripura,South Tripura,Barpathari APMC,Cucumbar(Kheera),Cucumbar,Local,12/09/2026,6900,7100,7000
Tripura,South Tripura,Barpathari APMC,Ridgeguard(Tori),Ridgeguard(Tori),Local,12/09/2026,6900,7100,7000
Tripura,Gomati,Silachhari APMC,Onion,Nasik,FAQ,12/09/2026,4600,5000,4800
Tripura,Dhalai,Kulai APMC,Banana - Green,Banana - Green,Grade B,12/09/2026,2000,2500,2300
Tripura,Gomati,Silachhari APMC,Rice,Other,FAQ,12/09/2026,3600,3800,3700
Tripura,Gomati,Silachhari APMC,Colacasia,Colacasia,FAQ,12/09/2026,3500,4000,3700
Tripura,Gomati,Silachhari APMC,Green Chilli,Green Chilly,FAQ,12/09/2026,10000,12000,11000
Tripura,Gomati,Silachhari APMC,Papaya(Raw),Other,FAQ,12/09/2026,2000,2500,2300
Tripura,Gomati,Silachhari APMC,Pumpkin,Other,FAQ,12/09/2026,3000,3500,3300
Tripura,Gomati,Silachhari APMC,Tomato,Hybrid,FAQ,12/09/2026,5600,6000,5800
Tripura,Dhalai,Kulai APMC,Potato,Other,Grade B,12/09/2026,1600,2000,1800
Tripura,Dhalai,Chowmanu APMC,Bhindi(Ladies Finger),Bhindi,Local,12/09/2026,6000,7000,6500
Tripura,Dhalai,Chowmanu APMC,Potato,Jyoti,Local,12/09/2026,1800,2000,1900
Tripura,North Tripura,Dasda APMC,Potato,Other,FAQ,12/09/2026,1400,1500,1450
Tripura,North Tripura,Dasda APMC,Rice,Other,FAQ,12/09/2026,3250,3350,3300
Tripura,Gomati,Silachhari APMC,Bitter gourd,Bitter Gourd,FAQ,12/09/2026,5500,6000,5800
Tripura,Gomati,Silachhari APMC,Cowpea(Veg),Cowpea (Veg),FAQ,12/09/2026,2000,2500,2300
Tripura,Gomati,Silachhari APMC,Ginger(Green),Green Ginger,FAQ,12/09/2026,13000,14000,13500
Tripura,Gomati,Silachhari APMC,Potato,Other,FAQ,12/09/2026,1600,2000,1800
Tripura,Dhalai,Kulai APMC,Bitter gourd,Bitter Gourd,Grade B,12/09/2026,9500,10000,9800
Tripura,Dhalai,Kulai APMC,Indian Beans(Seam),Other,Grade B,12/09/2026,7500,8000,7700
Tripura,Dhalai,Kulai APMC,Pointed gourd(Parval),Pointed gourd (Parval),Grade B,12/09/2026,5500,6000,5800
Tripura,Dhalai,Kulai APMC,Ginger(Green),Green Ginger,Grade B,12/09/2026,17500,18000,17700
Tripura,Dhalai,Chowmanu APMC,Green Chilli,Green Chilly,Local,12/09/2026,15000,16000,15500
Tripura,North Tripura,Dasda APMC,Onion,Onion,FAQ,12/09/2026,5500,5600,5550
Tripura,South Tripura,Barpathari APMC,Pointed gourd(Parval),Pointed gourd (Parval),Local,12/09/2026,3900,4100,4000
Tripura,Gomati,Silachhari APMC,Brinjal,Round/Long,FAQ,12/09/2026,4600,5000,4800
Tripura,Gomati,Silachhari APMC,Cucumbar(Kheera),Cucumbar,FAQ,12/09/2026,5600,6000,5800
Tripura,Gomati,Silachhari APMC,Raddish,Raddish,FAQ,12/09/2026,1600,2000,1800
Uttar Pradesh,Jalaun (Orai),Orai APMC,Gram Raw(Chholia),Other,FAQ,12/09/2026,6200,6200,6200
Uttar Pradesh,Fatehpur,Fatehpur APMC,Garlic,Other,FAQ,12/09/2026,10500,10500,10500
Uttar Pradesh,Fatehpur,Fatehpur APMC,Onion,Other,FAQ,12/09/2026,3600,3600,3600
Uttar Pradesh,Aligarh,Aligarh APMC,Wood,Other,FAQ,12/09/2026,1849.37,1849.37,1849.37
Uttar Pradesh,Kanpur Dehat,Jhijhank APMC,Wheat,Dara,FAQ,12/09/2026,2350,2350,2350
Uttar Pradesh,Farukhabad,Kayamganj APMC,Tobacco,Other,FAQ,12/09/2026,7500,8612.9,8330.31
Uttar Pradesh,Kasganj,Kasganj APMC,Potato,Other,FAQ,12/09/2026,600,603,600.98
Uttar Pradesh,Ambedkarnagar,Akbarpur APMC,Wheat,Hybrid,FAQ,12/09/2026,2450,2450,2450
Uttar Pradesh,Bijnor,Chaandpur APMC,Gur(Jaggery),Other,FAQ,12/09/2026,4800,4800,4800
Uttar Pradesh,Ghaziabad,Ghaziabad APMC,Wheat,Dara,FAQ,12/09/2026,2810,2820,2816.43
Uttar Pradesh,Kanpur,Kanpur(Grain) APMC,Onion,Other,FAQ,12/09/2026,3500,3500,3500
Uttar Pradesh,Lalitpur,Lalitpur APMC,Wheat,Medium,FAQ,12/09/2026,2350,2350,2350
Uttar Pradesh,Lalitpur,Lalitpur APMC,Peas(Dry),Other,FAQ,12/09/2026,3299.99,4000,3742.16
Uttar Pradesh,Bahraich,Bahraich APMC,Wheat,Hybrid,FAQ,12/09/2026,2540,2550,2543.45
Uttar Pradesh,Saharanpur,CHHUTMALPUR APMC,Brinjal,Brinjal,Local,12/09/2026,900,1200,1000
Uttar Pradesh,Saharanpur,CHHUTMALPUR APMC,Bhindi(Ladies Finger),Bhindi,Local,12/09/2026,1350,1550,1450
Uttar Pradesh,Saharanpur,CHHUTMALPUR APMC,Spinach,Spinach,Local,12/09/2026,1400,1600,1500
Uttar Pradesh,Sitapur,Viswan APMC,Wheat,Local,FAQ,12/09/2026,2500,2500,2500
Uttar Pradesh,Jhansi,Chirgaon APMC,Wheat,Other,FAQ,12/09/2026,2430,2470,2450.3
Uttar Pradesh,Ayodhya,Ayodhya APMC,Wheat,Dara,FAQ,12/09/2026,2500,2500,2500
Uttar Pradesh,Mathura,Kosikalan APMC,Potato,Other,FAQ,12/09/2026,600,600,600
Uttar Pradesh,Hardoi,Madhoganj APMC,Wheat,Dara,FAQ,12/09/2026,2500,2500,2500
Uttar Pradesh,Sitapur,Mehmoodabad APMC,Mentha Oil,Other,FAQ,12/09/2026,131000,131000,131000
Uttar Pradesh,Mahoba,Mahoba APMC,Peas(Dry),Other,FAQ,12/09/2026,4170,4230,4197.94
Uttar Pradesh,Lalitpur,Mehrauni APMC,Wood,Other,FAQ,12/09/2026,400,400,400
Uttar Pradesh,Sonbhadra,Dudhi APMC,Wood,Other,FAQ,12/09/2026,530,530,530
Uttar Pradesh,Kanpur Dehat,Rura APMC,Wheat,Medium,FAQ,12/09/2026,2500,2500,2500
Uttar Pradesh,Prayagraj,Prayagraj APMC,Paddy(Common),Common,FAQ,12/09/2026,1850,1850,1850
Uttar Pradesh,Badaun,Shahaswan APMC,Banana - Green,Banana - Green,Medium,12/09/2026,1450,1550,1500
Uttar Pradesh,Sonbhadra,Robertsganj APMC,Green Chilli,Other,FAQ,12/09/2026,2000,2000,2000
Uttar Pradesh,Ayodhya,Rudauli APMC,Tobacco,Other,FAQ,12/09/2026,1600,1600,1600
Uttar Pradesh,Hathras,Sikandraraau APMC,Firewood,Firewood,FAQ,12/09/2026,350,350,350
Uttar Pradesh,Firozabad,Sirsaganj APMC,Maize,Other,FAQ,12/09/2026,2100,2400,2288.25
Uttar Pradesh,Hardoi,Sandila APMC,Tendu Leaves/Kendu leaves/Bidi Leaves,Other,FAQ,12/09/2026,4000,4000,4000
Uttar Pradesh,Sambhal,Bhehjoi APMC,Wood,Eucalyptus,Local,12/09/2026,500,510,505
Uttar Pradesh,Kanpur,Baripaal APMC,Wood,Other,FAQ,12/09/2026,600,600,600
Uttar Pradesh,Bulandshahar,Gulavati APMC,Sponge gourd,Other,FAQ,12/09/2026,2100,2300,2200
Uttar Pradesh,Lucknow,Lucknow APMC,Ginger(Green),Other,FAQ,12/09/2026,6000,6000,6000
Uttar Pradesh,Gonda,Gonda APMC,Paddy(Common),Common,FAQ,12/09/2026,1850,2500,2066.67
Uttar Pradesh,Gorakhpur,Sehjanwa APMC,Wheat,Dara,FAQ,12/09/2026,2410,2575,2446.38
Uttar Pradesh,Raebarelli,Lalganj APMC,Firewood,Firewood,FAQ,12/09/2026,350,350,350
Uttar Pradesh,Unnao,Purwa APMC,Wheat,Other,FAQ,12/09/2026,2550,2550,2550
Uttar Pradesh,Mainpuri,Bewar APMC,Groundnut,Other,FAQ,12/09/2026,6500,6500,6500
Uttar Pradesh,Lucknow,Banthara APMC,Wheat,Dara,FAQ,12/09/2026,2550,2584,2576.96
Uttar Pradesh,Agra,Khairagarh APMC,Tomato,Tomato,FAQ,12/09/2026,2000,2100,2050
Uttar Pradesh,Agra,Khairagarh APMC,Green Chilli,Green Chilly,FAQ,12/09/2026,3000,3100,3050
Uttar Pradesh,Shravasti,Bhinga APMC,Wood,Other,FAQ,12/09/2026,500,500,500
Uttar Pradesh,Agra,Agra APMC,Green Chilli,Other,FAQ,12/09/2026,1500,1500,1500
Uttar Pradesh,Banda,Banda APMC,Wheat,Other,FAQ,12/09/2026,2425,2425,2425
Uttar Pradesh,Fatehpur,Fatehpur APMC,Green Chilli,Other,FAQ,12/09/2026,3300,3300,3300
Uttar Pradesh,Chitrakut,Karvi APMC,Wheat,Other,FAQ,12/09/2026,2580,2580,2580
Uttar Pradesh,Badaun,Babrala APMC,Potato,Potato,Medium,12/09/2026,580,600,590
Uttar Pradesh,Sambhal,Sambhal APMC,Potato,Other,FAQ,12/09/2026,600,600,600
Uttar Pradesh,Saharanpur,Saharanpur APMC,Tomato,Other,FAQ,12/09/2026,1500,1700,1516.45
Uttar Pradesh,Bulandshahar,Sikanderabad APMC,Potato,Other,FAQ,12/09/2026,700,700,700
Uttar Pradesh,Kanpur,Kanpur(Grain) APMC,Potato,Other,FAQ,12/09/2026,550,550,550
Uttar Pradesh,Lalitpur,Lalitpur APMC,Wheat,Mill Quality,FAQ,12/09/2026,2350,2350,2350
Uttar Pradesh,Bahraich,Bahraich APMC,Wood,Other,FAQ,12/09/2026,150,150,150
Uttar Pradesh,Unnao,Bangarmau APMC,Wood,Other,FAQ,12/09/2026,460,1005,823.37
Uttar Pradesh,Badaun,Bilsi APMC,Maize,Other,FAQ,12/09/2026,2000,2200,2117.65
Uttar Pradesh,Saharanpur,CHHUTMALPUR APMC,Colacasia,Colacasia,Local,12/09/2026,1500,1800,1600
Uttar Pradesh,Saharanpur,CHHUTMALPUR APMC,Cucumbar(Kheera),Cucumbar,Local,12/09/2026,1950,2150,2050
Uttar Pradesh,Saharanpur,CHHUTMALPUR APMC,Raddish,Raddish,Local,12/09/2026,1100,1500,1300
Uttar Pradesh,Ayodhya,Ayodhya APMC,Firewood,Firewood,FAQ,12/09/2026,400,400,400
Uttar Pradesh,Jhansi,Gurusarai APMC,Gram Raw(Chholia),Other,FAQ,12/09/2026,5500,5509,5503.03
Uttar Pradesh,Amethi,Jafarganj APMC,Wheat,Dara,FAQ,12/09/2026,2300,2300,2300
Uttar Pradesh,Jalaun (Orai),Jalaun APMC,Peas(Dry),Other,FAQ,12/09/2026,3205,3205,3205
Uttar Pradesh,Jalaun (Orai),Jalaun APMC,Firewood,Firewood,FAQ,12/09/2026,500,500,500
Uttar Pradesh,Ghazipur,Jangipura APMC,Rice,Common,FAQ,12/09/2026,2800,2800,2800
Uttar Pradesh,Jalaun (Orai),Konch APMC,Onion,Other,FAQ,12/09/2026,1700,1700,1700
Uttar Pradesh,Sitapur,Mehmoodabad APMC,Wood,Other,FAQ,12/09/2026,811.19,811.19,811.19
Uttar Pradesh,Mathura,Mathura APMC,Onion,Other,FAQ,12/09/2026,2500,4000,2536.41
Uttar Pradesh,Mathura,Mathura APMC,Wood,Other,FAQ,12/09/2026,2865.94,2865.94,2865.94
Uttar Pradesh,Jaunpur,Mugrabaadshahpur APMC,Paddy(Common),Basmati,FAQ,12/09/2026,2200,2200,2200
Uttar Pradesh,Pratapgarh,Pratapgarh APMC,Paddy(Common),Common,FAQ,12/09/2026,3000,3000,3000
Uttar Pradesh,Kanpur Dehat,Rura APMC,Wheat,Dara,FAQ,12/09/2026,2500,2600,2520.4
Uttar Pradesh,Prayagraj,Prayagraj APMC,Green Gram(Moong)(Whole),Other,FAQ,12/09/2026,8768,8768,8768
Uttar Pradesh,Rampur,Rampur APMC,Wood,Other,FAQ,12/09/2026,800,800,800
Uttar Pradesh,Badaun,Shahaswan APMC,Brinjal,Brinjal,Medium,12/09/2026,950,1100,1000
Uttar Pradesh,Barabanki,Safdarganj APMC,Wood,Other,FAQ,12/09/2026,630,630,630
Uttar Pradesh,Barabanki,Safdarganj APMC,Wheat,Dara,FAQ,12/09/2026,2450,2500,2468.96
Uttar Pradesh,Shamli,Shamli APMC,Onion,Other,FAQ,12/09/2026,4500,4500,4500
Uttar Pradesh,Shamli,Shamli APMC,Potato,Other,FAQ,12/09/2026,1000,1100,1016.67
Uttar Pradesh,Firozabad,Sirsaganj APMC,Potato,Other,FAQ,12/09/2026,500,500,500
Uttar Pradesh,Firozabad,Sirsaganj APMC,Black Gram Dal(Urd Dal),Other,FAQ,12/09/2026,6200,6200,6200
Uttar Pradesh,Badaun,Bisoli APMC,Maize,Other,FAQ,12/09/2026,2000,2000,2000
Uttar Pradesh,Khiri (Lakhimpur),Tikonia APMC,Khandsari(Desi Khand),Other,FAQ,12/09/2026,5000,5000,5000
Uttar Pradesh,Badaun,Wazirganj APMC,Maize,Other,FAQ,12/09/2026,2050,2050,2050
Uttar Pradesh,Hardoi,Sandila APMC,Tobacco,Other,FAQ,12/09/2026,6000,6000,6000
Uttar Pradesh,Sambhal,Bhehjoi APMC,Maize,Local,Local,12/09/2026,1800,2200,2000
Uttar Pradesh,Bulandshahar,Gulavati APMC,Colacasia,Other,FAQ,12/09/2026,4100,4300,4200
Uttar Pradesh,Bulandshahar,Gulavati APMC,Cucumbar(Kheera),Cucumbar,FAQ,12/09/2026,1500,1700,1600
Uttar Pradesh,Bulandshahar,Gulavati APMC,Bottle gourd,Bottle Gourd,FAQ,12/09/2026,1500,1700,1600
Uttar Pradesh,Mainpuri,Mainpuri APMC,Green Gram(Moong)(Whole),Other,FAQ,12/09/2026,8768,8768,8768
Uttar Pradesh,Mainpuri,Mainpuri APMC,Wheat,Other,FAQ,12/09/2026,2600,2600,2600
Uttar Pradesh,Raebarelli,Lalganj APMC,Wood,Other,FAQ,12/09/2026,500,500,500
Uttar Pradesh,Rampur,Milak APMC,Paddy(Common),Basmati,FAQ,12/09/2026,3120,3350,3195.79
Uttar Pradesh,Kanpur Dehat,Pukharayan APMC,Green Gram(Moong)(Whole),Other,FAQ,12/09/2026,8768,8768,8768
Uttar Pradesh,Bijnor,Najibabad APMC,Firewood,Firewood,FAQ,12/09/2026,555,555,555
Uttar Pradesh,Mahoba,Charkhari APMC,Gram Raw(Chholia),Other,FAQ,12/09/2026,5000,5000,5000
Uttar Pradesh,Hamirpur,Raath APMC,Gram Raw(Chholia),Other,FAQ,12/09/2026,5700,5800,5747.44
Uttar Pradesh,Agra,Khairagarh APMC,Lemon,Lemon,FAQ,12/09/2026,3000,3100,3050
Uttar Pradesh,Amroha,Dhanaura APMC,Wheat,Dara,FAQ,12/09/2026,2600,2600,2600
Uttar Pradesh,Agra,Agra APMC,Onion,Other,FAQ,12/09/2026,1500,1500,1500
Uttar Pradesh,Etah,Etah APMC,Green Gram(Moong)(Whole),Other,FAQ,12/09/2026,8768,8768,8768
Uttar Pradesh,Mirzapur,Ahirora APMC,Green Chilli,Other,FAQ,12/09/2026,2000,2000,2000
Uttar Pradesh,Badaun,Babrala APMC,Maize,Local,Local,12/09/2026,2130,2150,2140
Uttar Pradesh,Ambedkarnagar,Akbarpur APMC,Broken Rice,Broken Rice,FAQ,12/09/2026,2000,2000,2000
Uttar Pradesh,Rampur,Tanda(Rampur) APMC,Wood,Other,FAQ,12/09/2026,800,800,800
Uttar Pradesh,Bareilly,Baheri APMC,Firewood,Firewood,FAQ,12/09/2026,650,650,650
Uttar Pradesh,Saharanpur,Deoband APMC,Wood,Other,FAQ,12/09/2026,630,630,630
Uttar Pradesh,Kanpur,Kanpur(Grain) APMC,Bajra(Pearl Millet/Cumbu),Other,FAQ,12/09/2026,2000,2000,2000
Uttar Pradesh,Lalitpur,Lalitpur APMC,Wheat,Other,FAQ,12/09/2026,2350,2710,2378.61
Uttar Pradesh,Sambhal,Muradabad APMC,Onion,Other,FAQ,12/09/2026,2500,2500,2500
Uttar Pradesh,Varanasi,Varanasi APMC,Tomato,Other,FAQ,12/09/2026,2000,2000,2000
Uttar Pradesh,Varanasi,Varanasi APMC,Ginger(Green),Other,FAQ,12/09/2026,4000,4000,4000
Uttar Pradesh,Bareilly,Bareilly APMC,Wheat,Other,FAQ,12/09/2026,2601,2601,2601
Uttar Pradesh,Bareilly,Bareilly APMC,Wood,Eucalyptus,FAQ,12/09/2026,600,600,600
Uttar Pradesh,Fatehpur,Bindki APMC,Wheat,2329,FAQ,12/09/2026,2600,2600,2600
Uttar Pradesh,Balrampur,Balrampur APMC,Tomato,Other,FAQ,12/09/2026,1000,1000,1000
Uttar Pradesh,Unnao,Bangarmau APMC,Potato,Other,FAQ,12/09/2026,700,700,700
Uttar Pradesh,Barabanki,Barabanki APMC,Wheat,Dara,FAQ,12/09/2026,2450,2500,2473.23
Uttar Pradesh,Basti,Basti APMC,Wheat,Dara Mill Quality,FAQ,12/09/2026,2500,2500,2500
Uttar Pradesh,Saharanpur,CHHUTMALPUR APMC,Cauliflower,Cauliflower,Local,12/09/2026,2200,2500,2300
Uttar Pradesh,Saharanpur,CHHUTMALPUR APMC,Cabbage,Cabbage,Local,12/09/2026,1000,1200,1100
Uttar Pradesh,Saharanpur,CHHUTMALPUR APMC,Lemon,Lemon,Local,12/09/2026,2400,2800,2600
Uttar Pradesh,Saharanpur,CHHUTMALPUR APMC,Pumpkin,Pumpkin,Local,12/09/2026,1300,1500,1400
Uttar Pradesh,Aligarh,Charra APMC,Wheat,Other,FAQ,12/09/2026,2500,2500,2500
Uttar Pradesh,Aligarh,Charra APMC,Maize,Other,FAQ,12/09/2026,2100,2100,2100
Uttar Pradesh,Ayodhya,Ayodhya APMC,Wood,Other,FAQ,12/09/2026,530,530,530
Uttar Pradesh,Ayodhya,Ayodhya APMC,Wheat,Dara Mill Quality,FAQ,12/09/2026,2500,2500,2500
Uttar Pradesh,Jalaun (Orai),Jalaun APMC,Green Chilli,Other,FAQ,12/09/2026,2000,2000,2000
Uttar Pradesh,Mathura,Mathura APMC,Tomato,Other,FAQ,12/09/2026,2600,2600,2600
Uttar Pradesh,Mathura,Mathura APMC,Green Chilli,Other,FAQ,12/09/2026,3000,4000,3166.67
Uttar Pradesh,Farukhabad,Mohamadabad APMC,Maize,Other,FAQ,12/09/2026,2200,2400,2275.49
Uttar Pradesh,Maharajganj,Nautnava APMC,Wheat,Dara,FAQ,12/09/2026,2400,2400,2400
Uttar Pradesh,Gonda,Nawabganj APMC,Wheat,Dara,FAQ,12/09/2026,2600,2600,2600
Uttar Pradesh,Gonda,Nawabganj APMC,Wheat,Medium,FAQ,12/09/2026,2500,2500,2500
Uttar Pradesh,Pratapgarh,Pratapgarh APMC,Wheat,Dara,FAQ,12/09/2026,2400,2400,2400
Uttar Pradesh,Kanpur Dehat,Rura APMC,Wheat,Other,FAQ,12/09/2026,2500,2535,2515.56
Uttar Pradesh,Prayagraj,Prayagraj APMC,Potato,Other,FAQ,12/09/2026,700,700,700
Uttar Pradesh,Rampur,Rampur APMC,Firewood,Firewood,FAQ,12/09/2026,400,450,418.19
Uttar Pradesh,Badaun,Shahaswan APMC,Banana,Amruthapani,Medium,12/09/2026,2100,2300,2200
Uttar Pradesh,Siddharth Nagar,Sahiyapur APMC,Wheat,Dara,FAQ,12/09/2026,2430,2600,2527.19
Uttar Pradesh,Ghazipur,Yusufpur APMC,Paddy(Common),Common,FAQ,12/09/2026,2900,2900,2900
Uttar Pradesh,Hardoi,Sandila APMC,Wood,Eucalyptus,FAQ,12/09/2026,510,510,510
Uttar Pradesh,Sambhal,Bhehjoi APMC,Potato,Desi,Local,12/09/2026,600,610,605
Uttar Pradesh,Kanpur,Baripaal APMC,Wheat,Dara Mill Quality,FAQ,12/09/2026,2550,2550,2550
Uttar Pradesh,Bulandshahar,Gulavati APMC,Cauliflower,Cauliflower,FAQ,12/09/2026,2100,2300,2200
Uttar Pradesh,Bulandshahar,Gulavati APMC,Brinjal,Brinjal,FAQ,12/09/2026,1500,1700,1600
Uttar Pradesh,Sitapur,Maholi APMC,Firewood,Firewood,FAQ,12/09/2026,350,350,350
Uttar Pradesh,Sitapur,Maholi APMC,Wheat,Dara,FAQ,12/09/2026,2500,2500,2500
Uttar Pradesh,Lucknow,Lucknow APMC,Fish,Other,FAQ,12/09/2026,6000,6000,6000
Uttar Pradesh,Amroha,Hasanpur APMC,Wood,Other,FAQ,12/09/2026,400,400,400
Uttar Pradesh,Rampur,Milak APMC,Wood,Eucalyptus,FAQ,12/09/2026,1005,1005,1005
Uttar Pradesh,Sant Kabir Nagar,Khalilabad APMC,Wood,Other,FAQ,12/09/2026,450,450,450
Uttar Pradesh,Agra,Fatehpur Sikri APMC,Green Chilli,Other,FAQ,12/09/2026,1550,1550,1550
Uttar Pradesh,Siddharth Nagar,Naugarh APMC,Wheat,Dara,FAQ,12/09/2026,2500,2500,2500
Uttar Pradesh,Mahoba,Charkhari APMC,Wheat,Deshi,FAQ,12/09/2026,2550,2550,2550
Uttar Pradesh,Agra,Samsabad APMC,Potato,Other,FAQ,12/09/2026,500,500,500
Uttar Pradesh,Agra,Khairagarh APMC,Mustard,Sarson(Black),FAQ,12/09/2026,7200,7400,7300
Uttar Pradesh,Farukhabad,Kamlaganj APMC,Maize,Other,FAQ,12/09/2026,2400,2400,2400
Uttar Pradesh,Auraiya,Auraiya APMC,Mustard,Other,FAQ,12/09/2026,7600,7600,7600
Uttar Pradesh,Etah,Etah APMC,Chicory(Chikori/Kasni),Other,FAQ,12/09/2026,3000,3000,3000
Uttar Pradesh,Fatehpur,Fatehpur APMC,Lemon,Other,FAQ,12/09/2026,5000,5000,5000
Uttar Pradesh,Fatehpur,Fatehpur APMC,Wheat,Dara,FAQ,12/09/2026,2550,2550,2550
Uttar Pradesh,Chitrakut,Karvi APMC,Wheat,Deshi,FAQ,12/09/2026,2540,2540,2540
Uttar Pradesh,Kasganj,Kasganj APMC,Wheat,Medium,FAQ,12/09/2026,2550,2620,2574.57
Uttar Pradesh,Kasganj,Kasganj APMC,Firewood,Firewood,FAQ,12/09/2026,450,450,450
Uttar Pradesh,Saharanpur,Saharanpur APMC,Onion,Other,FAQ,12/09/2026,3500,4500,3791.4
Uttar Pradesh,Saharanpur,Saharanpur APMC,Wood,Other,FAQ,12/09/2026,630,630,630
Uttar Pradesh,Etawah,Etawah APMC,Potato,Other,FAQ,12/09/2026,500,500,500
Uttar Pradesh,Kanpur,Kanpur(Grain) APMC,Wheat,Dara,FAQ,12/09/2026,2600,2640,2620
Uttar Pradesh,Kanpur,Kanpur(Grain) APMC,Tomato,Other,FAQ,12/09/2026,2100,2100,2100
Uttar Pradesh,Kanpur,Kanpur(Grain) APMC,Mustard,Other,FAQ,12/09/2026,5400,5500,5416.78
Uttar Pradesh,Bahraich,Rupaidiha APMC,Paddy(Common),Kandhagiri,FAQ,12/09/2026,2000,2000,2000
Uttar Pradesh,Lakhimpur,Lakhimpur APMC,Potato,Other,FAQ,12/09/2026,950,950,950
Uttar Pradesh,Lalitpur,Lalitpur APMC,Wheat,Dara Mill Quality,FAQ,12/09/2026,2350,2350,2350
Uttar Pradesh,Sambhal,Muradabad APMC,Wood,Other,FAQ,12/09/2026,3838.62,4501.37,4058.36
Uttar Pradesh,Pillibhit,Pilibhit APMC,Wood,Other,FAQ,12/09/2026,500,500,500
Uttar Pradesh,Sitapur,Sitapur APMC,Onion,Other,FAQ,12/09/2026,2800,2800,2800
Uttar Pradesh,Bijnor,Dhampur APMC,Gur(Jaggery),Other,FAQ,12/09/2026,5500,5500,5500
Uttar Pradesh,Basti,Basti APMC,Wheat,Dara,FAQ,12/09/2026,2455,2456,2455.14
Uttar Pradesh,Saharanpur,CHHUTMALPUR APMC,Bitter gourd,Bitter Gourd,Local,12/09/2026,1900,2300,2100
Uttar Pradesh,Saharanpur,CHHUTMALPUR APMC,Bottle gourd,Bottle Gourd,Local,12/09/2026,650,850,750
Uttar Pradesh,Sitapur,Viswan APMC,Wood,Other,FAQ,12/09/2026,495,500,498.32
Uttar Pradesh,Deoria,Devariya APMC,Paddy(Common),Common,FAQ,12/09/2026,2200,2200,2200
Uttar Pradesh,Deoria,Devariya APMC,Rice,Common,FAQ,12/09/2026,2400,2400,2400
Uttar Pradesh,Bulandshahar,Divai APMC,Wood,Other,FAQ,12/09/2026,1000,1000,1000
Uttar Pradesh,Ayodhya,Ayodhya APMC,Onion,Other,FAQ,12/09/2026,2500,2500,2500
Uttar Pradesh,Ghaziabad,Hapur APMC,Paddy(Common),Other,FAQ,12/09/2026,3000,3000,3000
Uttar Pradesh,Ghazipur,Jangipura APMC,Green Chilli,Other,FAQ,12/09/2026,1500,1500,1500
Uttar Pradesh,Mathura,Kosikalan APMC,Onion,Other,FAQ,12/09/2026,2000,2000,2000
Uttar Pradesh,Farukhabad,Mohamadabad APMC,Potato,Other,FAQ,12/09/2026,550,550,550
Uttar Pradesh,Prayagraj,Prayagraj APMC,Wheat,Dara,FAQ,12/09/2026,2590,2590,2590
Uttar Pradesh,Pillibhit,Puranpur APMC,Wheat,Dara,FAQ,12/09/2026,2600,2610,2604.38
Uttar Pradesh,Raebarelli,Raibareilly APMC,Wood,Eucalyptus,FAQ,12/09/2026,550,550,550
Uttar Pradesh,Badaun,Shahaswan APMC,Papaya,Other,Medium,12/09/2026,3200,3600,3500
Uttar Pradesh,Ayodhya,Rudauli APMC,Wood,Other,FAQ,12/09/2026,300,300,300
Uttar Pradesh,Barabanki,Safdarganj APMC,Firewood,Firewood,FAQ,12/09/2026,500,500,500
Uttar Pradesh,Shamli,Shamli APMC,Green Chilli,Other,FAQ,12/09/2026,3800,3800,3800
Uttar Pradesh,Firozabad,Tundla APMC,Bajra(Pearl Millet/Cumbu),Other,FAQ,12/09/2026,2000,2100,2036.96
Uttar Pradesh,Badaun,Ujhani APMC,Maize,Other,FAQ,12/09/2026,2450,2450,2450
Uttar Pradesh,Hardoi,Sandila APMC,Wood,Other,FAQ,12/09/2026,530,530,530
Uttar Pradesh,Hardoi,Sandila APMC,Wheat,Dara,FAQ,12/09/2026,2525,2850,2636.39
Uttar Pradesh,Bulandshahar,Gulavati APMC,Pumpkin,Pumpkin,FAQ,12/09/2026,1100,1300,1200
Uttar Pradesh,Bulandshahar,Gulavati APMC,Bhindi(Ladies Finger),Bhindi,FAQ,12/09/2026,3100,3300,3200
Uttar Pradesh,Hardoi,Hardoi APMC,Onion,Other,FAQ,12/09/2026,2500,2500,2500
Uttar Pradesh,Jaunpur,Jaunpur APMC,Wood,Other,FAQ,12/09/2026,604.24,604.24,604.24
Uttar Pradesh,Firozabad,Firozabad APMC,Potato,Other,FAQ,12/09/2026,500,500,500
Uttar Pradesh,Badaun,Islam Nagar APMC,Maize,Other,FAQ,12/09/2026,1950,1950,1950
Uttar Pradesh,Raebarelli,Lalganj APMC,Wheat,Dara,FAQ,12/09/2026,2565,2570,2568.38
Uttar Pradesh,Banda,Atarra APMC,Gram Raw(Chholia),Other,FAQ,12/09/2026,6200,6200,6200
Uttar Pradesh,Rampur,Milak APMC,Wood,Other,FAQ,12/09/2026,700,700,700
Uttar Pradesh,Sant Kabir Nagar,Khalilabad APMC,Wheat,Dara,FAQ,12/09/2026,2530,2530,2530
Uttar Pradesh,Kanpur Dehat,Pukharayan APMC,Wheat,Deshi,FAQ,12/09/2026,2650,2650,2650
Uttar Pradesh,Auraiya,Dibiapur APMC,Wheat,Dara,FAQ,12/09/2026,2550,2550,2550
Uttar Pradesh,Lucknow,Banthara APMC,Rice,Common,FAQ,12/09/2026,2600,2630,2605
Uttar Pradesh,Jalaun (Orai),Ait APMC,Green Gram(Moong)(Whole),Other,FAQ,12/09/2026,8768,8768,8768
Uttar Pradesh,Agra,Samsabad APMC,Green Chilli,Other,FAQ,12/09/2026,1300,1300,1300
Uttar Pradesh,Agra,Khairagarh APMC,Onion,Red,FAQ,12/09/2026,4000,4100,4050
Uttar Pradesh,Farukhabad,Kamlaganj APMC,Wheat,Dara,FAQ,12/09/2026,2650,2650,2650
Uttar Pradesh,Agra,Agra APMC,Potato,Other,FAQ,12/09/2026,500,600,511.27
Uttar Pradesh,Raebarelli,Bachranwa APMC,Wood,Eucalyptus,FAQ,12/09/2026,550,685,590.46
Uttar Pradesh,Etah,Aliganj APMC,Wheat,Dara,FAQ,12/09/2026,2500,2500,2500
Uttar Pradesh,Jalaun (Orai),Orai APMC,Tomato,Other,FAQ,12/09/2026,1500,1500,1500
Uttar Pradesh,Fatehpur,Fatehpur APMC,Potato,Other,FAQ,12/09/2026,700,750,706.38
Uttar Pradesh,Azamgarh,Azamgarh APMC,Wheat,Dara,FAQ,12/09/2026,2585,2585,2585
Uttar Pradesh,Badaun,Babrala APMC,Wood,Eucalyptus,Local,12/09/2026,530,550,540
Uttar Pradesh,Farukhabad,Farukhabad APMC,Potato,Other,FAQ,12/09/2026,550,550,550
Uttar Pradesh,Kasganj,Kasganj APMC,Garlic,Other,FAQ,12/09/2026,8003,8030,8013.51
Uttar Pradesh,Aligarh,Khair APMC,Maize,Other,FAQ,12/09/2026,2200,2200,2200
Uttar Pradesh,Ambedkarnagar,Akbarpur APMC,Wheat,Dara,FAQ,12/09/2026,2500,2525,2508.81
Uttar Pradesh,Bareilly,Baheri APMC,Wood,Other,FAQ,12/09/2026,650,650,650
Uttar Pradesh,Maharajganj,Gadaura APMC,Mustard,Other,FAQ,12/09/2026,6500,6500,6500
Uttar Pradesh,Lalitpur,Lalitpur APMC,Wheat,Local,FAQ,12/09/2026,2350,2350,2350
Uttar Pradesh,Lalitpur,Lalitpur APMC,Wheat,Deshi,FAQ,12/09/2026,2350,2350,2350
Uttar Pradesh,Sambhal,Muradabad APMC,Firewood,Firewood,FAQ,12/09/2026,500,500,500
Uttar Pradesh,Shahjahanpur,Shahjahanpur APMC,Wood,Other,FAQ,12/09/2026,580,640,598.4
Uttar Pradesh,Sitapur,Sitapur APMC,Tomato,Other,FAQ,12/09/2026,1500,1500,1500
Uttar Pradesh,Sitapur,Sitapur APMC,Wood,Other,FAQ,12/09/2026,480,560,514.49
Uttar Pradesh,Varanasi,Varanasi APMC,Green Chilli,Other,FAQ,12/09/2026,1500,1500,1500
Uttar Pradesh,Balrampur,Utraula APMC,Rice,Common,FAQ,12/09/2026,2500,2600,2572.97
Uttar Pradesh,Sitapur,Sidhauli APMC,Wood,Other,FAQ,12/09/2026,450,500,457.02
Uttar Pradesh,Bareilly,Bareilly APMC,Wood,Other,FAQ,12/09/2026,600,600,600
Uttar Pradesh,Fatehpur,Bindki APMC,Wheat,PBW-343,FAQ,12/09/2026,2600,2600,2600
Uttar Pradesh,Barabanki,Barabanki APMC,Paddy(Common),Common,FAQ,12/09/2026,2000,2000,2000
Uttar Pradesh,Saharanpur,CHHUTMALPUR APMC,Ridgeguard(Tori),Ridgeguard(Tori),Local,12/09/2026,1400,1600,1500
Uttar Pradesh,Kanpur,Choubepur APMC,Black Gram Dal(Urd Dal),Other,FAQ,12/09/2026,8100,8100,8100
Uttar Pradesh,Ghaziabad,Hapur APMC,Wood,Other,FAQ,12/09/2026,2500.46,2500.46,2500.46
Uttar Pradesh,Ghaziabad,Hapur APMC,Firewood,Firewood,FAQ,12/09/2026,500,500,500
Uttar Pradesh,Bulandshahar,Jahangirabad APMC,Potato,Other,FAQ,12/09/2026,700,700,700
Uttar Pradesh,Bulandshahar,Jahangirabad APMC,Paddy(Common),Other,FAQ,12/09/2026,3681,3681,3681
Uttar Pradesh,Jalaun (Orai),Jalaun APMC,Tomato,Other,FAQ,12/09/2026,1500,1500,1500
Uttar Pradesh,Jalaun (Orai),Jalaun APMC,Wheat,Mill Quality,FAQ,12/09/2026,2540,2540,2540
Uttar Pradesh,Mathura,Kosikalan APMC,Paddy(Common),Basmati,FAQ,12/09/2026,3151,3151,3151
Uttar Pradesh,Mathura,Kosikalan APMC,Wood,Other,FAQ,12/09/2026,800,800,800
Uttar Pradesh,Bulandshahar,Khurja APMC,Potato,Other,FAQ,12/09/2026,700,700,700
Uttar Pradesh,Bulandshahar,Khurja APMC,Ginger(Green),Other,FAQ,12/09/2026,6000,6000,6000
Uttar Pradesh,Lalitpur,Mehrauni APMC,Wheat,Other,FAQ,12/09/2026,2430,2500,2448.53
Uttar Pradesh,Mathura,Mathura APMC,Potato,Other,FAQ,12/09/2026,600,600,600
Uttar Pradesh,Jaunpur,Mugrabaadshahpur APMC,Paddy(Common),Common,FAQ,12/09/2026,2200,2200,2200
Uttar Pradesh,Shravasti,Payagpur APMC,Wheat,Medium,FAQ,12/09/2026,2425,2425,2425
Uttar Pradesh,Prayagraj,Prayagraj APMC,Green Chilli,Other,FAQ,12/09/2026,2500,2500,2500
Uttar Pradesh,Rampur,Rampur APMC,Wood,Eucalyptus,FAQ,12/09/2026,650,660,653.97
Uttar Pradesh,Badaun,Shahaswan APMC,Pumpkin,Other,Medium,12/09/2026,950,1100,1000
Uttar Pradesh,Badaun,Shahaswan APMC,Apple,Apple,Medium,12/09/2026,6500,7500,7000
Uttar Pradesh,Hathras,Shadabad APMC,Potato,Other,FAQ,12/09/2026,500,500,500
Uttar Pradesh,Barabanki,Safdarganj APMC,Wood,Eucalyptus,FAQ,12/09/2026,600,600,600
Uttar Pradesh,Barabanki,Safdarganj APMC,Paddy(Common),Common,FAQ,12/09/2026,2500,2500,2500
Uttar Pradesh,Amethi,Sultanpur APMC,Wheat,Dara,FAQ,12/09/2026,2450,2450,2450
Uttar Pradesh,Amethi,Sultanpur APMC,Wheat,Local,FAQ,12/09/2026,2650,2700,2665.15
Uttar Pradesh,Amethi,Sultanpur APMC,Wheat,Deshi,FAQ,12/09/2026,2452,2453,2452.85
Uttar Pradesh,Shahjahanpur,Tilhar APMC,Wood,Eucalyptus,FAQ,12/09/2026,650,650,650
Uttar Pradesh,Ambedkarnagar,Tanda Akbarpur APMC,Rice,Other,FAQ,12/09/2026,3800,3800,3800
Uttar Pradesh,Unnao,Unnao APMC,Wheat,Other,FAQ,12/09/2026,2585,2585,2585
Uttar Pradesh,Prayagraj,Ajuha APMC,Lemon,Other,FAQ,12/09/2026,2000,2000,2000
Uttar Pradesh,Bulandshahar,Gulavati APMC,Raddish,Raddish,FAQ,12/09/2026,1100,1300,1200
Uttar Pradesh,Bulandshahar,Gulavati APMC,Lemon,Other,FAQ,12/09/2026,9100,9300,9200
Uttar Pradesh,Hardoi,Hardoi APMC,Tomato,Other,FAQ,12/09/2026,1500,1500,1500
Uttar Pradesh,Hardoi,Hardoi APMC,Wheat,Dara,FAQ,12/09/2026,2575,2653,2587.48
Uttar Pradesh,Badaun,Islam Nagar APMC,Potato,Other,FAQ,12/09/2026,450,450,450
Uttar Pradesh,Amroha,Amroha APMC,Tomato,Other,FAQ,12/09/2026,1500,1500,1500
Uttar Pradesh,Raebarelli,Lalganj APMC,Wood,Eucalyptus,FAQ,12/09/2026,550,550,550
Uttar Pradesh,Siddharth Nagar,Bansi APMC,Wheat,Dara,FAQ,12/09/2026,2500,2500,2500
Uttar Pradesh,Sant Kabir Nagar,Khalilabad APMC,Mustard,Other,FAQ,12/09/2026,5800,5900,5835.71
Uttar Pradesh,Kanpur Dehat,Pukharayan APMC,Wheat,Dara,FAQ,12/09/2026,2450,2700,2600.68
Uttar Pradesh,Agra,Fatehpur Sikri APMC,Tomato,Other,FAQ,12/09/2026,1650,1650,1650
Uttar Pradesh,Lucknow,Banthara APMC,Wood,Other,FAQ,12/09/2026,500,500,500
Uttar Pradesh,Agra,Khairagarh APMC,Ginger(Green),Green Ginger,FAQ,12/09/2026,5000,5100,5050
Uttar Pradesh,Agra,Khairagarh APMC,Potato,Desi,FAQ,12/09/2026,500,600,550
Uttar Pradesh,Muzaffarnagar,Khatauli APMC,Potato,Other,FAQ,12/09/2026,600,600,600
Uttar Pradesh,Muzaffarnagar,Shahpur APMC,Rice,Common,FAQ,12/09/2026,2335,2340,2337.27
Uttar Pradesh,Agra,Agra APMC,Tomato,Other,FAQ,12/09/2026,1400,1400,1400
Uttar Pradesh,Maharajganj,Partaval APMC,Wheat,Dara,FAQ,12/09/2026,2400,2400,2400
Uttarakhand,Haridwar,Roorkee APMC,Apple,Other,Medium,12/09/2026,7500,10000,8500
Uttarakhand,Haridwar,Roorkee APMC,Bhindi(Ladies Finger),Other,Local,12/09/2026,1000,1600,1300
Uttarakhand,Haridwar,Roorkee APMC,Potato,Other,Medium,12/09/2026,800,1200,1000
Uttarakhand,Haridwar,Lakshar APMC,Wheat,Other,Local,12/09/2026,2585,2600,2590
Uttarakhand,Haridwar,Roorkee APMC,Cucumbar(Kheera),Other,Local,12/09/2026,850,1200,950
Uttarakhand,Udhamsinghnagar,Bazpur APMC,Rice,Common,FAQ,12/09/2026,3900,3900,3900
Uttarakhand,Udhamsinghnagar,Jaspur(UC) APMC,Jack Fruit(Ripe),Other,Grade B,12/09/2026,2400,2400,2400
Uttarakhand,Udhamsinghnagar,Jaspur(UC) APMC,Bottle gourd,Other,FAQ,12/09/2026,1200,1300,1250
Uttarakhand,Udhamsinghnagar,Jaspur(UC) APMC,Pumpkin,Other,FAQ,12/09/2026,1200,1400,1300
Uttarakhand,Haridwar,Roorkee APMC,Onion,Other,Medium,12/09/2026,2500,4500,3500
Uttarakhand,Udhamsinghnagar,Jaspur(UC) APMC,Bitter gourd,Bitter Gourd,FAQ,12/09/2026,2200,2200,2200
Uttarakhand,Udhamsinghnagar,Jaspur(UC) APMC,Green Chilli,Green Chilly,FAQ,12/09/2026,2600,2800,2700
Uttarakhand,Udhamsinghnagar,Jaspur(UC) APMC,Bhindi(Ladies Finger),Bhindi,FAQ,12/09/2026,1400,1600,1500
Uttarakhand,Haridwar,Bhagwanpur(Naveen Mandi Sthal) APMC,Pumpkin,Other,Grade A,12/09/2026,400,500,450
Uttarakhand,Haridwar,Bhagwanpur(Naveen Mandi Sthal) APMC,Cucumbar(Kheera),Other,Grade A,12/09/2026,500,600,550
Uttarakhand,Haridwar,Roorkee APMC,Banana,Other,Medium,12/09/2026,800,1200,1000
Uttarakhand,Haridwar,Roorkee APMC,Bitter gourd,Other,Local,12/09/2026,650,850,750
Uttarakhand,Haridwar,Roorkee APMC,Brinjal,Other,Local,12/09/2026,800,1000,900
Uttarakhand,Udhamsinghnagar,Jaspur(UC) APMC,Cucumbar(Kheera),Cucumbar,FAQ,12/09/2026,2000,2200,2100
Uttarakhand,Udhamsinghnagar,Jaspur(UC) APMC,Ridgeguard(Tori),Other,FAQ,12/09/2026,1800,1800,1800
Uttarakhand,Haridwar,Bhagwanpur(Naveen Mandi Sthal) APMC,Potato,Other,Grade A,12/09/2026,450,500,490
Uttarakhand,Haridwar,Bhagwanpur(Naveen Mandi Sthal) APMC,Brinjal,Other,Grade A,12/09/2026,600,800,700
Uttarakhand,Haridwar,Bhagwanpur(Naveen Mandi Sthal) APMC,Tomato,Other,Grade A,12/09/2026,1250,1400,1300
Uttarakhand,Haridwar,Roorkee APMC,Bottle gourd,Other,Local,12/09/2026,650,850,750
Uttarakhand,Haridwar,Roorkee APMC,Cauliflower,Other,Local,12/09/2026,1000,1600,1200
Uttarakhand,Haridwar,Roorkee APMC,Tomato,Other,Medium,12/09/2026,1200,2200,1600
Uttarakhand,Udhamsinghnagar,Bazpur APMC,Wheat,Other,FAQ,12/09/2026,2600,2600,2600
Uttarakhand,Udhamsinghnagar,Gadarpur APMC,Rice,Other,Local,12/09/2026,3450,3450,3450
Uttarakhand,Udhamsinghnagar,Jaspur(UC) APMC,Brinjal,Brinjal,FAQ,12/09/2026,1400,1400,1400
Uttarakhand,Udhamsinghnagar,Jaspur(UC) APMC,Raddish,Raddish,FAQ,12/09/2026,1000,1000,1000
Uttarakhand,Haridwar,Bhagwanpur(Naveen Mandi Sthal) APMC,Bottle gourd,Other,Grade A,12/09/2026,500,600,550
Uttarakhand,Haridwar,Bhagwanpur(Naveen Mandi Sthal) APMC,Cauliflower,Other,Grade A,12/09/2026,600,1200,1000
West Bengal,Medinipur(E),Tamluk (Medinipur E) APMC,Rice,Fine,FAQ,12/09/2026,4250,4450,4350
West Bengal,Medinipur(E),Tamluk (Medinipur E) APMC,Bitter gourd,Bitter Gourd,FAQ,12/09/2026,3400,3800,3600
West Bengal,Medinipur(E),Tamluk (Medinipur E) APMC,Potato,Jyoti,FAQ,12/09/2026,760,800,780
West Bengal,Darjeeling,Karsiyang(Matigara) APMC,Carrot,Other,FAQ,12/09/2026,3100,3300,3200
West Bengal,Darjeeling,Karsiyang(Matigara) APMC,Potato,Red,FAQ,12/09/2026,1400,1600,1500
West Bengal,Darjeeling,Darjeeling APMC,Raddish,Raddish,FAQ,12/09/2026,3200,3400,3300
West Bengal,Darjeeling,Siliguri APMC,Rice,Fine(Basmati),FAQ,12/09/2026,5100,5300,5200
West Bengal,Darjeeling,Siliguri APMC,Potato,Jyoti,FAQ,12/09/2026,600,630,620
West Bengal,Medinipur(E),Tamluk (Medinipur E) APMC,Onion,Onion,FAQ,12/09/2026,3800,4200,4000
West Bengal,Darjeeling,Karsiyang(Matigara) APMC,Cabbage,Other,FAQ,12/09/2026,2700,2900,2800
West Bengal,Darjeeling,Karsiyang(Matigara) APMC,Tomato,Other,FAQ,12/09/2026,3700,3900,3800
West Bengal,Darjeeling,Siliguri APMC,Green Gram Dal(Moong Dal),Green Gram Dal,FAQ,12/09/2026,9600,9800,9700
West Bengal,Darjeeling,Siliguri APMC,Onion,Onion,FAQ,12/09/2026,4700,5000,4800
West Bengal,Darjeeling,Siliguri APMC,Ginger(Green),Green Ginger,FAQ,12/09/2026,10000,11000,10500
West Bengal,Darjeeling,Siliguri APMC,Black Gram Dal(Urd Dal),Black Gram Dal,FAQ,12/09/2026,12000,13000,12500
West Bengal,Darjeeling,Siliguri APMC,Tomato,Tomato,FAQ,12/09/2026,2800,3000,2900
West Bengal,Medinipur(E),Tamluk (Medinipur E) APMC,Rice,Common,FAQ,12/09/2026,3250,3450,3350
West Bengal,Medinipur(E),Tamluk (Medinipur E) APMC,Betal Leaves,Local,FAQ,12/09/2026,3500,11500,7500
West Bengal,Medinipur(E),Tamluk (Medinipur E) APMC,Betal Leaves,Other,FAQ,12/09/2026,16500,42500,27500
West Bengal,Medinipur(E),Tamluk (Medinipur E) APMC,Brinjal,Brinjal,FAQ,12/09/2026,3800,4200,4000
West Bengal,Medinipur(E),Tamluk (Medinipur E) APMC,Sweet Pumpkin,Sweet Pumpkin,FAQ,12/09/2026,2000,2400,2200
West Bengal,Darjeeling,Karsiyang(Matigara) APMC,Squash(Chappal Kadoo),Other,FAQ,12/09/2026,1900,2100,2000
West Bengal,Darjeeling,Darjeeling APMC,Ginger(Green),Other,FAQ,12/09/2026,8800,9200,9000
West Bengal,Darjeeling,Darjeeling APMC,Potato,Red,FAQ,12/09/2026,1400,1600,1500
West Bengal,Medinipur(E),Tamluk (Medinipur E) APMC,Masur Dal,Masur Dal,FAQ,12/09/2026,10400,10800,10600
West Bengal,Darjeeling,Karsiyang(Matigara) APMC,Onion,Nasik,FAQ,12/09/2026,5800,6000,5900
West Bengal,Darjeeling,Darjeeling APMC,Tomato,Other,FAQ,12/09/2026,3700,3900,3800
West Bengal,Darjeeling,Darjeeling APMC,Squash(Chappal Kadoo),Other,FAQ,12/09/2026,1900,2100,2000
West Bengal,Darjeeling,Darjeeling APMC,Cabbage,Other,FAQ,12/09/2026,2700,2900,2800
West Bengal,Darjeeling,Siliguri APMC,Green Chilli,Green Chilly,FAQ,12/09/2026,5000,5500,5200
West Bengal,Darjeeling,Siliguri APMC,Banana,Banana - Ripe,Grade A,12/09/2026,2100,2300,2200
West Bengal,Darjeeling,Siliguri APMC,Masur Dal,Masur Dal,FAQ,12/09/2026,12300,12700,12500
West Bengal,Darjeeling,Siliguri APMC,Squash(Chappal Kadoo),Other,FAQ,12/09/2026,800,1000,900
Chandigarh,Chandigarh,Chandigarh (Grain/F&V) APMC,Apple,Apple,Medium,12/09/2026,6000,20000,19000
Chandigarh,Chandigarh,Chandigarh (Grain/F&V) APMC,Onion,Onion,FAQ,12/09/2026,2500,4800,4500
Chandigarh,Chandigarh,Chandigarh (Grain/F&V) APMC,Mousambi(Sweet Lime),Mousambi,Medium,12/09/2026,2000,4250,3500
Chandigarh,Chandigarh,Chandigarh (Grain/F&V) APMC,Bottle gourd,Bottle Gourd,FAQ,12/09/2026,500,800,800
Chandigarh,Chandigarh,Chandigarh (Grain/F&V) APMC,Pomegranate,Pomogranate,Medium,12/09/2026,5000,13000,10000
Chandigarh,Chandigarh,Chandigarh (Grain/F&V) APMC,Pumpkin,Pumpkin,FAQ,12/09/2026,800,1200,1000
Chandigarh,Chandigarh,Chandigarh (Grain/F&V) APMC,Bhindi(Ladies Finger),Bhindi,FAQ,12/09/2026,800,1500,1200
Chandigarh,Chandigarh,Chandigarh (Grain/F&V) APMC,Potato,Potato,FAQ,12/09/2026,400,1300,1200
Chandigarh,Chandigarh,Chandigarh (Grain/F&V) APMC,Carrot,Carrot,FAQ,12/09/2026,1200,1500,1400
Chandigarh,Chandigarh,Chandigarh (Grain/F&V) APMC,Capsicum,Capsicum,FAQ,12/09/2026,2000,5500,4000
Chandigarh,Chandigarh,Chandigarh (Grain/F&V) APMC,Cucumbar(Kheera),Cucumbar,FAQ,12/09/2026,1000,2000,1500
Chandigarh,Chandigarh,Chandigarh (Grain/F&V) APMC,Bitter gourd,Bitter Gourd,FAQ,12/09/2026,700,1500,1200
Chandigarh,Chandigarh,Chandigarh (Grain/F&V) APMC,Brinjal,Brinjal,FAQ,12/09/2026,800,1200,1200
Chandigarh,Chandigarh,Chandigarh (Grain/F&V) APMC,Cauliflower,Cauliflower,FAQ,12/09/2026,1800,2200,2000
Chandigarh,Chandigarh,Chandigarh (Grain/F&V) APMC,Green Chilli,Green Chilly,FAQ,12/09/2026,1500,3000,2800
Chandigarh,Chandigarh,Chandigarh (Grain/F&V) APMC,Lemon,Other,FAQ,12/09/2026,5000,8000,7000
Chandigarh,Chandigarh,Chandigarh (Grain/F&V) APMC,Water Melon,Other,Medium,12/09/2026,1500,2500,2000
Chandigarh,Chandigarh,Chandigarh (Grain/F&V) APMC,Cabbage,Cabbage,FAQ,12/09/2026,500,1200,1000
Chandigarh,Chandigarh,Chandigarh (Grain/F&V) APMC,Ginger(Green),Green Ginger,FAQ,12/09/2026,4000,5000,4500
Chandigarh,Chandigarh,Chandigarh (Grain/F&V) APMC,Peas Wet,Peas Wet,FAQ,12/09/2026,4000,5000,5000
Chandigarh,Chandigarh,Chandigarh (Grain/F&V) APMC,Tomato,Tomato,FAQ,12/09/2026,800,2400,2000
Jammu and Kashmir,Jammu,MAC F&V Market Narwal Jammu,Pumpkin,Pumpkin,FAQ,12/09/2026,1000,1500,1250
Jammu and Kashmir,Jammu,MAC F&V Market Narwal Jammu,Colacasia,Colacasia,FAQ,12/09/2026,2000,2500,2250
Jammu and Kashmir,Jammu,MAC F&V Market Narwal Jammu,Bhindi(Ladies Finger),Bhindi,FAQ,12/09/2026,3000,3500,3250
Jammu and Kashmir,Srinagar,Parimpore Srinagar (F&V),Carrot,Other,Local,12/09/2026,5500,6000,5750
Jammu and Kashmir,Rajouri,Rajouri (Phaliana) (F&V),Cabbage,Cabbage,Grade B,12/09/2026,3500,3500,3500
Jammu and Kashmir,Rajouri,Rajouri (Phaliana) (F&V),Tomato,Tomato,Grade B,12/09/2026,3000,3000,3000
Jammu and Kashmir,Kathua,Kathua (F&V),Pomegranate,Pomogranate,Grade B,12/09/2026,10000,13000,11500
Jammu and Kashmir,Kathua,Kathua (F&V),Cabbage,Cabbage,FAQ,12/09/2026,1500,2500,2000
Jammu and Kashmir,Kathua,Kathua (F&V),Bhindi(Ladies Finger),Bhindi,FAQ,12/09/2026,400,1000,700
Jammu and Kashmir,Kathua,Kathua (F&V),Lemon,Other,FAQ,12/09/2026,10000,14000,12000
Jammu and Kashmir,Kathua,Kathua (F&V),Pumpkin,Pumpkin,FAQ,12/09/2026,700,1500,1100
Jammu and Kashmir,Jammu,MAC F&V Market Narwal Jammu,Pineapple,Other,Medium,12/09/2026,7000,7500,7250
Jammu and Kashmir,Jammu,MAC F&V Market Narwal Jammu,French Beans(Frasbean),French Beans (Frasbean),FAQ,12/09/2026,5000,6000,5500
Jammu and Kashmir,Jammu,MAC F&V Market Narwal Jammu,Capsicum,Capsicum,FAQ,12/09/2026,4500,5000,4750
Jammu and Kashmir,Jammu,MAC F&V Market Narwal Jammu,Bitter gourd,Bitter Gourd,FAQ,12/09/2026,3000,3200,3100
Jammu and Kashmir,Jammu,MAC F&V Market Narwal Jammu,Ginger(Green),Green Ginger,FAQ,12/09/2026,6000,7000,6500
Jammu and Kashmir,Jammu,MAC F&V Market Narwal Jammu,Little gourd(Kundru),Little gourd (Kundru),FAQ,12/09/2026,3000,3100,3050
Jammu and Kashmir,Srinagar,Parimpore Srinagar (F&V),Cauliflower,Other,Grade A,12/09/2026,3000,3500,3250
Jammu and Kashmir,Rajouri,Rajouri (Phaliana) (F&V),Capsicum,Capsicum,Grade B,12/09/2026,6000,6000,6000
Jammu and Kashmir,Rajouri,Rajouri (Phaliana) (F&V),Pomegranate,Pomogranate,Grade B,12/09/2026,12000,12000,12000
Jammu and Kashmir,Rajouri,Rajouri (Phaliana) (F&V),Cucumbar(Kheera),Cucumbar,Grade B,12/09/2026,3000,3000,3000
Jammu and Kashmir,Rajouri,Rajouri (Phaliana) (F&V),Onion,Onion,Grade B,12/09/2026,5500,5500,5500
Jammu and Kashmir,Kathua,Kathua (F&V),Brinjal,Round/Long,FAQ,12/09/2026,1000,2000,1500
Jammu and Kashmir,Kathua,Kathua (F&V),Onion,Nasik,FAQ,12/09/2026,4500,5000,4750
Jammu and Kashmir,Kathua,Kathua (F&V),Raddish,Raddish,FAQ,12/09/2026,2000,3500,2750
Jammu and Kashmir,Kathua,Kathua (F&V),Tomato,Hybrid,FAQ,12/09/2026,1500,2000,1750
Jammu and Kashmir,Kathua,Kathua (F&V),Round gourd,Round gourd,FAQ,12/09/2026,1000,1500,1250
Jammu and Kashmir,Jammu,MAC F&V Market Narwal Jammu,Tinda,Tinda,FAQ,12/09/2026,4000,4500,4250
Jammu and Kashmir,Jammu,MAC F&V Market Narwal Jammu,Raddish,Raddish,FAQ,12/09/2026,2000,3000,2500
Jammu and Kashmir,Jammu,MAC F&V Market Narwal Jammu,Mashrooms,Mashrooms,FAQ,12/09/2026,10000,17000,13500
Jammu and Kashmir,Jammu,MAC F&V Market Narwal Jammu,Lemon,Other,FAQ,12/09/2026,13000,15000,14000
Jammu and Kashmir,Jammu,MAC F&V Market Narwal Jammu,Pointed gourd(Parval),Pointed gourd (Parval),FAQ,12/09/2026,8000,8500,8250
Jammu and Kashmir,Jammu,MAC F&V Market Narwal Jammu,Apple,Apple,Medium,12/09/2026,2800,11200,7000
Jammu and Kashmir,Jammu,MAC F&V Market Narwal Jammu,Tender Coconut,Tender Coconut,Medium,12/09/2026,6500,7300,6900
Jammu and Kashmir,Jammu,MAC F&V Market Narwal Jammu,Cucumbar(Kheera),Cucumbar,FAQ,12/09/2026,2500,3000,2750
Jammu and Kashmir,Jammu,MAC F&V Market Narwal Jammu,Garlic,New Medium,FAQ,12/09/2026,10000,25000,17500
Jammu and Kashmir,Jammu,MAC F&V Market Narwal Jammu,Bottle gourd,Bottle Gourd,FAQ,12/09/2026,1000,1500,1250
Jammu and Kashmir,Jammu,MAC F&V Market Narwal Jammu,Round gourd,Round gourd,FAQ,12/09/2026,800,1500,1150
Jammu and Kashmir,Jammu,MAC F&V Market Narwal Jammu,Spinach,Spinach,FAQ,12/09/2026,4000,4500,4250
Jammu and Kashmir,Srinagar,Parimpore Srinagar (F&V),Cucumbar(Kheera),Other,Grade A,12/09/2026,3500,5000,4750
Jammu and Kashmir,Rajouri,Rajouri (Phaliana) (F&V),Water Melon,Water Melon,Grade B,12/09/2026,4000,4000,4000
Jammu and Kashmir,Kathua,Kathua (F&V),Banana,Other,Grade B,12/09/2026,4500,5000,4750
Jammu and Kashmir,Kathua,Kathua (F&V),Pineapple,Pine Apple,Grade B,12/09/2026,4500,5000,4750
Jammu and Kashmir,Kathua,Kathua (F&V),Bottle gourd,Bottle Gourd,FAQ,12/09/2026,1000,1500,1250
Jammu and Kashmir,Kathua,Kathua (F&V),Garlic,Garlic,FAQ,12/09/2026,12000,15000,13500
Jammu and Kashmir,Kathua,Kathua (F&V),Mashrooms,Mashrooms,FAQ,12/09/2026,10000,13000,11500
Jammu and Kashmir,Kupwara,Handwara Kupwara (F&V),Pear(Marasebu),Other,Medium,12/09/2026,3750,5000,4375
Jammu and Kashmir,Jammu,MAC F&V Market Narwal Jammu,Potato,Potato,FAQ,12/09/2026,800,1200,1000
Jammu and Kashmir,Jammu,MAC F&V Market Narwal Jammu,Pineapple,Pine Apple,Medium,12/09/2026,4000,4500,4250
Jammu and Kashmir,Jammu,MAC F&V Market Narwal Jammu,Mousambi(Sweet Lime),Mousambi,Medium,12/09/2026,3500,5000,4250
Jammu and Kashmir,Jammu,MAC F&V Market Narwal Jammu,Papaya,Papaya,Medium,12/09/2026,3000,4500,3750
Jammu and Kashmir,Jammu,MAC F&V Market Narwal Jammu,Banana,Banana - Ripe,Medium,12/09/2026,3500,4100,3800
Jammu and Kashmir,Jammu,MAC F&V Market Narwal Jammu,Cauliflower,Cauliflower,FAQ,12/09/2026,5000,6000,5500
Jammu and Kashmir,Jammu,MAC F&V Market Narwal Jammu,Carrot,Carrot,FAQ,12/09/2026,3000,3500,3250
Jammu and Kashmir,Srinagar,Parimpore Srinagar (F&V),Bitter gourd,Other,Grade A,12/09/2026,2000,2500,2250
Jammu and Kashmir,Srinagar,Parimpore Srinagar (F&V),Capsicum,Other,Grade A,12/09/2026,2800,3000,2900
Jammu and Kashmir,Srinagar,Parimpore Srinagar (F&V),Cabbage,Other,Grade A,12/09/2026,1700,1800,1750
Jammu and Kashmir,Rajouri,Rajouri (Phaliana) (F&V),Bhindi(Ladies Finger),Bhindi,Grade B,12/09/2026,4000,4000,4000
Jammu and Kashmir,Kathua,Kathua (F&V),Green Chilli,Green Chilly,FAQ,12/09/2026,1500,3500,2500
Jammu and Kashmir,Kathua,Kathua (F&V),Papaya,Papaya,Grade B,12/09/2026,4500,5000,4750
Jammu and Kashmir,Kathua,Kathua (F&V),Guava,Guava,Grade B,12/09/2026,12000,14000,13000
Jammu and Kashmir,Kathua,Kathua (F&V),Mousambi(Sweet Lime),Other,Grade B,12/09/2026,6000,8000,7000
Jammu and Kashmir,Kathua,Kathua (F&V),Pear(Marasebu),Other,Grade B,12/09/2026,10000,13000,11500
Jammu and Kashmir,Kathua,Kathua (F&V),Ginger(Green),Green Ginger,FAQ,12/09/2026,8000,9000,8500
Jammu and Kashmir,Kathua,Kathua (F&V),Potato,Potato,FAQ,12/09/2026,1000,1500,1250
Jammu and Kashmir,Kathua,Kathua (F&V),Ridgeguard(Tori),Other,FAQ,12/09/2026,1000,1500,1250
Jammu and Kashmir,Kupwara,Handwara Kupwara (F&V),Apple,Delicious,Medium,12/09/2026,5937.5,6875,6562.5
Jammu and Kashmir,Jammu,MAC F&V Market Narwal Jammu,Ridgeguard(Tori),Ridgeguard(Tori),FAQ,12/09/2026,1500,2200,1850
Jammu and Kashmir,Jammu,MAC F&V Market Narwal Jammu,Peas Wet,Peas Wet,FAQ,12/09/2026,8000,9000,8500
Jammu and Kashmir,Jammu,MAC F&V Market Narwal Jammu,Water Melon,Water Melon,Medium,12/09/2026,2800,3000,2900
Jammu and Kashmir,Jammu,MAC F&V Market Narwal Jammu,Pomegranate,Pomogranate,Medium,12/09/2026,7000,15000,11000
Jammu and Kashmir,Jammu,MAC F&V Market Narwal Jammu,Guava,Guava,Medium,12/09/2026,11000,13000,12000
Jammu and Kashmir,Jammu,MAC F&V Market Narwal Jammu,Brinjal,Brinjal,FAQ,12/09/2026,1500,2000,1750
Jammu and Kashmir,Jammu,MAC F&V Market Narwal Jammu,Cabbage,Cabbage,FAQ,12/09/2026,2000,2500,2250
Jammu and Kashmir,Jammu,MAC F&V Market Narwal Jammu,Green Chilli,Green Chilly,FAQ,12/09/2026,3000,3500,3250
Jammu and Kashmir,Jammu,MAC F&V Market Narwal Jammu,Knool Khol,Knool Khol,FAQ,12/09/2026,4000,5000,4500
Jammu and Kashmir,Jammu,MAC F&V Market Narwal Jammu,Tomato,Tomato,FAQ,12/09/2026,2400,2600,2500
Jammu and Kashmir,Jammu,MAC F&V Market Narwal Jammu,Onion,Medium,FAQ,12/09/2026,5000,5500,5250
Jammu and Kashmir,Srinagar,Parimpore Srinagar (F&V),Bhindi(Ladies Finger),Other,Grade A,12/09/2026,3500,4500,4000
Jammu and Kashmir,Srinagar,Parimpore Srinagar (F&V),Brinjal,Other,Local,12/09/2026,1200,1500,1350
Jammu and Kashmir,Srinagar,Parimpore Srinagar (F&V),Bottle gourd,Other,Grade A,12/09/2026,1600,1800,1700
Jammu and Kashmir,Rajouri,Rajouri (Phaliana) (F&V),Apple,Delicious,Grade B,12/09/2026,7000,7000,7000
Jammu and Kashmir,Rajouri,Rajouri (Phaliana) (F&V),Banana,Banana - Ripe,Grade B,12/09/2026,6200,6200,6200
Jammu and Kashmir,Rajouri,Rajouri (Phaliana) (F&V),Bitter gourd,Bitter Gourd,Grade B,12/09/2026,3000,3000,3000
Jammu and Kashmir,Rajouri,Rajouri (Phaliana) (F&V),Mousambi(Sweet Lime),Mousambi,Grade B,12/09/2026,6000,6000,6000
Jammu and Kashmir,Rajouri,Rajouri (Phaliana) (F&V),Papaya,Papaya,Grade B,12/09/2026,5500,5500,5500
Jammu and Kashmir,Rajouri,Rajouri (Phaliana) (F&V),Bottle gourd,Bottle Gourd,Grade B,12/09/2026,2500,2500,2500
Jammu and Kashmir,Kathua,Kathua (F&V),Apple,Delicious,Grade B,12/09/2026,4000,12000,8000
Jammu and Kashmir,Kathua,Kathua (F&V),Bitter gourd,Other,FAQ,12/09/2026,1200,2000,1600
Jammu and Kashmir,Kathua,Kathua (F&V),Cauliflower,Other,FAQ,12/09/2026,3500,4500,4000
Jammu and Kashmir,Kathua,Kathua (F&V),Knool Khol,Knool Khol,FAQ,12/09/2026,4500,5000,4750
Jammu and Kashmir,Kathua,Kathua (F&V),Capsicum,Capsicum,FAQ,12/09/2026,4000,5000,4500
Jammu and Kashmir,Kathua,Kathua (F&V),Cucumbar(Kheera),Other,FAQ,12/09/2026,800,1500,1150
Jammu and Kashmir,Kathua,Kathua (F&V),Indian Beans(Seam),Other,FAQ,12/09/2026,3000,4500,3750
Jammu and Kashmir,Kathua,Kathua (F&V),Spinach,Spinach,FAQ,12/09/2026,4000,4500,4250
