state,district,market,commodity,variety,grade,arrival_date,min_price,max_price,modal_price
Andhra Pradesh,Prakasam,Maddipadu APMC,Bengal Gram(Gram)(Whole),Gulabi,FAQ,31/07/2026,6000,6000,6000
Andhra Pradesh,NTR,Nandigama APMC,Maize,Hybrid,Grade Range-1,31/07/2026,2320,2320,2320
Andhra Pradesh,Nandyal,Nandyal APMC,Maize,Other,Local,31/07/2026,2430,2430,2430
Andhra Pradesh,Bapatla,Parchur APMC,Cotton,Cotton (Unginned),FAQ,31/07/2026,7000,7800,7500
Andhra Pradesh,Bapatla,Parchur APMC,Paddy(Common),Other,FAQ,31/07/2026,2300,2500,2400
Andhra Pradesh,Bapatla,Parchur APMC,Chili Red,Dry,FAQ,31/07/2026,15000,20000,18000
Andhra Pradesh,Prakasam,Addanki APMC,Maize,Local,FAQ,31/07/2026,2400,2430,2410
Andhra Pradesh,Markapuram,Cumbum APMC,Cotton,Other,FAQ,31/07/2026,7800,8000,7900
Andhra Pradesh,Tirupathi,Sullurpet APMC,Paddy(Common),MTU-1010,Local,31/07/2026,2400,2430,2410
Andhra Pradesh,Nandyal,Banaganapalli APMC,Maize,Local,FAQ,31/07/2026,2000,2400,2200
Andhra Pradesh,Ananthapuramu,Urvakonda APMC,Bengal Gram(Gram)(Whole),Gulabi,Local,31/07/2026,6300,6500,6400
Andhra Pradesh,Alluri Sitharama Raju,Araku Valley APMC,Jack Fruit(Ripe),Jack Fruit,Grade A,31/07/2026,35,35,35
Andhra Pradesh,Eluru,Kaikaluru APMC,Paddy(Common),MTU-1001,Local,31/07/2026,2440,2440,2440
Andhra Pradesh,Palnadu,Gurazala APMC,Chili Red,Red,Local,31/07/2026,15000,22500,19000
Andhra Pradesh,Vijayanagaram,Chipurupalli APMC,Maize,Local,FAQ,31/07/2026,4800,4800,4800
Andhra Pradesh,Vijayanagaram,Gajapathinagaram APMC,Maize,Local,Local,31/07/2026,2350,2350,2350
Andhra Pradesh,Anakapally,Madugula APMC,Cashewnuts,Local,Local,31/07/2026,8000,12000,10000
Andhra Pradesh,Dr.B.R.A.Konaseema,Ravulapalem (Kothapeta APMC),Banana,Chakkarakeli(Red),Local,31/07/2026,4400,4900,4700
Andhra Pradesh,Dr.B.R.A.Konaseema,Ravulapalem (Kothapeta APMC),Banana,Chakkarakeli(White),Local,31/07/2026,2600,3800,3600
Andhra Pradesh,Dr.B.R.A.Konaseema,Ravulapalem (Kothapeta APMC),Banana,Desi(Bontha),Local,31/07/2026,1700,2400,2200
Andhra Pradesh,Palnadu,Macharla APMC,Paddy(Common),B P T,Grade Range-1,31/07/2026,2400,2400,2400
Andhra Pradesh,Ananthapuramu,Guntakal APMC,Bengal Gram(Gram)(Whole),Gulabi,Local,31/07/2026,6000,6300,6150
Andhra Pradesh,Ananthapuramu,Guntakal APMC,Red gram/Arhar/Tur(whole),Local,Local,31/07/2026,7000,8000,7500
Andhra Pradesh,Vijayanagaram,Kothavalasa APMC,Paddy(Common),1001,Local,31/07/2026,2369,2369,2369
Andhra Pradesh,YSR Kadapa,Proddatur APMC,Bengal Gram(Gram)(Whole),Jawari/Local,Local,31/07/2026,6450,6450,6450
Andhra Pradesh,Parvathipuram Manyam,Palakonda APMC,Green Gram(Moong)(Whole),Green (Whole),FAQ,31/07/2026,6550,6550,6550
Andhra Pradesh,Parvathipuram Manyam,Palakonda APMC,Cashewnuts,Local(Raw),FAQ,31/07/2026,13500,13500,13500
Andhra Pradesh,Anakapally,Payakaraopeta APMC,Mango,Other,Local,31/07/2026,2600,2800,2700
Andhra Pradesh,West Godavari,Tadepalligudem APMC,Paddy(Common),1001,FAQ,31/07/2026,2445,2445,2445
Andhra Pradesh,Annamayya,Mulakalacheruvu APMC,Tomato,Local,FAQ,31/07/2026,1050,1550,1300
Andhra Pradesh,West Godavari,Bhimavaram APMC,Paddy(Common),1001,Grade Range-1,31/07/2026,2360,2360,2360
Andhra Pradesh,Kakinada,Samalkot APMC,Paddy(Common),Paddy,FAQ,31/07/2026,2369,2380,2369
Andhra Pradesh,Tirupathi,B.N.Kandriga APMC,Paddy(Common),Paddy,Local,31/07/2026,2200,2200,2200
Andhra Pradesh,Srikakulam,Narasannapet APMC,Paddy(Common),Paddy,FAQ,31/07/2026,2369,2369,2369
Andhra Pradesh,Palnadu,Narasaraopet APMC,Cotton,Bunny,FAQ,31/07/2026,8000,8000,8000
Andhra Pradesh,Vijayanagaram,Bobbili APMC,Maize,Local,FAQ,31/07/2026,4800,4800,4800
Andhra Pradesh,Kakinada,Kakinada (Urban) APMC,Paddy(Common),B P T,FAQ,31/07/2026,2389,2600,2550
Andhra Pradesh,Alluri Sitharama Raju,Paderu APMC,Groundnut,Local,Grade Range-2,31/07/2026,7300,7300,7300
Andhra Pradesh,Eluru,Nuzvid APMC,Maize,Local,FAQ,31/07/2026,2500,2500,2500
Andhra Pradesh,Kurnool,Pattikonda APMC,Tomato,Local,FAQ,31/07/2026,5000,7500,6000
Andhra Pradesh,Vijayanagaram,Pusapatirega APMC,Maize,Local,FAQ,31/07/2026,4800,4800,4800
Andhra Pradesh,SPSR Nellore,Rapur APMC,Wood,Casuarina,Local,31/07/2026,5400,5800,5600
Andhra Pradesh,East Godavari,Nidadavolu APMC,Paddy(Common),Common,Local,31/07/2026,2445,2445,2445
Andhra Pradesh,Ananthapuramu,Rapthadu APMC,Ground Nut Seed,Ground Nut Seed,Grade Range-1,31/07/2026,9500,11000,10500
Andhra Pradesh,Visakhapatnam,Pendurthi APMC,Paddy(Common),Paddy,Local,31/07/2026,2300,2300,2300
Andhra Pradesh,Visakhapatnam,Bhimunipatnam APMC,Maize,Hybrid Red (Cattle Feed),Local,31/07/2026,2386,2386,2386
Andhra Pradesh,NTR,Vijayawada APMC,Paddy(Common),1001,Local,31/07/2026,2369,2369,2369
Andhra Pradesh,Anakapally,Anakapally APMC,Gur(Jaggery),Anakapalli,Grade Range-2,31/07/2026,4910,4910,4910
Andhra Pradesh,Sri Sathya Sai,Tenakallu APMC,Tamarind Fruit,Other,FAQ,31/07/2026,15600,21000,19200
Andhra Pradesh,Bapatla,Kuchinapudi APMC,Black Gram(Urd Beans)(Whole),Black Gram (Whole),Local,31/07/2026,11000,11200,11100
Andhra Pradesh,Prakasam,Santhamaguluru APMC,Paddy(Common),B P T,FAQ,31/07/2026,2500,2500,2500
Andhra Pradesh,Prakasam,Maddipadu APMC,Paddy(Common),B P T,FAQ,31/07/2026,2500,2500,2500
Andhra Pradesh,Nandyal,Allagadda APMC,Maize,Local,FAQ,31/07/2026,2000,2100,2050
Andhra Pradesh,Tirupathi,Vakadu APMC,Paddy(Common),B P T,Local,31/07/2026,2389,2410,2400
Andhra Pradesh,East Godavari,Anaparthy APMC,Paddy(Common),Paddy,FAQ,31/07/2026,2369,2400,2369
Andhra Pradesh,West Godavari,Palakole APMC,Paddy(Common),Paddy,Local,31/07/2026,2369,2369,2369
Andhra Pradesh,Bapatla,Bapatla APMC,Groundnut,Local,Local,31/07/2026,8000,8500,8250
Andhra Pradesh,SPSR Nellore,Nellore APMC,Paddy(Common),B P T,FAQ,31/07/2026,2410,2490,2450
Andhra Pradesh,Markapuram,Cumbum APMC,Bengal Gram(Gram)(Whole),Desi (Whole),FAQ,31/07/2026,5750,5900,5850
Andhra Pradesh,YSR Kadapa,Siddavatam APMC,Banana,Medium,Grade B,31/07/2026,1500,1700,1600
Andhra Pradesh,Nandyal,Banaganapalli APMC,Jowar(Sorghum),Jowar ( White),FAQ,31/07/2026,3200,3600,3400
Andhra Pradesh,Kakinada,Peddapuram APMC,Paddy(Common),1001,FAQ,31/07/2026,2369,2380,2369
Andhra Pradesh,Srikakulam,Etcherla APMC,Paddy(Common),1121,FAQ,31/07/2026,2369,2369,2369
Andhra Pradesh,Krishna,Ghantsala (HQ-Kodali) APMC,Paddy(Common),1001,Local,31/07/2026,2200,2400,2300
Andhra Pradesh,East Godavari,Mandapeta APMC,Paddy(Common),1001,FAQ,31/07/2026,2369,2400,2389
Andhra Pradesh,Nandyal,Nandikotkur APMC,Maize,Hybrid,FAQ,31/07/2026,2200,2400,2300
Andhra Pradesh,Srikakulam,Jalumuru APMC,Paddy(Common),1121,FAQ,31/07/2026,2369,2369,2369
Andhra Pradesh,Srikakulam,Hiramandalam APMC,Maize,Medium,Local,31/07/2026,2220,2220,2220
Andhra Pradesh,East Godavari,Gopalapuram APMC,Maize,Local,Local,31/07/2026,2420,2420,2420
Andhra Pradesh,Anakapally,Madugula APMC,Paddy(Common),Paddy,Local,31/07/2026,2200,2400,2300
Andhra Pradesh,Palnadu,Macharla APMC,Cotton,Bunny,Grade Range-1,31/07/2026,7800,7800,7800
Andhra Pradesh,Srikakulam,Kanchili APMC,Paddy(Common),1001,FAQ,31/07/2026,2400,2400,2400
Andhra Pradesh,Ananthapuramu,Kalyandurg APMC,Groundnut,Local,Grade Range-1,31/07/2026,8000,8500,8300
Andhra Pradesh,Krishna,Machilipatnam APMC,Paddy(Common),B P T,Local,31/07/2026,2933.3326,3133.33255,3066.6659
Andhra Pradesh,Ananthapuramu,Gooti APMC,Cotton,Bramha,Grade Range-1,31/07/2026,8500,9889,9501
Andhra Pradesh,Parvathipuram Manyam,Palakonda APMC,"Sesamum(Sesame,Gingelly,Til)",Black,FAQ,31/07/2026,10000,10000,10000
Andhra Pradesh,Guntur,Ponnur APMC,Black Gram(Urd Beans)(Whole),Black Gram (Whole),Grade Range-1,31/07/2026,9800,10000,9900
Andhra Pradesh,Ananthapuramu,RAYADURG APMC,Paddy(Common),I.R.-64,Grade Range-1,31/07/2026,3200,3600,3400
Andhra Pradesh,Anakapally,Payakaraopeta APMC,Banana,Karpura,Local,31/07/2026,1800,2000,1900
Andhra Pradesh,Krishna,Pedana APMC,Black Gram(Urd Beans)(Whole),Local,Local,31/07/2026,7800,8200,8000
Andhra Pradesh,Dr.B.R.A.Konaseema,Razole APMC,Coconut,Medium,FAQ,31/07/2026,15400,15500,15400
Andhra Pradesh,Markapuram,Podili APMC,Red gram/Arhar/Tur(whole),Arhar (Whole),FAQ,31/07/2026,8300,8300,8300
Andhra Pradesh,Parvathipuram Manyam,Saluru APMC,Maize,Hybrid/Local,FAQ,31/07/2026,2600,2600,2600
Andhra Pradesh,NTR,Tiruvuru APMC,Dry Chillies,Dry Chillies,Local,31/07/2026,21000,21000,21000
Andhra Pradesh,Sri Sathya Sai,Puttaparthi  APMC,Maize,Local,FAQ,31/07/2026,2400,2500,2450
Andhra Pradesh,Annamayya,Piler APMC,Gur(Jaggery),NO 3,Local,31/07/2026,4300,4800,4500
Andhra Pradesh,Kakinada,Karapa APMC,Paddy(Common),1001,FAQ,31/07/2026,2361,2369,2365
Andhra Pradesh,Palnadu,Narasaraopet APMC,Rice,B P T,FAQ,31/07/2026,6000,6000,6000
Andhra Pradesh,Krishna,Divi (HQ-Avanigadda) APMC,Paddy(Common),B P T,FAQ,31/07/2026,2450,2600,2550
Andhra Pradesh,Dr.B.R.A.Konaseema,Ramachandrapuram APMC,Paddy(Common),Paddy,FAQ,31/07/2026,2369,2375,2369
Andhra Pradesh,Eluru,Chintalapudi APMC,Lemon,Lemon,FAQ,31/07/2026,3400,4000,3700
Andhra Pradesh,Markapuram,Markapur APMC,Bengal Gram(Gram)(Whole),Average (Whole),FAQ,31/07/2026,5400,5400,5400
Andhra Pradesh,Vijayanagaram,Rajam APMC,Maize,Local,FAQ,31/07/2026,2400,2400,2400
Andhra Pradesh,SPSR Nellore,Rapur APMC,Wood,Eucalyptus,Local,31/07/2026,5400,5800,5600
Andhra Pradesh,Bapatla,Vemuru APMC,Maize,Hybrid,FAQ,31/07/2026,2350,2450,2400
Andhra Pradesh,Kakinada,Jaggampet APMC,Paddy(Common),Common,FAQ,31/07/2026,2369,2380,2369
Andhra Pradesh,Visakhapatnam,Pendurthi APMC,Black Gram Dal(Urd Dal),Black Gram Dal,Local,31/07/2026,7600,7600,7600
Andhra Pradesh,Vijayanagaram,Vijayanagaram APMC,Maize,Local,Local,31/07/2026,2400,2400,2400
Andhra Pradesh,Chittor,Rompicherla APMC,Groundnut,Local,Local,31/07/2026,4600,4600,4600
Andhra Pradesh,Prakasam,Santhamaguluru APMC,Maize,Hybrid,FAQ,31/07/2026,2400,2400,2400
Andhra Pradesh,Sri Sathya Sai,Gorantla  APMC,Maize,Hybrid/Local,FAQ,31/07/2026,2000,2400,2200
Andhra Pradesh,NTR,Nandigama APMC,Paddy(Common),B P T,Grade Range-1,31/07/2026,2360,2360,2360
Andhra Pradesh,Tirupathi,Puttur APMC,Mango,Other,Local,31/07/2026,1100,1200,1150
Andhra Pradesh,Nandyal,Atmakur (Nandyal District) APMC,Paddy(Common),Sona,FAQ,31/07/2026,2450,2450,2450
Andhra Pradesh,Nandyal,Nandyal APMC,Paddy(Common),Paddy,Local,31/07/2026,2400,2400,2400
Andhra Pradesh,Bapatla,Parchur APMC,Maize,Local,FAQ,31/07/2026,2200,2300,2200
Andhra Pradesh,Bapatla,Parchur APMC,Black Gram(Urd Beans)(Whole),Local,FAQ,31/07/2026,8000,9000,8500
Andhra Pradesh,West Godavari,Attili APMC,Paddy(Common),Paddy,Local,31/07/2026,2369,2390,2369
Andhra Pradesh,West Godavari,Akiveedu APMC,Paddy(Common),Paddy,Local,31/07/2026,2300,2500,2369
Andhra Pradesh,Palnadu,Krosuru APMC,Cotton,Bramha,FAQ,31/07/2026,8000,8600,8300
Andhra Pradesh,Tirupathi,Pakala APMC,Gur(Jaggery),NO 3,Local,31/07/2026,2900,2900,2900
Andhra Pradesh,Bapatla,Bapatla APMC,Maize,Local,Local,31/07/2026,2200,2400,2300
Andhra Pradesh,Prakasam,Kandukur APMC,Paddy(Common),Other,Local,31/07/2026,2380,2450,2400
Andhra Pradesh,Tirupathi,Naidupet APMC,Paddy(Common),MTU-1010,Local,31/07/2026,2350,2450,2400
Andhra Pradesh,Ananthapuramu,Tadipatri APMC,Bengal Gram(Gram)(Whole),Average (Whole),Grade Range-1,31/07/2026,5700,5900,5750
Andhra Pradesh,Palnadu,Macharla APMC,Red gram/Arhar/Tur(whole),Local,Grade Range-1,31/07/2026,8000,8000,8000
Andhra Pradesh,Ananthapuramu,Guntakal APMC,Groundnut,Local,Local,31/07/2026,5800,8000,7000
Andhra Pradesh,Markapuram,Giddalur APMC,Bengal Gram(Gram)(Whole),Other,FAQ,31/07/2026,5700,6000,5800
Andhra Pradesh,Parvathipuram Manyam,Kurupam APMC,Maize,Local,Local,31/07/2026,2400,2400,2400
Andhra Pradesh,YSR Kadapa,Proddatur APMC,Paddy(Common),Paddy,Local,31/07/2026,2450,2450,2450
Andhra Pradesh,Kakinada,Pithapuram APMC,Paddy(Common),1001,FAQ,31/07/2026,2369,2389,2379
Andhra Pradesh,Krishna,Pamarru APMC,Paddy(Common),B P T,Local,31/07/2026,2441,2481,2471
Andhra Pradesh,Nandyal,Panyam APMC,Paddy(Common),Sona Mahsuri,FAQ,31/07/2026,2200,2400,2300
Andhra Pradesh,Anakapally,Payakaraopeta APMC,Green Gram(Moong)(Whole),Local,Local,31/07/2026,8748,8768,8758
Andhra Pradesh,Krishna,Pedana APMC,Paddy(Common),NO. 2716,Local,31/07/2026,2369,2400,2390
Andhra Pradesh,Anakapally,Yellamanchili APMC,Paddy(Common),1001,Local,31/07/2026,2390,2450,2400
Andhra Pradesh,NTR,Tiruvuru APMC,Maize,Hybrid,Local,31/07/2026,2400,2400,2400
Andhra Pradesh,NTR,Tiruvuru APMC,Paddy(Common),Sona,Local,31/07/2026,2550,2550,2550
Andhra Pradesh,Krishna,Vuyyur APMC,Black Gram Dal(Urd Dal),Local,FAQ,31/07/2026,9300,9500,9400
Andhra Pradesh,Chittor,Bangarupalyam APMC,Mango,Neelam,Grade B,31/07/2026,2500,3500,3000
Andhra Pradesh,Srikakulam,Ponduru APMC,Maize,Local,FAQ,31/07/2026,2300,2300,2300
Andhra Pradesh,Palnadu,Chilakaluripet APMC,Bengal Gram(Gram)(Whole),Gulabi,Local,31/07/2026,5100,6000,5600
Andhra Pradesh,Palnadu,Chilakaluripet APMC,Cotton,Bunny,Local,31/07/2026,7000,8100,7500
Andhra Pradesh,Prakasam,Darsi APMC,Cotton,Desi,Local,31/07/2026,8100,8200,8200
Andhra Pradesh,Palnadu,Narasaraopet APMC,Bengal Gram(Gram)(Whole),Desi (Whole),FAQ,31/07/2026,6000,6000,6000
Andhra Pradesh,Sri Sathya Sai,Penukonda APMC,Groundnut,Local,FAQ,31/07/2026,7400,7800,7500
Andhra Pradesh,Dr.B.R.A.Konaseema,Alamuru APMC,Paddy(Common),Paddy,FAQ,31/07/2026,2369,2389,2369
Andhra Pradesh,Dr.B.R.A.Konaseema,Ambajipeta APMC,Banana,Banana - Ripe,Medium,31/07/2026,960,2160,1560
Andhra Pradesh,Alluri Sitharama Raju,Chintapally APMC,Turmeric,Finger,FAQ,31/07/2026,13000,14000,13500
Andhra Pradesh,Anakapally,Chodavaram APMC,Cashewnuts,Local(Raw),Local,31/07/2026,8000,12000,10000
Andhra Pradesh,Dr.B.R.A.Konaseema,Nagaram APMC,Coconut,Medium,FAQ,31/07/2026,15400,15500,15400
Andhra Pradesh,SPSR Nellore,Sarvepalli APMC,Lime,Lime,Grade A,31/07/2026,3000,4800,3800
Andhra Pradesh,Palnadu,Rompicherla APMC,Paddy(Common),Paddy,FAQ,31/07/2026,2300,2480,2400
Andhra Pradesh,Chittor,S.R.Puram APMC,Gur(Jaggery),NO 3,Local,31/07/2026,1900,2400,2200
Andhra Pradesh,Tirupathi,Thiruchanur APMC,Banana,Banana - Ripe,Grade A,31/07/2026,1000,2000,1600
Andhra Pradesh,Bapatla,Repalli APMC,Paddy(Common),B P T,Local,31/07/2026,3200,3500,3400
Andhra Pradesh,Kakinada,Prattipadu APMC,Paddy(Common),1001,FAQ,31/07/2026,2369,2380,2379
Andhra Pradesh,Visakhapatnam,Bhimunipatnam APMC,Ragi(Finger Millet),Local,Local,31/07/2026,5000,5000,5000
Andhra Pradesh,Visakhapatnam,Bhimunipatnam APMC,Paddy(Common),Samba Masuri,Local,31/07/2026,2369,2369,2369
Andhra Pradesh,Prakasam,Maddipadu APMC,Bajra(Pearl Millet/Cumbu),Bold,FAQ,31/07/2026,2450,2450,2450
Andhra Pradesh,Bapatla,Parchur APMC,Bengal Gram(Gram)(Whole),Other,FAQ,31/07/2026,5500,6000,5800
Andhra Pradesh,West Godavari,Penugonda APMC,Paddy(Common),1001,Local,31/07/2026,2369,2380,2370
Andhra Pradesh,Palnadu,Krosuru APMC,Paddy(Common),B P T,FAQ,31/07/2026,2200,2600,2400
Andhra Pradesh,Prakasam,Addanki APMC,Paddy(Common),Paddy,Local,31/07/2026,2390,2420,2400
Andhra Pradesh,Bapatla,Bapatla APMC,Paddy(Common),B P T,Local,31/07/2026,2400,2500,2450
Andhra Pradesh,Chittor,Nagari APMC,Paddy(Common),Paddy,Grade Range-2,31/07/2026,1700,1800,1750
Andhra Pradesh,YSR Kadapa,Mydukur APMC,Paddy(Common),Masuri,Local,31/07/2026,2300,2500,2400
Andhra Pradesh,Kurnool,Alur APMC,Jowar(Sorghum),Hybrid,FAQ,31/07/2026,3730,3730,3730
Andhra Pradesh,Ananthapuramu,Anantapur APMC,Mousambi(Sweet Lime),Mousambi,Grade B,31/07/2026,800,1620,1400
Andhra Pradesh,Ananthapuramu,Tadipatri APMC,Red gram/Arhar/Tur(whole),Local,Local,31/07/2026,5700,6050,5850
Andhra Pradesh,Srikakulam,Palasa APMC,Cashewnuts,320 Counts,Local,31/07/2026,14000,14000,14000
Andhra Pradesh,Srikakulam,Hiramandalam APMC,Paddy(Common),Masuri,Local,31/07/2026,2410,2410,2410
Andhra Pradesh,Vijayanagaram,Merakamudidam APMC,Maize,Local,Local,31/07/2026,1800,2000,1950
Andhra Pradesh,NTR,Kanchekacherla APMC,Maize,Hybrid,Local,31/07/2026,2500,2500,2500
Andhra Pradesh,Dr.B.R.A.Konaseema,Ravulapalem (Kothapeta APMC),Banana,Bhushavali(Pacha),Local,31/07/2026,2100,2600,2400
Andhra Pradesh,Dr.B.R.A.Konaseema,Ravulapalem (Kothapeta APMC),Banana,Karpura,Local,31/07/2026,2800,3900,3700
Andhra Pradesh,Srikakulam,Kothabommali APMC,Paddy(Common),Paddy,Local,31/07/2026,2500,2500,2500
Andhra Pradesh,Ananthapuramu,Gooti APMC,Groundnut,Local,Grade Range-1,31/07/2026,3519,5980,5576
Andhra Pradesh,Parvathipuram Manyam,Palakonda APMC,Paddy(Common),1001,FAQ,31/07/2026,2200,2200,2200
Andhra Pradesh,Parvathipuram Manyam,Palakonda APMC,Maize,Medium,FAQ,31/07/2026,1950,1950,1950
Andhra Pradesh,Ananthapuramu,RAYADURG APMC,Maize,Local,Grade Range-1,31/07/2026,2200,2600,2300
Andhra Pradesh,Srikakulam,Srikakulam APMC,Paddy(Common),1001,FAQ,31/07/2026,2400,2400,2400
Andhra Pradesh,Anakapally,Payakaraopeta APMC,Cashewnuts,Local(Raw),Local,31/07/2026,11000,12000,11500
Andhra Pradesh,Anakapally,Payakaraopeta APMC,Paddy(Common),1001,Local,31/07/2026,2349,2369,2359
Andhra Pradesh,Anakapally,Narsipatnam APMC,Paddy(Common),1001,Local,31/07/2026,2390,2450,2400
Andhra Pradesh,Polavaram,Rampachodvaram APMC,Paddy(Common),1001,Grade Range-2,31/07/2026,2369,2389,2379
Andhra Pradesh,YSR Kadapa,Jammalamadugu APMC,Bengal Gram(Gram)(Whole),Average (Whole),FAQ,31/07/2026,6000,6400,6200
Andhra Pradesh,Palnadu,Narasaraopet APMC,Green Gram(Moong)(Whole),Local,FAQ,31/07/2026,7000,7000,7000
Andhra Pradesh,Palnadu,Narasaraopet APMC,Black Gram(Urd Beans)(Whole),Black Gram (Whole),FAQ,31/07/2026,8500,8500,8500
Andhra Pradesh,Sri Sathya Sai,Penukonda APMC,Maize,Hybrid/Local,FAQ,31/07/2026,2400,2500,2450
Andhra Pradesh,Kurnool,Kodumur APMC,Maize,Deshi White,FAQ,31/07/2026,1800,2400,2100
Andhra Pradesh,Srikakulam,Amadalavalasa APMC,Paddy(Common),Paddy,FAQ,31/07/2026,2369,2369,2369
Andhra Pradesh,Krishna,Gannavaram APMC,Paddy(Common),1001,Local,31/07/2026,2369,2369,2369
Andhra Pradesh,Krishna,Divi (HQ-Avanigadda) APMC,Black Gram(Urd Beans)(Whole),Desi,FAQ,31/07/2026,8000,9500,9000
Andhra Pradesh,Anakapally,Chodavaram APMC,Paddy(Common),Paddy,Local,31/07/2026,2200,2400,2300
Andhra Pradesh,Sri Sathya Sai,Madakasira APMC,Ragi(Finger Millet),Local,FAQ,31/07/2026,4900,4900,4900
Andhra Pradesh,Sri Sathya Sai,Madakasira APMC,Groundnut,Local,FAQ,31/07/2026,7300,7300,7300
Andhra Pradesh,Dr.B.R.A.Konaseema,Mummidivaram APMC,Prawn,Prawn-White Prawn,FAQ,31/07/2026,20000,21000,20000
Andhra Pradesh,Dr.B.R.A.Konaseema,Mummidivaram APMC,Coconut,Medium,FAQ,31/07/2026,15400,15500,15400
Andhra Pradesh,East Godavari,Rajahmundry APMC,Paddy(Common),Paddy,Local,31/07/2026,2369,2369,2369
Andhra Pradesh,YSR Kadapa,Pulivendala APMC,Mousambi(Sweet Lime),Other,Grade B,31/07/2026,500,1900,1200
Andhra Pradesh,Palnadu,Rompicherla APMC,Maize,Hybrid/Local,FAQ,31/07/2026,2300,2400,2350
Andhra Pradesh,Annamayya,Valmikipuram APMC,Tomato,Hybrid,FAQ,31/07/2026,880,1200,1080
Andhra Pradesh,East Godavari,Nidadavolu APMC,Maize,Local,Local,31/07/2026,2410,2410,2410
Andhra Pradesh,Visakhapatnam,Pendurthi APMC,Bajra(Pearl Millet/Cumbu),Local,Local,31/07/2026,2700,2700,2700
Andhra Pradesh,Visakhapatnam,Bhimunipatnam APMC,Groundnut,Big (With Shell),Local,31/07/2026,6900,6900,6900
Andhra Pradesh,Kakinada,Sampara (Kakinada Rural) APMC,Paddy(Common),Paddy Medium,FAQ,31/07/2026,2369,2389,2379
Andhra Pradesh,Bapatla,Kuchinapudi APMC,Paddy(Common),B P T,Local,31/07/2026,3300,3500,3400
Andhra Pradesh,Chittor,Rompicherla APMC,Paddy(Common),B P T,Local,31/07/2026,2200,2200,2200
Andhra Pradesh,Krishna,Malleswaram (HQ-Bantumili) APMC,Paddy(Common),NO. 2716,Grade Range-1,31/07/2026,2900,3000,2950
Andhra Pradesh,Annamayya,Somala APMC,Tomato,Tomato,FAQ,31/07/2026,900,1300,1100
Andhra Pradesh,NTR,Nandigama APMC,Wood,Subabul,Grade Range-1,31/07/2026,520,520,520
Andhra Pradesh,NTR,Nandigama APMC,Dry Chillies,Dry Chillies,Grade Range-1,31/07/2026,20160,20160,20160
Andhra Pradesh,Dr.B.R.A.Konaseema,Amalapuram APMC,Paddy(Common),1001,FAQ,31/07/2026,2369,2468,2369
Andhra Pradesh,Chittor,Chittoor APMC,Gur(Jaggery),NO 2,Local,31/07/2026,3000,3500,3500
Andhra Pradesh,West Godavari,Narsapuram APMC,Paddy(Common),MTU-1001,Local,31/07/2026,2445,2445,2445
Andhra Pradesh,Prakasam,Addanki APMC,Bengal Gram(Gram)(Whole),Gulabi,Local,31/07/2026,6000,6050,6020
Andhra Pradesh,Prakasam,Kondapi APMC,Bengal Gram(Gram)(Whole),Average (Whole),Local,31/07/2026,5600,6000,5800
Andhra Pradesh,Prakasam,Ongole APMC,Paddy(Common),B P T,Local,31/07/2026,2500,2500,2500
Andhra Pradesh,Chittor,Kuppam APMC,Tomato,Tomato,Grade C,31/07/2026,800,1204,1204
Andhra Pradesh,Tirupathi,Srikalahasti APMC,Paddy(Common),Paddy Medium,Local,31/07/2026,2300,2600,2450
Andhra Pradesh,Tirupathi,Srikalahasti APMC,Groundnut,Local,Local,31/07/2026,6500,6800,6650
Andhra Pradesh,SPSR Nellore,Kavali APMC,Paddy(Common),Other,Local,31/07/2026,2380,2450,2410
Andhra Pradesh,YSR Kadapa,Siddavatam APMC,Papaya,Papaya,Grade B,31/07/2026,1400,1600,1500
Andhra Pradesh,Annamayya,Lakkireddipally APMC,Ground Nut Seed,Ground Nut Seed,Grade Range-3,31/07/2026,11000,11200,11100
Andhra Pradesh,Nandyal,Banaganapalli APMC,Paddy(Common),Sona Mahsuri,FAQ,31/07/2026,2000,2400,2200
Andhra Pradesh,Nandyal,Dhone APMC,Groundnut,Local,FAQ,31/07/2026,7100,7270,7200
Andhra Pradesh,Sri Sathya Sai,Kadiri APMC,Tamarind Fruit,Other,Local,31/07/2026,8500,11500,9700
Andhra Pradesh,Annamayya,Guramkonda Sub-yard of AMC Valmikipuram,Tomato,Hybrid,FAQ,31/07/2026,880,1200,1080
Andhra Pradesh,Srikakulam,Ichapuram APMC,Paddy(Common),Sannalu,Local,31/07/2026,2369,2369,2369
Andhra Pradesh,Srikakulam,Palasa APMC,Paddy(Common),Common,FAQ,31/07/2026,2369,2369,2369
Andhra Pradesh,Annamayya,B.Kothakota H/Q Angallu,Tomato,Local,FAQ,31/07/2026,800,1500,1200
Andhra Pradesh,Srikakulam,Etcherla APMC,Maize,Deshi White,Local,31/07/2026,2400,2400,2400
Andhra Pradesh,Chittor,Penumuru APMC,Gur(Jaggery),NO 3,Grade Range-3,31/07/2026,1500,2000,1750
Andhra Pradesh,East Godavari,Rajanagaram APMC,Maize,Fine,Local,31/07/2026,2415,2415,2415
Andhra Pradesh,Nandyal,Nandikotkur APMC,Bengal Gram(Gram)(Whole),Gulabi,FAQ,31/07/2026,5400,5650,5500
Andhra Pradesh,Palnadu,Gurazala APMC,Chili Red,Red,Grade Range-1,31/07/2026,17000,28500,25000
Andhra Pradesh,Palnadu,Ipur APMC,Paddy(Common),Paddy,FAQ,31/07/2026,2350,2600,2450
Andhra Pradesh,Palnadu,Ipur APMC,Rice,B P T,FAQ,31/07/2026,5500,5750,5600
Andhra Pradesh,Bapatla,Chirala APMC,Paddy(Common),B P T,Local,31/07/2026,2400,2500,2450
Andhra Pradesh,NTR,Jaggayyapeta APMC,Paddy(Common),Paddy,Grade Range-1,31/07/2026,2370,2370,2370
Andhra Pradesh,NTR,Jaggayyapeta APMC,Cotton,Desi,Grade Range-1,31/07/2026,7720,7720,7720
Andhra Pradesh,Dr.B.R.A.Konaseema,Ravulapalem (Kothapeta APMC),Banana,Amruthapani,Local,31/07/2026,2600,3600,3400
Andhra Pradesh,East Godavari,Kovvur APMC,Paddy(Common),MTU-1010,Grade Range-2,31/07/2026,2441,2441,2441
Andhra Pradesh,Markapuram,Kanigiri APMC,Red gram/Arhar/Tur(whole),(Whole),Local,31/07/2026,8500,8800,8700
Andhra Pradesh,Ananthapuramu,Gooti APMC,Red gram/Arhar/Tur(whole),Local,Grade Range-1,31/07/2026,3689,5697,4875
Andhra Pradesh,YSR Kadapa,Proddatur APMC,Groundnut,Local,Local,31/07/2026,7100,7100,7100
Andhra Pradesh,Parvathipuram Manyam,Palakonda APMC,Black Gram(Urd Beans)(Whole),Black Gram (Whole),FAQ,31/07/2026,7550,7550,7550
Andhra Pradesh,Kakinada,Tuni APMC,Cashewnuts,Local(Raw),FAQ,31/07/2026,13000,13000,13000
Andhra Pradesh,Parvathipuram Manyam,Parvathipuram APMC,Maize,Local,Local,31/07/2026,2400,2400,2400
Andhra Pradesh,Guntur,Phirangipuram APMC,Cotton,Cotton (Unginned),Local,31/07/2026,7300,8400,7900
Andhra Pradesh,NTR,Tiruvuru APMC,Rice,Sona,Local,31/07/2026,4700,4700,4700
Andhra Pradesh,West Godavari,Tanuku APMC,Paddy(Common),1001,Local,31/07/2026,2445,2445,2445
Andhra Pradesh,Sri Sathya Sai,Puttaparthi  APMC,Groundnut,F.A.Q,FAQ,31/07/2026,6400,6800,6600
Andhra Pradesh,YSR Kadapa,Jammalamadugu APMC,Jowar(Sorghum),Local,FAQ,31/07/2026,2500,2700,2600
Andhra Pradesh,YSR Kadapa,Jammalamadugu APMC,Cotton,Desi,FAQ,31/07/2026,7000,8000,7500
Andhra Pradesh,Prakasam,Darsi APMC,Paddy(Common),B P T,Local,31/07/2026,2350,2400,2400
Andhra Pradesh,Palnadu,Narasaraopet APMC,Paddy(Common),Paddy,FAQ,31/07/2026,3000,3000,3000
Andhra Pradesh,Palnadu,Narasaraopet APMC,Red gram/Arhar/Tur(whole),Desi(Whole),FAQ,31/07/2026,8000,8000,8000
Andhra Pradesh,Krishna,Gudlavalleru APMC,Black Gram Dal(Urd Dal),Black Gram Dal,FAQ,31/07/2026,9400,9400,9400
Andhra Pradesh,SPSR Nellore,Atmakur (SPSR Nellore District) APMC,Paddy(Common),Nellore Sanna,FAQ,31/07/2026,2300,2400,2369
Andhra Pradesh,West Godavari,Achanta APMC,Paddy(Common),1121,Local,31/07/2026,2359,2375,2369
Andhra Pradesh,Eluru,Eluru APMC,Lemon,Lemon,Local,31/07/2026,4500,7100,6000
Andhra Pradesh,Krishna,Gannavaram APMC,Black Gram(Urd Beans)(Whole),Desi,Local,31/07/2026,7700,7700,7700
Andhra Pradesh,SPSR Nellore,Gudur APMC,Paddy(Common),MTU-1010,Local,31/07/2026,2369,2465,2435
Andhra Pradesh,Srikakulam,Pathapatnam APMC,Paddy(Common),Paddy,FAQ,31/07/2026,2369,2500,2369
Andhra Pradesh,Ananthapuramu,Singanamala APMC,Groundnut,Local,Grade Range-1,31/07/2026,6600,7700,7100
Andhra Pradesh,Annamayya,Rayachoti APMC,Groundnut,Local,Grade Range-1,31/07/2026,7300,7900,7600
Andhra Pradesh,West Godavari,Undi APMC,Paddy(Common),MTU-1001,Local,31/07/2026,2369,2369,2369
Andhra Pradesh,Visakhapatnam,Visakhapatnam APMC,Rice,B P T,Grade Range-1,31/07/2026,5800,5800,5800
Andhra Pradesh,Visakhapatnam,Visakhapatnam APMC,Ghee,Other,Grade Range-1,31/07/2026,58250,58250,58250
Andhra Pradesh,Annamayya,Kalikiri APMC,Tomato,Hybrid,FAQ,31/07/2026,900,1300,1100
Andhra Pradesh,Bapatla,Kuchinapudi APMC,Maize,Local,Local,31/07/2026,2900,3100,3000
Assam,Nagaon,Haibargaon APMC,Green Chilli,Green Chilly,FAQ,31/07/2026,2750,2970,2850
Assam,Nagaon,Haibargaon APMC,Tomato,Tomato,FAQ,31/07/2026,3000,3200,3100
Assam,Nagaon,Haibargaon APMC,Brinjal,Brinjal,FAQ,31/07/2026,2050,2200,2150
Assam,Hojai,"Gandhimaidan SMY, Hojai",Green Chilli,Green Chilly,FAQ,31/07/2026,5000,5300,5200
Assam,Hojai,"Gandhimaidan SMY, Hojai",Onion,Onion,FAQ,31/07/2026,3300,3500,3400
Assam,Hojai,"Gandhimaidan SMY, Hojai",Potato,Potato,FAQ,31/07/2026,1250,1450,1350
Assam,Hojai,"Gandhimaidan SMY, Hojai",Bottle gourd,Bottle Gourd,FAQ,31/07/2026,1500,1600,1550
Assam,Hojai,"Gandhimaidan SMY, Hojai",Cucumbar(Kheera),Cucumbar,FAQ,31/07/2026,2100,2300,2200
Assam,Nagaon,Ambagan APMC,Beetroot,Beetroot,FAQ,31/07/2026,1920,2050,2000
Assam,Nagaon,Ambagan APMC,Brinjal,Brinjal,FAQ,31/07/2026,2100,2300,2200
Assam,Nagaon,Haibargaon APMC,Potato,Potato,FAQ,31/07/2026,1400,1600,1500
Assam,Hojai,"Gandhimaidan SMY, Hojai",Ashgourd,Ashgourd,FAQ,31/07/2026,1700,1800,1750
Assam,Hojai,"Gandhimaidan SMY, Hojai",Carrot,Carrot,FAQ,31/07/2026,5500,5700,5600
Assam,Nagaon,Ambagan APMC,Potato,Potato,FAQ,31/07/2026,1500,1700,1600
Assam,Nagaon,Ambagan APMC,Green Chilli,Green Chilly,FAQ,31/07/2026,2900,3100,3000
Assam,Nagaon,Ambagan APMC,Tomato,Tomato,FAQ,31/07/2026,3050,3150,3100
Assam,Nagaon,Haibargaon APMC,Beetroot,Beetroot,FAQ,31/07/2026,1900,2050,2000
Assam,Nagaon,Haibargaon APMC,Bitter gourd,Bitter Gourd,FAQ,31/07/2026,1950,2100,2050
Assam,Nagaon,Haibargaon APMC,Pumpkin,Pumpkin,FAQ,31/07/2026,1700,1900,1800
Assam,Hojai,"Gandhimaidan SMY, Hojai",Brinjal,Brinjal,FAQ,31/07/2026,2400,2600,2500
Assam,Hojai,"Gandhimaidan SMY, Hojai",Garlic,Desi,FAQ,31/07/2026,11000,11500,11300
Assam,Nagaon,Ambagan APMC,Bitter gourd,Bitter Gourd,FAQ,31/07/2026,2000,2150,2100
Assam,Nagaon,Ambagan APMC,Pumpkin,Pumpkin,FAQ,31/07/2026,1800,2000,1900
Bihar,Siwan,Maharjganj APMC,Sponge gourd,Other,FAQ,31/07/2026,2100,2100,2100
Bihar,Sheikhpura,Shekhpura APMC,Brinjal,Arkasheela Mattigulla,FAQ,31/07/2026,3005,3120,3060
Bihar,Begusarai,Balliah APMC,Potato,Local,Grade B,31/07/2026,1100,1300,1200
Bihar,Siwan,Maharjganj APMC,Potato,Red Nanital,FAQ,31/07/2026,1500,1500,1500
Bihar,Khagaria,Khagaria APMC,Bitter gourd,Bitter Gourd,Grade A,31/07/2026,2199.99978,2599.99974,2399.99976
Bihar,Khagaria,Khagaria APMC,Brinjal,Arkasheela Mattigulla,Grade A,31/07/2026,2562.5,2812.5,2625
Bihar,Sheikhpura,Shekhpura APMC,Wheat,147 Average,FAQ,31/07/2026,2500,2625,2550
Bihar,East Champaran/ Motihari,Raxaul APMC,Pointed gourd(Parval),Other,Grade A,31/07/2026,1600,1800,1700
Bihar,East Champaran/ Motihari,Raxaul APMC,Bhindi(Ladies Finger),Bhindi,Grade A,31/07/2026,1000,1200,1100
Bihar,East Champaran/ Motihari,Raxaul APMC,Potato,Red Nanital,Grade A,31/07/2026,1300,1500,1400
Bihar,Sheikhpura,Barbigha APMC,Bitter gourd,Bitter Gourd,FAQ,31/07/2026,2990,3110,3044
Bihar,Siwan,Maharjganj APMC,Onion,1st Sort,FAQ,31/07/2026,2800,2800,2800
Bihar,Sheikhpura,Shekhpura APMC,Cucumbar(Kheera),Cucumbar,FAQ,31/07/2026,3100,3225,3155
Bihar,Supaul,Supaul APMC,Brinjal,Brinjal,Grade A,31/07/2026,2700,2900,2800
Bihar,Begusarai,Balliah APMC,Potato,Local,Grade C,31/07/2026,1100,1300,1200
Bihar,Begusarai,Balliah APMC,Onion,1st Sort,Grade A,31/07/2026,2400,2600,2500
Bihar,Begusarai,Balliah APMC,Onion,1st Sort,Grade C,31/07/2026,2400,2600,2500
Bihar,East Champaran/ Motihari,Raxaul APMC,Bitter gourd,Bitter Gourd,Grade A,31/07/2026,1100,1300,1200
Bihar,Siwan,Maharjganj APMC,Green Chilli,Green Chilly,FAQ,31/07/2026,8000,8000,8000
Bihar,Siwan,Maharjganj APMC,Tomato,Deshi,FAQ,31/07/2026,4000,4000,4000
Bihar,Khagaria,Khagaria APMC,Bhindi(Ladies Finger),Bhindi,Grade A,31/07/2026,1100,1200,1150
Bihar,Sheikhpura,Shekhpura APMC,Bottle gourd,Bottle Gourd,FAQ,31/07/2026,2200,2310,2255
Bihar,Sheikhpura,Shekhpura APMC,Bitter gourd,Bitter Gourd,FAQ,31/07/2026,3110,3275,3200
Bihar,Begusarai,Balliah APMC,Potato,Local,Grade A,31/07/2026,1100,1300,1200
Bihar,Begusarai,Balliah APMC,Onion,1st Sort,Grade B,31/07/2026,2400,2600,2500
Bihar,East Champaran/ Motihari,Raxaul APMC,Brinjal,Arkasheela Mattigulla,Grade A,31/07/2026,1600,1800,1700
Bihar,East Champaran/ Motihari,Raxaul APMC,Onion,1st Sort,Grade A,31/07/2026,2400,2600,2500
Bihar,Sheikhpura,Barbigha APMC,Wheat,147 Average,FAQ,31/07/2026,2500,2630,2560
Bihar,Sheikhpura,Barbigha APMC,Cucumbar(Kheera),Cucumbar,FAQ,31/07/2026,3100,3235,3160
Bihar,Sheikhpura,Barbigha APMC,Brinjal,Arkasheela Mattigulla,FAQ,31/07/2026,3040,3150,3100
Bihar,Sheikhpura,Barbigha APMC,Bottle gourd,Bottle Gourd,FAQ,31/07/2026,2160,2285,2210
Bihar,Siwan,Maharjganj APMC,Brinjal,Arkasheela Mattigulla,FAQ,31/07/2026,3000,3000,3000
Goa,North Goa,Mapusa APMC,Apple,Apple,Medium,31/07/2026,12000,16000,15000
Goa,North Goa,Mapusa APMC,Banana,Other,Medium,31/07/2026,3000,3500,3250
Goa,North Goa,Mapusa APMC,Green Chilli,Green Chilly,FAQ,31/07/2026,2800,2800,2800
Goa,North Goa,Mapusa APMC,Potato,Potato,FAQ,31/07/2026,1300,1600,1500
Goa,North Goa,Mapusa APMC,Papaya,Papaya,Medium,31/07/2026,10,15,12
Goa,North Goa,Mapusa APMC,Orange,Orange,Medium,31/07/2026,5000,6000,5500
Goa,North Goa,Mapusa APMC,Onion,Onion,FAQ,31/07/2026,1500,2000,1800
Goa,North Goa,Mapusa APMC,Pineapple,Pine Apple,Medium,31/07/2026,20,25,22
Goa,North Goa,Mapusa APMC,Coconut,Other,FAQ,31/07/2026,30,30,30
Goa,North Goa,Mapusa APMC,Brinjal,Brinjal,FAQ,31/07/2026,1400,1400,1400
Gujarat,Rajkot,Jasdan APMC,Castor Seed,Castor seed,FAQ,31/07/2026,5000,6500,5750
Gujarat,Rajkot,Jasdan APMC,Red gram/Arhar/Tur(whole),Arhar (Whole),FAQ,31/07/2026,5000,6400,5500
Gujarat,Gandhinagar,Kalol APMC,Mustard,Mustard,Local,31/07/2026,7500,7675,7585
Gujarat,Gandhinagar,"Kalol(Veg,Market,Kalol) APMC",Cauliflower,Cauliflower,Local,31/07/2026,1750,2750,2500
Gujarat,Chhota Udaipur,Kalediya APMC,Cotton,Shanker 6 (B) 30mm FIne,FAQ,31/07/2026,7900,8300,8100
Gujarat,Valsad,Chikli(Khorgam) APMC,Bitter gourd,Other,FAQ,31/07/2026,2500,3500,3000
Gujarat,Gandhinagar,Mansa(Manas Veg Yard) APMC,Guar,Gwar,Local,31/07/2026,9500,9500,9500
Gujarat,Gandhinagar,Mansa(Manas Veg Yard) APMC,Bhindi(Ladies Finger),Other,Local,31/07/2026,4000,4500,4500
Gujarat,Gandhinagar,Mansa(Manas Veg Yard) APMC,Tomato,Tomato,Local,31/07/2026,2000,2200,2000
Gujarat,Gandhinagar,Mansa(Manas Veg Yard) APMC,Cabbage,Other,Local,31/07/2026,2500,2500,2500
Gujarat,Gandhinagar,Mansa(Manas Veg Yard) APMC,Lemon,Other,Local,31/07/2026,2500,4000,2500
Gujarat,Sabarkantha,Modasa(Tintoi) APMC,Bajra(Pearl Millet/Cumbu),Hybrid,Non-FAQ,31/07/2026,2350,2425,2425
Gujarat,Amreli,Babra APMC,Cummin Seed(Jeera),Other,FAQ,31/07/2026,15600,19000,17300
Gujarat,Amreli,Rajula APMC,Bajra(Pearl Millet/Cumbu),Local,Local,31/07/2026,2250,2575,2413
Gujarat,Amreli,Rajula APMC,Kabuli Chana(Chickpeas-White),Kabuli Chana(Chickpeas-white),Local,31/07/2026,5000,6105,5553
Gujarat,Jamnagar,Jam Jodhpur APMC,Wheat,Other,Local,31/07/2026,2300,2670,2550
Gujarat,Jamnagar,Jam Jodhpur APMC,"Sesamum(Sesame,Gingelly,Til)",White,Local,31/07/2026,10000,12300,11400
Gujarat,Amreli,Damnagar APMC,Cauliflower,Cauliflower,Local,31/07/2026,3500,3500,3500
Gujarat,Amreli,Damnagar APMC,Green Chilli,Green Chilly,Local,31/07/2026,5500,5500,5500
Gujarat,Amreli,Damnagar APMC,Tomato,Local,Local,31/07/2026,4000,4000,4000
Gujarat,Amreli,Damnagar APMC,Bottle gourd,Bottle Gourd,Local,31/07/2026,4000,4000,4000
Gujarat,Amreli,Damnagar APMC,Coriander(Leaves),Coriander,Local,31/07/2026,8500,8500,8500
Gujarat,Rajkot,Gondal(Veg.market Gondal) APMC,Cucumbar(Kheera),Cucumbar,Local,31/07/2026,1000,5000,3000
Gujarat,Rajkot,Gondal(Veg.market Gondal) APMC,Potato,Potato,Local,31/07/2026,650,1300,975
Gujarat,Morbi,APMC HALVAD,Wheat,Other,Local,31/07/2026,2500,2780,2600
Gujarat,Morbi,APMC HALVAD,"Sesamum(Sesame,Gingelly,Til)",White,Local,31/07/2026,9500,12250,11400
Gujarat,Morbi,APMC HALVAD,Corriander seed,Other,Local,31/07/2026,14750,15335,15150
Gujarat,Surat,Surat APMC,Beetroot,Other,FAQ,31/07/2026,1750,2600,2175
Gujarat,Surat,Surat APMC,Capsicum,Other,FAQ,31/07/2026,2750,4500,3625
Gujarat,Surat,Surat APMC,Carrot,Carrot,FAQ,31/07/2026,1000,2500,1750
Gujarat,Surat,Surat APMC,Cauliflower,Cauliflower,FAQ,31/07/2026,1000,2300,1650
Gujarat,Surat,Surat APMC,Cowpea(Veg),Cowpea (Veg),FAQ,31/07/2026,7000,15000,11000
Gujarat,Surat,Surat APMC,Mango(Raw-Ripe),Other,FAQ,31/07/2026,2000,4500,3250
Gujarat,Surat,Surat APMC,"Spiny Gourd / Kartali(Kantola)
",Other,FAQ,31/07/2026,6000,17500,11750
Gujarat,Surat,Surat APMC,Sponge gourd,Other,FAQ,31/07/2026,2000,4000,3000
Gujarat,Surat,Surat APMC,Yam(Ratalu),Other,FAQ,31/07/2026,9000,11000,10000
Gujarat,Bharuch,Ankleshwar APMC,Potato,Potato,Grade A,31/07/2026,800,1300,1000
Gujarat,Rajkot,Jetpur(Dist.Rajkot) APMC,Cotton,Cotton (Unginned),FAQ,31/07/2026,3750,9580,9250
Gujarat,Rajkot,Jetpur(Dist.Rajkot) APMC,"Sesamum(Sesame,Gingelly,Til)",Sesame,FAQ,31/07/2026,8750,12605,11875
Gujarat,Vadodara(Baroda),Padra APMC,Bhindi(Ladies Finger),Other,FAQ,31/07/2026,3000,4750,4000
Gujarat,Vadodara(Baroda),Padra APMC,Colacasia,Other,FAQ,31/07/2026,2500,3500,3000
Gujarat,Sabarkantha,Modasa APMC,Soyabean,Yellow,FAQ,31/07/2026,6725,6925,6925
Gujarat,Amreli,Savarkundla APMC,Wheat,Bansi,Local,31/07/2026,2450,2800,2675
Gujarat,Gir Somnath,Veraval APMC,Black Gram(Urd Beans)(Whole),Other,FAQ,31/07/2026,9000,9885,9800
Gujarat,Rajkot,Jasdan APMC,Green Gram(Moong)(Whole),Green (Whole),FAQ,31/07/2026,3500,7600,7350
Gujarat,Rajkot,Jasdan APMC,Groundnut,G20,FAQ,31/07/2026,5000,8000,6625
Gujarat,Rajkot,Jasdan APMC,Ground Nut Seed,Ground Nut Seed,FAQ,31/07/2026,7750,10000,9250
Gujarat,Rajkot,Jasdan APMC,Black Gram(Urd Beans)(Whole),Black Gram (Whole),FAQ,31/07/2026,5000,5000,5000
Gujarat,Dahod,Devgadhbaria APMC,Paddy(Common),Common,Non-FAQ,31/07/2026,1340,1470,1440
Gujarat,Gandhinagar,"Kalol(Veg,Market,Kalol) APMC",Lemon,Other,Local,31/07/2026,3250,4750,4000
Gujarat,Valsad,Chikli(Khorgam) APMC,Tinda,Other,FAQ,31/07/2026,6000,7000,6500
Gujarat,Valsad,Chikli(Khorgam) APMC,Pointed gourd(Parval),Other,FAQ,31/07/2026,3500,4000,3750
Gujarat,Gandhinagar,Mansa(Manas Veg Yard) APMC,Cucumbar(Kheera),Other,Local,31/07/2026,4000,5000,4000
Gujarat,Surat,Bardoli(Kadod) APMC,Bhindi(Ladies Finger),Other,Local,31/07/2026,1500,3700,2850
Gujarat,Dahod,Davgadbaria(Piplod) APMC,Paddy(Common),Common,Non-FAQ,31/07/2026,1340,1460,1430
Gujarat,Surat,Songadh(Umrada) APMC,Guar,Guaar,FAQ,31/07/2026,7000,7000,7000
Gujarat,Surendranagar,Dasada Patadi APMC,Castor Seed,Castor seed,FAQ,31/07/2026,6850,6875,6870
Gujarat,Surendranagar,Dasada Patadi APMC,Corriander seed,Coriander Seed,FAQ,31/07/2026,11625,12500,12200
Gujarat,Amreli,Babra APMC,Wheat,Medium,FAQ,31/07/2026,2525,2640,2580
Gujarat,Amreli,Rajula APMC,"Sesamum(Sesame,Gingelly,Til)",Black,Local,31/07/2026,16000,16000,16000
Gujarat,Amreli,Rajula APMC,Wheat,PISSI,Local,31/07/2026,2105,2675,2390
Gujarat,Jamnagar,Jam Jodhpur APMC,Cummin Seed(Jeera),Cummin Seed(Jeera),Local,31/07/2026,15000,19500,17750
Gujarat,Amreli,Damnagar APMC,Cabbage,Cabbage,Local,31/07/2026,2500,2500,2500
Gujarat,Junagarh,Bhesan APMC,Soyabean,Other,FAQ,31/07/2026,5000,7000,6000
Gujarat,Rajkot,Gondal(Veg.market Gondal) APMC,Cabbage,Cabbage,Local,31/07/2026,1000,3000,2000
Gujarat,Rajkot,Gondal(Veg.market Gondal) APMC,Lemon,Other,Local,31/07/2026,1000,3500,2250
Gujarat,Morbi,APMC HALVAD,Cummin Seed(Jeera),Cummin Seed(Jeera),Local,31/07/2026,17500,19750,19000
Gujarat,Morbi,APMC HALVAD,Soanf,Soanf,Local,31/07/2026,8050,10210,9500
Gujarat,Morbi,APMC HALVAD,Castor Seed,Castor seed,Local,31/07/2026,6860,6910,6885
Gujarat,Morbi,APMC HALVAD,Groundnut,Other,Local,31/07/2026,6000,6955,6750
Gujarat,Morbi,APMC HALVAD,Guar Seed(Cluster Beans Seed),Other,Local,31/07/2026,4800,5665,5350
Gujarat,Surat,Surat APMC,Bottle gourd,Bottle Gourd,FAQ,31/07/2026,1500,9000,5250
Gujarat,Surat,Surat APMC,Onion,Other,FAQ,31/07/2026,800,3250,2025
Gujarat,Surat,Surat APMC,Pea Pod/Pea Cod/हरी मटर,Other,FAQ,31/07/2026,10000,13000,11500
Gujarat,Surat,Surat APMC,Pegeon Pea(Arhar Fali),Other,FAQ,31/07/2026,4000,9000,6500
Gujarat,Surat,Surat APMC,Tomato,Other,FAQ,31/07/2026,700,3500,2100
Gujarat,Navsari,Bilimora APMC,Potato,Other,FAQ,31/07/2026,1500,1900,1700
Gujarat,Amreli,Dhari APMC,Ground Nut Seed,Ground Nut Seed,FAQ,31/07/2026,9000,10000,9975
Gujarat,Rajkot,Jetpur(Dist.Rajkot) APMC,Black Gram(Urd Beans)(Whole),Black Gram (Whole),FAQ,31/07/2026,7500,9250,8750
Gujarat,Vadodara(Baroda),Padra APMC,Cabbage,Other,FAQ,31/07/2026,1500,2000,1750
Gujarat,Vadodara(Baroda),Padra APMC,Ginger(Green),Other,FAQ,31/07/2026,7000,9250,8250
Gujarat,Rajkot,Rajkot(Veg.Sub Yard) APMC,Bhindi(Ladies Finger),Bhindi,FAQ,31/07/2026,1915,4455,3185
Gujarat,Rajkot,Rajkot(Veg.Sub Yard) APMC,Bottle gourd,Bottle Gourd,FAQ,31/07/2026,1535,3830,2680
Gujarat,Rajkot,Rajkot(Veg.Sub Yard) APMC,Onion,Onion,FAQ,31/07/2026,655,2205,1455
Gujarat,Rajkot,Rajkot(Veg.Sub Yard) APMC,Ginger(Green),Green Ginger,FAQ,31/07/2026,7105,13005,10055
Gujarat,Rajkot,Rajkot(Veg.Sub Yard) APMC,Green Chilli,Green Chilly,FAQ,31/07/2026,3090,4605,3845
Gujarat,Sabarkantha,Bayad APMC,Bajra(Pearl Millet/Cumbu),Deshi,FAQ,31/07/2026,2200,2300,2250
Gujarat,Sabarkantha,Modasa APMC,Bajra(Pearl Millet/Cumbu),Hybrid,Non-FAQ,31/07/2026,2450,2525,2525
Gujarat,Sabarkantha,Modasa APMC,Wheat,Lokwan Gujrat,FAQ,31/07/2026,2575,2700,2700
Gujarat,Rajkot,Jasdan APMC,Jowar(Sorghum),Jowar ( White),FAQ,31/07/2026,2500,6000,5375
Gujarat,Rajkot,Jasdan APMC,Mustard,Mustard,FAQ,31/07/2026,5000,7000,6500
Gujarat,Rajkot,Jasdan APMC,Soyabean,Soyabeen,FAQ,31/07/2026,5500,6500,6000
Gujarat,Rajkot,Jasdan APMC,Cotton,Shanker 6 (B) 30mm FIne,FAQ,31/07/2026,8000,9480,8750
Gujarat,Rajkot,Jasdan APMC,Beans,Local,FAQ,31/07/2026,2000,3500,3000
Gujarat,Rajkot,Jasdan APMC,Methi Seeds,Methiseeds,FAQ,31/07/2026,2750,6300,5500
Gujarat,Gandhinagar,Kalol APMC,Wheat,Other,Local,31/07/2026,2600,2675,2650
Gujarat,Surat,Songadh APMC,Guar,Gwar,FAQ,31/07/2026,7500,7500,7500
Gujarat,Chhota Udaipur,Hadad     APMC,Cotton,Shanker 6 (B) 30mm FIne,FAQ,31/07/2026,7900,8300,8100
Gujarat,Gandhinagar,Mansa(Manas Veg Yard) APMC,Brinjal,Round,Local,31/07/2026,2000,3000,2000
Gujarat,Gandhinagar,Mansa(Manas Veg Yard) APMC,Brinjal,Round/Long,Local,31/07/2026,3500,5000,5000
Gujarat,Gandhinagar,Mansa(Manas Veg Yard) APMC,Green Chilli,Other,Local,31/07/2026,3500,3500,3500
Gujarat,Surat,Bardoli(Kadod) APMC,Green Chilli,Other,Local,31/07/2026,2100,5000,3500
Gujarat,Rajkot,Dhoraji APMC,Groundnut,Local,Non-FAQ,31/07/2026,5030,6955,6405
Gujarat,Amreli,Rajula APMC,"Sesamum(Sesame,Gingelly,Til)",White,Local,31/07/2026,9500,13310,11405
Gujarat,Amreli,Rajula APMC,Castor Seed,Castor seed,Local,31/07/2026,5800,5800,5800
Gujarat,Amreli,Rajula APMC,Red gram/Arhar/Tur(whole),Other,Local,31/07/2026,5000,5000,5000
Gujarat,Jamnagar,Jam Jodhpur APMC,Cotton,Other,Local,31/07/2026,7200,9550,9100
Gujarat,Jamnagar,Jam Jodhpur APMC,"Sesamum(Sesame,Gingelly,Til)",Black,Local,31/07/2026,10000,17400,12750
Gujarat,Jamnagar,Jam Jodhpur APMC,Groundnut,G20,Local,31/07/2026,5000,7500,6750
Gujarat,Jamnagar,Jam Jodhpur APMC,Corriander seed,Other,Local,31/07/2026,15100,15350,15200
Gujarat,Amreli,Damnagar APMC,Guar,Gwar,Local,31/07/2026,6500,6500,6500
Gujarat,Junagarh,Bhesan APMC,Wheat,Other,FAQ,31/07/2026,1500,2500,2000
Gujarat,Rajkot,Gondal(Veg.market Gondal) APMC,Bitter gourd,Bitter Gourd,Local,31/07/2026,1000,4000,2500
Gujarat,Rajkot,Gondal(Veg.market Gondal) APMC,Cauliflower,Cauliflower,Local,31/07/2026,1000,5000,3000
Gujarat,Rajkot,Gondal(Veg.market Gondal) APMC,Green Chilli,Green Chilly,Local,31/07/2026,900,8000,4450
Gujarat,Rajkot,Gondal(Veg.market Gondal) APMC,Guar,Gwar,Local,31/07/2026,900,10000,5450
Gujarat,Rajkot,Gondal(Veg.market Gondal) APMC,Bhindi(Ladies Finger),Bhindi,Local,31/07/2026,1000,6000,3500
Gujarat,Rajkot,Gondal(Veg.market Gondal) APMC,Carrot,Carrot,Local,31/07/2026,900,3000,1950
Gujarat,Surat,Surat APMC,Banana - Green,Other,FAQ,31/07/2026,900,1700,1300
Gujarat,Surat,Surat APMC,Brinjal,Brinjal,FAQ,31/07/2026,1300,3500,2400
Gujarat,Surat,Surat APMC,Cucumbar(Kheera),Cucumbar,FAQ,31/07/2026,2000,5000,3500
Gujarat,Surat,Surat APMC,Elephant Yam(Suran)/Amorphophallus,Other,FAQ,31/07/2026,3000,4500,3750
Gujarat,Surat,Surat APMC,Indian Beans(Seam),Other,FAQ,31/07/2026,2000,6800,4400
Gujarat,Surat,Surat APMC,Lemon,Other,FAQ,31/07/2026,1000,4500,2750
Gujarat,Surat,Surat APMC,Papaya(Raw),Other,FAQ,31/07/2026,700,1300,1000
Gujarat,Surat,Surat APMC,Ridgeguard(Tori),Other,FAQ,31/07/2026,2000,5500,3750
Gujarat,Navsari,Bilimora APMC,Bottle gourd,Other,FAQ,31/07/2026,1500,2500,2000
Gujarat,Bharuch,Ankleshwar APMC,Bhindi(Ladies Finger),Bhindi,Grade A,31/07/2026,2000,3500,3000
Gujarat,Bharuch,Ankleshwar APMC,Onion,Onion,Grade A,31/07/2026,1500,2200,1900
Gujarat,Rajkot,Jetpur(Dist.Rajkot) APMC,Bengal Gram(Gram)(Whole),Desi (Whole),FAQ,31/07/2026,5500,6180,6000
Gujarat,Rajkot,Jetpur(Dist.Rajkot) APMC,Garlic,Garlic,FAQ,31/07/2026,5005,9030,6755
Gujarat,Amreli,Savarkundla APMC,Bengal Gram(Gram)(Whole),Average (Whole),Local,31/07/2026,5750,6125,6000
Gujarat,Amreli,Savarkundla APMC,Wheat,Lokwan,Local,31/07/2026,2400,2750,2650
Gujarat,Amreli,Savarkundla APMC,Ground Nut Seed,Ground Nut Seed,Local,31/07/2026,9100,11150,10250
Gujarat,Amreli,Bagasara APMC,"Sesamum(Sesame,Gingelly,Til)",White,Local,31/07/2026,9500,11000,10250
Gujarat,Gir Somnath,Veraval APMC,Millets,Millets,FAQ,31/07/2026,2015,2605,2505
Gujarat,Rajkot,Jasdan APMC,"Sesamum(Sesame,Gingelly,Til)",White,FAQ,31/07/2026,9000,12750,11125
Gujarat,Gandhinagar,Kalol APMC,Castor Seed,Other,Local,31/07/2026,7040,7080,7060
Gujarat,Surat,Songadh APMC,Bhindi(Ladies Finger),Bhindi,FAQ,31/07/2026,1500,4000,3000
Gujarat,Gandhinagar,"Kalol(Veg,Market,Kalol) APMC",Tomato,Other,Local,31/07/2026,2250,4000,3250
Gujarat,Gandhinagar,"Kalol(Veg,Market,Kalol) APMC",Bhindi(Ladies Finger),Bhindi,Local,31/07/2026,2000,4500,4000
Gujarat,Gandhinagar,"Kalol(Veg,Market,Kalol) APMC",Green Chilli,Green Chilly,Local,31/07/2026,2750,4000,3750
Gujarat,Valsad,Chikli(Khorgam) APMC,Bottle gourd,Other,FAQ,31/07/2026,2000,3000,2500
Gujarat,Gandhinagar,Mansa(Manas Veg Yard) APMC,Bottle gourd,Other,Local,31/07/2026,2500,3000,2500
Gujarat,Gandhinagar,Mansa(Manas Veg Yard) APMC,Bitter gourd,Other,Local,31/07/2026,2500,2500,2500
Gujarat,Gandhinagar,Mansa(Manas Veg Yard) APMC,Cauliflower,Cauliflower,Local,31/07/2026,4000,4000,4000
Gujarat,Sabarkantha,Modasa(Tintoi) APMC,Soyabean,Yellow,FAQ,31/07/2026,6600,6825,6825
Gujarat,Surat,Bardoli(Kadod) APMC,Brinjal,Other,Local,31/07/2026,1850,3850,2800
Gujarat,Surat,Bardoli(Kadod) APMC,Bottle gourd,Other,Local,31/07/2026,1000,3850,2500
Gujarat,Surat,Songadh(Badarpada) APMC,Bhindi(Ladies Finger),Bhindi,FAQ,31/07/2026,1500,4000,3000
Gujarat,Surat,Songadh(Badarpada) APMC,Guar,Other,FAQ,31/07/2026,7000,7000,7000
Gujarat,Rajkot,Dhoraji APMC,Red gram/Arhar/Tur(whole),Arhar (Whole),Non-FAQ,31/07/2026,6705,7055,6980
Gujarat,Rajkot,Dhoraji APMC,Wheat,Lokwan Gujrat,Non-FAQ,31/07/2026,2305,2530,2455
Gujarat,Surendranagar,Dasada Patadi APMC,Isabgul(Psyllium),Isabgul (Psyllium),FAQ,31/07/2026,10000,10955,10650
Gujarat,Surendranagar,Dasada Patadi APMC,Cummin Seed(Jeera),Cummin Seed(Jeera),FAQ,31/07/2026,18000,19505,19125
Gujarat,Amreli,Rajula APMC,Groundnut,Local,Local,31/07/2026,6250,6250,6250
Gujarat,Amreli,Rajula APMC,Soyabean,Soyabeen,Local,31/07/2026,6750,6750,6750
Gujarat,Amreli,Rajula APMC,Jowar(Sorghum),Local,Local,31/07/2026,3555,6110,4833
Gujarat,Jamnagar,Jam Jodhpur APMC,Bengal Gram(Gram)(Whole),Average (Whole),Local,31/07/2026,5400,6175,5900
Gujarat,Amreli,Damnagar APMC,Bhindi(Ladies Finger),Bhindi,Local,31/07/2026,3000,3000,3000
Gujarat,Amreli,Damnagar APMC,Ginger(Green),Green Ginger,Local,31/07/2026,9000,9000,9000
Gujarat,Rajkot,Gondal(Veg.market Gondal) APMC,Brinjal,Brinjal,Local,31/07/2026,150,1200,675
Gujarat,Rajkot,Gondal(Veg.market Gondal) APMC,Tomato,Tomato,Local,31/07/2026,900,3000,1950
Gujarat,Morbi,APMC HALVAD,"Sesamum(Sesame,Gingelly,Til)",Black,Local,31/07/2026,10755,16775,15000
Gujarat,Morbi,APMC HALVAD,Groundnut,Seed,Local,31/07/2026,8050,9740,9100
Gujarat,Morbi,APMC HALVAD,Bengal Gram(Gram)(Whole),Other,Local,31/07/2026,5140,5940,5775
Gujarat,Surat,Surat APMC,Bitter gourd,Bitter Gourd,FAQ,31/07/2026,2000,4500,3250
Gujarat,Surat,Surat APMC,Cabbage,Cabbage,FAQ,31/07/2026,900,2500,1700
Gujarat,Surat,Surat APMC,Cluster beans,Other,FAQ,31/07/2026,3000,9000,6000
Gujarat,Surat,Surat APMC,Drumstick,Drumstick,FAQ,31/07/2026,2000,6750,4375
Gujarat,Surat,Surat APMC,French Beans(Frasbean),Other,FAQ,31/07/2026,8000,13000,10500
Gujarat,Surat,Surat APMC,Pointed gourd(Parval),Other,FAQ,31/07/2026,4000,6500,5250
Gujarat,Surat,Surat APMC,Potato,Other,FAQ,31/07/2026,500,1650,1075
Gujarat,Navsari,Bilimora APMC,Bhindi(Ladies Finger),Other,FAQ,31/07/2026,4000,4500,4200
Gujarat,Rajkot,Jetpur(Dist.Rajkot) APMC,Groundnut(Split),Groundnut(Split),FAQ,31/07/2026,8750,9500,9000
Gujarat,Rajkot,Jetpur(Dist.Rajkot) APMC,Corriander seed,Coriander Seed,FAQ,31/07/2026,12250,15250,14500
Gujarat,Vadodara(Baroda),Padra APMC,Bottle gourd,Other,FAQ,31/07/2026,1500,3000,2250
Gujarat,Vadodara(Baroda),Padra APMC,Bitter gourd,Other,FAQ,31/07/2026,1500,2500,2000
Gujarat,Vadodara(Baroda),Padra APMC,Coriander(Leaves),Other,FAQ,31/07/2026,4500,6000,5250
Gujarat,Vadodara(Baroda),Padra APMC,Drumstick,Other,FAQ,31/07/2026,3500,4500,4000
Gujarat,Sabarkantha,Modasa APMC,Castor Seed,Castor seed,Local,31/07/2026,6675,6750,6750
Gujarat,Amreli,Savarkundla APMC,Cotton,Other,Local,31/07/2026,8000,9125,8500
Gujarat,Amreli,Bagasara APMC,Green Gram(Moong)(Whole),Other,Local,31/07/2026,5000,5050,5025
Gujarat,Gir Somnath,Veraval APMC,Soyabean,Other,FAQ,31/07/2026,6505,6895,6805
Gujarat,Rajkot,Jasdan APMC,Wheat,2189 No. 2,FAQ,31/07/2026,2450,2825,2625
Gujarat,Rajkot,Jasdan APMC,"Sesamum(Sesame,Gingelly,Til)",Black,FAQ,31/07/2026,9500,19000,15250
Gujarat,Rajkot,Jasdan APMC,Cummin Seed(Jeera),Cummin Seed(Jeera),FAQ,31/07/2026,11000,19625,18625
Gujarat,Gandhinagar,Kalol APMC,Jowar(Sorghum),Other,Local,31/07/2026,3000,6375,4700
Gujarat,Gandhinagar,Kalol APMC,Bajra(Pearl Millet/Cumbu),Other,Local,31/07/2026,1650,2350,2000
Gujarat,Narmada,Rajpipla APMC,Banana,Other,Medium,31/07/2026,1125,1375,1250
Gujarat,Gandhinagar,Mansa(Manas Veg Yard) APMC,Brinjal,Brinjal,Local,31/07/2026,3000,3000,3000
Gujarat,Sabarkantha,Modasa(Tintoi) APMC,Wheat,Lokwan,FAQ,31/07/2026,2475,2600,2600
Gujarat,Chhota Udaipur,Modasar APMC,Cotton,Shanker 6 (B) 30mm FIne,FAQ,31/07/2026,7900,8300,8100
Gujarat,Surat,Songadh(Umrada) APMC,Bhindi(Ladies Finger),Bhindi,FAQ,31/07/2026,1500,4000,3000
Gujarat,Rajkot,Dhoraji APMC,Ground Nut Seed,Ground Nut Seed,Local,31/07/2026,8905,10480,9605
Gujarat,Amreli,Babra APMC,Groundnut,G20,FAQ,31/07/2026,5550,6550,6050
Gujarat,Jamnagar,Jam Jodhpur APMC,Jowar(Sorghum),Other,Local,31/07/2026,4000,5500,4500
Gujarat,Jamnagar,Jam Jodhpur APMC,Corriander seed,Coriander Seed,Local,31/07/2026,15000,15300,15150
Gujarat,Jamnagar,Jam Jodhpur APMC,Green Gram(Moong)(Whole),Green (Whole),Local,31/07/2026,6500,7750,7000
Gujarat,Amreli,Damnagar APMC,Brinjal,Other,Local,31/07/2026,2200,2200,2200
Gujarat,Amreli,Damnagar APMC,Lemon,Lemon,Local,31/07/2026,3000,3000,3000
Gujarat,Surat,Surat APMC,Bhindi(Ladies Finger),Bhindi,FAQ,31/07/2026,2000,6000,4000
Gujarat,Surat,Surat APMC,Green Chilli,Green Chilly,FAQ,31/07/2026,2000,4500,3250
Gujarat,Surat,Surat APMC,Groundnut pods(raw),Other,FAQ,31/07/2026,5000,7000,6000
Gujarat,Surat,Surat APMC,Little gourd(Kundru),Other,FAQ,31/07/2026,5500,12500,9000
Gujarat,Surat,Surat APMC,Pumpkin,Other,FAQ,31/07/2026,600,1600,1100
Gujarat,Surat,Surat APMC,Snakeguard,Other,FAQ,31/07/2026,2000,3500,2750
Gujarat,Surat,Surat APMC,Sweet Potato,Other,FAQ,31/07/2026,5000,6000,5500
Gujarat,Surat,Surat APMC,Surat Beans(Papadi),Other,FAQ,31/07/2026,3000,7000,5000
Gujarat,Surat,Surat APMC,Turmeric(raw),Other,FAQ,31/07/2026,2500,7000,4750
Gujarat,Navsari,Bilimora APMC,Long Melon(Kakri),Other,FAQ,31/07/2026,1500,2000,1800
Gujarat,Navsari,Bilimora APMC,Cauliflower,Other,FAQ,31/07/2026,1500,3000,2200
Gujarat,Navsari,Bilimora APMC,Green Chilli,Other,FAQ,31/07/2026,6000,7000,6500
Gujarat,Navsari,Bilimora APMC,Cabbage,Other,FAQ,31/07/2026,1250,1750,1500
Gujarat,Navsari,Bilimora APMC,Brinjal,Other,FAQ,31/07/2026,2500,3500,3000
Gujarat,Navsari,Bilimora APMC,Onion,Nasik,FAQ,31/07/2026,1500,3000,2500
Gujarat,Navsari,Bilimora APMC,Tomato,Other,FAQ,31/07/2026,2000,3000,2500
Gujarat,Chhota Udaipur,Bodeliu APMC,Cotton,Shanker 6 (B) 30mm FIne,FAQ,31/07/2026,7900,8300,8100
Gujarat,Amreli,Dhari APMC,Cotton,Local,FAQ,31/07/2026,7850,7850,7850
Gujarat,Rajkot,Jetpur(Dist.Rajkot) APMC,Wheat,Lokwan,FAQ,31/07/2026,2400,2680,2600
Gujarat,Rajkot,Jetpur(Dist.Rajkot) APMC,Ground Nut Seed,Ground Nut Seed,FAQ,31/07/2026,9000,10500,9750
Gujarat,Rajkot,Jetpur(Dist.Rajkot) APMC,Groundnut,Other,FAQ,31/07/2026,4005,7055,6325
Gujarat,Rajkot,Jetpur(Dist.Rajkot) APMC,Soyabean,Soyabeen,FAQ,31/07/2026,6000,6630,6500
Gujarat,Rajkot,Jetpur(Dist.Rajkot) APMC,Onion,Onion,FAQ,31/07/2026,505,2280,1905
Gujarat,Vadodara(Baroda),Padra APMC,Brinjal,Other,FAQ,31/07/2026,1500,3000,2250
Gujarat,Vadodara(Baroda),Padra APMC,Cauliflower,Other,FAQ,31/07/2026,2000,3000,2500
Gujarat,Vadodara(Baroda),Padra APMC,Cluster beans,Other,FAQ,31/07/2026,4000,5000,4500
Gujarat,Vadodara(Baroda),Padra APMC,Cucumbar(Kheera),Other,FAQ,31/07/2026,1500,3250,2500
Gujarat,Rajkot,Rajkot(Veg.Sub Yard) APMC,Coriander(Leaves),Coriander,FAQ,31/07/2026,2425,5135,3780
Gujarat,Rajkot,Rajkot(Veg.Sub Yard) APMC,Cluster beans,Cluster Beans,FAQ,31/07/2026,3260,6970,5115
Gujarat,Rajkot,Rajkot(Veg.Sub Yard) APMC,Brinjal,Brinjal,FAQ,31/07/2026,325,705,515
Gujarat,Rajkot,Rajkot(Veg.Sub Yard) APMC,Lemon,Lemon,FAQ,31/07/2026,1790,3610,2700
Gujarat,Rajkot,Rajkot(Veg.Sub Yard) APMC,Tomato,Tomato,FAQ,31/07/2026,1345,2545,1945
Gujarat,Rajkot,Rajkot(Veg.Sub Yard) APMC,Potato,Potato,FAQ,31/07/2026,470,1545,1005
Gujarat,Amreli,Savarkundla APMC,"Sesamum(Sesame,Gingelly,Til)",Black,Local,31/07/2026,15750,18500,17050
Gujarat,Amreli,Savarkundla APMC,"Sesamum(Sesame,Gingelly,Til)",White,Local,31/07/2026,10500,12850,11500
Gujarat,Amreli,Savarkundla APMC,Bajra(Pearl Millet/Cumbu),Hybrid,Local,31/07/2026,2250,2500,2400
Gujarat,Amreli,Savarkundla APMC,Red gram/Arhar/Tur(whole),Other,Local,31/07/2026,7000,7500,7250
Gujarat,Amreli,Bagasara APMC,Groundnut,Balli/Habbu,Local,31/07/2026,3500,5800,4650
Gujarat,Amreli,Bagasara APMC,Wheat,Lokwan Gujrat,Local,31/07/2026,2410,2515,2460
Gujarat,Amreli,Bagasara APMC,Soyabean,Yellow,Local,31/07/2026,6610,6710,6660
Gujarat,Amreli,Bagasara APMC,Bengal Gram(Gram)(Whole),Desi (Whole),Local,31/07/2026,5800,6120,5960
Gujarat,Gir Somnath,Veraval APMC,Green Gram(Moong)(Whole),Other,FAQ,31/07/2026,8005,8375,8255
Gujarat,Gir Somnath,Veraval APMC,Wheat,Medium Fine,FAQ,31/07/2026,2355,2695,2575
Gujarat,Gir Somnath,Veraval APMC,Bengal Gram(Gram)(Whole),Other,FAQ,31/07/2026,5405,5875,5785
Haryana,Hissar,Hansi APMC,Apple,Other,Grade B,31/07/2026,10000,20000,15000
Haryana,Hissar,Hansi APMC,Capsicum,Other,FAQ,31/07/2026,5000,6000,5500
Haryana,Hissar,Hansi APMC,Potato,Other,FAQ,31/07/2026,1000,4000,1000
Haryana,Gurgaon,Gurgaon APMC,Brinjal,Brinjal,Grade A,31/07/2026,1000,2000,1500
Haryana,Gurgaon,Gurgaon APMC,Tomato,Other,Grade B,31/07/2026,1000,2000,1500
Haryana,Gurgaon,Gurgaon APMC,Pear(Marasebu),Other,Grade B,31/07/2026,8000,10000,9000
Haryana,Hissar,Hansi APMC,Peas Wet,Other,FAQ,31/07/2026,8000,10000,9000
Haryana,Hissar,Hansi APMC,Pear(Marasebu),Other,Grade B,31/07/2026,2000,8000,6000
Haryana,Hissar,Hansi APMC,Brinjal,Other,FAQ,31/07/2026,2500,3000,2750
Haryana,Hissar,Hansi APMC,Ginger(Dry),Other,FAQ,31/07/2026,12000,15000,13500
Haryana,Gurgaon,Gurgaon APMC,Pomegranate,Other,Grade B,31/07/2026,8000,10000,9000
Haryana,Hissar,Hansi APMC,Plum,Other,Grade B,31/07/2026,8000,10000,9000
Haryana,Hissar,Hansi APMC,Mousambi(Sweet Lime),Other,Grade B,31/07/2026,3000,4000,3500
Haryana,Hissar,Hansi APMC,Pineapple,Other,Grade B,31/07/2026,3000,4000,3500
Haryana,Hissar,Hansi APMC,Bitter gourd,Other,FAQ,31/07/2026,3000,3500,3250
Haryana,Hissar,Hansi APMC,Cabbage,Other,FAQ,31/07/2026,1500,2500,2000
Haryana,Hissar,Hansi APMC,Colacasia,Other,FAQ,31/07/2026,2500,3000,2750
Haryana,Hissar,Hansi APMC,Bhindi(Ladies Finger),Other,FAQ,31/07/2026,2000,2500,2250
Haryana,Hissar,Hansi APMC,Guar,Other,FAQ,31/07/2026,4000,6000,5000
Haryana,Hissar,Hansi APMC,Tomato,Other,FAQ,31/07/2026,2500,3500,3000
Haryana,Gurgaon,Gurgaon APMC,Bitter gourd,Other,Grade B,31/07/2026,1000,2000,1500
Haryana,Gurgaon,Gurgaon APMC,Bhindi(Ladies Finger),Other,Grade A,31/07/2026,1500,2000,1750
Haryana,Gurgaon,Gurgaon APMC,Potato,Other,Grade A,31/07/2026,800,1000,900
Haryana,Gurgaon,Gurgaon APMC,Onion,Other,Grade B,31/07/2026,2000,3000,2500
Haryana,Gurgaon,Gurgaon APMC,Banana,Other,Grade B,31/07/2026,2000,3000,2500
Haryana,Gurgaon,Gurgaon APMC,Plum,Other,Grade B,31/07/2026,8000,10000,9000
Haryana,Hissar,Hansi APMC,Mango,Other,Grade B,31/07/2026,4000,8000,6000
Haryana,Hissar,Hansi APMC,Bottle gourd,Other,FAQ,31/07/2026,3000,3500,3250
Haryana,Hissar,Hansi APMC,Pomegranate,Other,Grade B,31/07/2026,8000,16000,12000
Haryana,Hissar,Hansi APMC,Cauliflower,Other,FAQ,31/07/2026,3000,4000,3500
Haryana,Hissar,Hansi APMC,Spinach,Other,FAQ,31/07/2026,3000,3500,3250
Haryana,Gurgaon,Gurgaon APMC,Cabbage,Other,Grade B,31/07/2026,800,1200,1000
Haryana,Gurgaon,Gurgaon APMC,Apple,Apple,Grade B,31/07/2026,8000,10000,9000
Haryana,Gurgaon,Gurgaon APMC,Guava,Guava,Grade C,31/07/2026,3000,5000,4000
Haryana,Gurgaon,Gurgaon APMC,Mango,Other,Grade B,31/07/2026,4000,6000,5000
Haryana,Hissar,Hansi APMC,Guava,Other,Grade B,31/07/2026,3000,4000,3500
Haryana,Hissar,Hansi APMC,Ridgeguard(Tori),Other,FAQ,31/07/2026,2000,2500,2250
Haryana,Hissar,Hansi APMC,Water Melon,Other,Grade B,31/07/2026,2000,2500,2250
Haryana,Hissar,Hansi APMC,Cucumbar(Kheera),Other,FAQ,31/07/2026,2000,3000,2500
Haryana,Hissar,Hansi APMC,Garlic,Other,FAQ,31/07/2026,10000,15000,12500
Haryana,Hissar,Hansi APMC,Lemon,Other,FAQ,31/07/2026,5000,6000,5500
Haryana,Hissar,Hansi APMC,Onion,Other,FAQ,31/07/2026,2500,3000,2750
Haryana,Hissar,Hansi APMC,Pumpkin,Other,FAQ,31/07/2026,1000,1000,1000
Himachal Pradesh,Mandi,PMY Kangni Mandi,Bitter gourd,Bitter Gourd,Grade B,31/07/2026,1000,2000,1500
Himachal Pradesh,Solan,SMY Parwanoo,Pear(Marasebu),Other,Local,31/07/2026,4500,6000,5500
Himachal Pradesh,Hamirpur,SMY Nadaun,Pomegranate,Pomogranate,Grade B,31/07/2026,14000,15000,14500
Himachal Pradesh,Hamirpur,SMY Nadaun,Capsicum,Other,Grade B,31/07/2026,6000,7000,6500
Himachal Pradesh,Kangra,SMY Nagrota Bagwan,Pear(Marasebu),Other,Medium,31/07/2026,9000,13000,11000
Himachal Pradesh,Kangra,SMY Nagrota Bagwan,Pineapple,Pine Apple,Medium,31/07/2026,3500,4000,3700
Himachal Pradesh,Kangra,SMY Nagrota Bagwan,Potato,Potato,FAQ,31/07/2026,1000,1800,1400
Himachal Pradesh,Shimla,SMY Rohroo,Banana,Other,Grade B,31/07/2026,3333.3335,3666.66685,3500.000175
Himachal Pradesh,Shimla,SMY Rohroo,Bhindi(Ladies Finger),Bhindi,Grade B,31/07/2026,3500,4000,3800
Himachal Pradesh,Shimla,SMY Rohroo,Onion,1st Sort,Grade B,31/07/2026,3200,3400,3300
Himachal Pradesh,Kangra,PMY Kangra,Plum,Other,Medium,31/07/2026,4000,6000,5000
Himachal Pradesh,Kangra,PMY Kangra,Bitter gourd,Bitter Gourd,FAQ,31/07/2026,2500,4000,3200
Himachal Pradesh,Kangra,SMY Jaisinghpur,Beetroot,Beetroot,FAQ,31/07/2026,5000,5200,5100
Himachal Pradesh,Kangra,SMY Jaisinghpur,Potato,Potato,FAQ,31/07/2026,1200,2400,1800
Himachal Pradesh,Kangra,SMY Jaisinghpur,Ginger(Green),Green Ginger,FAQ,31/07/2026,20000,22000,21000
Himachal Pradesh,Kangra,SMY Jaisinghpur,Pea Pod/Pea Cod/हरी मटर,Other,FAQ,31/07/2026,11000,12000,11500
Himachal Pradesh,Hamirpur,PMY Hamirpur,Squash(Chappal Kadoo),Other,Grade B,31/07/2026,3000,3000,3000
Himachal Pradesh,Hamirpur,PMY Hamirpur,Plum,Other,Grade B,31/07/2026,6000,7000,6500
Himachal Pradesh,Hamirpur,PMY Hamirpur,Pear(Marasebu),Other,Grade B,31/07/2026,14000,15000,14500
Himachal Pradesh,Hamirpur,PMY Hamirpur,Mango,Other,Grade B,31/07/2026,7000,8500,7700
Himachal Pradesh,Hamirpur,PMY Hamirpur,Potato,Other,Grade B,31/07/2026,1000,2200,1600
Himachal Pradesh,Hamirpur,PMY Hamirpur,Ginger(Green),Other,Grade B,31/07/2026,18000,20000,19000
Himachal Pradesh,Kangra,SMY Palampur,Plum,Other,Medium,31/07/2026,6000,7000,6500
Himachal Pradesh,Kangra,SMY Palampur,Tinda,Tinda,FAQ,31/07/2026,5000,6000,5500
Himachal Pradesh,Kangra,SMY Palampur,Mango,Other,Medium,31/07/2026,7000,9000,8000
Himachal Pradesh,Kangra,SMY Palampur,Beetroot,Beetroot,FAQ,31/07/2026,4800,5000,4900
Himachal Pradesh,Kangra,SMY Palampur,Cabbage,Cabbage,FAQ,31/07/2026,2500,3000,2800
Himachal Pradesh,Kangra,SMY Palampur,French Beans(Frasbean),Other,FAQ,31/07/2026,6000,7000,6500
Himachal Pradesh,Kangra,SMY Dharamshala,Pomegranate,Pomogranate,Medium,31/07/2026,11000,14000,11250
Himachal Pradesh,Kangra,SMY Dharamshala,Brinjal,Brinjal,FAQ,31/07/2026,3200,3500,3350
Himachal Pradesh,Kangra,SMY Dharamshala,Garlic,Garlic,FAQ,31/07/2026,15000,17000,16000
Himachal Pradesh,Hamirpur,SMY Nadaun,Tomato,Other,Grade B,31/07/2026,3800,4000,3900
Himachal Pradesh,Hamirpur,SMY Nadaun,Apple,Other,Grade B,31/07/2026,15000,20000,17500
Himachal Pradesh,Hamirpur,SMY Nadaun,Plum,Other,Grade B,31/07/2026,8000,10000,9000
Himachal Pradesh,Kangra,SMY Nagrota Bagwan,Pomegranate,Pomogranate,Medium,31/07/2026,10000,12000,11000
Himachal Pradesh,Kangra,SMY Nagrota Bagwan,Lemon,Lemon,FAQ,31/07/2026,7000,7500,7200
Himachal Pradesh,Shimla,SMY Rohroo,Pomegranate,Other,Grade B,31/07/2026,17000,18000,17500
Himachal Pradesh,Shimla,SMY Rohroo,Brinjal,Arkasheela Mattigulla,Grade B,31/07/2026,3000,4000,3500
Himachal Pradesh,Shimla,SMY Rohroo,Ginger(Green),Green Ginger,Grade B,31/07/2026,8000,9000,8500
Himachal Pradesh,Shimla,SMY Rohroo,Cucumbar(Kheera),Cucumbar,Grade B,31/07/2026,3500,3800,3700
Himachal Pradesh,Shimla,SMY Rohroo,Potato,Other,Grade B,31/07/2026,1500,2000,1800
Himachal Pradesh,Kangra,PMY Kangra,Pomegranate,Other,Medium,31/07/2026,10000,12000,12000
Himachal Pradesh,Kangra,PMY Kangra,Mango,Other,Medium,31/07/2026,5000,7000,6000
Himachal Pradesh,Kangra,SMY Baijnath,Papaya,Other,Grade A,31/07/2026,4500,4700,4600
Himachal Pradesh,Kangra,SMY Baijnath,Cauliflower,Cauliflower,Grade A,31/07/2026,4800,5000,5000
Himachal Pradesh,Kangra,SMY Baijnath,Green Chilli,Green Chilly,Grade A,31/07/2026,3500,4000,4000
Himachal Pradesh,Kangra,SMY Baijnath,Cabbage,Cabbage,Grade A,31/07/2026,3000,3200,3200
Himachal Pradesh,Kangra,SMY Baijnath,Onion,Onion,Grade A,31/07/2026,3200,3300,3300
Himachal Pradesh,Kangra,SMY Jaisinghpur,Mango,Safeda,Medium,31/07/2026,8500,9500,9000
Himachal Pradesh,Kangra,SMY Jaisinghpur,Cabbage,Cabbage,FAQ,31/07/2026,2800,3200,3000
Himachal Pradesh,Hamirpur,PMY Hamirpur,Garlic,Garlic,Grade Range-2,31/07/2026,18000,25000,21000
Himachal Pradesh,Hamirpur,PMY Hamirpur,Beetroot,Beetroot,Grade B,31/07/2026,4500,5000,4750
Himachal Pradesh,Hamirpur,PMY Hamirpur,Bottle gourd,Bottle Gourd,Grade B,31/07/2026,4000,4500,4250
Himachal Pradesh,Hamirpur,PMY Hamirpur,Tomato,Tomato,Grade B,31/07/2026,3000,3500,3250
Himachal Pradesh,Hamirpur,PMY Hamirpur,Lemon,Lemon,Grade B,31/07/2026,9000,10000,9500
Himachal Pradesh,Kangra,SMY Palampur,Apple,Kullu Delicious,Medium,31/07/2026,5000,20000,15000
Himachal Pradesh,Kangra,SMY Palampur,Garlic,Average,FAQ,31/07/2026,15000,20000,17500
Himachal Pradesh,Kangra,SMY Palampur,Potato,Potato,FAQ,31/07/2026,1000,2300,1800
Himachal Pradesh,Kangra,SMY Palampur,Ginger(Green),Green Ginger,FAQ,31/07/2026,19000,20000,19500
Himachal Pradesh,Kangra,SMY Palampur,Cauliflower,Cauliflower,FAQ,31/07/2026,4000,5000,4500
Himachal Pradesh,Kangra,SMY Palampur,Pumpkin,Pumpkin,FAQ,31/07/2026,1800,2000,1900
Himachal Pradesh,Kangra,SMY Palampur,Green Chilli,Green Chilly,FAQ,31/07/2026,4000,5000,4500
Himachal Pradesh,Kangra,SMY Palampur,Mashrooms,Mashrooms,FAQ,31/07/2026,16000,18000,17000
Himachal Pradesh,Kangra,SMY Dharamshala,Apple,Apple,Medium,31/07/2026,10000,20000,15000
Himachal Pradesh,Kangra,SMY Dharamshala,Guava,Guava,Medium,31/07/2026,8000,8500,8250
Himachal Pradesh,Kangra,SMY Dharamshala,Papaya,Papaya,Medium,31/07/2026,5000,5500,5250
Himachal Pradesh,Kangra,SMY Dharamshala,Mousambi(Sweet Lime),Mousambi,Medium,31/07/2026,7500,8500,8000
Himachal Pradesh,Kangra,SMY Dharamshala,Colacasia,Colacasia,FAQ,31/07/2026,2500,2800,2750
Himachal Pradesh,Hamirpur,SMY Nadaun,French Beans(Frasbean),Other,Grade B,31/07/2026,6800,7000,6900
Himachal Pradesh,Hamirpur,SMY Nadaun,Mousambi(Sweet Lime),Other,Grade B,31/07/2026,9500,10000,9750
Himachal Pradesh,Kangra,SMY Nagrota Bagwan,Bhindi(Ladies Finger),Bhindi,FAQ,31/07/2026,2500,2600,2500
Himachal Pradesh,Kangra,SMY Nagrota Bagwan,Cauliflower,Cauliflower,FAQ,31/07/2026,4000,5000,4500
Himachal Pradesh,Kangra,SMY Nagrota Bagwan,Onion,Onion,FAQ,31/07/2026,3000,3200,3100
Himachal Pradesh,Kangra,SMY Nagrota Bagwan,Tomato,Tomato,FAQ,31/07/2026,2500,3500,3000
Himachal Pradesh,Shimla,SMY Rohroo,Bitter gourd,Other,Grade B,31/07/2026,3000,3200,3100
Himachal Pradesh,Shimla,SMY Rohroo,Capsicum,Other,Grade B,31/07/2026,3200,4000,3500
Himachal Pradesh,Kangra,PMY Kangra,Apple,Apple,Medium,31/07/2026,4000,20000,10000
Himachal Pradesh,Kangra,PMY Kangra,Mousambi(Sweet Lime),Mousambi,Medium,31/07/2026,5000,6000,5500
Himachal Pradesh,Kangra,SMY Baijnath,Banana,Banana - Ripe,Grade B,31/07/2026,3800,3900,3800
Himachal Pradesh,Kangra,SMY Baijnath,Apple,Apple,Grade B,31/07/2026,6000,15000,11000
Himachal Pradesh,Kangra,SMY Baijnath,Potato,Desi,Grade A,31/07/2026,1800,2000,2000
Himachal Pradesh,Kangra,SMY Baijnath,Raddish,Other,Grade A,31/07/2026,2500,2700,2600
Himachal Pradesh,Kangra,SMY Jaisinghpur,Guava,Guava,Medium,31/07/2026,9000,11000,10000
Himachal Pradesh,Kangra,SMY Jaisinghpur,Lemon,Lemon,FAQ,31/07/2026,7500,8500,8000
Himachal Pradesh,Kangra,SMY Jaisinghpur,Brinjal,Brinjal,FAQ,31/07/2026,3200,3800,3500
Himachal Pradesh,Kangra,SMY Jaisinghpur,Papaya,Other,Medium,31/07/2026,4800,5800,5200
Himachal Pradesh,Kangra,SMY Jaisinghpur,Tomato,Tomato,FAQ,31/07/2026,2200,3200,2600
Himachal Pradesh,Kangra,SMY Jaisinghpur,Garlic,Average,FAQ,31/07/2026,16000,21000,18000
Himachal Pradesh,Kangra,SMY Jaisinghpur,Coriander(Leaves),Coriander,FAQ,31/07/2026,11000,14000,12500
Himachal Pradesh,Kangra,SMY Jwalaji,Banana,Other,Medium,31/07/2026,4500,5000,4750
Himachal Pradesh,Hamirpur,PMY Hamirpur,Pomegranate,Other,Grade B,31/07/2026,13000,16000,14500
Himachal Pradesh,Hamirpur,PMY Hamirpur,Mousambi(Sweet Lime),Mousambi,Grade B,31/07/2026,6000,6500,6250
Himachal Pradesh,Hamirpur,PMY Hamirpur,Cauliflower,Cauliflower,Grade B,31/07/2026,4500,5500,5000
Himachal Pradesh,Hamirpur,PMY Hamirpur,Bitter gourd,Bitter Gourd,Grade B,31/07/2026,3000,3000,3000
Himachal Pradesh,Hamirpur,PMY Hamirpur,Capsicum,Capsicum,Grade B,31/07/2026,7000,8000,7500
Himachal Pradesh,Hamirpur,PMY Hamirpur,Sponge gourd,Other,Grade B,31/07/2026,4000,4000,4000
Himachal Pradesh,Hamirpur,PMY Hamirpur,Carrot,Other,Grade B,31/07/2026,4000,4000,4000
Himachal Pradesh,Kangra,SMY Palampur,Guava,Guava,Medium,31/07/2026,8000,10000,9000
Himachal Pradesh,Kangra,SMY Palampur,Pineapple,Pine Apple,Medium,31/07/2026,4800,5000,4900
Himachal Pradesh,Kangra,SMY Palampur,Pear(Marasebu),Other,Medium,31/07/2026,7500,14000,10000
Himachal Pradesh,Kangra,SMY Palampur,Jack Fruit(Ripe),Jack Fruit,Medium,31/07/2026,4000,5000,4500
Himachal Pradesh,Kangra,SMY Palampur,Capsicum,Capsicum,FAQ,31/07/2026,5500,6000,5800
Himachal Pradesh,Kangra,SMY Palampur,Bottle gourd,Bottle Gourd,FAQ,31/07/2026,4000,5000,4500
Himachal Pradesh,Kangra,SMY Palampur,Carrot,Carrot,FAQ,31/07/2026,3000,3500,3200
Himachal Pradesh,Kangra,SMY Dharamshala,Banana,Banana - Ripe,Medium,31/07/2026,4900,5100,5000
Himachal Pradesh,Kangra,SMY Dharamshala,Carrot,Carrot,FAQ,31/07/2026,3000,3400,3200
Himachal Pradesh,Kangra,SMY Dharamshala,Bhindi(Ladies Finger),Bhindi,FAQ,31/07/2026,2800,3000,2900
Himachal Pradesh,Kangra,SMY Dharamshala,Bitter gourd,Bitter Gourd,FAQ,31/07/2026,3000,3500,3250
Himachal Pradesh,Kangra,SMY Dharamshala,Cauliflower,Cauliflower,FAQ,31/07/2026,4000,4500,4250
Himachal Pradesh,Kangra,SMY Dharamshala,Onion,Onion,FAQ,31/07/2026,3200,3500,3350
Himachal Pradesh,Mandi,PMY Kangni Mandi,Bhindi(Ladies Finger),Bhindi,Grade B,31/07/2026,1500,2500,2000
Himachal Pradesh,Solan,SMY Parwanoo,Apple,Other,Local,31/07/2026,4000,16000,12500
Himachal Pradesh,Hamirpur,SMY Nadaun,Green Chilli,Other,Grade B,31/07/2026,4200,4400,4300
Himachal Pradesh,Hamirpur,SMY Nadaun,Bitter gourd,Other,Grade B,31/07/2026,2800,3000,2900
Himachal Pradesh,Hamirpur,SMY Nadaun,Bottle gourd,Other,Grade B,31/07/2026,3600,3800,3700
Himachal Pradesh,Hamirpur,SMY Nadaun,Brinjal,Other,Grade B,31/07/2026,3600,3800,3700
Himachal Pradesh,Hamirpur,SMY Nadaun,Cauliflower,Cauliflower,Grade B,31/07/2026,6800,7000,6900
Himachal Pradesh,Kangra,SMY Nagrota Bagwan,Apple,Apple,Medium,31/07/2026,4000,18000,12000
Himachal Pradesh,Kangra,SMY Nagrota Bagwan,Banana,Other,Medium,31/07/2026,5000,5800,5500
Himachal Pradesh,Kangra,SMY Nagrota Bagwan,Guava,Guava,Medium,31/07/2026,7500,8500,8000
Himachal Pradesh,Kangra,SMY Nagrota Bagwan,Mango,Other,Medium,31/07/2026,5000,7000,6000
Himachal Pradesh,Kangra,SMY Nagrota Bagwan,Bitter gourd,Bitter Gourd,FAQ,31/07/2026,2500,3500,3000
Himachal Pradesh,Kangra,SMY Nagrota Bagwan,Capsicum,Capsicum,FAQ,31/07/2026,6000,6200,6100
Himachal Pradesh,Kangra,SMY Nagrota Bagwan,Green Chilli,Green Chilly,FAQ,31/07/2026,4000,4200,4100
Himachal Pradesh,Shimla,SMY Rohroo,Raddish,Other,Grade B,31/07/2026,3000,3500,3250
Himachal Pradesh,Shimla,SMY Rohroo,Papaya,Other,Grade B,31/07/2026,5000,5500,5250
Himachal Pradesh,Shimla,SMY Rohroo,Bottle gourd,Bottle Gourd,Grade B,31/07/2026,2200,2400,2300
Himachal Pradesh,Shimla,SMY Rohroo,Cabbage,Other,Grade B,31/07/2026,1800,2200,2000
Himachal Pradesh,Shimla,SMY Rohroo,Carrot,Carrot,Grade B,31/07/2026,3200,3500,3350
Himachal Pradesh,Shimla,SMY Rohroo,Cauliflower,Cauliflower,Grade B,31/07/2026,3000,5000,4000
Himachal Pradesh,Kangra,PMY Kangra,Banana,Other,Medium,31/07/2026,5000,6000,5500
Himachal Pradesh,Kangra,PMY Kangra,Guava,Guava,Medium,31/07/2026,8000,9000,8500
Himachal Pradesh,Kangra,PMY Kangra,Papaya,Other,Medium,31/07/2026,4500,5000,4700
Himachal Pradesh,Kangra,SMY Baijnath,Bitter gourd,Bitter Gourd,Grade A,31/07/2026,3200,3400,3300
Himachal Pradesh,Kangra,SMY Baijnath,French Beans(Frasbean),French Beans (Frasbean),Grade A,31/07/2026,6500,7000,7000
Himachal Pradesh,Kangra,SMY Jaisinghpur,Cauliflower,Cauliflower,FAQ,31/07/2026,4200,5500,5000
Himachal Pradesh,Kangra,SMY Jaisinghpur,French Beans(Frasbean),French Beans (Frasbean),FAQ,31/07/2026,6500,7500,7000
Himachal Pradesh,Kangra,SMY Jwalaji,Potato,Other,FAQ,31/07/2026,1000,1600,1500
Himachal Pradesh,Hamirpur,PMY Hamirpur,French Beans(Frasbean),Other,Grade B,31/07/2026,7000,7000,7000
Himachal Pradesh,Hamirpur,PMY Hamirpur,Peas Wet,Peas Wet,Grade B,31/07/2026,14000,14000,14000
Himachal Pradesh,Hamirpur,PMY Hamirpur,Banana,Other,Grade B,31/07/2026,3800,4400,4100
Himachal Pradesh,Hamirpur,PMY Hamirpur,Colacasia,Other,Grade B,31/07/2026,2800,3000,2900
Himachal Pradesh,Hamirpur,PMY Hamirpur,Papaya,Other,Grade B,31/07/2026,5800,6000,5900
Himachal Pradesh,Hamirpur,PMY Hamirpur,Bhindi(Ladies Finger),Other,Grade B,31/07/2026,3500,4000,3750
Himachal Pradesh,Hamirpur,PMY Hamirpur,Brinjal,Round/Long,Grade B,31/07/2026,4000,4000,4000
Himachal Pradesh,Kangra,SMY Palampur,Banana,Other,Medium,31/07/2026,4000,4500,4200
Himachal Pradesh,Kangra,SMY Palampur,Onion,Onion,FAQ,31/07/2026,3000,3400,3200
Himachal Pradesh,Kangra,SMY Palampur,Cucumbar(Kheera),Cucumbar,FAQ,31/07/2026,3000,4000,3500
Himachal Pradesh,Kangra,SMY Palampur,Raddish,Raddish,FAQ,31/07/2026,2000,2500,2200
Himachal Pradesh,Kangra,SMY Palampur,Bhindi(Ladies Finger),Bhindi,FAQ,31/07/2026,2500,3000,2800
Himachal Pradesh,Kangra,SMY Palampur,Bitter gourd,Bitter Gourd,FAQ,31/07/2026,3500,4000,3800
Himachal Pradesh,Kangra,SMY Dharamshala,Capsicum,Capsicum,FAQ,31/07/2026,6500,7000,6750
Himachal Pradesh,Kangra,SMY Dharamshala,Green Chilli,Green Chilly,FAQ,31/07/2026,5000,5500,5250
Himachal Pradesh,Mandi,PMY Kangni Mandi,Brinjal,Brinjal,Grade B,31/07/2026,1500,3000,2500
Himachal Pradesh,Mandi,PMY Kangni Mandi,Bottle gourd,Bottle Gourd,Grade B,31/07/2026,1000,3000,1500
Himachal Pradesh,Mandi,PMY Kangni Mandi,Capsicum,Capsicum,Grade B,31/07/2026,2000,6000,4000
Himachal Pradesh,Hamirpur,SMY Nadaun,Banana,Other,Grade B,31/07/2026,3800,4000,3850
Himachal Pradesh,Hamirpur,SMY Nadaun,Mango,Other,Grade B,31/07/2026,8000,15000,12000
Himachal Pradesh,Hamirpur,SMY Nadaun,Papaya,Other,Grade B,31/07/2026,5800,6000,5900
Himachal Pradesh,Hamirpur,SMY Nadaun,Bhindi(Ladies Finger),Other,Grade B,31/07/2026,3000,3200,3100
Himachal Pradesh,Hamirpur,SMY Nadaun,Cabbage,Other,Grade B,31/07/2026,2800,3000,2900
Himachal Pradesh,Kangra,SMY Nagrota Bagwan,Mousambi(Sweet Lime),Mousambi,Medium,31/07/2026,5000,6000,5500
Himachal Pradesh,Kangra,SMY Nagrota Bagwan,Plum,Other,Medium,31/07/2026,4000,6000,5000
Himachal Pradesh,Kangra,SMY Nagrota Bagwan,Cabbage,Cabbage,FAQ,31/07/2026,2600,3000,2800
Himachal Pradesh,Kangra,SMY Nagrota Bagwan,Bottle gourd,Bottle Gourd,FAQ,31/07/2026,3500,5500,4000
Himachal Pradesh,Kangra,SMY Nagrota Bagwan,French Beans(Frasbean),French Beans (Frasbean),FAQ,31/07/2026,3000,5000,4000
Himachal Pradesh,Kangra,SMY Nagrota Bagwan,Cucumbar(Kheera),Cucumbar,FAQ,31/07/2026,2500,3000,2700
Himachal Pradesh,Shimla,SMY Rohroo,Guava,Guava,Grade B,31/07/2026,11000,12000,11500
Himachal Pradesh,Shimla,SMY Rohroo,Mango,Other,Grade B,31/07/2026,6000,7000,6500
Himachal Pradesh,Shimla,SMY Rohroo,Tomato,Deshi,Grade B,31/07/2026,3200,3400,3300
Himachal Pradesh,Shimla,SMY Rohroo,French Beans(Frasbean),Other,Grade B,31/07/2026,3000,3500,3250
Himachal Pradesh,Kangra,PMY Kangra,Pineapple,Other,Medium,31/07/2026,3500,4000,3700
Himachal Pradesh,Kangra,PMY Kangra,Pear(Marasebu),Other,Medium,31/07/2026,9000,150000,12000
Himachal Pradesh,Kangra,PMY Kangra,Bhindi(Ladies Finger),Bhindi,FAQ,31/07/2026,2600,2700,2650
Himachal Pradesh,Kangra,PMY Kangra,Bottle gourd,Bottle Gourd,FAQ,31/07/2026,3500,6000,5000
Himachal Pradesh,Kangra,SMY Baijnath,Mango,Dusheri,Grade B,31/07/2026,5000,9000,7000
Himachal Pradesh,Kangra,SMY Baijnath,Tomato,Hybrid,Grade A,31/07/2026,3400,4000,3700
Himachal Pradesh,Kangra,SMY Baijnath,Bottle gourd,Bottle Gourd,Grade A,31/07/2026,2800,3300,3200
Himachal Pradesh,Kangra,SMY Jaisinghpur,Bitter gourd,Bitter Gourd,FAQ,31/07/2026,3800,4500,4200
Himachal Pradesh,Kangra,SMY Jaisinghpur,Mousambi(Sweet Lime),Mousambi,Medium,31/07/2026,6500,7500,7000
Himachal Pradesh,Kangra,SMY Jaisinghpur,Green Chilli,Green Chilly,FAQ,31/07/2026,4500,5500,5000
Himachal Pradesh,Kangra,SMY Jaisinghpur,Banana,Other,Medium,31/07/2026,4200,4800,4500
Himachal Pradesh,Kangra,SMY Jaisinghpur,Pomegranate,Other,Medium,31/07/2026,14500,18500,16500
Himachal Pradesh,Kangra,SMY Jaisinghpur,Pineapple,Other,Medium,31/07/2026,5000,5200,5100
Himachal Pradesh,Kangra,SMY Jaisinghpur,Onion,Other,FAQ,31/07/2026,3200,3600,3400
Himachal Pradesh,Kangra,SMY Jaisinghpur,Bhindi(Ladies Finger),Bhindi,FAQ,31/07/2026,2800,3200,3000
Himachal Pradesh,Kangra,SMY Jaisinghpur,Raddish,Raddish,FAQ,31/07/2026,2200,2800,2500
Himachal Pradesh,Kangra,SMY Jaisinghpur,Bottle gourd,Bottle Gourd,FAQ,31/07/2026,4500,5500,5000
Himachal Pradesh,Kangra,SMY Jaisinghpur,Carrot,Carrot,FAQ,31/07/2026,3200,3800,3500
Himachal Pradesh,Kangra,SMY Jwalaji,Bitter gourd,Bitter Gourd,FAQ,31/07/2026,4500,5000,4750
Himachal Pradesh,Hamirpur,PMY Hamirpur,Apple,Apple,Grade B,31/07/2026,6000,24000,15000
Himachal Pradesh,Hamirpur,PMY Hamirpur,Pineapple,Pine Apple,Grade B,31/07/2026,4500,5000,4750
Himachal Pradesh,Hamirpur,PMY Hamirpur,Guava,Guava,Grade B,31/07/2026,8500,9000,8750
Himachal Pradesh,Hamirpur,PMY Hamirpur,Onion,Other,Grade B,31/07/2026,3000,3000,3000
Himachal Pradesh,Hamirpur,PMY Hamirpur,Cabbage,Cabbage,Grade B,31/07/2026,3000,3000,3000
Himachal Pradesh,Hamirpur,PMY Hamirpur,Green Chilli,Green Chilly,Grade B,31/07/2026,4000,4500,4250
Himachal Pradesh,Hamirpur,PMY Hamirpur,Cucumbar(Kheera),Cucumbar,Grade B,31/07/2026,2500,3000,2750
Himachal Pradesh,Kangra,SMY Palampur,Pomegranate,Pomogranate,Medium,31/07/2026,14000,18000,16000
Himachal Pradesh,Kangra,SMY Palampur,Mousambi(Sweet Lime),Mousambi,Medium,31/07/2026,6000,7000,6500
Himachal Pradesh,Kangra,SMY Palampur,Papaya,Papaya,Medium,31/07/2026,4500,5500,5000
Himachal Pradesh,Kangra,SMY Palampur,Lemon,Other,FAQ,31/07/2026,7000,8000,7500
Himachal Pradesh,Kangra,SMY Palampur,Tomato,Tomato,FAQ,31/07/2026,2000,3000,2500
Himachal Pradesh,Kangra,SMY Palampur,Colacasia,Colacasia,FAQ,31/07/2026,2800,3000,2900
Himachal Pradesh,Kangra,SMY Palampur,Pea Pod/Pea Cod/हरी मटर,Other,FAQ,31/07/2026,10000,11000,10500
Himachal Pradesh,Kangra,SMY Palampur,Sponge gourd,Other,FAQ,31/07/2026,3500,4000,3800
Himachal Pradesh,Kangra,SMY Palampur,Brinjal,Brinjal,FAQ,31/07/2026,3000,3500,3200
Himachal Pradesh,Kangra,SMY Palampur,Coriander(Leaves),Coriander,FAQ,31/07/2026,10000,12000,11000
Himachal Pradesh,Kangra,SMY Dharamshala,Pineapple,Pine Apple,Medium,31/07/2026,4500,8500,6500
Himachal Pradesh,Kangra,SMY Dharamshala,Bottle gourd,Bottle Gourd,FAQ,31/07/2026,4800,5200,5000
Himachal Pradesh,Kangra,SMY Dharamshala,Cabbage,Cabbage,FAQ,31/07/2026,2800,3000,2900
Himachal Pradesh,Kangra,SMY Dharamshala,Cucumbar(Kheera),Cucumbar,FAQ,31/07/2026,2800,5000,3900
Himachal Pradesh,Kangra,SMY Dharamshala,French Beans(Frasbean),French Beans (Frasbean),FAQ,31/07/2026,6500,7000,6750
Himachal Pradesh,Kangra,SMY Dharamshala,Ginger(Green),Green Ginger,FAQ,31/07/2026,13000,16000,14500
Himachal Pradesh,Kangra,SMY Dharamshala,Lemon,Lemon,FAQ,31/07/2026,6500,7000,6750
Karnataka,Chamarajanagar,Chamarajanagar APMC,Brinjal,Round/Long,Local,31/07/2026,1400,2600,1900
Karnataka,Chamarajanagar,Chamarajanagar APMC,Tomato,Tomato,Local,31/07/2026,400,800,600
Karnataka,Chamarajanagar,Chamarajanagar APMC,Green Chilli,Green Chilly,Local,31/07/2026,1400,2400,1900
Karnataka,Dakshina Kannada,Mangaluru APMC,Cashewnuts,J.H.,Local,31/07/2026,10000,15000,14000
Karnataka,Bengaluru Rural,Doddaballapur APMC,Rice,Broken Rice,Medium,31/07/2026,2350,2490,2490
Karnataka,Bengaluru Rural,Doddaballapur APMC,Potato,Local,Medium,31/07/2026,2000,2600,2300
Karnataka,Bengaluru Rural,Doddaballapur APMC,Brinjal,Brinjal,Medium,31/07/2026,2000,3000,2600
Karnataka,Bengaluru Rural,Doddaballapur APMC,Cucumbar(Kheera),Cucumbar,Medium,31/07/2026,1500,2500,2000
Karnataka,Bengaluru Rural,Doddaballapur APMC,Bengal Gram(Gram)(Whole),Average (Whole),FAQ,31/07/2026,9130,12960,9610
Karnataka,Kolar,Bangarpet APMC,Cabbage,Cabbage,Local,31/07/2026,500,1300,1000
Karnataka,Kolar,Bangarpet APMC,Drumstick,Drumstick,Local,31/07/2026,3000,4000,3500
Karnataka,Kolar,Bangarpet APMC,Knool Khol,Knool Khol,Local,31/07/2026,1500,2500,2000
Karnataka,Bengaluru South,Ramanagara APMC,Brinjal,Brinjal,Local,31/07/2026,2400,4000,3500
Karnataka,Bengaluru South,Ramanagara APMC,Carrot,Carrot,Local,31/07/2026,4000,6000,5000
Karnataka,Bengaluru South,Ramanagara APMC,Beetroot,Beetroot,Local,31/07/2026,3000,4000,3500
Karnataka,Bengaluru South,Ramanagara APMC,Cucumbar(Kheera),Cucumbar,Local,31/07/2026,1200,1600,1400
Karnataka,Bagalkot,Hungund APMC,Red gram/Arhar/Tur(whole),Arhar (Whole),FAQ,31/07/2026,7000,7900,7500
Karnataka,Chamarajanagar,Chamarajanagar APMC,Coconut,Small,Local,31/07/2026,16000,29000,18000
Karnataka,Chamarajanagar,Chamarajanagar APMC,Cabbage,Cabbage,Local,31/07/2026,1200,1400,1300
Karnataka,Chamarajanagar,Chamarajanagar APMC,Beetroot,Beetroot,Local,31/07/2026,1500,3400,2500
Karnataka,Bengaluru Rural,Doddaballapur APMC,Rice,Hansa,Medium,31/07/2026,5000,7300,5000
Karnataka,Bengaluru Rural,Doddaballapur APMC,Onion,Onion,Medium,31/07/2026,2000,3000,2600
Karnataka,Bengaluru Rural,Doddaballapur APMC,Bitter gourd,Bitter Gourd,Medium,31/07/2026,3000,3500,3250
Karnataka,Bengaluru Rural,Doddaballapur APMC,Green Chilli,Green Chilly,Medium,31/07/2026,5500,6500,6000
Karnataka,Bengaluru Rural,Doddaballapur APMC,Ladies Finger,Ladies Finger,Medium,31/07/2026,2000,2700,2500
Karnataka,Chitradurga,Hiriyur APMC,Ground Nut Seed,Ground Nut Seed,Local,31/07/2026,11000,12000,11666
Karnataka,Kolar,Bangarpet APMC,Bitter gourd,Bitter Gourd,Local,31/07/2026,2200,2700,2500
Karnataka,Kolar,Bangarpet APMC,Chilly Capsicum,Chilly Capsicum,Local,31/07/2026,2500,3500,3000
Karnataka,Raichur,Lingasugur APMC,Bajra(Pearl Millet/Cumbu),Hybrid,Non-FAQ,31/07/2026,2700,3060,2700
Karnataka,Mysuru,Periyapatna APMC,Paddy(Common),Paddy,FAQ,31/07/2026,2200,2200,2200
Karnataka,Bengaluru South,Ramanagara APMC,Chilly Capsicum,Chilly Capsicum,Local,31/07/2026,4000,6000,5200
Karnataka,Bengaluru South,Ramanagara APMC,Cabbage,Cabbage,Local,31/07/2026,1600,2400,2000
Karnataka,Bengaluru South,Ramanagara APMC,Drumstick,Drumstick,Local,31/07/2026,5000,7200,6000
Karnataka,Bagalkot,Hungund APMC,Bengal Gram(Gram)(Whole),Jawari/Local,FAQ,31/07/2026,6350,6350,6350
Karnataka,Chamarajanagar,Chamarajanagar APMC,Beans,Beans (Whole),Local,31/07/2026,2500,4000,3300
Karnataka,Bengaluru Rural,Doddaballapur APMC,Cauliflower,Cauliflower,Medium,31/07/2026,1400,2000,1700
Karnataka,Bengaluru Rural,Doddaballapur APMC,Tomato,Tomato,Medium,31/07/2026,800,1400,1000
Karnataka,Bengaluru Rural,Doddaballapur APMC,Ginger(Green),Green Ginger,Medium,31/07/2026,12000,16000,14000
Karnataka,Bengaluru Rural,Doddaballapur APMC,Banana - Green,Banana - Green,Medium,31/07/2026,4000,5000,4500
Karnataka,Bengaluru Rural,Doddaballapur APMC,Ridgeguard(Tori),Ridgeguard(Tori),Medium,31/07/2026,2000,3000,2500
Karnataka,Raichur,Sindhanur APMC,Rice,Broken Rice,FAQ,31/07/2026,2350,2400,2375
Karnataka,Kolar,Bangarpet APMC,Potato,Local,Local,31/07/2026,1000,2000,1500
Karnataka,Kolar,Bangarpet APMC,Garlic,Garlic,Local,31/07/2026,10000,12300,12000
Karnataka,Kolar,Bangarpet APMC,Beetroot,Beetroot,Local,31/07/2026,2000,2500,2300
Karnataka,Mysuru,Periyapatna APMC,Arecanut(Betelnut/Supari),Sippegotu,Medium,31/07/2026,13000,13000,13000
Karnataka,Bengaluru South,Ramanagara APMC,Ginger(Green),Green Ginger,Local,31/07/2026,7000,12400,10500
Karnataka,Bengaluru South,Ramanagara APMC,Ridgeguard(Tori),Ridgeguard(Tori),Local,31/07/2026,2000,3000,2400
Karnataka,Bengaluru South,Ramanagara APMC,Alsandikai,Alsandikai,Local,31/07/2026,3600,4400,4000
Karnataka,Bengaluru South,Ramanagara APMC,Seemebadnekai,Seemebadanekai,Local,31/07/2026,3000,3600,3200
Karnataka,Shivamogga,APMC THIRTHAHALLI,Arecanut(Betelnut/Supari),Gorabalu,Local,31/07/2026,37500,37500,37500
Karnataka,Shivamogga,APMC THIRTHAHALLI,Arecanut(Betelnut/Supari),Other,Local,31/07/2026,30000,30000,30000
Karnataka,Mandya,Srirangapattana APMC,Tender Coconut,Tender Coconut,Local,31/07/2026,20000,25000,25000
Karnataka,Chamarajanagar,Chamarajanagar APMC,Paddy(Common),Paddy Medium,Local,31/07/2026,2000,2000,2000
Karnataka,Chamarajanagar,Chamarajanagar APMC,Tender Coconut,Tender Coconut,Local,31/07/2026,20000,20000,20000
Karnataka,Bengaluru Rural,Doddaballapur APMC,Beans,Beans (Whole),Medium,31/07/2026,6000,7000,6500
Karnataka,Bengaluru Rural,Doddaballapur APMC,Carrot,Other,Medium,31/07/2026,5000,6000,5400
Karnataka,Bengaluru Rural,Doddaballapur APMC,Cowpea(Lobia/Karamani),Cowpea (Whole),Medium,31/07/2026,11340,11340,11340
Karnataka,Chitradurga,Hiriyur APMC,Coconut,Small,Small,31/07/2026,18000,18000,18000
Karnataka,Raichur,Sindhanur APMC,Paddy(Common),Paddy RNR new,FAQ,31/07/2026,2500,3400,2800
Karnataka,Raichur,Sindhanur APMC,Paddy(Common),Paddy RNR Old,FAQ,31/07/2026,3400,4000,3750
Karnataka,Raichur,Sindhanur APMC,Sunflower/Sunflower Seed,Local,FAQ,31/07/2026,8200,8500,8348
Karnataka,Kolar,Bangarpet APMC,Cauliflower,Local,Local,31/07/2026,500,1000,700
Karnataka,Kolar,Bangarpet APMC,Green Chilli,Green Chilly,Local,31/07/2026,1500,2300,2000
Karnataka,Kolar,Bangarpet APMC,Ginger(Green),Green Ginger,Local,31/07/2026,9000,10300,10000
Karnataka,Kolar,Bangarpet APMC,Capsicum,Capsicum,Local,31/07/2026,2000,2700,2500
Karnataka,Raichur,Lingasugur APMC,Bengal Gram(Gram)(Whole),Average (Whole),Non-FAQ,31/07/2026,6000,6000,6000
Karnataka,Bengaluru South,Ramanagara APMC,Cauliflower,Cauliflower,Local,31/07/2026,1600,2500,2000
Karnataka,Bengaluru South,Ramanagara APMC,Tomato,Tomato,Local,31/07/2026,600,1200,1000
Karnataka,Bengaluru South,Ramanagara APMC,Bottle gourd,Bottle Gourd,Local,31/07/2026,1000,1600,1200
Karnataka,Bengaluru South,Ramanagara APMC,Green Chilli,Green Chilly,Local,31/07/2026,3000,5000,4000
Karnataka,Bengaluru South,Ramanagara APMC,Beans,Beans (Whole),Local,31/07/2026,3000,5000,4000
Karnataka,Bengaluru South,Ramanagara APMC,Green Avare(W),Green Avare (W),Local,31/07/2026,3500,5000,4400
Karnataka,Chamarajanagar,Chamarajanagar APMC,Brinjal,Other,Local,31/07/2026,800,1000,900
Karnataka,Chamarajanagar,Chamarajanagar APMC,Carrot,Carrot,Local,31/07/2026,2000,4000,3000
Karnataka,Chamarajanagar,Chamarajanagar APMC,Cucumbar(Kheera),Cucumbar,Local,31/07/2026,600,1600,1200
Karnataka,Chamarajanagar,Chamarajanagar APMC,Ridgeguard(Tori),Ridgeguard(Tori),Local,31/07/2026,1400,3000,2200
Karnataka,Chamarajanagar,Chamarajanagar APMC,Raddish,Raddish,Local,31/07/2026,1500,2000,1750
Karnataka,Chamarajanagar,Chamarajanagar APMC,Knool Khol,Knool Khol,Local,31/07/2026,1500,2000,1700
Karnataka,Bengaluru Rural,Doddaballapur APMC,Black Gram Dal(Urd Dal),Black Gram Dal,Medium,31/07/2026,9300,14100,10700
Karnataka,Bengaluru Rural,Doddaballapur APMC,Knool Khol,Knool Khol,Medium,31/07/2026,2500,3100,2800
Karnataka,Bengaluru Rural,Doddaballapur APMC,Red gram split/Arhar dal/Tur dal,Arhar Dal(Tur),Medium,31/07/2026,12540,14370,12540
Karnataka,Bengaluru Rural,Doddaballapur APMC,Maize,Local,FAQ,31/07/2026,2680,2680,2680
Karnataka,Raichur,Sindhanur APMC,Rice,Sona Masuri (OLD),FAQ,31/07/2026,5000,5000,5000
Karnataka,Kolar,Bangarpet APMC,Onion,Onion,Local,31/07/2026,2000,2700,2500
Karnataka,Kolar,Bangarpet APMC,Brinjal,Brinjal,Local,31/07/2026,700,1500,1000
Karnataka,Kolar,Bangarpet APMC,Tomato,Tomato,Local,31/07/2026,500,1000,800
Karnataka,Kolar,Bangarpet APMC,Beans,Beans (Whole),Local,31/07/2026,6000,7500,7000
Karnataka,Kolar,Bangarpet APMC,Carrot,Carrot,Local,31/07/2026,3000,3700,3500
Karnataka,Kolar,Bangarpet APMC,Cucumbar(Kheera),Cucumbar,Local,31/07/2026,1000,1500,1100
Karnataka,Kolar,Bangarpet APMC,Ridgeguard(Tori),Ridgeguard(Tori),Local,31/07/2026,3200,3700,3500
Karnataka,Kolar,Bangarpet APMC,Raddish,Raddish,Local,31/07/2026,1500,2300,2000
Karnataka,Mysuru,Periyapatna APMC,Ginger(Green),Green Ginger,Medium,31/07/2026,1500,1500,1500
Karnataka,Bengaluru South,Ramanagara APMC,Brinjal,Round,Local,31/07/2026,1600,2200,2000
Karnataka,Bengaluru South,Ramanagara APMC,Bitter gourd,Bitter Gourd,Local,31/07/2026,3500,4400,4000
Karnataka,Bengaluru South,Ramanagara APMC,Ladies Finger,Ladies Finger,Local,31/07/2026,1600,2800,2400
Karnataka,Bengaluru South,Ramanagara APMC,Snakeguard,Snakeguard,Local,31/07/2026,1600,2400,2000
Karnataka,Bengaluru South,Ramanagara APMC,Raddish,Raddish,Local,31/07/2026,1600,2500,2000
Karnataka,Bengaluru South,Ramanagara APMC,Capsicum,Capsicum,Local,31/07/2026,3000,4500,4000
Karnataka,Bengaluru South,Ramanagara APMC,Knool Khol,Knool Khol,Local,31/07/2026,2400,3500,3000
Karnataka,Shivamogga,APMC THIRTHAHALLI,Rice,Broken Rice,Local,31/07/2026,2500,2500,2500
Karnataka,Shivamogga,APMC THIRTHAHALLI,Arecanut(Betelnut/Supari),Sippegotu,Local,31/07/2026,12000,14000,14000
Karnataka,Mandya,Srirangapattana APMC,Paddy(Common),Jaya,Local,31/07/2026,1800,3350,2600
Karnataka,Mandya,Srirangapattana APMC,Gur(Jaggery),Kurikatu,Local,31/07/2026,4000,4000,4000
Keralam,Kozhikode(Calicut),Mukkom Market,Pineapple,Other,Large,31/07/2026,7800,8500,8000
Keralam,Kozhikode(Calicut),Mukkom Market,Pumpkin,Pumpkin,FAQ,31/07/2026,1600,2000,1800
Keralam,Kozhikode(Calicut),Mukkom Market,Amaranthus,Amaranthus,FAQ,31/07/2026,3000,3400,3200
Keralam,Kozhikode(Calicut),Mukkom Market,Banana - Green,Banana - Green,FAQ,31/07/2026,3400,3800,3500
Keralam,Kozhikode(Calicut),Mukkom Market,Beetroot,Beetroot,FAQ,31/07/2026,5000,5400,5200
Keralam,Ernakulam,Thrippunithura Market,Ashgourd,Ashgourd,Medium,31/07/2026,3000,4000,3200
Keralam,Ernakulam,Thrippunithura Market,Banana - Green,Banana - Green,Medium,31/07/2026,5800,8000,6000
Keralam,Ernakulam,Thrippunithura Market,Bottle gourd,Bottle Gourd,Medium,31/07/2026,4500,6000,4800
Keralam,Ernakulam,Thrippunithura Market,Elephant Yam(Suran)/Amorphophallus,Amorphophallus,Medium,31/07/2026,6000,7000,6200
Keralam,Kozhikode(Calicut),Kallachi Market,Brinjal,Brinjal,FAQ,31/07/2026,2800,3200,3000
Keralam,Kozhikode(Calicut),Kallachi Market,Amaranthus,Amaranthus,FAQ,31/07/2026,3600,4000,3800
Keralam,Kozhikode(Calicut),Kallachi Market,Onion,Big,FAQ,31/07/2026,2800,3200,3000
Keralam,Kozhikode(Calicut),Kallachi Market,Elephant Yam(Suran)/Amorphophallus,Amorphophallus,FAQ,31/07/2026,4600,5000,4800
Keralam,Alappuzha,Harippad Market,Brinjal,Brinjal,FAQ,31/07/2026,6000,6500,6000
Keralam,Thiruvananthapuram,Vamanapuram Market,Tapioca,Other,Local,31/07/2026,4000,4500,4500
Keralam,Thiruvananthapuram,Vamanapuram Market,Beetroot,Other,FAQ,31/07/2026,3500,4000,3500
Keralam,Thiruvananthapuram,Vamanapuram Market,Banana - Green,Other,Local,31/07/2026,5500,6000,6000
Keralam,Ernakulam,Amalapuram  VFPCK Market,Cowpea(Veg),Cowpea (Veg),FAQ,31/07/2026,5200,6000,5300
Keralam,Kannur,Kannur Market,Banana - Green,Other,Grade A,31/07/2026,4700,5200,4900
Keralam,Kannur,Kannur Market,Black pepper,Other,Grade Range-1,31/07/2026,65000,67000,66000
Keralam,Kannur,Kannur Market,Bitter gourd,Bitter Gourd,Grade A,31/07/2026,6000,6600,6300
Keralam,Wayanad,Pulpally Market,Rubber,Other,Local,31/07/2026,24600,24800,24700
Keralam,Wayanad,Pulpally Market,Ashgourd,Ashgourd,Local,31/07/2026,1800,2000,1900
Keralam,Wayanad,Pulpally Market,Brinjal,Other,Local,31/07/2026,1600,1800,1700
Keralam,Wayanad,Pulpally Market,Banana - Green,Other,Medium,31/07/2026,1600,1800,1700
Keralam,Idukki,Munnar Market,Onion,Big,Medium,31/07/2026,4000,4000,4000
Keralam,Idukki,Munnar Market,Onion Green,Onion Green,Medium,31/07/2026,4500,4500,4500
Keralam,Alappuzha,Chengannur Market,Banana - Green,Banana - Green,FAQ,31/07/2026,5400,5800,5500
Keralam,Alappuzha,Chengannur Market,Beetroot,Beetroot,Grade A,31/07/2026,5500,5800,5600
Keralam,Alappuzha,Chengannur Market,Garlic,Garlic,FAQ,31/07/2026,19800,20500,20000
Keralam,Alappuzha,Chengannur Market,Cowpea(Veg),Cowpea (Veg),FAQ,31/07/2026,4800,5100,5000
Keralam,Alappuzha,Chengannur Market,Onion,Small,FAQ,31/07/2026,6800,7100,7000
Keralam,Ernakulam,North Paravur Market,Alsandikai,Alsandikai,Medium,31/07/2026,3500,4500,4000
Keralam,Ernakulam,North Paravur Market,Bhindi(Ladies Finger),Bhindi,Medium,31/07/2026,3500,4500,4000
Keralam,Kozhikode(Calicut),Quilandy Market,Banana - Green,Other,FAQ,31/07/2026,5300,5400,5300
Keralam,Kozhikode(Calicut),Quilandy Market,Coriander(Leaves),Other,FAQ,31/07/2026,7800,8000,8000
Keralam,Kozhikode(Calicut),Quilandy Market,Drumstick,Other,FAQ,31/07/2026,5600,6000,5800
Keralam,Kozhikode(Calicut),Quilandy Market,French Beans(Frasbean),Other,FAQ,31/07/2026,6500,7000,6700
Keralam,Kozhikode(Calicut),Quilandy Market,Tomato,Other,FAQ,31/07/2026,1800,1900,1800
Keralam,Thirssur,Pazhayannur VFPCK Market,Cowpea(Veg),Cowpea (Veg),Grade A,31/07/2026,4500,6000,5500
Keralam,Kozhikode(Calicut),Mukkom Market,Banana,Other,Large,31/07/2026,6500,6900,6700
Keralam,Kozhikode(Calicut),Mukkom Market,Snakeguard,Snakeguard,FAQ,31/07/2026,3200,3600,3400
Keralam,Ernakulam,Thrippunithura Market,Snakeguard,Snakeguard,Medium,31/07/2026,4500,6000,4700
Keralam,Ernakulam,Thrippunithura Market,Tomato,Tomato,Medium,31/07/2026,3600,4000,3800
Keralam,Kozhikode(Calicut),Kallachi Market,Cauliflower,Other,FAQ,31/07/2026,3800,4200,4000
Keralam,Kozhikode(Calicut),Kallachi Market,Ashgourd,Ashgourd,FAQ,31/07/2026,1800,2200,2000
Keralam,Kozhikode(Calicut),Kallachi Market,Cluster beans,Cluster Beans,FAQ,31/07/2026,7000,7400,7200
Keralam,Alappuzha,Harippad Market,Ashgourd,Other,FAQ,31/07/2026,4000,4500,4000
Keralam,Alappuzha,Harippad Market,Bitter gourd,Other,FAQ,31/07/2026,6000,6500,6000
Keralam,Alappuzha,Harippad Market,Carrot,Other,FAQ,31/07/2026,8500,9000,8500
Keralam,Thiruvananthapuram,Vamanapuram Market,Brinjal,Other,Local,31/07/2026,3500,4000,3500
Keralam,Thiruvananthapuram,Vamanapuram Market,Cabbage,Cabbage,FAQ,31/07/2026,2500,3000,2500
Keralam,Kannur,Kannur Market,Brinjal,Other,Grade A,31/07/2026,2700,3100,2900
Keralam,Kannur,Payyannur Market,Black pepper,Other,Local,31/07/2026,64000,66000,65000
Keralam,Malappuram,Pallikkal VFPCK Market,Banana,Nendra Bale,Local,31/07/2026,3800,4000,3900
Keralam,Kottayam,Kattampak  VFPCK Market,Pineapple,Pine Apple,Grade A,31/07/2026,3800,4200,4000
Keralam,Malappuram,Kodakkad  VFPCK Market,Banana,Nendra Bale,Local,31/07/2026,3800,4000,3900
Keralam,Wayanad,Pulpally Market,Paddy(Common),Other,Local,31/07/2026,3120,3140,3130
Keralam,Thiruvananthapuram,Pappanchani VFPCK Market,Snakeguard,Other,Grade A,31/07/2026,3000,3000,3000
Keralam,Thiruvananthapuram,Pappanchani VFPCK Market,Cucumbar(Kheera),Cucumbar,Grade A,31/07/2026,4000,4000,4000
Keralam,Idukki,Munnar Market,Onion,Small,Medium,31/07/2026,6800,6800,6800
Keralam,Idukki,Munnar Market,Ginger(Green),Other,Medium,31/07/2026,12000,12000,12000
Keralam,Alappuzha,Chengannur Market,Bottle gourd,Other,FAQ,31/07/2026,2000,2300,2100
Keralam,Alappuzha,Chengannur Market,Tomato,Tomato,FAQ,31/07/2026,3900,4300,4000
Keralam,Alappuzha,Chengannur Market,Green Chilli,Green Chilly,FAQ,31/07/2026,4800,5100,5000
Keralam,Alappuzha,Chengannur Market,Mango(Raw-Ripe),Mango - Raw-Ripe,FAQ,31/07/2026,4400,4800,4500
Keralam,Alappuzha,Chengannur Market,Cucumbar(Kheera),Other,FAQ,31/07/2026,2300,2600,2400
Keralam,Alappuzha,Chengannur Market,Lemon,Lemon,FAQ,31/07/2026,7500,8200,8000
Keralam,Kannur,Kolayad VFPCK Market,Banana,Nendra Bale,Grade A,31/07/2026,5000,5000,5000
Keralam,Ernakulam,North Paravur Market,Elephant Yam(Suran)/Amorphophallus,Amorphophallus,Medium,31/07/2026,3000,4000,3500
Keralam,Ernakulam,North Paravur Market,Pineapple,Other,Medium,31/07/2026,5500,6000,5800
Keralam,Ernakulam,North Paravur Market,Coconut,Big,Local,31/07/2026,5800,7000,6200
Keralam,Ernakulam,North Paravur Market,Ashgourd,Ashgourd,Medium,31/07/2026,1800,2500,2000
Keralam,Ernakulam,North Paravur Market,Amaranthus,Amaranthus,Local,31/07/2026,2200,3000,2500
Keralam,Ernakulam,North Paravur Market,Banana - Green,Banana - Green,Medium,31/07/2026,3200,4000,3500
Keralam,Ernakulam,North Paravur Market,Brinjal,Arkasheela Mattigulla,Medium,31/07/2026,3500,4000,3800
Keralam,Kozhikode(Calicut),Quilandy Market,Bitter gourd,Other,FAQ,31/07/2026,5700,6000,5800
Keralam,Kozhikode(Calicut),Quilandy Market,Elephant Yam(Suran)/Amorphophallus,Other,FAQ,31/07/2026,4500,5000,4800
Keralam,Kozhikode(Calicut),Quilandy Market,Ginger(Green),Other,FAQ,31/07/2026,20000,20000,20000
Keralam,Kozhikode(Calicut),Quilandy Market,Raddish,Other,FAQ,31/07/2026,2200,2400,2200
Keralam,Kozhikode(Calicut),Quilandy Market,Snakeguard,Other,FAQ,31/07/2026,3900,4200,4000
Keralam,Kozhikode(Calicut),Mukkom Market,Grapes,Other,Large,31/07/2026,8000,8500,8200
Keralam,Kozhikode(Calicut),Mukkom Market,Apple,Other,Large,31/07/2026,25000,26000,25500
Keralam,Kozhikode(Calicut),Mukkom Market,Brinjal,Brinjal,FAQ,31/07/2026,4000,4500,4200
Keralam,Kozhikode(Calicut),Mukkom Market,Cabbage,Cabbage,FAQ,31/07/2026,3200,3500,3300
Keralam,Kozhikode(Calicut),Mukkom Market,Ginger(Green),Green Ginger,FAQ,31/07/2026,18000,19000,18500
Keralam,Kozhikode(Calicut),Mukkom Market,Green Chilli,Green Chilly,FAQ,31/07/2026,4400,4800,4600
Keralam,Kozhikode(Calicut),Perambra Market,Elephant Yam(Suran)/Amorphophallus,Amorphophallus,FAQ,31/07/2026,4500,5500,5000
Keralam,Ernakulam,Thrippunithura Market,Cabbage,Cabbage,Medium,31/07/2026,5000,6000,5200
Keralam,Ernakulam,Thrippunithura Market,Carrot,Carrot,Medium,31/07/2026,10500,11000,10700
Keralam,Ernakulam,Thrippunithura Market,Cauliflower,Cauliflower,Medium,31/07/2026,5000,6000,5200
Keralam,Ernakulam,Thrippunithura Market,Onion,Big,Medium,31/07/2026,3400,4000,3600
Keralam,Ernakulam,Thrippunithura Market,Cucumbar(Kheera),Cucumbar,Medium,31/07/2026,3000,4000,3200
Keralam,Ernakulam,Thrippunithura Market,Little gourd(Kundru),Other,Medium,31/07/2026,6000,7000,6200
Keralam,Ernakulam,Thrippunithura Market,Ginger(Green),Green Ginger,Medium,31/07/2026,21000,28000,23000
Keralam,Ernakulam,Thrippunithura Market,Pumpkin,Pumpkin,Medium,31/07/2026,3000,4000,3200
Keralam,Ernakulam,Thrippunithura Market,Tapioca,Tapioca,Medium,31/07/2026,3500,4000,3700
Keralam,Kozhikode(Calicut),Kallachi Market,Ginger(Green),Green Ginger,FAQ,31/07/2026,17800,18200,18000
Keralam,Kozhikode(Calicut),Kallachi Market,Beetroot,Beetroot,FAQ,31/07/2026,4800,5200,5000
Keralam,Kozhikode(Calicut),Kallachi Market,Carrot,Carrot,FAQ,31/07/2026,9300,9700,9500
Keralam,Kozhikode(Calicut),Kallachi Market,Cucumbar(Kheera),Cucumbar,FAQ,31/07/2026,1600,2000,1800
Keralam,Kozhikode(Calicut),Kallachi Market,Snakeguard,Snakeguard,FAQ,31/07/2026,3800,4200,4000
Keralam,Thiruvananthapuram,Vamanapuram Market,Carrot,Other,FAQ,31/07/2026,4500,5000,4500
Keralam,Ernakulam,Nedungapra  VFPCK Market,Banana,Nendra Bale,Grade A,31/07/2026,1000,5600,3800
Keralam,Ernakulam,Nedungapra  VFPCK Market,Banana,Palayamthodan,Grade A,31/07/2026,1500,3600,2800
Keralam,Kannur,Kannur Market,Coconut Oil,Other,Grade Range-1,31/07/2026,27500,28500,28000
Keralam,Kannur,Kannur Market,Onion,Onion,Grade A,31/07/2026,3500,3700,3600
Keralam,Kannur,Payyannur Market,Banana - Green,Other,Local,31/07/2026,6100,6300,6200
Keralam,Wayanad,Pulpally Market,Bitter gourd,Other,Local,31/07/2026,3600,3800,3700
Keralam,Wayanad,Pulpally Market,Green Chilli,Other,Medium,31/07/2026,3600,3800,3700
Keralam,Idukki,Munnar Market,Mango(Raw-Ripe),Mango - Raw-Ripe,Medium,31/07/2026,6000,6000,6000
Keralam,Idukki,Munnar Market,Green Avare(W),Green Avare (W),Medium,31/07/2026,6500,6500,6500
Keralam,Alappuzha,Chengannur Market,Coconut,Big,FAQ,31/07/2026,5400,5700,5500
Keralam,Alappuzha,Chengannur Market,Capsicum,Other,FAQ,31/07/2026,6000,6800,6500
Keralam,Alappuzha,Chengannur Market,Banana - Green,Other,FAQ,31/07/2026,4900,5200,5000
Keralam,Alappuzha,Chengannur Market,Cauliflower,Other,FAQ,31/07/2026,3900,4300,4000
Keralam,Alappuzha,Chengannur Market,Colacasia,Colacasia,FAQ,31/07/2026,7500,8200,8000
Keralam,Alappuzha,Chengannur Market,Ginger(Green),Green Ginger,FAQ,31/07/2026,15000,15800,15500
Keralam,Alappuzha,Chengannur Market,Cluster beans,Cluster Beans,FAQ,31/07/2026,5800,6100,6000
Keralam,Alappuzha,Chengannur Market,Potato,Potato,FAQ,31/07/2026,2900,3200,3000
Keralam,Alappuzha,Chengannur Market,Pumpkin,Other,FAQ,31/07/2026,1900,2200,2000
Keralam,Ernakulam,North Paravur Market,Cauliflower,African Sarson,FAQ,31/07/2026,3500,4000,3800
Keralam,Ernakulam,North Paravur Market,Cabbage,Cabbage,FAQ,31/07/2026,3800,4500,4000
Keralam,Ernakulam,North Paravur Market,Colacasia,Colacasia,Small,31/07/2026,4800,5500,5000
Keralam,Kozhikode(Calicut),Quilandy Market,Amaranthus,Other,FAQ,31/07/2026,3400,3500,3400
Keralam,Kozhikode(Calicut),Quilandy Market,Beetroot,Other,FAQ,31/07/2026,4700,5000,4900
Keralam,Kozhikode(Calicut),Quilandy Market,Cluster beans,Other,FAQ,31/07/2026,3800,4200,4000
Keralam,Kozhikode(Calicut),Quilandy Market,Brinjal,Other,FAQ,31/07/2026,3800,4100,4000
Keralam,Kozhikode(Calicut),Mukkom Market,Orange,Other,Large,31/07/2026,20000,22000,21000
Keralam,Kozhikode(Calicut),Mukkom Market,Coconut,Other,FAQ,31/07/2026,5100,5300,5200
Keralam,Kozhikode(Calicut),Mukkom Market,Bhindi(Ladies Finger),Bhindi,FAQ,31/07/2026,4000,4300,4200
Keralam,Kozhikode(Calicut),Mukkom Market,Bottle gourd,Bottle Gourd,FAQ,31/07/2026,2600,3000,2700
Keralam,Kozhikode(Calicut),Mukkom Market,Cowpea(Veg),Cowpea (Veg),FAQ,31/07/2026,5000,5400,5200
Keralam,Ernakulam,Thrippunithura Market,Colacasia,Other,Medium,31/07/2026,6000,7000,6200
Keralam,Ernakulam,Thrippunithura Market,Beetroot,Beetroot,Medium,31/07/2026,7000,8500,7200
Keralam,Ernakulam,Thrippunithura Market,Capsicum,Capsicum,Medium,31/07/2026,8500,12000,10000
Keralam,Ernakulam,Thrippunithura Market,Cluster beans,Cluster Beans,Medium,31/07/2026,4500,6000,4700
Keralam,Ernakulam,Thrippunithura Market,Drumstick,Drumstick,Medium,31/07/2026,5000,8000,5200
Keralam,Ernakulam,Thrippunithura Market,Lemon,Other,Medium,31/07/2026,12000,14000,12500
Keralam,Ernakulam,Thrippunithura Market,Potato,Potato,Medium,31/07/2026,3600,4000,3600
Keralam,Ernakulam,Thrippunithura Market,Pineapple,Pine Apple,Medium,31/07/2026,7000,8000,7200
Keralam,Kozhikode(Calicut),Kallachi Market,Bottle gourd,Bottle Gourd,FAQ,31/07/2026,3400,3800,3600
Keralam,Kozhikode(Calicut),Kallachi Market,Banana - Green,Banana - Green,FAQ,31/07/2026,5800,6200,6000
Keralam,Kozhikode(Calicut),Kallachi Market,Cowpea(Veg),Cowpea (Veg),FAQ,31/07/2026,5000,5400,5200
Keralam,Kozhikode(Calicut),Kallachi Market,Green Chilli,Green Chilly,FAQ,31/07/2026,3800,4200,4000
Keralam,Alappuzha,Harippad Market,Amaranthus,Other,FAQ,31/07/2026,5000,5500,5000
Keralam,Alappuzha,Harippad Market,Bhindi(Ladies Finger),Other,FAQ,31/07/2026,4000,4500,4000
Keralam,Alappuzha,Harippad Market,Cabbage,Cabbage,FAQ,31/07/2026,4500,5000,4500
Keralam,Alappuzha,Harippad Market,Capsicum,Capsicum,FAQ,31/07/2026,10000,10500,10000
Keralam,Thiruvananthapuram,Vamanapuram Market,Bhindi(Ladies Finger),Other,FAQ,31/07/2026,3500,4000,3500
Keralam,Ernakulam,Amalapuram  VFPCK Market,Cucumbar(Kheera),Cucumbar,FAQ,31/07/2026,2800,3000,2900
Keralam,Ernakulam,Kunnukara  VFPCK Market,Banana,Nendra Bale,Grade A,31/07/2026,5700,5900,5800
Keralam,Kannur,Kannur Market,Cucumbar(Kheera),Cucumbar,Grade A,31/07/2026,3000,3400,3200
Keralam,Kannur,Kannur Market,Cowpea(Veg),Cowpea (Veg),Grade A,31/07/2026,5200,5500,5300
Keralam,Kannur,Payyannur Market,Coconut Seed,Other,Local,31/07/2026,5100,5300,5200
Keralam,Kannur,Payyannur Market,Copra,Other,Local,31/07/2026,13400,13600,13500
Keralam,Kannur,Payyannur Market,Ashgourd,Other,Local,31/07/2026,2100,2300,2200
Keralam,Kannur,Payyannur Market,Cucumbar(Kheera),Other,Local,31/07/2026,1600,1800,1700
Keralam,Kannur,Payyannur Market,Pumpkin,Other,Local,31/07/2026,1900,2100,2000
Keralam,Kannur,Payyannur Market,Tapioca,Other,Local,31/07/2026,4300,4500,4400
Keralam,Kottayam,Kattampak  VFPCK Market,Snakeguard,Snakeguard,Grade A,31/07/2026,1900,2200,2000
Keralam,Wayanad,Pulpally Market,Coffee,Other,Local,31/07/2026,20800,21000,20900
Keralam,Wayanad,Pulpally Market,Cucumbar(Kheera),Other,Local,31/07/2026,1500,1700,1600
Keralam,Wayanad,Pulpally Market,Black pepper,Ungrabled,Local,31/07/2026,67800,68000,67900
Keralam,Wayanad,Pulpally Market,Cowpea(Veg),Other,Local,31/07/2026,2600,2800,2700
Keralam,Wayanad,Pulpally Market,Pumpkin,Other,Local,31/07/2026,1100,1300,1200
Keralam,Thiruvananthapuram,Pappanchani VFPCK Market,Cowpea(Veg),Bean Barbati,Grade A,31/07/2026,8000,8000,8000
Keralam,Thiruvananthapuram,Pappanchani VFPCK Market,Amranthas Red,Chawli Lal,Grade A,31/07/2026,5000,5000,5000
Keralam,Idukki,Munnar Market,Mint(Pudina),Mint(Pudina),Medium,31/07/2026,9000,9000,9000
Keralam,Idukki,Munnar Market,Garlic,Other,Local,31/07/2026,15000,15000,15000
Keralam,Idukki,Munnar Market,Green Chilli,Other,Medium,31/07/2026,6800,6800,6800
Keralam,Idukki,Munnar Market,Little gourd(Kundru),Little gourd (Kundru),Medium,31/07/2026,6000,6000,6000
Keralam,Alappuzha,Chengannur Market,Cabbage,Other,FAQ,31/07/2026,3400,3700,3500
Keralam,Alappuzha,Chengannur Market,Colacasia,Other,FAQ,31/07/2026,5800,6100,6000
Keralam,Ernakulam,Kurumassery VFPCK Market,Banana,Nendra Bale,Grade A,31/07/2026,5300,5500,5400
Keralam,Ernakulam,Kurumassery VFPCK Market,Ashgourd,Ashgourd,Grade A,31/07/2026,1200,1400,1300
Keralam,Ernakulam,North Paravur Market,Amla(Nelli Kai),Amla,Medium,31/07/2026,7300,8000,7500
Keralam,Ernakulam,North Paravur Market,Black pepper,Garbled,Grade Range-1,31/07/2026,70000,80000,75000
Keralam,Ernakulam,North Paravur Market,Beetroot,Beetroot,FAQ,31/07/2026,5500,6500,6000
Keralam,Ernakulam,North Paravur Market,Capsicum,Capsicum,FAQ,31/07/2026,7000,8000,7500
Keralam,Ernakulam,North Paravur Market,Bottle gourd,Bottle Gourd,Medium,31/07/2026,2500,3000,2800
Keralam,Kozhikode(Calicut),Quilandy Market,Ashgourd,Other,FAQ,31/07/2026,1900,2000,2000
Keralam,Kozhikode(Calicut),Quilandy Market,Bhindi(Ladies Finger),Other,FAQ,31/07/2026,3800,4200,3900
Keralam,Kozhikode(Calicut),Quilandy Market,Carrot,Other,FAQ,31/07/2026,9200,9500,9300
Keralam,Kozhikode(Calicut),Quilandy Market,Cucumbar(Kheera),Other,FAQ,31/07/2026,3400,3500,3500
Keralam,Kozhikode(Calicut),Mukkom Market,Ashgourd,Other,FAQ,31/07/2026,1500,1700,1600
Keralam,Kozhikode(Calicut),Mukkom Market,Bitter gourd,Bitter Gourd,FAQ,31/07/2026,6800,7200,7000
Keralam,Kozhikode(Calicut),Mukkom Market,Carrot,Carrot,FAQ,31/07/2026,8000,8500,8200
Keralam,Kozhikode(Calicut),Mukkom Market,Cucumbar(Kheera),Cucumbar,FAQ,31/07/2026,2000,2200,2100
Keralam,Kozhikode(Calicut),Mukkom Market,Drumstick,Drumstick,FAQ,31/07/2026,5000,5400,5200
Keralam,Kozhikode(Calicut),Mukkom Market,Onion,Onion,FAQ,31/07/2026,3200,3400,3300
Keralam,Kozhikode(Calicut),Mukkom Market,Tomato,Tomato,FAQ,31/07/2026,1600,2000,1800
Keralam,Kozhikode(Calicut),Mukkom Market,Potato,Potato,FAQ,31/07/2026,2800,3200,3000
Keralam,Ernakulam,Thrippunithura Market,Bitter gourd,Bitter Gourd,Medium,31/07/2026,6000,7500,6400
Keralam,Ernakulam,Thrippunithura Market,Bhindi(Ladies Finger),Bhindi,Medium,31/07/2026,6000,6500,6200
Keralam,Ernakulam,Thrippunithura Market,Brinjal,Brinjal,Medium,31/07/2026,5500,7000,5700
Keralam,Ernakulam,Thrippunithura Market,Cowpea(Veg),Cowpea (Veg),Medium,31/07/2026,6000,7000,6200
Keralam,Ernakulam,Thrippunithura Market,Green Chilli,Green Chilly,Medium,31/07/2026,6000,10000,7000
Keralam,Ernakulam,Thrippunithura Market,Indian Beans(Seam),Other,Medium,31/07/2026,9500,10000,9700
Keralam,Ernakulam,Thrippunithura Market,Mango(Raw-Ripe),Mango - Raw-Ripe,Medium,31/07/2026,8000,10000,8500
Keralam,Kozhikode(Calicut),Kallachi Market,Potato,Other,FAQ,31/07/2026,2200,2600,2400
Keralam,Kozhikode(Calicut),Kallachi Market,Tomato,Tomato,FAQ,31/07/2026,1300,1700,1500
Keralam,Kozhikode(Calicut),Kallachi Market,Cabbage,Cabbage,FAQ,31/07/2026,3000,3400,3200
Keralam,Kozhikode(Calicut),Kallachi Market,Bhindi(Ladies Finger),Other,FAQ,31/07/2026,4100,4500,4300
Keralam,Kozhikode(Calicut),Kallachi Market,Bitter gourd,Bitter Gourd,FAQ,31/07/2026,5600,6000,5800
Keralam,Kozhikode(Calicut),Kallachi Market,Drumstick,Drumstick,FAQ,31/07/2026,4300,4700,4500
Keralam,Kozhikode(Calicut),Kallachi Market,Pumpkin,Pumpkin,FAQ,31/07/2026,1800,2200,2000
Keralam,Alappuzha,Harippad Market,Beetroot,Beetroot,FAQ,31/07/2026,5500,6000,5500
Keralam,Alappuzha,Harippad Market,Banana - Green,Other,FAQ,31/07/2026,4500,5000,4500
Keralam,Alappuzha,Harippad Market,Bottle gourd,Other,FAQ,31/07/2026,2000,2500,2000
Keralam,Thiruvananthapuram,Vamanapuram Market,Bitter gourd,Other,Local,31/07/2026,4500,5000,4500
Keralam,Ernakulam,Amalapuram  VFPCK Market,Banana,Nendra Bale,Grade A,31/07/2026,5500,5800,5600
Keralam,Ernakulam,Amalapuram  VFPCK Market,Bhindi(Ladies Finger),Bhindi,FAQ,31/07/2026,4800,5000,4900
Keralam,Ernakulam,Nedungapra  VFPCK Market,Banana,Poovan,Grade A,31/07/2026,3000,5000,4000
Keralam,Kannur,Kannur Market,Bhindi(Ladies Finger),Bhindi,Grade A,31/07/2026,4800,5200,5000
Keralam,Kannur,Payyannur Market,Arecanut(Betelnut/Supari),Other,Local,31/07/2026,41000,43000,42000
Keralam,Kannur,Payyannur Market,Amaranthus,Other,Local,31/07/2026,3900,4100,4000
Keralam,Malappuram,Vazhayur VFPCK Market,Banana,Nendra Bale,Local,31/07/2026,3800,4000,3900
Keralam,Wayanad,Pulpally Market,Banana,Other,Local,31/07/2026,2700,2900,2800
Keralam,Wayanad,Pulpally Market,Coconut,Coconut,Local,31/07/2026,5200,5400,5300
Keralam,Wayanad,Pulpally Market,Amaranthus,Other,Local,31/07/2026,2500,2700,2600
Keralam,Wayanad,Pulpally Market,Ginger(Green),Green Ginger,Local,31/07/2026,5600,5800,5700
Keralam,Idukki,Munnar Market,Elephant Yam(Suran)/Amorphophallus,Elephant Yam (Suran),Medium,31/07/2026,6900,6900,6900
Keralam,Idukki,Munnar Market,Groundnut pods(raw),Other,Medium,31/07/2026,6500,6500,6500
Keralam,Idukki,Munnar Market,Indian Beans(Seam),Indian Beans (Seam),Medium,31/07/2026,6500,6500,6500
Keralam,Idukki,Munnar Market,Lemon,Other,Medium,31/07/2026,6000,6000,6000
Keralam,Alappuzha,Chengannur Market,Elephant Yam(Suran)/Amorphophallus,Amorphophallus,Grade A,31/07/2026,4500,5000,4800
Keralam,Alappuzha,Chengannur Market,Ashgourd,Other,FAQ,31/07/2026,1900,2300,2000
Keralam,Alappuzha,Chengannur Market,Bitter gourd,Other,FAQ,31/07/2026,5800,6100,6000
Keralam,Alappuzha,Chengannur Market,Bhindi(Ladies Finger),Other,FAQ,31/07/2026,3500,4000,3800
Keralam,Alappuzha,Chengannur Market,Brinjal,Brinjal,FAQ,31/07/2026,3800,4100,4000
Keralam,Alappuzha,Chengannur Market,Snakeguard,Other,FAQ,31/07/2026,3500,4000,3800
Keralam,Alappuzha,Chengannur Market,Carrot,Other,FAQ,31/07/2026,6800,7100,7000
Keralam,Alappuzha,Chengannur Market,Drumstick,Other,FAQ,31/07/2026,3900,4200,4000
Keralam,Alappuzha,Chengannur Market,Onion,Big,FAQ,31/07/2026,2900,3200,3000
Keralam,Ernakulam,North Paravur Market,Bitter gourd,Bitter Gourd,Medium,31/07/2026,5500,6500,6000
Keralam,Ernakulam,North Paravur Market,Coriander(Leaves),Coriander,FAQ,31/07/2026,10000,11000,10500
Keralam,Ernakulam,North Paravur Market,Carrot,Carrot,FAQ,31/07/2026,10000,11000,10500
Keralam,Kozhikode(Calicut),Quilandy Market,Bottle gourd,Other,FAQ,31/07/2026,3900,4500,4100
Keralam,Kozhikode(Calicut),Quilandy Market,Cabbage,Other,FAQ,31/07/2026,3900,4000,4000
Keralam,Kozhikode(Calicut),Quilandy Market,Cauliflower,Other,FAQ,31/07/2026,3800,4000,4000
Keralam,Kozhikode(Calicut),Quilandy Market,Cowpea(Veg),Other,FAQ,31/07/2026,5700,6200,5800
Keralam,Kozhikode(Calicut),Quilandy Market,Green Chilli,Other,FAQ,31/07/2026,4500,5000,4600
Keralam,Kozhikode(Calicut),Quilandy Market,Pumpkin,Other,FAQ,31/07/2026,1900,2000,2000
Madhya Pradesh,Dewas,Bagli APMC,Maize,Yellow,Non-FAQ,31/07/2026,1380,1500,1500
Madhya Pradesh,Morena,Porsa APMC,Onion,Onion,FAQ,31/07/2026,1500,1500,1500
Madhya Pradesh,Dhar,Manawar(F&V) APMC,Onion,Onion,Grade B,31/07/2026,1500,2000,1615
Madhya Pradesh,Badwani,Sendhwa(F&V) APMC,Bhindi(Ladies Finger),Bhindi,Local,31/07/2026,900,1400,1100
Madhya Pradesh,Badwani,Sendhwa(F&V) APMC,Brinjal,Round,Small,31/07/2026,900,1300,1000
Madhya Pradesh,Badwani,Sendhwa(F&V) APMC,Cucumbar(Kheera),Cucumbar,Medium,31/07/2026,600,1000,800
Madhya Pradesh,Badwani,Sendhwa(F&V) APMC,Green Chilli,Green Chilly,Medium,31/07/2026,1000,1500,1300
Madhya Pradesh,Dhar,Manawar APMC,Wheat,Wheat,FAQ,31/07/2026,2630,2630,2630
Madhya Pradesh,Khandwa,Khandwa(F&V) APMC,Spinach,Spinach,FAQ,31/07/2026,400,650,500
Madhya Pradesh,Shivpuri,Shivpuri(F&V) APMC,Brinjal,Other,Grade B,31/07/2026,500,500,500
Madhya Pradesh,Shivpuri,Shivpuri(F&V) APMC,Bottle gourd,Other,Grade B,31/07/2026,1000,1000,1000
Madhya Pradesh,Umariya,Umariya APMC,Wheat,Wheat,FAQ,31/07/2026,2340,2360,2360
Madhya Pradesh,Morena,Kailaras APMC,Sponge gourd,Sponge gourd,FAQ,31/07/2026,1400,2000,2000
Madhya Pradesh,Morena,Kailaras APMC,Bhindi(Ladies Finger),Bhindi,FAQ,31/07/2026,1200,1800,1800
Madhya Pradesh,Bhind,Gohad APMC,Wheat,Wheat,FAQ,31/07/2026,2500,2500,2500
Madhya Pradesh,Dhar,Manawar(F&V) APMC,Potato,Potato,Grade B,31/07/2026,1150,1250,1194
Madhya Pradesh,Dhar,Manawar(F&V) APMC,Cauliflower,Cauliflower,Grade B,31/07/2026,1900,2500,2000
Madhya Pradesh,Dhar,Manawar(F&V) APMC,Tomato,Tomato,Grade B,31/07/2026,1800,2500,2000
Madhya Pradesh,Dhar,Manawar(F&V) APMC,Bitter gourd,Bitter Gourd,Grade B,31/07/2026,2500,3200,3000
Madhya Pradesh,Chhatarpur,Bakswaha APMC,Wheat,Mill Quality,Non-FAQ,31/07/2026,2300,2325,2325
Madhya Pradesh,Badwani,Sendhwa(F&V) APMC,Cauliflower,Cauliflower,Medium,31/07/2026,900,1300,1100
Madhya Pradesh,Badwani,Sendhwa(F&V) APMC,Onion,Red,Medium,31/07/2026,900,1300,1100
Madhya Pradesh,Dhar,Badnawar APMC,Garlic,Garlic,FAQ,31/07/2026,6500,6500,6500
Madhya Pradesh,Alirajpur,Alirajpur APMC,Wheat,Wheat,FAQ,31/07/2026,2400,2400,2400
Madhya Pradesh,Khandwa,Khandwa(F&V) APMC,Bitter gourd,Bitter Gourd,FAQ,31/07/2026,850,2000,1500
Madhya Pradesh,Khandwa,Khandwa(F&V) APMC,Pumpkin,Pumpkin,FAQ,31/07/2026,300,600,500
Madhya Pradesh,Shivpuri,Shivpuri(F&V) APMC,Ridgeguard(Tori),Other,Grade B,31/07/2026,1500,1500,1500
Madhya Pradesh,Shivpuri,Shivpuri(F&V) APMC,Tomato,Other,Grade B,31/07/2026,1500,1500,1500
Madhya Pradesh,Khandwa,Khandwa APMC,Onion,Local,FAQ,31/07/2026,500,600,600
Madhya Pradesh,Morena,Kailaras APMC,Potato,Other,FAQ,31/07/2026,600,600,600
Madhya Pradesh,Indore,Gautampura APMC,Wheat,Wheat,Non-FAQ,31/07/2026,2350,2350,2350
Madhya Pradesh,Damoh,Javera APMC,Wheat,Mill Quality,Non-FAQ,31/07/2026,2300,2300,2300
Madhya Pradesh,Bhind,Lahar APMC,Wheat,Wheat,FAQ,31/07/2026,2500,2510,2500
Madhya Pradesh,Rewa,Chaakghat APMC,Wheat,Mill Quality,FAQ,31/07/2026,2525,2525,2525
Madhya Pradesh,Dhar,Manawar(F&V) APMC,Cucumbar(Kheera),Cucumbar,Grade B,31/07/2026,600,800,647
Madhya Pradesh,Dhar,Manawar(F&V) APMC,Green Chilli,Green Chilly,Grade B,31/07/2026,1900,2500,2000
Madhya Pradesh,Dhar,Manawar(F&V) APMC,Tinda,Tinda,Grade B,31/07/2026,1150,1350,1250
Madhya Pradesh,Khargone,Bedia APMC,Chili Red,Red,Non-FAQ,31/07/2026,7000,8000,7500
Madhya Pradesh,Dhar,Manawar APMC,Kabuli Chana(Chickpeas-White),Dollar Gram,FAQ,31/07/2026,6671,6671,6671
Madhya Pradesh,Khargone,Kasrawad APMC,Red gram/Arhar/Tur(whole),Arhar Dal(Tur),FAQ,31/07/2026,8447.41,8447.41,8447.41
Madhya Pradesh,Khandwa,Khandwa(F&V) APMC,Bottle gourd,Bottle Gourd,FAQ,31/07/2026,400,800,500
Madhya Pradesh,Khandwa,Khandwa(F&V) APMC,Brinjal,Brinjal,FAQ,31/07/2026,500,1000,650
Madhya Pradesh,Khandwa,Khandwa(F&V) APMC,Green Chilli,Green Chilly,FAQ,31/07/2026,600,2000,1000
Madhya Pradesh,Shivpuri,Shivpuri(F&V) APMC,Bhindi(Ladies Finger),Other,Grade B,31/07/2026,2000,2000,2000
Madhya Pradesh,Shivpuri,Shivpuri(F&V) APMC,Cabbage,Other,Grade B,31/07/2026,1500,1500,1500
Madhya Pradesh,Shivpuri,Shivpuri(F&V) APMC,Cucumbar(Kheera),Cucumbar,Grade B,31/07/2026,700,700,700
Madhya Pradesh,Shivpuri,Shivpuri(F&V) APMC,Ginger(Green),Green Ginger,Grade C,31/07/2026,3000,3000,3000
Madhya Pradesh,Morena,Kailaras APMC,Spinach,Spinach,FAQ,31/07/2026,1000,1000,1000
Madhya Pradesh,Dhar,Kukshi APMC,Wheat,Wheat,FAQ,31/07/2026,2335,2335,2335
Madhya Pradesh,Dewas,Khategaon APMC,Bengal Gram(Gram)(Whole),Chana Kabuli,FAQ,31/07/2026,6485,6896,6896
Madhya Pradesh,Morena,Porsa APMC,Potato,Potato,FAQ,31/07/2026,500,600,600
Madhya Pradesh,Sagar,Shahagarh APMC,Wheat,Wheat,Non-FAQ,31/07/2026,2500,2500,2500
Madhya Pradesh,Rewa,Chaakghat APMC,Lak(Teora),Tiwada,FAQ,31/07/2026,3000,3000,3000
Madhya Pradesh,Dhar,Manawar(F&V) APMC,Bhindi(Ladies Finger),Bhindi,Grade B,31/07/2026,900,1200,1000
Madhya Pradesh,Dhar,Manawar(F&V) APMC,Pumpkin,Pumpkin,Grade B,31/07/2026,700,800,714
Madhya Pradesh,Dhar,Manawar(F&V) APMC,Brinjal,Brinjal,Grade B,31/07/2026,700,900,757
Madhya Pradesh,Dhar,Manawar(F&V) APMC,Baby Corn,Baby Corn,Grade B,31/07/2026,900,1200,1000
Madhya Pradesh,Badwani,Sendhwa(F&V) APMC,Cabbage,Cabbage,Medium,31/07/2026,900,1200,1000
Madhya Pradesh,Badwani,Sendhwa(F&V) APMC,Pumpkin,Pumpkin,Large,31/07/2026,900,1300,1100
Madhya Pradesh,Dhar,Manawar APMC,Kabuli Chana(Chickpeas-White),Dollar Gram,Non-FAQ,31/07/2026,6780,6780,6780
Madhya Pradesh,Khandwa,Khandwa(F&V) APMC,Cauliflower,Cauliflower,FAQ,31/07/2026,700,1500,800
Madhya Pradesh,Khandwa,Khandwa(F&V) APMC,Sponge gourd,Sponge gourd,FAQ,31/07/2026,800,1600,1000
Madhya Pradesh,Shivpuri,Shivpuri(F&V) APMC,Potato,Other,Grade B,31/07/2026,600,600,600
Madhya Pradesh,Khargone,Khargone APMC,Neem Seed,Neem Seed,Non-FAQ,31/07/2026,1200,1211,1211
Madhya Pradesh,Mandsaur,Mandsaur APMC,Garlic,Garlic,Non-FAQ,31/07/2026,5800,10800,10800
Madhya Pradesh,Umariya,Umariya APMC,Wheat,Other,Non-FAQ,31/07/2026,2200,2200,2200
Madhya Pradesh,Morena,Kailaras APMC,Coriander(Leaves),Coriander,FAQ,31/07/2026,3000,3000,3000
Madhya Pradesh,Morena,Kailaras APMC,Cabbage,Cabbage,FAQ,31/07/2026,1200,1200,1200
Madhya Pradesh,Morena,Kailaras APMC,Colacasia,Arabi,FAQ,31/07/2026,1400,1400,1400
Madhya Pradesh,Khandwa,Mundi APMC,Wheat,Wheat,FAQ,31/07/2026,2600,2600,2600
Madhya Pradesh,Sidhi,Sidhi APMC,Wheat,Mill Quality,Non-FAQ,31/07/2026,2400,2420,2410
Madhya Pradesh,Rajgarh,Sarangpur APMC,Wheat,Mill Quality,FAQ,31/07/2026,2545,2650,2650
Madhya Pradesh,Dhar,Manawar(F&V) APMC,Cabbage,Cabbage,Grade B,31/07/2026,1400,1700,1500
Madhya Pradesh,Dhar,Manawar(F&V) APMC,Sponge gourd,Sponge gourd,Grade B,31/07/2026,1000,1300,1100
Madhya Pradesh,Dhar,Manawar(F&V) APMC,Coriander(Leaves),Coriander,Grade B,31/07/2026,2400,3000,2500
Madhya Pradesh,Harda,Sirali(F&V) APMC,Brinjal,Brinjal,Grade A,31/07/2026,1000,1000,1000
Madhya Pradesh,Badwani,Sendhwa(F&V) APMC,Bottle gourd,Bottle Gourd,Medium,31/07/2026,700,1100,900
Madhya Pradesh,Badwani,Sendhwa(F&V) APMC,Tinda,Tinda,Medium,31/07/2026,800,1200,1000
Madhya Pradesh,Sehore,Shyampur APMC,Wheat,Mill Quality,FAQ,31/07/2026,2460,2460,2460
Madhya Pradesh,Dhar,Badnawar APMC,Onion,Onion,Non-FAQ,31/07/2026,1000,2351,2351
Madhya Pradesh,Alirajpur,Jobat APMC,Soyabean,Soyabeen,FAQ,31/07/2026,6200,6200,6200
Madhya Pradesh,Khandwa,Khandwa(F&V) APMC,Bhindi(Ladies Finger),Bhindi,FAQ,31/07/2026,1000,2500,1400
Madhya Pradesh,Khandwa,Khandwa(F&V) APMC,Potato,Potato,FAQ,31/07/2026,350,850,500
Madhya Pradesh,Khandwa,Khandwa(F&V) APMC,Cabbage,Cabbage,FAQ,31/07/2026,300,600,420
Madhya Pradesh,Khandwa,Khandwa(F&V) APMC,Tomato,Tomato,FAQ,31/07/2026,800,2200,1495
Madhya Pradesh,Shivpuri,Shivpuri(F&V) APMC,Raddish,Raddish,Grade B,31/07/2026,700,700,700
Madhya Pradesh,Shivpuri,Shivpuri(F&V) APMC,Pumpkin,Other,Grade B,31/07/2026,500,500,500
Madhya Pradesh,Satna,Satna APMC,Wheat,Wheat,FAQ,31/07/2026,2566,2575,2575
Madhya Pradesh,Morena,Kailaras APMC,Tomato,Other,FAQ,31/07/2026,2000,2000,2000
Madhya Pradesh,Morena,Kailaras APMC,Bottle gourd,Other,FAQ,31/07/2026,1000,1400,1400
Madhya Pradesh,Morena,Kailaras APMC,Brinjal,Other,FAQ,31/07/2026,600,700,700
Maharashtra,Sangli,Vita APMC,Bhindi(Ladies Finger),Other,Local,31/07/2026,3000,3200,3000
Maharashtra,Mumbai,Mumbai APMC,Cauliflower,Other,Local,31/07/2026,1000,1600,1300
Maharashtra,Mumbai,Mumbai APMC,Cabbage,Other,Local,31/07/2026,1400,1800,1600
Maharashtra,Mumbai,Mumbai APMC,Pumpkin,Other,Local,31/07/2026,800,1200,1000
Maharashtra,Pune,Khed(Chakan) APMC,Chilly Capsicum,Other,Local,31/07/2026,2000,4000,3000
Maharashtra,Pune,Pune(Moshi) APMC,Banana,Other,Local,31/07/2026,3000,9000,6000
Maharashtra,Pune,Pune(Moshi) APMC,Orange,Other,Local,31/07/2026,7000,7000,7000
Maharashtra,Pune,Pune(Moshi) APMC,Potato,Local,Local,31/07/2026,1000,1500,1250
Maharashtra,Pune,Pune(Moshi) APMC,Carrot,Other,Local,31/07/2026,2000,3000,2500
Maharashtra,Pune,Pune(Moshi) APMC,Onion,Local,Local,31/07/2026,1000,2500,1750
Maharashtra,Pune,Pune(Moshi) APMC,Chilly Capsicum,Other,Local,31/07/2026,2000,3000,2500
Maharashtra,Pune,Pune(Moshi) APMC,Drumstick,Other,Local,31/07/2026,4000,5000,4500
Maharashtra,Pune,Pune(Moshi) APMC,Elephant Yam(Suran)/Amorphophallus,Other,Local,31/07/2026,2000,2000,2000
Maharashtra,Ratnagiri,Ratnagiri (Nachane) APMC,Green Chilli,Other,Local,31/07/2026,4000,7000,6000
Maharashtra,Ratnagiri,Ratnagiri (Nachane) APMC,Cauliflower,Other,Local,31/07/2026,2000,3000,2500
Maharashtra,Ratnagiri,Ratnagiri (Nachane) APMC,Cucumbar(Kheera),Other,Local,31/07/2026,1000,2000,1500
Maharashtra,Ratnagiri,Ratnagiri (Nachane) APMC,Cabbage,Other,Local,31/07/2026,1500,2500,2000
Maharashtra,Pune,Pune(Khadiki) APMC,Guar,Other,Local,31/07/2026,2000,2500,2250
Maharashtra,Satara,Patan APMC,Ginger(Green),Other,Local,31/07/2026,1500,2500,2000
Maharashtra,Nagpur,Kalmeshwar APMC,Tomato,Other,Local,31/07/2026,1020,1500,1310
Maharashtra,Pune,Pune(Pimpri) APMC,Onion,Local,Local,31/07/2026,2300,2300,2300
Maharashtra,Sangli,Vita APMC,Brinjal,Other,Local,31/07/2026,1500,2000,1600
Maharashtra,Mumbai,Mumbai APMC,Lime,Other,Local,31/07/2026,2000,3000,2500
Maharashtra,Mumbai,Mumbai APMC,Bhindi(Ladies Finger),Other,Local,31/07/2026,4000,5000,4500
Maharashtra,Mumbai,Mumbai APMC,Onion Green,Other,Local,31/07/2026,1200,1200,1200
Maharashtra,Pune,Khed(Chakan) APMC,Bhindi(Ladies Finger),Other,Local,31/07/2026,2000,4000,3000
Maharashtra,Pune,Pune(Moshi) APMC,Mango,Other,Local,31/07/2026,4000,10000,7000
Maharashtra,Pune,Pune(Moshi) APMC,Lime,Other,Local,31/07/2026,2000,2000,2000
Maharashtra,Pune,Pune(Moshi) APMC,Ginger(Green),Other,Local,31/07/2026,5000,10000,7500
Maharashtra,Pune,Pune(Moshi) APMC,Bottle gourd,Other,Local,31/07/2026,1000,3000,2000
Maharashtra,Pune,Pune(Moshi) APMC,Cabbage,Other,Local,31/07/2026,1000,2000,1500
Maharashtra,Pune,Pune(Moshi) APMC,Pointed gourd(Parval),Other,Local,31/07/2026,3000,3000,3000
Maharashtra,Ratnagiri,Ratnagiri (Nachane) APMC,Ginger(Green),Other,Local,31/07/2026,4000,10000,9000
Maharashtra,Ratnagiri,Ratnagiri (Nachane) APMC,Guar,Other,Local,31/07/2026,3000,4000,3500
Maharashtra,Ratnagiri,Ratnagiri (Nachane) APMC,Brinjal,Other,Local,31/07/2026,1000,2500,2000
Maharashtra,Satara,Patan APMC,Green Chilli,Other,Local,31/07/2026,2500,3500,3000
Maharashtra,Palghar,Vasai APMC,Rice,1009 Kar,Local,31/07/2026,3390,4750,4260
Maharashtra,Nagpur,Kalmeshwar APMC,Cabbage,Other,Local,31/07/2026,1565,2000,1835
Maharashtra,Nagpur,Kalmeshwar APMC,Pumpkin,Other,Local,31/07/2026,810,1200,1030
Maharashtra,Nagpur,Kalmeshwar APMC,Green Chilli,Other,Local,31/07/2026,3025,3500,3345
Maharashtra,Pune,Pune(Pimpri) APMC,Coriander(Leaves),Other,Local,31/07/2026,8,11,10
Maharashtra,Pune,Pune(Pimpri) APMC,Spinach,Other,Local,31/07/2026,6,7,7
Maharashtra,Raigad,Murud APMC,Rice,Other,Local,31/07/2026,4000,4500,4250
Maharashtra,Sangli,Vita APMC,Tomato,Other,Local,31/07/2026,1000,1200,1000
Maharashtra,Mumbai,Mumbai APMC,Sweet Pumpkin,Other,Local,31/07/2026,800,1600,1200
Maharashtra,Mumbai,Mumbai APMC,Bottle gourd,Other,Local,31/07/2026,2000,3000,2500
Maharashtra,Mumbai,Mumbai APMC,French Beans(Frasbean),Other,Local,31/07/2026,5000,7000,6000
Maharashtra,Mumbai,Mumbai APMC,Carrot,Other,Local,31/07/2026,1800,2200,2000
Maharashtra,Mumbai,Mumbai APMC,Beans,Other,Local,31/07/2026,4000,5000,4500
Maharashtra,Mumbai,Mumbai APMC,Cucumbar(Kheera),Other,Local,31/07/2026,1600,2000,1800
Maharashtra,Mumbai,Mumbai APMC,Banana - Green,Other,Local,31/07/2026,2600,3200,2900
Maharashtra,Pune,Khed(Chakan) APMC,Cucumbar(Kheera),Other,Local,31/07/2026,1000,1500,1200
Maharashtra,Pune,Khed(Chakan) APMC,Bitter gourd,Other,Local,31/07/2026,2000,3000,2500
Maharashtra,Pune,Khed(Chakan) APMC,Cabbage,Other,Local,31/07/2026,1000,1500,1200
Maharashtra,Pune,Khed(Chakan) APMC,Ridgeguard(Tori),Other,Local,31/07/2026,2000,4000,3000
Maharashtra,Pune,Pune(Moshi) APMC,Pomegranate,Other,Local,31/07/2026,8000,10000,9000
Maharashtra,Pune,Pune(Moshi) APMC,Plum,Other,Local,31/07/2026,10000,10000,10000
Maharashtra,Pune,Pune(Moshi) APMC,Apple,Other,Local,31/07/2026,15000,22000,18500
Maharashtra,Pune,Pune(Moshi) APMC,Beans,Other,Local,31/07/2026,4000,5000,4500
Maharashtra,Pune,Pune(Moshi) APMC,Little gourd(Kundru),Other,Local,31/07/2026,2500,2500,2500
Maharashtra,Pune,Pune(Moshi) APMC,Brinjal,Other,Local,31/07/2026,1000,2000,1500
Maharashtra,Pune,Pune(Moshi) APMC,Green Chilli,Other,Local,31/07/2026,2000,3000,2500
Maharashtra,Ratnagiri,Ratnagiri (Nachane) APMC,Bhindi(Ladies Finger),Other,Local,31/07/2026,3000,4000,3500
Maharashtra,Pune,Pune(Khadiki) APMC,Potato,Local,Local,31/07/2026,700,1200,950
Maharashtra,Nagpur,Kalmeshwar APMC,Spinach,Other,Local,31/07/2026,1405,1800,1650
Maharashtra,Nagpur,Kalmeshwar APMC,Brinjal,Other,Local,31/07/2026,1030,1500,1350
Maharashtra,Pune,Pune(Pimpri) APMC,Cucumbar(Kheera),Other,Local,31/07/2026,2000,2000,2000
Maharashtra,Pune,Pune(Pimpri) APMC,Brinjal,Other,Local,31/07/2026,2500,3500,3000
Maharashtra,Sangli,Vita APMC,Onion,Other,Local,31/07/2026,2000,3000,2600
Maharashtra,Sangli,Vita APMC,Green Chilli,Other,Local,31/07/2026,2500,3000,2800
Maharashtra,Ahilyanagar,Rahuri APMC,Tomato,Other,Local,31/07/2026,1500,2000,1750
Maharashtra,Beed,Kada APMC,Wheat,Other,Non-FAQ,31/07/2026,2200,2550,2500
Maharashtra,Mumbai,Mumbai APMC,Ginger(Green),Other,Local,31/07/2026,7000,14000,10500
Maharashtra,Mumbai,Mumbai APMC,Guar,Other,Local,31/07/2026,4000,7000,5500
Maharashtra,Pune,Khed(Chakan) APMC,Cauliflower,Other,Local,31/07/2026,800,1600,1200
Maharashtra,Pune,Khed(Chakan) APMC,Drumstick,Other,Local,31/07/2026,3000,4000,3500
Maharashtra,Pune,Khed(Chakan) APMC,Brinjal,Other,Local,31/07/2026,1500,2500,2000
Maharashtra,Pune,Pune(Moshi) APMC,Mousambi(Sweet Lime),Other,Local,31/07/2026,5000,5000,5000
Maharashtra,Pune,Pune(Moshi) APMC,Pear(Marasebu),Other,Local,31/07/2026,10000,10000,10000
Maharashtra,Pune,Pune(Moshi) APMC,Seetapal,Other,Local,31/07/2026,8000,8000,8000
Maharashtra,Pune,Pune(Moshi) APMC,Amla(Nelli Kai),Other,Local,31/07/2026,4000,4000,4000
Maharashtra,Pune,Pune(Moshi) APMC,Beetroot,Other,Local,31/07/2026,2500,3000,2750
Maharashtra,Pune,Pune(Moshi) APMC,Bhindi(Ladies Finger),Other,Local,31/07/2026,1500,3000,2250
Maharashtra,Pune,Pune(Moshi) APMC,Guar,Other,Local,31/07/2026,4000,5000,4500
Maharashtra,Pune,Pune(Moshi) APMC,Cucumbar(Kheera),Other,Local,31/07/2026,1000,2000,1500
Maharashtra,Pune,Pune(Moshi) APMC,Sweet Potato,Other,Local,31/07/2026,2000,2000,2000
Maharashtra,Ratnagiri,Ratnagiri (Nachane) APMC,Carrot,Other,Local,31/07/2026,2500,3000,2800
Maharashtra,Ratnagiri,Ratnagiri (Nachane) APMC,Chilly Capsicum,Other,Local,31/07/2026,3500,4500,4000
Maharashtra,Ratnagiri,Ratnagiri (Nachane) APMC,Tomato,Other,Local,31/07/2026,1000,1300,1200
Maharashtra,Pune,Pune(Khadiki) APMC,Bhindi(Ladies Finger),Other,Local,31/07/2026,1600,2200,1900
Maharashtra,Satara,Patan APMC,Brinjal,Other,Local,31/07/2026,1500,2000,1750
Maharashtra,Raigad,Alibagh APMC,Rice,Other,Local,31/07/2026,4000,4500,4250
Maharashtra,Pune,Pune(Pimpri) APMC,Bhindi(Ladies Finger),Other,Local,31/07/2026,1500,4000,2750
Maharashtra,Pune,Pune(Pimpri) APMC,Bottle gourd,Other,Local,31/07/2026,4000,4000,4000
Maharashtra,Mumbai,Mumbai APMC,Beetroot,Other,Local,31/07/2026,1600,2400,2000
Maharashtra,Mumbai,Mumbai APMC,Mango(Raw-Ripe),Other,Local,31/07/2026,2000,3000,2500
Maharashtra,Mumbai,Mumbai APMC,Bitter gourd,Other,Local,31/07/2026,1600,3000,2300
Maharashtra,Pune,Khed(Chakan) APMC,Bottle gourd,Other,Local,31/07/2026,1500,3000,2500
Maharashtra,Pune,Khed(Chakan) APMC,Guar,Other,Local,31/07/2026,5000,8000,6500
Maharashtra,Pune,Khed(Chakan) APMC,Tomato,Other,Local,31/07/2026,1000,2000,1500
Maharashtra,Pune,Khed(Chakan) APMC,Green Chilli,Other,Local,31/07/2026,3000,5000,4000
Maharashtra,Pune,Pune(Moshi) APMC,Papaya,Other,Local,31/07/2026,2000,3000,2500
Maharashtra,Pune,Pune(Moshi) APMC,Cauliflower,Other,Local,31/07/2026,1000,2000,1500
Maharashtra,Pune,Pune(Moshi) APMC,Bitter gourd,Other,Local,31/07/2026,2500,3000,2750
Maharashtra,Pune,Pune(Moshi) APMC,Methi(Leaves),Other,Local,31/07/2026,20,25,23
Maharashtra,Pune,Pune(Moshi) APMC,Ridgeguard(Tori),Other,Local,31/07/2026,2000,3000,2500
Maharashtra,Pune,Pune(Moshi) APMC,Tomato,Local,Local,31/07/2026,500,1000,750
Maharashtra,Pune,Pune(Moshi) APMC,Peas Wet,Other,Local,31/07/2026,15000,15000,15000
Maharashtra,Ratnagiri,Ratnagiri (Nachane) APMC,French Beans(Frasbean),Other,Local,31/07/2026,5000,6000,5500
Maharashtra,Ratnagiri,Ratnagiri (Nachane) APMC,Bitter gourd,Other,Local,31/07/2026,3000,4000,3500
Maharashtra,Pune,Pune(Khadiki) APMC,Onion,Local,Local,31/07/2026,900,1300,1100
Maharashtra,Satara,Patan APMC,Bhindi(Ladies Finger),Other,Local,31/07/2026,2000,3000,2500
Maharashtra,Satara,Patan APMC,Bitter gourd,Other,Local,31/07/2026,2500,3000,2750
Maharashtra,Satara,Patan APMC,Coriander(Leaves),Other,Local,31/07/2026,10,14,12
Maharashtra,Satara,Patan APMC,Tomato,Other,Local,31/07/2026,1500,2000,1750
Maharashtra,Nagpur,Kalmeshwar APMC,Bhindi(Ladies Finger),Other,Local,31/07/2026,2535,3000,2855
Maharashtra,Nagpur,Kalmeshwar APMC,Cucumbar(Kheera),Other,Local,31/07/2026,615,1000,825
Maharashtra,Pune,Pune(Pimpri) APMC,Bitter gourd,Other,Local,31/07/2026,3500,3500,3500
Maharashtra,Pune,Pune(Pimpri) APMC,Chilly Capsicum,Other,Local,31/07/2026,3000,3000,3000
Maharashtra,Pune,Pune(Pimpri) APMC,Green Chilli,Other,Local,31/07/2026,5000,5500,5250
Manipur,Imphal East,Lamlong Bazaar APMC,Dry Chillies,Dry Chillies,FAQ,31/07/2026,23000,25000,24000
Manipur,Imphal East,Lamlong Bazaar APMC,Ginger(Green),Green Ginger,Local,31/07/2026,7500,8000,7750
Manipur,Imphal East,Lamlong Bazaar APMC,Paddy(Common),Other,Local,31/07/2026,3000,3000,3000
Manipur,Imphal East,Lamlong Bazaar APMC,Green Gram Dal(Moong Dal),Green Gram Dal,FAQ,31/07/2026,13000,14000,13500
Manipur,Imphal East,Lamlong Bazaar APMC,Potato,Other,FAQ,31/07/2026,3000,3500,3250
Manipur,Imphal East,Lamlong Bazaar APMC,Banana,Other,Local,31/07/2026,5500,6000,5750
Manipur,Imphal East,Lamlong Bazaar APMC,Black Gram Dal(Urd Dal),Black Gram Dal,FAQ,31/07/2026,13000,14000,13500
Manipur,Imphal East,Lamlong Bazaar APMC,Onion,Onion,FAQ,31/07/2026,5500,6000,5750
Manipur,Imphal East,Lamlong Bazaar APMC,Pineapple,Other,Local,31/07/2026,2000,3000,2500
Manipur,Imphal East,Lamlong Bazaar APMC,Bengal Gram(Gram)(Whole),Desi (Whole),FAQ,31/07/2026,7500,8000,7750
Manipur,Imphal East,Lamlong Bazaar APMC,Masur Dal,Masur Dal,FAQ,31/07/2026,9000,10000,9500
Manipur,Imphal East,Lamlong Bazaar APMC,Red gram split/Arhar dal/Tur dal,Arhar Dal(Tur),FAQ,31/07/2026,14000,15000,14500
Manipur,Imphal East,Lamlong Bazaar APMC,Rice,Other,Local,31/07/2026,5100,5100,5100
Meghalaya,East Khasi Hills,Shillong APMC,Squash(Chappal Kadoo),Squash(Chappal Kadoo),FAQ,31/07/2026,1800,2000,1900
Meghalaya,East Khasi Hills,Shillong APMC,Tomato,017,FAQ,31/07/2026,800,1600,1200
Meghalaya,East Khasi Hills,Shillong APMC,Pumpkin,Other,FAQ,31/07/2026,2700,2900,2800
Meghalaya,East Khasi Hills,Shillong APMC,Pear(Marasebu),Other,FAQ,31/07/2026,1300,1400,1300
Meghalaya,East Khasi Hills,Shillong APMC,Potato,Local,FAQ,31/07/2026,1400,1600,1500
Meghalaya,East Khasi Hills,Shillong APMC,Betal Leaves,Local,FAQ,31/07/2026,12000,22000,17000
Meghalaya,East Khasi Hills,Shillong APMC,Plum,Other,FAQ,31/07/2026,7000,11000,9000
Meghalaya,East Khasi Hills,Shillong APMC,Banana,Other,FAQ,31/07/2026,3000,5000,4000
Meghalaya,East Khasi Hills,Shillong APMC,Pineapple,Giant Kew,FAQ,31/07/2026,3000,4000,3500
Meghalaya,East Khasi Hills,Shillong APMC,Arecanut(Betelnut/Supari),Other,FAQ,31/07/2026,15000,25000,20000
Meghalaya,East Khasi Hills,Shillong APMC,Raddish,Other,FAQ,31/07/2026,1000,1200,1100
Meghalaya,East Khasi Hills,Shillong APMC,Turnip,Other,FAQ,31/07/2026,3000,3500,3300
Nagaland,Kohima,Kohima APMC,Potato,Potato,Local,31/07/2026,4000,4000,4000
Nagaland,Kohima,Kohima APMC,Tomato,Tomato,Local,31/07/2026,4000,4000,4000
Nagaland,Kohima,Kohima APMC,Cabbage,Cabbage,Local,31/07/2026,2000,2000,2000
Odisha,Dhenkanal,Kamakhyanagar APMC,Brinjal,Brinjal,Grade A,31/07/2026,8000,8000,8000
Odisha,Dhenkanal,Kamakhyanagar APMC,Bitter gourd,Bitter Gourd,Grade A,31/07/2026,8000,8000,8000
Odisha,Dhenkanal,Kamakhyanagar APMC,Cucumbar(Kheera),Cucumbar,Grade A,31/07/2026,6000,6000,6000
Odisha,Jagatsinghpur,Rahama APMC,Brinjal,Other,Local,31/07/2026,4000,6000,5000
Odisha,Jagatsinghpur,Rahama APMC,Pumpkin,Other,Local,31/07/2026,2000,3000,2500
Odisha,Kalahandi,Bhawanipatna APMC,Pumpkin,Pumpkin,Local,31/07/2026,2000,2000,2000
Odisha,Kalahandi,Bhawanipatna APMC,Ridgeguard(Tori),Other,Local,31/07/2026,2800,2800,2800
Odisha,Sundergarh,Panposh APMC,Bhindi(Ladies Finger),Other,FAQ,31/07/2026,3000,3500,3200
Odisha,Ganjam,Bhanjanagar APMC,Banana - Green,Banana - Green,Large,31/07/2026,2800,3000,2900
Odisha,Boudh,Boudh APMC,Bitter gourd,Other,Local,31/07/2026,5000,6000,5500
Odisha,Mayurbhanja,Karanjia APMC,Rice,Common,FAQ,31/07/2026,3500,3600,3600
Odisha,Mayurbhanja,Karanjia APMC,Bhindi(Ladies Finger),Other,Local,31/07/2026,4000,4800,4500
Odisha,Mayurbhanja,Karanjia APMC,Bitter gourd,Bitter Gourd,Local,31/07/2026,3800,4200,4000
Odisha,Mayurbhanja,Narasinghpur APMC,Pumpkin,Pumpkin,Local,31/07/2026,2500,3500,3000
Odisha,Sonepur,Pandkital APMC,Potato,Other,Local,31/07/2026,2000,2200,2100
Odisha,Sonepur,Pandkital APMC,Onion,Other,Local,31/07/2026,2430,2550,2500
Odisha,Bargarh,Godbhaga APMC,Brinjal,Other,Local,31/07/2026,1800,2200,2000
Odisha,Angul,Angul APMC,Pointed gourd(Parval),Other,Grade B,31/07/2026,4500,4500,4500
Odisha,Bolangir,Bolangir APMC,Rice,Other,Local,31/07/2026,3600,3700,3700
Odisha,Bolangir,Bolangir APMC,Brinjal,Other,Local,31/07/2026,2000,2800,2400
Odisha,Bolangir,Kantabaji APMC,Cauliflower,Other,Grade B,31/07/2026,3500,4500,4000
Odisha,Bolangir,Kantabaji APMC,Tomato,Other,Grade B,31/07/2026,3000,4000,3500
Odisha,Dhenkanal,Kamakhyanagar APMC,Green Chilli,Green Chilly,Grade A,31/07/2026,14000,14000,14000
Odisha,Kalahandi,Bhawanipatna APMC,Brinjal,Brinjal,Local,31/07/2026,3300,3300,3300
Odisha,Dhenkanal,Hindol APMC,Banana - Green,Other,Grade B,31/07/2026,2600,3000,2800
Odisha,Dhenkanal,Hindol APMC,Brinjal,Brinjal,Grade B,31/07/2026,5000,6000,5500
Odisha,Dhenkanal,Hindol APMC,Drumstick,Drumstick,Grade B,31/07/2026,5800,6500,6000
Odisha,Sundergarh,Panposh APMC,Bottle gourd,Bottle Gourd,FAQ,31/07/2026,2000,2500,2200
Odisha,Sundergarh,Panposh APMC,Cauliflower,Local,FAQ,31/07/2026,3000,4000,3500
Odisha,Ganjam,Bhanjanagar APMC,Ridgeguard(Tori),Ridgeguard(Tori),FAQ,31/07/2026,3200,3400,3300
Odisha,Ganjam,Bhanjanagar APMC,Cowpea(Veg),Cowpea (Veg),FAQ,31/07/2026,3000,3200,3100
Odisha,Sambalpur,Rairakhol APMC,Bhindi(Ladies Finger),Bhindi,Small,31/07/2026,4500,5000,4800
Odisha,Boudh,Boudh APMC,Cucumbar(Kheera),Other,Local,31/07/2026,5000,6000,5500
Odisha,Mayurbhanja,Betnoti APMC,Tomato,Tomato,FAQ,31/07/2026,3000,3400,3200
Odisha,Mayurbhanja,Betnoti APMC,Pumpkin,Pumpkin,FAQ,31/07/2026,2000,2400,2200
Odisha,Mayurbhanja,Narasinghpur APMC,Bitter gourd,Bitter Gourd,Local,31/07/2026,5000,6000,5500
Odisha,Mayurbhanja,Narasinghpur APMC,Colacasia,Colacasia,Local,31/07/2026,5000,8000,6000
Odisha,Boudh,Khunthabandha APMC,Brinjal,Other,Local,31/07/2026,5000,6000,5500
Odisha,Boudh,Khunthabandha APMC,Bhindi(Ladies Finger),Other,Local,31/07/2026,6000,7000,6500
Odisha,Boudh,Khunthabandha APMC,Bitter gourd,Bitter Gourd,Local,31/07/2026,5000,6000,5500
Odisha,Sonepur,Pandkital APMC,Pointed gourd(Parval),Other,Local,31/07/2026,5000,5500,5200
Odisha,Angul,Angul APMC,Onion,Other,Grade B,31/07/2026,4000,4000,4000
Odisha,Angul,Angul APMC,Cucumbar(Kheera),Other,Grade B,31/07/2026,3500,3500,3500
Odisha,Bargarh,Attabira APMC,Bhindi(Ladies Finger),Bhindi,Local,31/07/2026,2200,2600,2400
Odisha,Bargarh,Padampur APMC,Pumpkin,Pumpkin,Local,31/07/2026,900,1200,1000
Odisha,Bargarh,Padampur APMC,Tomato,Tomato,Medium,31/07/2026,2000,2600,2300
Odisha,Khurda,Jatni APMC,Little gourd(Kundru),Little gourd (Kundru),Grade B,31/07/2026,2650,2750,2650
Odisha,Kalahandi,Junagarh APMC,Tomato,Other,Grade B,31/07/2026,3000,3400,3200
Odisha,Dhenkanal,Hindol APMC,Pumpkin,Pumpkin,Grade B,31/07/2026,1500,1800,1700
Odisha,Dhenkanal,Hindol APMC,Onion,Other,Grade B,31/07/2026,2800,3200,3000
Odisha,Dhenkanal,Hindol APMC,Ridgeguard(Tori),Other,Grade B,31/07/2026,5500,6000,5800
Odisha,Sundergarh,Panposh APMC,Bitter gourd,Other,FAQ,31/07/2026,4000,5000,4500
Odisha,Ganjam,Bhanjanagar APMC,Bhindi(Ladies Finger),Bhindi,FAQ,31/07/2026,3000,3200,3100
Odisha,Sambalpur,Rairakhol APMC,Brinjal,Brinjal,Grade C,31/07/2026,3000,4000,3500
Odisha,Sambalpur,Rairakhol APMC,Onion,Onion,Grade B,31/07/2026,3500,4500,4000
Odisha,Sambalpur,Rairakhol APMC,Potato,Potato,Grade B,31/07/2026,1000,1800,1500
Odisha,Boudh,Boudh APMC,Cabbage,Other,Local,31/07/2026,4000,5000,4500
Odisha,Boudh,Boudh APMC,Cauliflower,Other,Local,31/07/2026,6000,7000,6500
Odisha,Boudh,Boudh APMC,Bhindi(Ladies Finger),Other,Local,31/07/2026,5000,6000,5500
Odisha,Mayurbhanja,Betnoti APMC,Brinjal,Brinjal,FAQ,31/07/2026,4200,4600,4400
Odisha,Mayurbhanja,Betnoti APMC,Bottle gourd,Bottle Gourd,FAQ,31/07/2026,2800,3200,3000
Odisha,Kalahandi,Kalahandi(Dharamagarh) APMC,Tomato,Other,Grade B,31/07/2026,2800,3200,3000
Odisha,Mayurbhanja,Karanjia APMC,Fish,Other,Local,31/07/2026,20000,21000,21000
Odisha,Bargarh,Sohela APMC,Pumpkin,Other,Local,31/07/2026,800,1000,900
Odisha,Bargarh,Sohela APMC,Brinjal,Brinjal,Local,31/07/2026,1800,2100,2000
Odisha,Mayurbhanja,Narasinghpur APMC,Brinjal,Brinjal,Local,31/07/2026,5000,8000,6000
Odisha,Boudh,Khunthabandha APMC,Potato,Potato,Local,31/07/2026,1200,1800,1500
Odisha,Rayagada,Rayagada(Muniguda) APMC,Pineapple,Pine Apple,Medium,31/07/2026,3000,4000,3500
Odisha,Bhadrak,Chandabali APMC,Potato,Other,Grade Range-2,31/07/2026,1350,1600,1450
Odisha,Angul,Angul APMC,Bitter gourd,Bitter Gourd,Grade B,31/07/2026,2500,2500,2500
Odisha,Bargarh,Attabira APMC,Brinjal,Other,Local,31/07/2026,1800,2200,2000
Odisha,Bargarh,Padampur APMC,Brinjal,Brinjal,Local,31/07/2026,1800,2200,2000
Odisha,Khurda,Jatni APMC,Brinjal,Other,Grade B,31/07/2026,3200,3300,3200
Odisha,Khurda,Jatni APMC,Bhindi(Ladies Finger),Bhindi,Grade B,31/07/2026,3250,3350,3250
Odisha,Khurda,Jatni APMC,Papaya(Raw),Other,Grade B,31/07/2026,900,1000,900
Odisha,Dhenkanal,Kamakhyanagar APMC,Onion,Onion,Grade A,31/07/2026,6000,6000,6000
Odisha,Dhenkanal,Kamakhyanagar APMC,Pointed gourd(Parval),Other,Grade A,31/07/2026,6000,6000,6000
Odisha,Dhenkanal,Kamakhyanagar APMC,Pumpkin,Pumpkin,Grade A,31/07/2026,3000,3000,3000
Odisha,Kalahandi,Junagarh APMC,Cucumbar(Kheera),Other,Grade B,31/07/2026,2000,2400,2200
Odisha,Dhenkanal,Hindol APMC,Pointed gourd(Parval),Other,Grade B,31/07/2026,4000,4500,4200
Odisha,Dhenkanal,Hindol APMC,Cucumbar(Kheera),Cucumbar,Grade B,31/07/2026,5500,6000,5800
Odisha,Dhenkanal,Hindol APMC,Bhindi(Ladies Finger),Bhindi,Grade B,31/07/2026,5200,5500,5400
Odisha,Dhenkanal,Hindol APMC,Bitter gourd,Bitter Gourd,Grade B,31/07/2026,5000,5500,5200
Odisha,Dhenkanal,Hindol APMC,Tomato,Tomato,Grade B,31/07/2026,3000,3500,3200
Odisha,Sundergarh,Panposh APMC,Pumpkin,Other,FAQ,31/07/2026,1000,1400,1200
Odisha,Sundergarh,Panposh APMC,Tomato,Local,FAQ,31/07/2026,2500,3200,3000
Odisha,Ganjam,Bhanjanagar APMC,Yam(Ratalu),Yam (Ratalu),Medium,31/07/2026,4000,4200,4100
Odisha,Sambalpur,Rairakhol APMC,Tomato,Hybrid,Grade B,31/07/2026,3500,4500,4000
Odisha,Boudh,Boudh APMC,Onion,Other,Local,31/07/2026,3500,4500,4000
Odisha,Boudh,Boudh APMC,Potato,Other,Local,31/07/2026,1200,1800,1500
Odisha,Boudh,Boudh APMC,Pumpkin,Other,Local,31/07/2026,1000,1500,1200
Odisha,Boudh,Boudh APMC,Brinjal,Other,Local,31/07/2026,6000,7000,6500
Odisha,Mayurbhanja,Betnoti APMC,Papaya(Raw),Other,FAQ,31/07/2026,2500,2900,2700
Odisha,Kalahandi,Kalahandi(Dharamagarh) APMC,Brinjal,Other,Grade B,31/07/2026,2800,3200,3000
Odisha,Mayurbhanja,Karanjia APMC,Rice,Other,FAQ,31/07/2026,3600,3700,3700
Odisha,Bargarh,Sohela APMC,Tomato,Tomato,Local,31/07/2026,2300,2600,2400
Odisha,Boudh,Khunthabandha APMC,Cabbage,Cabbage,Local,31/07/2026,4500,5500,5000
Odisha,Sonepur,Pandkital APMC,Bhindi(Ladies Finger),Other,Local,31/07/2026,5200,6000,5600
Odisha,Sonepur,Pandkital APMC,Pumpkin,Other,Local,31/07/2026,1100,1250,1200
Odisha,Rayagada,Rayagada(Muniguda) APMC,Brinjal,Round,Medium,31/07/2026,6100,6420,6300
Odisha,Bhadrak,Chandabali APMC,Tomato,Other,Grade Range-2,31/07/2026,3500,4000,3700
Odisha,Bhadrak,Chandabali APMC,Onion,Other,Grade Range-2,31/07/2026,2500,2800,2670
Odisha,Angul,Angul APMC,Bhindi(Ladies Finger),Other,Grade B,31/07/2026,3000,3000,3000
Odisha,Bolangir,Bolangir APMC,Bhindi(Ladies Finger),Other,Local,31/07/2026,3500,4000,3800
Odisha,Bolangir,Kantabaji APMC,Cabbage,Cabbage,Grade B,31/07/2026,2500,3500,3000
Odisha,Dhenkanal,Kamakhyanagar APMC,Bhindi(Ladies Finger),Bhindi,Grade A,31/07/2026,5000,5000,5000
Odisha,Dhenkanal,Kamakhyanagar APMC,Cabbage,Cabbage,Grade A,31/07/2026,4000,4000,4000
Odisha,Dhenkanal,Kamakhyanagar APMC,Cauliflower,Cauliflower,Grade A,31/07/2026,6000,6000,6000
Odisha,Dhenkanal,Kamakhyanagar APMC,Potato,Potato,Grade A,31/07/2026,3600,3600,3600
Odisha,Dhenkanal,Kamakhyanagar APMC,Tomato,Tomato,Grade A,31/07/2026,4000,4000,4000
Odisha,Kalahandi,Bhawanipatna APMC,Bhindi(Ladies Finger),Bhindi,Local,31/07/2026,3200,3200,3200
Odisha,Kalahandi,Bhawanipatna APMC,Bitter gourd,Other,Local,31/07/2026,3000,3000,3000
Odisha,Kalahandi,Junagarh APMC,Bhindi(Ladies Finger),Other,Grade B,31/07/2026,1800,2200,2000
Odisha,Balasore,Nilagiri APMC,Tomato,Other,Local,31/07/2026,3550,3600,3600
Odisha,Balasore,Nilagiri APMC,Pumpkin,Other,Local,31/07/2026,1500,1550,1550
Odisha,Dhenkanal,Hindol APMC,Potato,Potato,Grade B,31/07/2026,1400,1600,1500
Odisha,Sundergarh,Panposh APMC,Brinjal,Brinjal,FAQ,31/07/2026,3500,4200,4000
Odisha,Sundergarh,Panposh APMC,Cabbage,Cabbage,FAQ,31/07/2026,2500,3200,3000
Odisha,Cuttack,Banki APMC,Bhindi(Ladies Finger),Bhindi,Local,31/07/2026,4500,5500,5000
Odisha,Boudh,Boudh APMC,Tomato,Other,Local,31/07/2026,4000,5000,4500
Odisha,Kalahandi,Kalahandi(Dharamagarh) APMC,Bhindi(Ladies Finger),Other,Grade B,31/07/2026,1800,2200,2000
Odisha,Mayurbhanja,Karanjia APMC,Paddy(Common),Other,FAQ,31/07/2026,2369,2369,2369
Odisha,Mayurbhanja,Narasinghpur APMC,Mango,Langra,Local,31/07/2026,3000,5000,4000
Odisha,Mayurbhanja,Narasinghpur APMC,Mango,Amrapali,Local,31/07/2026,3000,5000,4000
Odisha,Mayurbhanja,Narasinghpur APMC,Pointed gourd(Parval),Pointed gourd (Parval),Local,31/07/2026,4500,6000,5000
Odisha,Boudh,Khunthabandha APMC,Cauliflower,Cauliflower,Local,31/07/2026,6000,7000,6500
Odisha,Boudh,Khunthabandha APMC,Cucumbar(Kheera),Other,Local,31/07/2026,5000,6500,6000
Odisha,Boudh,Khunthabandha APMC,Onion,Local,Local,31/07/2026,3500,4500,4000
Odisha,Boudh,Khunthabandha APMC,Tomato,Tomato,Local,31/07/2026,3500,4500,4000
Odisha,Boudh,Khunthabandha APMC,Pumpkin,Other,Local,31/07/2026,1000,1500,1200
Odisha,Sonepur,Pandkital APMC,Tomato,Other,Local,31/07/2026,2500,2650,2560
Odisha,Sonepur,Pandkital APMC,Brinjal,Other,Local,31/07/2026,5500,5800,5800
Odisha,Bargarh,Godbhaga APMC,Bhindi(Ladies Finger),Other,Local,31/07/2026,2200,2600,2400
Odisha,Bargarh,Godbhaga APMC,Bottle gourd,Other,Local,31/07/2026,1600,2000,1800
Odisha,Bhadrak,Chandabali APMC,Brinjal,Other,Grade Range-2,31/07/2026,3500,4000,3780
Odisha,Angul,Angul APMC,Brinjal,Other,Grade B,31/07/2026,3000,3000,3000
Odisha,Angul,Angul APMC,Pumpkin,Pumpkin,Grade B,31/07/2026,2000,2000,2000
Odisha,Bolangir,Bolangir APMC,Bitter gourd,Other,Local,31/07/2026,3600,4000,3800
Punjab,Bhatinda,Bhagta Bhai Ka APMC,Green Chilli,Other,Medium,31/07/2026,3900,3900,3900
Punjab,Gurdaspur,Quadian APMC,Capsicum,Other,Grade A,31/07/2026,3800,4000,3900
Punjab,Gurdaspur,Quadian APMC,Green Chilli,Other,Grade A,31/07/2026,2800,3000,2900
Punjab,Jalandhar,Noor Mehal APMC,Bhindi(Ladies Finger),Other,Local,31/07/2026,1900,1900,1900
Punjab,Jalandhar,Noor Mehal APMC,Tomato,Other,Local,31/07/2026,2200,2200,2200
Punjab,Ludhiana,Khanna APMC,Bitter gourd,Bitter Gourd,Grade A,31/07/2026,2000,2000,2000
Punjab,Ludhiana,Khanna APMC,Cucumbar(Kheera),Cucumbar,Grade A,31/07/2026,1500,1500,1500
Punjab,Nawanshahr,Balachaur APMC,Bhindi(Ladies Finger),Other,Medium,31/07/2026,4000,4000,4000
Punjab,Tarntaran,Tarantaran APMC,Bitter gourd,Bitter Gourd,Local,31/07/2026,2200,2200,2200
Punjab,Kapurthala,Sultanpur APMC,Brinjal,Other,Local,31/07/2026,2000,2000,2000
Punjab,Ludhiana,Sahnewal APMC,Onion,Onion,FAQ,31/07/2026,3000,3100,3100
Punjab,Ludhiana,Sahnewal APMC,Potato,Potato,FAQ,31/07/2026,840,840,840
Punjab,Ludhiana,Ludhiana APMC,Potato,Other,FAQ,31/07/2026,200,800,400
Punjab,Ludhiana,Ludhiana APMC,Pumpkin,Other,FAQ,31/07/2026,400,800,500
Punjab,Ludhiana,Ludhiana APMC,Capsicum,Other,FAQ,31/07/2026,1500,4000,2500
Punjab,Bhatinda,Rampuraphul(Nabha Mandi) APMC,Mango,Other,Grade A,31/07/2026,4000,8000,6000
Punjab,Bhatinda,Rampuraphul(Nabha Mandi) APMC,Apple,Other,Grade A,31/07/2026,8000,12000,9000
Punjab,Bhatinda,Rampuraphul(Nabha Mandi) APMC,Mousambi(Sweet Lime),Mousambi,Grade A,31/07/2026,5000,7000,6000
Punjab,Bhatinda,Rampuraphul(Nabha Mandi) APMC,Green Chilli,Green Chilly,Grade A,31/07/2026,1500,2500,2000
Punjab,Bhatinda,Rampuraphul(Nabha Mandi) APMC,Pumpkin,Other,Grade A,31/07/2026,700,1000,900
Punjab,Hoshiarpur,Mukerian(Talwara) APMC,Bhindi(Ladies Finger),Bhindi,FAQ,31/07/2026,2000,2800,2400
Punjab,Ludhiana,Raikot APMC,Bhindi(Ladies Finger),Bhindi,Grade A,31/07/2026,2480,2480,2480
Punjab,Ludhiana,Raikot APMC,Cucumbar(Kheera),Cucumbar,Grade A,31/07/2026,2290,2290,2290
Punjab,Kapurthala,Bhulath (Nadala) APMC,Bottle gourd,Bottle Gourd,Local,31/07/2026,700,750,750
Punjab,Kapurthala,Bhulath (Nadala) APMC,Brinjal,Brinjal,Local,31/07/2026,800,850,850
Punjab,Bhatinda,Bhagta Bhai Ka APMC,Banana,Other,Medium,31/07/2026,2900,2900,2900
Punjab,Bhatinda,Bhagta Bhai Ka APMC,Onion,Other,Medium,31/07/2026,2700,2700,2700
Punjab,Gurdaspur,Quadian APMC,Banana,Other,Grade A,31/07/2026,3300,3500,3400
Punjab,Gurdaspur,Quadian APMC,Potato,Other,Grade A,31/07/2026,800,1000,900
Punjab,Jalandhar,Noor Mehal APMC,Green Chilli,Other,Local,31/07/2026,1500,1500,1500
Punjab,Ludhiana,Khanna APMC,Green Chilli,Green Chilly,Grade A,31/07/2026,1200,1200,1200
Punjab,Ludhiana,Khanna APMC,Ginger(Green),Green Ginger,Grade A,31/07/2026,5000,5000,5000
Punjab,Nawanshahr,Balachaur APMC,Brinjal,Other,Medium,31/07/2026,2000,2000,2000
Punjab,Sangrur,Ahmedgarh APMC,Pumpkin,Pumpkin,Medium,31/07/2026,1800,2000,2000
Punjab,Tarntaran,Tarantaran APMC,Cauliflower,Other,Local,31/07/2026,2800,2800,2800
Punjab,Kapurthala,Sultanpur APMC,Bhindi(Ladies Finger),Other,Local,31/07/2026,1500,2000,1666.67
Punjab,Ludhiana,Sahnewal APMC,Bottle gourd,Bottle Gourd,FAQ,31/07/2026,2000,2000,2000
Punjab,Tarntaran,Bhikhiwind APMC,Ridgeguard(Tori),Ridgeguard(Tori),Local,31/07/2026,900,900,900
Punjab,Ludhiana,Ludhiana APMC,Ashgourd,Other,FAQ,31/07/2026,1000,2500,1700
Punjab,Ludhiana,Ludhiana APMC,Bottle gourd,Other,FAQ,31/07/2026,300,1300,1000
Punjab,Ludhiana,Ludhiana APMC,Lemon,Other,FAQ,31/07/2026,2800,3500,3000
Punjab,Ludhiana,Ludhiana APMC,Brinjal,Other,FAQ,31/07/2026,700,2000,1400
Punjab,Ludhiana,Ludhiana APMC,Colacasia,Arabi,FAQ,31/07/2026,1000,1500,1300
Punjab,Ludhiana,Ludhiana APMC,Mango(Raw-Ripe),Mango - Raw-Ripe,FAQ,31/07/2026,1400,3000,2000
Punjab,Kapurthala,Bhulath APMC,Bhindi(Ladies Finger),Bhindi,Local,31/07/2026,1150,1200,1200
Punjab,Kapurthala,Bhulath APMC,Bitter gourd,Bitter Gourd,Local,31/07/2026,1200,1250,1250
Punjab,Kapurthala,Bhulath APMC,Bottle gourd,Bottle Gourd,Local,31/07/2026,500,550,550
Punjab,Bhatinda,Rampuraphul(Nabha Mandi) APMC,Guava,Other,Grade A,31/07/2026,2500,3500,3000
Punjab,Bhatinda,Rampuraphul(Nabha Mandi) APMC,Water Melon,Other,Grade A,31/07/2026,1500,2500,2000
Punjab,Bhatinda,Rampuraphul(Nabha Mandi) APMC,Bhindi(Ladies Finger),Bhindi,Grade A,31/07/2026,2000,3000,2500
Punjab,Bhatinda,Rampuraphul(Nabha Mandi) APMC,Cucumbar(Kheera),Cucumbar,Grade A,31/07/2026,1500,3000,2500
Punjab,Bhatinda,Rampuraphul(Nabha Mandi) APMC,Cabbage,Other,Grade A,31/07/2026,1500,2500,2000
Punjab,Hoshiarpur,Mukerian(Talwara) APMC,Apple,Apple,Grade A,31/07/2026,6000,10000,8000
Punjab,Hoshiarpur,Mukerian(Talwara) APMC,Field Pea,Field Pea,FAQ,31/07/2026,6000,8000,7000
Punjab,Hoshiarpur,Mukerian(Talwara) APMC,Green Chilli,Green Chilly,FAQ,31/07/2026,2500,4500,3500
Punjab,Ludhiana,Raikot APMC,Potato,Badshah,Grade A,31/07/2026,610,610,610
Punjab,Bhatinda,Bhagta Bhai Ka APMC,Tomato,Other,Medium,31/07/2026,2500,2500,2500
Punjab,Gurdaspur,Quadian APMC,Ginger(Green),Other,Grade A,31/07/2026,15000,17000,16000
Punjab,Gurdaspur,Quadian APMC,Bhindi(Ladies Finger),Other,Grade A,31/07/2026,3800,4000,3900
Punjab,Ludhiana,Khanna APMC,Apple,Apple,Grade A,31/07/2026,8000,8000,8000
Punjab,Ludhiana,Khanna APMC,Garlic,Other,Grade Range-1,31/07/2026,5000,5000,5000
Punjab,Ludhiana,Khanna APMC,Brinjal,Round,Grade A,31/07/2026,1500,1500,1500
Punjab,Ludhiana,Khanna APMC,Peas Wet,Peas Wet,Grade A,31/07/2026,5000,5000,5000
Punjab,Ludhiana,Khanna APMC,Pumpkin,Other,Grade A,31/07/2026,800,800,800
Punjab,Ludhiana,Khanna APMC,Bhindi(Ladies Finger),Bhindi,Grade A,31/07/2026,2000,2000,2000
Punjab,Sangrur,Ahmedgarh APMC,Green Chilli,Green Chilly,Local,31/07/2026,2200,2500,2500
Punjab,Kapurthala,Sultanpur APMC,Bottle gourd,Other,Local,31/07/2026,2000,2000,2000
Punjab,Ludhiana,Sahnewal APMC,Tomato,Tomato,FAQ,31/07/2026,2500,2500,2500
Punjab,Ludhiana,Sahnewal APMC,Bhindi(Ladies Finger),Bhindi,FAQ,31/07/2026,3200,3200,3200
Punjab,Ludhiana,Ludhiana APMC,Raddish,Raddish,FAQ,31/07/2026,200,900,500
Punjab,Ludhiana,Ludhiana APMC,Pomegranate,Other,Medium,31/07/2026,3000,7000,5000
Punjab,Ludhiana,Ludhiana APMC,Cabbage,Other,FAQ,31/07/2026,500,1500,700
Punjab,Ludhiana,Ludhiana APMC,Apple,Other,Medium,31/07/2026,3000,8500,6000
Punjab,Ludhiana,Ludhiana APMC,Mango,Other,Medium,31/07/2026,2000,6000,3000
Punjab,Ludhiana,Ludhiana APMC,Coriander(Leaves),Other,FAQ,31/07/2026,2500,4000,3000
Punjab,Ludhiana,Ludhiana APMC,Cauliflower,Other,FAQ,31/07/2026,1000,2200,1500
Punjab,Ludhiana,Ludhiana APMC,Bhindi(Ladies Finger),Other,FAQ,31/07/2026,2800,3500,3000
Punjab,Ludhiana,Ludhiana APMC,Pea Pod/Pea Cod/हरी मटर,Other,FAQ,31/07/2026,2500,6000,4000
Punjab,Ludhiana,Ludhiana APMC,Bitter gourd,Bitter Gourd,FAQ,31/07/2026,1200,1700,1500
Punjab,Ludhiana,Ludhiana APMC,Cucumbar(Kheera),Other,FAQ,31/07/2026,500,2500,1200
Punjab,Ludhiana,Ludhiana APMC,French Beans(Frasbean),Other,FAQ,31/07/2026,1800,2400,2000
Punjab,Ludhiana,Ludhiana APMC,Tomato,Other,FAQ,31/07/2026,500,2000,1400
Punjab,Bhatinda,Rampuraphul(Nabha Mandi) APMC,Cauliflower,Cauliflower,Grade A,31/07/2026,2500,3500,3000
Punjab,Bhatinda,Rampuraphul(Nabha Mandi) APMC,Potato,Other,Grade A,31/07/2026,400,500,450
Punjab,Hoshiarpur,Mukerian(Talwara) APMC,Tomato,Tomato,FAQ,31/07/2026,2400,3000,2700
Punjab,Hoshiarpur,Mukerian(Talwara) APMC,Capsicum,Capsicum,FAQ,31/07/2026,6000,7000,6500
Punjab,Hoshiarpur,Mukerian(Talwara) APMC,Pumpkin,Pumpkin,FAQ,31/07/2026,1500,2500,2000
Punjab,Hoshiarpur,Mukerian(Talwara) APMC,Potato,Potato,FAQ,31/07/2026,800,1400,1100
Punjab,Ludhiana,Raikot APMC,Apple,Apple,Grade A,31/07/2026,7050,7050,7050
Punjab,Kapurthala,Bhulath (Nadala) APMC,Bhindi(Ladies Finger),Bhindi,Local,31/07/2026,1200,1250,1250
Punjab,Bhatinda,Bhagta Bhai Ka APMC,Mango,Other,Medium,31/07/2026,3600,3600,3600
Punjab,Bhatinda,Bhagta Bhai Ka APMC,Brinjal,Other,Medium,31/07/2026,1700,1700,1700
Punjab,Gurdaspur,Quadian APMC,Bitter gourd,Other,Grade A,31/07/2026,2800,3000,2900
Punjab,Gurdaspur,Quadian APMC,Onion,Other,Grade A,31/07/2026,3300,3500,3400
Punjab,Gurdaspur,Quadian APMC,Brinjal,Other,Grade A,31/07/2026,1800,2000,1900
Punjab,Jalandhar,Noor Mehal APMC,Ridgeguard(Tori),Other,Local,31/07/2026,1600,1600,1600
Punjab,Jalandhar,Noor Mehal APMC,Pumpkin,Other,Local,31/07/2026,1000,1000,1000
Punjab,Jalandhar,Noor Mehal APMC,Bottle gourd,Other,Local,31/07/2026,1300,1300,1300
Punjab,Ludhiana,Khanna APMC,Banana,Other,Grade A,31/07/2026,1800,1800,1800
Punjab,Ludhiana,Khanna APMC,Cabbage,Other,Grade A,31/07/2026,1000,1000,1000
Punjab,Ludhiana,Khanna APMC,Bottle gourd,Other,Grade A,31/07/2026,1200,1200,1200
Punjab,Ludhiana,Khanna APMC,Mousambi(Sweet Lime),Other,Grade A,31/07/2026,3000,3000,3000
Punjab,Ludhiana,Khanna APMC,Cauliflower,Local,Grade A,31/07/2026,2500,2500,2500
Punjab,Ludhiana,Khanna APMC,Ridgeguard(Tori),Other,Grade A,31/07/2026,1500,1500,1500
Punjab,Nawanshahr,Balachaur APMC,Cauliflower,Other,Medium,31/07/2026,4000,4000,4000
Punjab,Sangrur,Ahmedgarh APMC,Potato,Local,Local,31/07/2026,650,800,800
Punjab,Sangrur,Ahmedgarh APMC,Onion,Local,Medium,31/07/2026,2200,2500,2500
Punjab,Sangrur,Ahmedgarh APMC,Banana,Other,Medium,31/07/2026,3800,4000,4000
Punjab,Ludhiana,Sahnewal APMC,Lemon,Lemon,FAQ,31/07/2026,6500,6500,6500
Punjab,Tarntaran,Bhikhiwind APMC,Brinjal,Brinjal,Local,31/07/2026,800,800,800
Punjab,Ludhiana,Ludhiana APMC,Ginger(Green),Other,FAQ,31/07/2026,6000,8000,7000
Punjab,Ludhiana,Ludhiana APMC,Plum,Other,Medium,31/07/2026,2000,4000,3000
Punjab,Ludhiana,Ludhiana APMC,Pear(Marasebu),Other,Medium,31/07/2026,2000,6000,4000
Punjab,Ludhiana,Ludhiana APMC,Onion,Other,FAQ,31/07/2026,1000,2600,1700
Punjab,Ludhiana,Ludhiana APMC,Beetroot,Other,FAQ,31/07/2026,1000,1800,1300
Punjab,Kapurthala,Bhulath APMC,Colacasia,Colacasia,Local,31/07/2026,1150,1200,1200
Punjab,Bhatinda,Rampuraphul(Nabha Mandi) APMC,Banana,Other,Grade A,31/07/2026,2000,3000,2500
Punjab,Bhatinda,Rampuraphul(Nabha Mandi) APMC,Brinjal,Brinjal,Grade A,31/07/2026,1000,1500,1200
Punjab,Bhatinda,Rampuraphul(Nabha Mandi) APMC,Lemon,Lemon,Grade A,31/07/2026,5000,7000,6000
Punjab,Bhatinda,Rampuraphul(Nabha Mandi) APMC,Ridgeguard(Tori),Ridgeguard(Tori),FAQ,31/07/2026,2000,3000,2500
Punjab,Hoshiarpur,Mukerian(Talwara) APMC,Cauliflower,Cauliflower,FAQ,31/07/2026,2500,3500,3000
Punjab,Hoshiarpur,Mukerian(Talwara) APMC,Brinjal,Brinjal,FAQ,31/07/2026,1800,2400,2100
Punjab,Hoshiarpur,Mukerian(Talwara) APMC,Cucumbar(Kheera),Cucumbar,FAQ,31/07/2026,3000,4000,3500
Punjab,Hoshiarpur,Mukerian(Talwara) APMC,Onion,Onion,FAQ,31/07/2026,2400,3200,2800
Punjab,Bhatinda,Bhagta Bhai Ka APMC,Potato,Other,Medium,31/07/2026,1600,1600,1600
Punjab,Bhatinda,Bhagta Bhai Ka APMC,Pumpkin,Other,Medium,31/07/2026,3600,3600,3600
Punjab,Gurdaspur,Quadian APMC,Apple,Other,Grade A,31/07/2026,6800,7000,6900
Punjab,Gurdaspur,Quadian APMC,Tomato,Other,Grade A,31/07/2026,3800,4000,3900
Punjab,Ludhiana,Khanna APMC,Potato,Local,Grade A,31/07/2026,500,500,500
Punjab,Ludhiana,Khanna APMC,Pomegranate,Other,Grade A,31/07/2026,10000,10000,10000
Punjab,Ludhiana,Khanna APMC,Papaya,Papaya,Grade A,31/07/2026,2000,2000,2000
Punjab,Ludhiana,Khanna APMC,Mango,Dusheri,Grade A,31/07/2026,4000,4000,4000
Punjab,Ludhiana,Khanna APMC,Lemon,Other,Grade A,31/07/2026,5000,5000,5000
Punjab,Ludhiana,Khanna APMC,Onion,Onion,Grade A,31/07/2026,2200,2200,2200
Punjab,Nawanshahr,Balachaur APMC,Bottle gourd,Other,Medium,31/07/2026,2500,2500,2500
Punjab,Sangrur,Ahmedgarh APMC,Tomato,Local,Local,31/07/2026,2500,2700,2700
Punjab,Sangrur,Ahmedgarh APMC,Cauliflower,Other,Medium,31/07/2026,3500,4000,4000
Punjab,Sangrur,Ahmedgarh APMC,Mango,Badami,Medium,31/07/2026,2800,3000,3000
Punjab,Tarntaran,Tarantaran APMC,Tomato,Other,Local,31/07/2026,2500,2500,2500
Punjab,Tarntaran,Tarantaran APMC,Brinjal,Other,Local,31/07/2026,2100,2100,2100
Punjab,Tarntaran,Tarantaran APMC,Cucumbar(Kheera),Cucumbar,Local,31/07/2026,1600,1600,1600
Punjab,Tarntaran,Tarantaran APMC,Onion,Other,Local,31/07/2026,2100,2100,2100
Punjab,Tarntaran,Tarantaran APMC,Potato,Other,Local,31/07/2026,860,860,860
Punjab,Kapurthala,Sultanpur APMC,Ridgeguard(Tori),Other,Local,31/07/2026,3000,3000,3000
Punjab,Ludhiana,Sahnewal APMC,Pumpkin,Pumpkin,FAQ,31/07/2026,1400,1400,1400
Punjab,Ludhiana,Ludhiana APMC,Mousambi(Sweet Lime),Other,Medium,31/07/2026,2000,5500,3000
Punjab,Ludhiana,Ludhiana APMC,Ridgeguard(Tori),Other,FAQ,31/07/2026,1700,2800,2000
Punjab,Ludhiana,Ludhiana APMC,Green Chilli,Other,FAQ,31/07/2026,1500,2700,2000
Punjab,Kapurthala,Bhulath APMC,Brinjal,Round/Long,Local,31/07/2026,800,850,850
Punjab,Kapurthala,Bhulath APMC,Capsicum,Capsicum,Local,31/07/2026,500,550,550
Punjab,Bhatinda,Rampuraphul(Nabha Mandi) APMC,Papaya,Papaya,Grade A,31/07/2026,2000,3500,2500
Punjab,Bhatinda,Rampuraphul(Nabha Mandi) APMC,Carrot,Other,Grade A,31/07/2026,1500,2500,2000
Punjab,Bhatinda,Rampuraphul(Nabha Mandi) APMC,Onion,Other,Grade A,31/07/2026,2000,2700,2500
Punjab,Bhatinda,Rampuraphul(Nabha Mandi) APMC,Tomato,Other,Grade A,31/07/2026,2000,3000,2500
Punjab,Hoshiarpur,Mukerian(Talwara) APMC,Banana,Banana - Ripe,Grade A,31/07/2026,3000,3600,3300
Punjab,Hoshiarpur,Mukerian(Talwara) APMC,Round gourd,Round gourd,FAQ,31/07/2026,2000,2800,2400
Punjab,Ludhiana,Raikot APMC,Papaya,Other,Grade A,31/07/2026,3160,3160,3160
Punjab,Ludhiana,Raikot APMC,Mango,Chausa,Grade A,31/07/2026,5540,5540,5540
Punjab,Ludhiana,Raikot APMC,Onion,Nasik,Grade A,31/07/2026,2790,2790,2790
Punjab,Kapurthala,Bhulath (Nadala) APMC,Bitter gourd,Bitter Gourd,Local,31/07/2026,1200,1250,1250
Punjab,Kapurthala,Bhulath (Nadala) APMC,Capsicum,Capsicum,Local,31/07/2026,450,500,500
Punjab,Kapurthala,Bhulath (Nadala) APMC,Colacasia,Colacasia,Local,31/07/2026,1300,1350,1350
Rajasthan,Kota,Kota APMC,Barley(Jau),Local,Local,31/07/2026,2400,2400,2400
Rajasthan,Hanumangarh,Sangriya APMC,Potato,Potato,Local,31/07/2026,900,1800,1300
Rajasthan,Jaipur,Jaipur (Grain) APMC,Sugar,Chini,Grade Range-2,31/07/2026,4475,4475,4475
Rajasthan,Jhunjhunu,Nawalgarh APMC,Mustard,Mustard,Local,31/07/2026,7520,7520,7520
Rajasthan,Jalore,Jalore APMC,Cucumbar(Kheera),Cucumbar,Local,31/07/2026,1000,1200,1100
Rajasthan,Jodhpur,Jodhpur (F&V) APMC,Apple,Apple,Medium,31/07/2026,5000,9000,7000
Rajasthan,Churu,Churu APMC,Tomato,Hybrid,FAQ,31/07/2026,2600,2800,2700
Rajasthan,Jaisalmer,Mohangarh APMC,Cummin Seed(Jeera),Cummin Seed(Jeera),Grade Range-1,31/07/2026,16000,19000,17500
Rajasthan,Kota,Kota APMC,Methi Seeds,Other,Local,31/07/2026,5700,5700,5700
Rajasthan,Jalore,Jalore APMC,Brinjal,Brinjal,Local,31/07/2026,800,1000,900
Rajasthan,Jalore,Jalore APMC,Capsicum,Other,Local,31/07/2026,2500,3000,2800
Rajasthan,Jalore,Jalore APMC,Ridgeguard(Tori),Other,Local,31/07/2026,1500,2000,1800
Rajasthan,Jalore,Jalore APMC,Tomato,Tomato,Local,31/07/2026,2000,2500,2300
Rajasthan,Chittorgarh,Begu APMC,Wheat,Other,Local,31/07/2026,2600,2600,2600
Rajasthan,Jodhpur,Jodhpur (F&V) APMC,Pomegranate,Other,Local,31/07/2026,4000,9000,6500
Rajasthan,Jaisalmer,Jaisalmer APMC,Potato,Potato,Grade A,31/07/2026,1000,1200,1100
Rajasthan,Jaipur,Bassi APMC,Wheat,Other,Local,31/07/2026,2458,2596,2527
Rajasthan,Kota,Kota APMC,Soyabean,Local,Local,31/07/2026,6950,6950,6950
Rajasthan,Kota,Kota APMC,Paddy(Basmati),Other,Local,31/07/2026,4300,4300,4300
Rajasthan,Kota,Kota APMC,Corriander seed,Other,Local,31/07/2026,13000,13000,13000
Rajasthan,Kota,Kota APMC,Bengal Gram(Gram)(Whole),Other,Local,31/07/2026,5850,5850,5850
Rajasthan,Bikaner,Sridungargarh APMC,Moath Dal,Other,Local,31/07/2026,4445,4445,4445
Rajasthan,Dungarpur,Dungarpur APMC,Coriander(Leaves),Coriander,Medium,31/07/2026,1900,2200,2000
Rajasthan,Jalore,Jalore APMC,Bitter gourd,Other,Local,31/07/2026,2000,2500,2300
Rajasthan,Jalore,Jalore APMC,Bhindi(Ladies Finger),Bhindi,Local,31/07/2026,1200,1500,1300
Rajasthan,Jalore,Jalore APMC,Bottle gourd,Bottle Gourd,Local,31/07/2026,1200,1500,1300
Rajasthan,Jalore,Jalore APMC,Coriander(Leaves),Coriander,Local,31/07/2026,3000,3500,3300
Rajasthan,Jalore,Jalore APMC,Cluster beans,Other,Local,31/07/2026,2800,3200,3000
Rajasthan,Jalore,Jalore APMC,Green Chilli,Green Chilly,Local,31/07/2026,1200,1600,1400
Rajasthan,Jodhpur,Jodhpur (F&V) APMC,Garlic,Garlic,Local,31/07/2026,5000,13000,9000
Rajasthan,Kota,Kota APMC,Mustard,Mustard,Local,31/07/2026,7800,7800,7800
Rajasthan,Kota,Kota APMC,Black Gram(Urd Beans)(Whole),Other,Local,31/07/2026,5700,5700,5700
Rajasthan,Kota,Kota APMC,Green Gram(Moong)(Whole),Other,Local,31/07/2026,7300,7300,7300
Rajasthan,Kota,Kota APMC,Garlic,Other,Local,31/07/2026,13000,13000,13000
Rajasthan,Jalore,Jalore APMC,Cabbage,Cabbage,Local,31/07/2026,1200,1500,1300
Rajasthan,Jalore,Jalore APMC,Lemon,Other,Local,31/07/2026,1800,2200,2000
Rajasthan,Jalore,Jalore APMC,Ginger(Green),Other,Local,31/07/2026,4500,5000,4800
Rajasthan,Jodhpur,Jodhpur (F&V) APMC,Guava,Other,Medium,31/07/2026,1500,3000,2250
Rajasthan,Jodhpur,Jodhpur (F&V) APMC,Mousambi(Sweet Lime),Mousambi,Medium,31/07/2026,1500,3000,2250
Rajasthan,Jodhpur,Jodhpur (F&V) APMC,Pear(Marasebu),Other,Local,31/07/2026,1000,2000,1500
Rajasthan,Churu,Churu APMC,Onion,1st Sort,FAQ,31/07/2026,2000,2400,2200
Rajasthan,Jaipur,Bassi APMC,Bajra(Pearl Millet/Cumbu),Other,Local,31/07/2026,2076,2185,2130
Rajasthan,Jaipur,Bassi APMC,Guar Seed(Cluster Beans Seed),Other,Local,31/07/2026,4600,4600,4600
Rajasthan,Kota,Kota APMC,Wheat,Local,Local,31/07/2026,2600,2600,2600
Rajasthan,Kota,Kota APMC,Linseed,Other,Local,31/07/2026,9000,9000,9000
Rajasthan,Hanumangarh,Sangriya APMC,Onion,Onion,Local,31/07/2026,1400,2700,2400
Rajasthan,Jaipur,Jaipur (Grain) APMC,Gur(Jaggery),Other,Grade Range-2,31/07/2026,4550,4550,4550
Rajasthan,Jalore,Jalore APMC,Tinda,Tinda,Local,31/07/2026,1000,1400,1200
Rajasthan,Jalore,Jalore APMC,Potato,Potato,Local,31/07/2026,1200,1600,1400
Rajasthan,Jodhpur,Jodhpur (F&V) APMC,Tender Coconut,Other,Medium,31/07/2026,2000,4200,3100
Rajasthan,Jodhpur,Jodhpur (F&V) APMC,Mango,Langra,Medium,31/07/2026,2000,6000,4000
Rajasthan,Jodhpur,Jodhpur (F&V) APMC,Onion,Medium,Medium,31/07/2026,1000,2200,1600
Rajasthan,Jodhpur,Jodhpur (F&V) APMC,Potato,Potato,Local,31/07/2026,500,900,700
Rajasthan,Churu,Churu APMC,Potato,Red Nanital,FAQ,31/07/2026,1000,1100,1050
Rajasthan,Jaipur,Bassi APMC,Barley(Jau),Other,Local,31/07/2026,2458,2492,2475
Rajasthan,Jaipur,Bassi APMC,Mustard,Other,Local,31/07/2026,7590,7970,7780
Rajasthan,Jaipur,Bassi APMC,Bengal Gram(Gram)(Whole),999,Local,31/07/2026,5551,5765,5658
Tamil Nadu,Thirupur,Tiruppur (South) (Uzhavar Sandhai ),Potato,Other,Local,31/07/2026,6000,7000,6500
Tamil Nadu,Thirupur,Tiruppur (South) (Uzhavar Sandhai ),Papaya,Papaya,Local,31/07/2026,2000,2500,2250
Tamil Nadu,Thirupur,Tiruppur (South) (Uzhavar Sandhai ),Cowpea(Veg),Cowpea (Veg),Local,31/07/2026,2500,3000,2750
Tamil Nadu,Thirupur,Tiruppur (South) (Uzhavar Sandhai ),Chow Chow,Chow Chow,Local,31/07/2026,2500,3000,2750
Tamil Nadu,Thirupur,Tiruppur (South) (Uzhavar Sandhai ),Onion Green,Onion Green,Local,31/07/2026,5000,6000,5500
Tamil Nadu,Thirupur,Tiruppur (South) (Uzhavar Sandhai ),Mint(Pudina),Mint(Pudina),Local,31/07/2026,2500,3000,2750
Tamil Nadu,Thanjavur,Tirukattupalli(Uzhavar Sandhai ),Tomato,Deshi,Local,31/07/2026,2000,2000,2000
Tamil Nadu,Thanjavur,Tirukattupalli(Uzhavar Sandhai ),Green Chilli,Green Chilly,Local,31/07/2026,5000,5000,5000
Tamil Nadu,Thanjavur,Tirukattupalli(Uzhavar Sandhai ),Raddish,Raddish,Local,31/07/2026,3600,3600,3600
Tamil Nadu,Thiruchirappalli,Thuraiyur APMC,Cauliflower,Ranchi,Local,31/07/2026,3500,4000,3750
Tamil Nadu,Thiruchirappalli,Thuraiyur APMC,Coriander(Leaves),I Sort,Local,31/07/2026,2600,3200,2900
Tamil Nadu,Thiruchirappalli,Thuraiyur APMC,Amaranthus,Amaranthus,Local,31/07/2026,1500,2000,1750
Tamil Nadu,Thiruchirappalli,Thuraiyur APMC,Green Chilli,Green Chilly,Local,31/07/2026,4000,4600,4300
Tamil Nadu,Thiruchirappalli,Thuraiyur APMC,Ginger(Green),Green Ginger,Local,31/07/2026,20000,22000,21000
Tamil Nadu,Thiruchirappalli,Thuraiyur APMC,Betal Leaves,Mysore,Local,31/07/2026,8000,9000,8500
Tamil Nadu,Thiruchirappalli,Thuraiyur APMC,Ridgeguard(Tori),Ridgeguard(Tori),Local,31/07/2026,5000,5600,5300
Tamil Nadu,Thiruchirappalli,Thuraiyur APMC,Chow Chow,Chow Chow,Local,31/07/2026,3500,4000,3750
Tamil Nadu,Thiruchirappalli,Thuraiyur APMC,Elephant Yam(Suran)/Amorphophallus,Elephant Yam (Suran),Local,31/07/2026,3500,4000,3750
Tamil Nadu,Vellore,Gudiyatham APMC,Paddy(Common),Other,Local,31/07/2026,1566,1666,1616
Tamil Nadu,Villupuram,Avalurpet APMC,Ragi(Finger Millet),Other,Local,31/07/2026,3341,3341,3341
Tamil Nadu,Villupuram,Tindivanam APMC,Coriander(Leaves),I Sort,Local,31/07/2026,4000,4000,4000
Tamil Nadu,Villupuram,Tindivanam APMC,Amaranthus,Amaranthus,Local,31/07/2026,4000,4000,4000
Tamil Nadu,Villupuram,Tindivanam APMC,Ginger(Green),Green Ginger,Local,31/07/2026,13000,13000,13000
Tamil Nadu,Villupuram,Tindivanam APMC,Yam(Ratalu),Yam (Ratalu),Local,31/07/2026,6000,6000,6000
Tamil Nadu,Villupuram,Tindivanam APMC,Colacasia,Colacasia,Local,31/07/2026,5800,5800,5800
Tamil Nadu,Villupuram,Ulundurpettai APMC,Bitter gourd,Bitter Gourd,Local,31/07/2026,6000,6000,6000
Tamil Nadu,Villupuram,Ulundurpettai APMC,Pumpkin,Pumpkin,Local,31/07/2026,2500,2500,2500
Tamil Nadu,Villupuram,Ulundurpettai APMC,Snakeguard,Snakeguard,Local,31/07/2026,6000,6000,6000
Tamil Nadu,Villupuram,Ulundurpettai APMC,Drumstick,Drumstick,Local,31/07/2026,6000,6000,6000
Tamil Nadu,Villupuram,Ulundurpettai APMC,Lemon,Lemon,Local,31/07/2026,5000,5000,5000
Tamil Nadu,Villupuram,Ulundurpettai APMC,Onion Green,Onion Green,Local,31/07/2026,7000,7000,7000
Tamil Nadu,Madurai,Chokkikulam(Uzhavar Sandhai ),Onion,Bellary,Local,31/07/2026,3000,4000,3500
Tamil Nadu,Madurai,Chokkikulam(Uzhavar Sandhai ),Potato,Red Nanital,Local,31/07/2026,2400,6000,4200
Tamil Nadu,Madurai,Chokkikulam(Uzhavar Sandhai ),Green Peas,Green Peas,Local,31/07/2026,13000,14000,13500
Tamil Nadu,Madurai,Chokkikulam(Uzhavar Sandhai ),Ashgourd,Gouard,Local,31/07/2026,2000,2400,2200
Tamil Nadu,Madurai,Chokkikulam(Uzhavar Sandhai ),Amaranthus,Amaranthus,Local,31/07/2026,3000,3600,3300
Tamil Nadu,Madurai,Chokkikulam(Uzhavar Sandhai ),Tapioca,Tapioca,Local,31/07/2026,3000,4000,3500
Tamil Nadu,Madurai,Chokkikulam(Uzhavar Sandhai ),Coconut,Coconut,Local,31/07/2026,6000,6500,6250
Tamil Nadu,Madurai,Chokkikulam(Uzhavar Sandhai ),Drumstick,Drumstick,Local,31/07/2026,4000,6000,5000
Tamil Nadu,Madurai,Chokkikulam(Uzhavar Sandhai ),Mango(Raw-Ripe),Mango - Raw-Ripe,Local,31/07/2026,3000,4000,3500
Tamil Nadu,Cuddalore,Viruthachalam(Uzhavar Sandhai ),Tomato,Deshi,Local,31/07/2026,2000,2000,2000
Tamil Nadu,Cuddalore,Viruthachalam(Uzhavar Sandhai ),Bhindi(Ladies Finger),Bhindi,Local,31/07/2026,3000,3000,3000
Tamil Nadu,Cuddalore,Viruthachalam(Uzhavar Sandhai ),Amaranthus,Amaranthus,Local,31/07/2026,2000,2500,2250
Tamil Nadu,Cuddalore,Viruthachalam(Uzhavar Sandhai ),Carrot,Pusakesar,Local,31/07/2026,9000,9000,9000
Tamil Nadu,Cuddalore,Viruthachalam(Uzhavar Sandhai ),Beetroot,Beetroot,Local,31/07/2026,6000,6000,6000
Tamil Nadu,Cuddalore,Viruthachalam(Uzhavar Sandhai ),Chow Chow,Chow Chow,Local,31/07/2026,4000,4000,4000
Tamil Nadu,Cuddalore,Viruthachalam(Uzhavar Sandhai ),Mango(Raw-Ripe),Mango - Raw-Ripe,Local,31/07/2026,3000,3000,3000
Tamil Nadu,Dharmapuri,Dharmapuri(Uzhavar Sandhai ),Garlic,Garlic,Local,31/07/2026,23000,23800,23400
Tamil Nadu,Dharmapuri,Dharmapuri(Uzhavar Sandhai ),Cauliflower,Ranchi,Local,31/07/2026,3300,3500,3400
Tamil Nadu,Dharmapuri,Dharmapuri(Uzhavar Sandhai ),Coriander(Leaves),I Sort,Local,31/07/2026,6500,7000,6750
Tamil Nadu,Dharmapuri,Dharmapuri(Uzhavar Sandhai ),Water Melon,Water Melon,Local,31/07/2026,1800,2000,1900
Tamil Nadu,Dharmapuri,Dharmapuri(Uzhavar Sandhai ),Tomato,Local,Local,31/07/2026,1300,1400,1350
Tamil Nadu,Dharmapuri,Dharmapuri(Uzhavar Sandhai ),Cluster beans,Cluster Beans,Local,31/07/2026,3300,3600,3450
Tamil Nadu,Dharmapuri,Dharmapuri(Uzhavar Sandhai ),Snakeguard,Snakeguard,Local,31/07/2026,2800,3000,2900
Tamil Nadu,Dharmapuri,Dharmapuri(Uzhavar Sandhai ),Thondekai,Thondekai,Local,31/07/2026,4500,4800,4650
Tamil Nadu,Dharmapuri,Dharmapuri(Uzhavar Sandhai ),Guava,Guava Allahabad,Local,31/07/2026,4200,4500,4350
Tamil Nadu,Dharmapuri,Dharmapuri(Uzhavar Sandhai ),Yam(Ratalu),Yam (Ratalu),Local,31/07/2026,7500,8000,7750
Tamil Nadu,Dharmapuri,Dharmapuri(Uzhavar Sandhai ),Mint(Pudina),Mint(Pudina),Local,31/07/2026,7500,8000,7750
Tamil Nadu,Dharmapuri,Palacode(Uzhavar Sandhai ),Pumpkin,Pumpkin,Local,31/07/2026,1600,1800,1700
Tamil Nadu,Dharmapuri,Palacode(Uzhavar Sandhai ),Beans,Beans (Whole),Local,31/07/2026,9600,10000,9800
Tamil Nadu,Dharmapuri,Palacode(Uzhavar Sandhai ),Ginger(Green),Green Ginger,Local,31/07/2026,22500,23500,23000
Tamil Nadu,Dharmapuri,Palacode(Uzhavar Sandhai ),Beetroot,Beetroot,Local,31/07/2026,4600,5000,4800
Tamil Nadu,Dharmapuri,Palacode(Uzhavar Sandhai ),Thondekai,Thondekai,Local,31/07/2026,4600,5000,4800
Tamil Nadu,Dharmapuri,Palacode(Uzhavar Sandhai ),Green Avare(W),Green Avare (W),Local,31/07/2026,5000,5400,5200
Tamil Nadu,Dharmapuri,Palacode(Uzhavar Sandhai ),Sweet Corn ,Sweet Corn ,Local,31/07/2026,2800,3000,2900
Tamil Nadu,Dharmapuri,Pennagaram(Uzhavar Sandhai ),Bottle gourd,Bottle Gourd,Local,31/07/2026,1800,2000,1900
Tamil Nadu,Dharmapuri,Pennagaram(Uzhavar Sandhai ),Green Chilli,Green Chilly,Local,31/07/2026,4600,5000,4800
Tamil Nadu,Dharmapuri,Pennagaram(Uzhavar Sandhai ),Cowpea(Veg),Cowpea (Veg),Local,31/07/2026,5500,6000,5750
Tamil Nadu,Dharmapuri,Pennagaram(Uzhavar Sandhai ),Beetroot,Beetroot,Local,31/07/2026,4600,5000,4800
Tamil Nadu,Dharmapuri,Pennagaram(Uzhavar Sandhai ),Raddish,Raddish,Local,31/07/2026,2600,2800,2700
Tamil Nadu,Dindigul,Chinnalapatti(Uzhavar Sandhai ),Tomato,Deshi,Local,31/07/2026,1500,2000,1750
Tamil Nadu,Dindigul,Chinnalapatti(Uzhavar Sandhai ),Cluster beans,Cluster Beans,Local,31/07/2026,3600,4000,3800
Tamil Nadu,Dindigul,Chinnalapatti(Uzhavar Sandhai ),Amaranthus,Amaranthus,Local,31/07/2026,2500,3000,2750
Tamil Nadu,Dindigul,Chinnalapatti(Uzhavar Sandhai ),Green Chilli,Green Chilly,Local,31/07/2026,5000,6000,5500
Tamil Nadu,Dindigul,Chinnalapatti(Uzhavar Sandhai ),Banana - Green,Banana - Green,Local,31/07/2026,2500,3000,2750
Tamil Nadu,Dindigul,Chinnalapatti(Uzhavar Sandhai ),Beans,Beans (Whole),Local,31/07/2026,8000,10000,9000
Tamil Nadu,Dindigul,Chinnalapatti(Uzhavar Sandhai ),Ridgeguard(Tori),Ridgeguard(Tori),Local,31/07/2026,7000,8000,7500
Tamil Nadu,Dindigul,Chinnalapatti(Uzhavar Sandhai ),Green Avare(W),Other,Local,31/07/2026,6000,8000,7000
Tamil Nadu,Dindigul,Chinnalapatti(Uzhavar Sandhai ),Chow Chow,Chow Chow,Local,31/07/2026,3000,3400,3200
Tamil Nadu,Dindigul,Chinnalapatti(Uzhavar Sandhai ),Drumstick,Drumstick,Local,31/07/2026,5000,6000,5500
Tamil Nadu,Dindigul,Dindigul(Uzhavar Sandhai ),Coriander(Leaves),I Sort,Local,31/07/2026,4000,4500,4250
Tamil Nadu,Dindigul,Dindigul(Uzhavar Sandhai ),Pumpkin,Pumpkin,Local,31/07/2026,1600,2000,1800
Tamil Nadu,Dindigul,Dindigul(Uzhavar Sandhai ),Green Chilli,Green Chilly,Local,31/07/2026,5000,6000,5500
Tamil Nadu,Dindigul,Dindigul(Uzhavar Sandhai ),Cabbage,Cabbage,Local,31/07/2026,4000,5000,4500
Tamil Nadu,Dindigul,Dindigul(Uzhavar Sandhai ),Beetroot,Beetroot,Local,31/07/2026,4000,8000,6000
Tamil Nadu,Dindigul,Dindigul(Uzhavar Sandhai ),Guava,Guava Allahabad,Local,31/07/2026,5000,6000,5500
Tamil Nadu,Dindigul,Dindigul(Uzhavar Sandhai ),Amla(Nelli Kai),Amla,Local,31/07/2026,4000,5000,4500
Tamil Nadu,Dindigul,Dindigul(Uzhavar Sandhai ),Mint(Pudina),Mint(Pudina),Local,31/07/2026,4000,4500,4250
Tamil Nadu,Dindigul,Palani(Uzhavar Sandhai ),Brinjal,Other,Local,31/07/2026,3500,4000,3750
Tamil Nadu,Dindigul,Palani(Uzhavar Sandhai ),Bottle gourd,Bottle Gourd,Local,31/07/2026,1500,2000,1750
Tamil Nadu,Dindigul,Palani(Uzhavar Sandhai ),Ashgourd,Gouard,Local,31/07/2026,1500,2000,1750
Tamil Nadu,Dindigul,Palani(Uzhavar Sandhai ),Bhindi(Ladies Finger),Bhindi,Local,31/07/2026,3000,3500,3250
Tamil Nadu,Dindigul,Palani(Uzhavar Sandhai ),Banana - Green,Banana - Green,Local,31/07/2026,3000,3600,3300
Tamil Nadu,Dindigul,Palani(Uzhavar Sandhai ),Ginger(Green),Green Ginger,Local,31/07/2026,10000,18500,14250
Tamil Nadu,Dindigul,Palani(Uzhavar Sandhai ),Coconut,Coconut,Local,31/07/2026,5000,5200,5100
Tamil Nadu,Dindigul,Palani(Uzhavar Sandhai ),Chow Chow,Chow Chow,Local,31/07/2026,2800,3400,3100
Tamil Nadu,Dindigul,Palani(Uzhavar Sandhai ),Mango(Raw-Ripe),Mango - Raw-Ripe,Local,31/07/2026,2500,3000,2750
Tamil Nadu,Dindigul,Palani(Uzhavar Sandhai ),Guava,Guava Allahabad,Local,31/07/2026,3000,3500,3250
Tamil Nadu,Dindigul,Palani(Uzhavar Sandhai ),Tender Coconut,Tender Coconut,Local,31/07/2026,2500,3000,2750
Tamil Nadu,Dindigul,Palani(Uzhavar Sandhai ),Onion Green,Onion Green,Local,31/07/2026,4000,5000,4500
Tamil Nadu,Dindigul,Palani(Uzhavar Sandhai ),Sweet Corn ,Sweet Corn ,Local,31/07/2026,4000,5000,4500
Tamil Nadu,Erode,Periyar Nagar(Uzhavar Sandhai ),Pumpkin,Pumpkin,Local,31/07/2026,2000,2200,2100
Tamil Nadu,Erode,Periyar Nagar(Uzhavar Sandhai ),Coconut,Coconut,Local,31/07/2026,5000,5400,5200
Tamil Nadu,Erode,Periyar Nagar(Uzhavar Sandhai ),Sweet Potato,Hosur Red,Local,31/07/2026,3600,4000,3800
Tamil Nadu,Erode,Perundurai(Uzhavar Sandhai ),Carrot,Pusakesar,Local,31/07/2026,8500,9000,8750
Tamil Nadu,Erode,Perundurai(Uzhavar Sandhai ),Snakeguard,Snakeguard,Local,31/07/2026,3200,3600,3400
Tamil Nadu,Erode,Perundurai(Uzhavar Sandhai ),Beetroot,Beetroot,Local,31/07/2026,7500,8000,7750
Tamil Nadu,Erode,Perundurai(Uzhavar Sandhai ),Ridgeguard(Tori),Ridgeguard(Tori),Local,31/07/2026,3500,4000,3750
Tamil Nadu,Erode,Perundurai(Uzhavar Sandhai ),Raddish,Raddish,Local,31/07/2026,2800,3200,3000
Tamil Nadu,Erode,Perundurai(Uzhavar Sandhai ),Mango(Raw-Ripe),Mango - Raw-Ripe,Local,31/07/2026,2500,3000,2750
Tamil Nadu,Erode,Perundurai(Uzhavar Sandhai ),Elephant Yam(Suran)/Amorphophallus,Elephant Yam (Suran),Local,31/07/2026,2500,3000,2750
Tamil Nadu,Erode,Thalavadi(Uzhavar Sandhai ),Cauliflower,Ranchi,Local,31/07/2026,2400,2800,2600
Tamil Nadu,Erode,Thalavadi(Uzhavar Sandhai ),Coriander(Leaves),I Sort,Local,31/07/2026,4400,4800,4600
Tamil Nadu,Erode,Thalavadi(Uzhavar Sandhai ),Pumpkin,Pumpkin,Local,31/07/2026,1000,1300,1150
Tamil Nadu,Erode,Thalavadi(Uzhavar Sandhai ),Coconut,Coconut,Local,31/07/2026,4500,5000,4750
Tamil Nadu,Erode,Thalavadi(Uzhavar Sandhai ),Beetroot,Beetroot,Local,31/07/2026,4000,4600,4300
Tamil Nadu,Erode,Thalavadi(Uzhavar Sandhai ),Cucumbar(Kheera),Cucumbar,Local,31/07/2026,2600,3000,2800
Tamil Nadu,Erode,Thalavadi(Uzhavar Sandhai ),Raddish,Raddish,Local,31/07/2026,2400,2800,2600
Tamil Nadu,Erode,Thalavadi(Uzhavar Sandhai ),Drumstick,Drumstick,Local,31/07/2026,5500,6000,5750
Tamil Nadu,Kallakuruchi,Sankarapuram(Uzhavar Sandhai ),Tomato,Deshi,Local,31/07/2026,2500,2500,2500
Tamil Nadu,Kallakuruchi,Sankarapuram(Uzhavar Sandhai ),Ashgourd,Gouard,Local,31/07/2026,2000,2000,2000
Tamil Nadu,Kallakuruchi,Sankarapuram(Uzhavar Sandhai ),Green Chilli,Green Chilly,Local,31/07/2026,5000,5000,5000
Tamil Nadu,Kallakuruchi,Sankarapuram(Uzhavar Sandhai ),Beans,Beans (Whole),Local,31/07/2026,10000,10000,10000
Tamil Nadu,Kallakuruchi,Sankarapuram(Uzhavar Sandhai ),Beetroot,Beetroot,Local,31/07/2026,6000,6000,6000
Tamil Nadu,Kallakuruchi,Sankarapuram(Uzhavar Sandhai ),Jack Fruit(Ripe),Jack Fruit,Local,31/07/2026,2000,2000,2000
Tamil Nadu,Kallakuruchi,Sankarapuram(Uzhavar Sandhai ),Onion Green,Onion Green,Local,31/07/2026,6000,6000,6000
Tamil Nadu,Kallakuruchi,Sankarapuram(Uzhavar Sandhai ),Mint(Pudina),Mint(Pudina),Local,31/07/2026,3000,3000,3000
Tamil Nadu,Kancheepuram,Kancheepuram(Uzhavar Sandhai ),Onion,Bellary,Local,31/07/2026,3200,4000,3600
Tamil Nadu,Kancheepuram,Kancheepuram(Uzhavar Sandhai ),Water Melon,Water Melon,Local,31/07/2026,2500,3000,2750
Tamil Nadu,Kancheepuram,Kancheepuram(Uzhavar Sandhai ),Tomato,Local,Local,31/07/2026,1800,2500,2150
Tamil Nadu,Kancheepuram,Kancheepuram(Uzhavar Sandhai ),Pumpkin,Pumpkin,Local,31/07/2026,2000,2500,2250
Tamil Nadu,Kancheepuram,Kancheepuram(Uzhavar Sandhai ),Banana - Green,Banana - Green,Local,31/07/2026,3500,4500,4000
Tamil Nadu,Kancheepuram,Kancheepuram(Uzhavar Sandhai ),Green Avare(W),Other,Local,31/07/2026,6000,8000,7000
Tamil Nadu,Kancheepuram,Kundrathur(Uzhavar Sandhai ),Cauliflower,Ranchi,Local,31/07/2026,3000,3500,3250
Tamil Nadu,Kancheepuram,Kundrathur(Uzhavar Sandhai ),Amaranthus,Amaranthus,Local,31/07/2026,3000,3000,3000
Tamil Nadu,Kancheepuram,Kundrathur(Uzhavar Sandhai ),Beans,Beans (Whole),Local,31/07/2026,6000,7000,6500
Tamil Nadu,Kancheepuram,Kundrathur(Uzhavar Sandhai ),Thondekai,Thondekai,Local,31/07/2026,4000,4000,4000
Tamil Nadu,Kancheepuram,Padappai(Uzhavar Sandhai ),Brinjal,Other,Local,31/07/2026,3000,4000,3500
Tamil Nadu,Kancheepuram,Padappai(Uzhavar Sandhai ),Banana - Green,Banana - Green,Local,31/07/2026,3000,3500,3250
Tamil Nadu,Kancheepuram,Padappai(Uzhavar Sandhai ),Carrot,Pusakesar,Local,31/07/2026,6000,8000,7000
Tamil Nadu,Kancheepuram,Padappai(Uzhavar Sandhai ),Cucumbar(Kheera),Cucumbar,Local,31/07/2026,3000,3500,3250
Tamil Nadu,Kancheepuram,Sunguvarchatram(Uzhavar Sandhai ),Potato,Other,Local,31/07/2026,2800,2800,2800
Tamil Nadu,Kancheepuram,Sunguvarchatram(Uzhavar Sandhai ),Bitter gourd,Bitter Gourd,Local,31/07/2026,4000,4000,4000
Tamil Nadu,Kancheepuram,Sunguvarchatram(Uzhavar Sandhai ),Coconut,Coconut,Local,31/07/2026,5000,6000,5500
Tamil Nadu,Kancheepuram,Sunguvarchatram(Uzhavar Sandhai ),Carrot,Pusakesar,Local,31/07/2026,5000,6000,5500
Tamil Nadu,Kancheepuram,Sunguvarchatram(Uzhavar Sandhai ),Green Avare(W),Green Avare (W),Local,31/07/2026,4000,5000,4500
Tamil Nadu,Kancheepuram,Sunguvarchatram(Uzhavar Sandhai ),Yam(Ratalu),Yam (Ratalu),Local,31/07/2026,4000,4000,4000
Tamil Nadu,Krishnagiri,Avallapalli(Uzhavar Sandhai ),Brinjal,Round,Local,31/07/2026,3500,4000,3750
Tamil Nadu,Krishnagiri,Avallapalli(Uzhavar Sandhai ),Coriander(Leaves),I Sort,Local,31/07/2026,6000,7000,6500
Tamil Nadu,Krishnagiri,Avallapalli(Uzhavar Sandhai ),Bitter gourd,Bitter Gourd,Local,31/07/2026,5000,5500,5250
Tamil Nadu,Krishnagiri,Avallapalli(Uzhavar Sandhai ),Green Chilli,Green Chilly,Local,31/07/2026,5500,6000,5750
Tamil Nadu,Krishnagiri,Avallapalli(Uzhavar Sandhai ),Raddish,Raddish,Local,31/07/2026,2000,2500,2250
Tamil Nadu,Krishnagiri,Avallapalli(Uzhavar Sandhai ),Chow Chow,Chow Chow,Local,31/07/2026,3000,3500,3250
Tamil Nadu,Krishnagiri,Avallapalli(Uzhavar Sandhai ),Drumstick,Drumstick,Local,31/07/2026,4500,5000,4750
Tamil Nadu,Krishnagiri,Avallapalli(Uzhavar Sandhai ),Tamarind Fruit,Tamarind Fruit,Local,31/07/2026,9000,10000,9500
Tamil Nadu,Krishnagiri,Avallapalli(Uzhavar Sandhai ),Onion Green,Onion Green,Local,31/07/2026,7000,8000,7500
Tamil Nadu,Dharmapuri,Karimangalam(Uzhavar Sandhai),Garlic,Garlic,Local,31/07/2026,22000,24000,23000
Tamil Nadu,Dharmapuri,Karimangalam(Uzhavar Sandhai),Coriander(Leaves),I Sort,Local,31/07/2026,6500,7000,6750
Tamil Nadu,Dharmapuri,Karimangalam(Uzhavar Sandhai),Papaya,Papaya,Local,31/07/2026,2800,3000,2900
Tamil Nadu,Dharmapuri,Karimangalam(Uzhavar Sandhai),Green Chilli,Green Chilly,Local,31/07/2026,4000,4500,4250
Tamil Nadu,Dharmapuri,Karimangalam(Uzhavar Sandhai),Beans,Beans (Whole),Local,31/07/2026,9000,10000,9500
Tamil Nadu,Dharmapuri,Karimangalam(Uzhavar Sandhai),Cucumbar(Kheera),Cucumbar,Local,31/07/2026,4000,4500,4250
Tamil Nadu,Dharmapuri,Karimangalam(Uzhavar Sandhai),Onion Green,Onion Green,Local,31/07/2026,5000,5500,5250
Tamil Nadu,Krishnagiri,Denkanikottai(Uzhavar Sandhai ),Onion,Bellary,Local,31/07/2026,3000,4000,3500
Tamil Nadu,Krishnagiri,Denkanikottai(Uzhavar Sandhai ),Potato,Red Nanital,Local,31/07/2026,2000,2500,2250
Tamil Nadu,Krishnagiri,Denkanikottai(Uzhavar Sandhai ),Cauliflower,Ranchi,Local,31/07/2026,3000,4000,3500
Tamil Nadu,Krishnagiri,Denkanikottai(Uzhavar Sandhai ),Tomato,Deshi,Local,31/07/2026,1000,1500,1250
Tamil Nadu,Krishnagiri,Denkanikottai(Uzhavar Sandhai ),Bottle gourd,Bottle Gourd,Local,31/07/2026,2500,3000,2750
Tamil Nadu,Krishnagiri,Denkanikottai(Uzhavar Sandhai ),Cabbage,Cabbage,Local,31/07/2026,2000,2500,2250
Tamil Nadu,Krishnagiri,Denkanikottai(Uzhavar Sandhai ),Green Avare(W),Green Avare (W),Local,31/07/2026,5000,6000,5500
Tamil Nadu,Krishnagiri,Denkanikottai(Uzhavar Sandhai ),Knool Khol,Knool Khol,Local,31/07/2026,3000,4000,3500
Tamil Nadu,Krishnagiri,Hosur(Uzhavar Sandhai ),Groundnut,Big (With Shell),Local,31/07/2026,7000,8000,7500
Tamil Nadu,Krishnagiri,Hosur(Uzhavar Sandhai ),Banana,Red Banana,Local,31/07/2026,6000,7000,6500
Tamil Nadu,Krishnagiri,Hosur(Uzhavar Sandhai ),Chikoos(Sapota),Sapota,Local,31/07/2026,7000,8000,7500
Tamil Nadu,Krishnagiri,Hosur(Uzhavar Sandhai ),Papaya,Papaya,Local,31/07/2026,3500,4000,3750
Tamil Nadu,Krishnagiri,Hosur(Uzhavar Sandhai ),Water Melon,Water Melon,Local,31/07/2026,3000,3500,3250
Tamil Nadu,Krishnagiri,Hosur(Uzhavar Sandhai ),Bhindi(Ladies Finger),Bhindi,Local,31/07/2026,3000,3500,3250
Tamil Nadu,Krishnagiri,Hosur(Uzhavar Sandhai ),Ginger(Green),Green Ginger,Local,31/07/2026,15000,18000,16500
Tamil Nadu,Krishnagiri,Hosur(Uzhavar Sandhai ),Carrot,Pusakesar,Local,31/07/2026,6000,7000,6500
Tamil Nadu,Krishnagiri,Hosur(Uzhavar Sandhai ),Cucumbar(Kheera),Cucumbar,Local,31/07/2026,3000,3500,3250
Tamil Nadu,Krishnagiri,Hosur(Uzhavar Sandhai ),Ridgeguard(Tori),Ridgeguard(Tori),Local,31/07/2026,4500,5000,4750
Tamil Nadu,Krishnagiri,Hosur(Uzhavar Sandhai ),Chow Chow,Chow Chow,Local,31/07/2026,3000,3500,3250
Tamil Nadu,Krishnagiri,Hosur(Uzhavar Sandhai ),Mango(Raw-Ripe),Mango - Raw-Ripe,Local,31/07/2026,2500,3000,2750
Tamil Nadu,Krishnagiri,Hosur(Uzhavar Sandhai ),Guava,Guava Allahabad,Local,31/07/2026,5000,6000,5500
Tamil Nadu,Krishnagiri,Hosur(Uzhavar Sandhai ),Tender Coconut,Tender Coconut,Local,31/07/2026,2500,3000,2750
Tamil Nadu,Krishnagiri,Hosur(Uzhavar Sandhai ),Tube Flower,Tube Flower,Local,31/07/2026,50000,60000,55000
Tamil Nadu,Krishnagiri,Hosur(Uzhavar Sandhai ),Lemon,Lemon,Local,31/07/2026,8000,9000,8500
Tamil Nadu,Krishnagiri,Hosur(Uzhavar Sandhai ),Colacasia,Colacasia,Local,31/07/2026,5000,6000,5500
Tamil Nadu,Krishnagiri,Krishnagiri(Uzhavar Sandhai ),Groundnut,Big (With Shell),Local,31/07/2026,6500,7000,6750
Tamil Nadu,Krishnagiri,Krishnagiri(Uzhavar Sandhai ),Banana,Besrai,Local,31/07/2026,6000,6500,6250
Tamil Nadu,Krishnagiri,Krishnagiri(Uzhavar Sandhai ),Mango,Safeda,Local,31/07/2026,3000,3500,3250
Tamil Nadu,Krishnagiri,Krishnagiri(Uzhavar Sandhai ),Garlic,Garlic,Local,31/07/2026,20000,22000,21000
Tamil Nadu,Krishnagiri,Krishnagiri(Uzhavar Sandhai ),Papaya,Papaya,Local,31/07/2026,2800,3000,2900
Tamil Nadu,Krishnagiri,Krishnagiri(Uzhavar Sandhai ),Bitter gourd,Bitter Gourd,Local,31/07/2026,4500,5000,4750
Tamil Nadu,Krishnagiri,Krishnagiri(Uzhavar Sandhai ),Beans,Beans (Whole),Local,31/07/2026,8000,9000,8500
Tamil Nadu,Krishnagiri,Krishnagiri(Uzhavar Sandhai ),Cucumbar(Kheera),Cucumbar,Local,31/07/2026,2000,2400,2200
Tamil Nadu,Krishnagiri,Krishnagiri(Uzhavar Sandhai ),Tender Coconut,Tender Coconut,Local,31/07/2026,3500,4000,3750
Tamil Nadu,Madurai,Anaiyur(Uzhavar Sandhai ),Orange,Darjeeling,Local,31/07/2026,14000,16000,15000
Tamil Nadu,Madurai,Anaiyur(Uzhavar Sandhai ),Onion,Bellary,Local,31/07/2026,3500,4000,3750
Tamil Nadu,Madurai,Anaiyur(Uzhavar Sandhai ),Potato,Red Nanital,Local,31/07/2026,5000,6000,5500
Tamil Nadu,Madurai,Anaiyur(Uzhavar Sandhai ),Amaranthus,Amaranthus,Local,31/07/2026,3000,3600,3300
Tamil Nadu,Madurai,Anaiyur(Uzhavar Sandhai ),Green Chilli,Green Chilly,Local,31/07/2026,4000,4500,4250
Tamil Nadu,Madurai,Anaiyur(Uzhavar Sandhai ),Beetroot,Beetroot,Local,31/07/2026,5000,5500,5250
Tamil Nadu,Madurai,Anaiyur(Uzhavar Sandhai ),Thondekai,Thondekai,Local,31/07/2026,4000,4500,4250
Tamil Nadu,Madurai,Anaiyur(Uzhavar Sandhai ),Green Avare(W),Green Avare (W),Local,31/07/2026,7000,9000,8000
Tamil Nadu,Madurai,Anaiyur(Uzhavar Sandhai ),Chow Chow,Chow Chow,Local,31/07/2026,2500,3200,2850
Tamil Nadu,Madurai,Anaiyur(Uzhavar Sandhai ),Knool Khol,Knool Khol,Local,31/07/2026,5000,6000,5500
Tamil Nadu,Madurai,Anaiyur(Uzhavar Sandhai ),Indian Beans(Seam),Indian Beans (Seam),Local,31/07/2026,5000,5500,5250
Tamil Nadu,Madurai,Usilampatti(Uzhavar Sandhai ),Tomato,Deshi,Local,31/07/2026,1800,2000,1900
Tamil Nadu,Madurai,Usilampatti(Uzhavar Sandhai ),Bitter gourd,Other,Local,31/07/2026,5500,6000,5750
Tamil Nadu,Madurai,Usilampatti(Uzhavar Sandhai ),Ashgourd,Gouard,Local,31/07/2026,2000,2400,2200
Tamil Nadu,Madurai,Usilampatti(Uzhavar Sandhai ),Elephant Yam(Suran)/Amorphophallus,Elephant Yam (Suran),Local,31/07/2026,4000,4500,4250
Tamil Nadu,Madurai,Usilampatti(Uzhavar Sandhai ),Mint(Pudina),Mint(Pudina),Local,31/07/2026,4000,4500,4250
Tamil Nadu,Nagapattinam,Nagapattinam(Uzhavar Sandhai ),Potato,Other,Local,31/07/2026,3500,4000,3750
Tamil Nadu,Nagapattinam,Nagapattinam(Uzhavar Sandhai ),Tomato,Deshi,Local,31/07/2026,2600,3300,2950
Tamil Nadu,Nagapattinam,Nagapattinam(Uzhavar Sandhai ),Bottle gourd,Bottle Gourd,Local,31/07/2026,3200,3200,3200
Tamil Nadu,Nagapattinam,Nagapattinam(Uzhavar Sandhai ),Amaranthus,Amaranthus,Local,31/07/2026,1500,2000,1750
Tamil Nadu,Nagapattinam,Nagapattinam(Uzhavar Sandhai ),Ginger(Green),Green Ginger,Local,31/07/2026,17300,17300,17300
Tamil Nadu,Nagapattinam,Nagapattinam(Uzhavar Sandhai ),Raddish,Raddish,Local,31/07/2026,3000,3800,3400
Tamil Nadu,Nagapattinam,Nagapattinam(Uzhavar Sandhai ),Green Avare(W),Other,Local,31/07/2026,8300,9500,8900
Tamil Nadu,Nagapattinam,Nagapattinam(Uzhavar Sandhai ),Drumstick,Drumstick,Local,31/07/2026,4500,5000,4750
Tamil Nadu,Nagapattinam,Nagapattinam(Uzhavar Sandhai ),Mango(Raw-Ripe),Mango - Raw-Ripe,Local,31/07/2026,2700,3500,3100
Tamil Nadu,Nagapattinam,Nagapattinam(Uzhavar Sandhai ),Elephant Yam(Suran)/Amorphophallus,Elephant Yam (Suran),Local,31/07/2026,7400,7400,7400
Tamil Nadu,Nagapattinam,Nagapattinam(Uzhavar Sandhai ),Mint(Pudina),Mint(Pudina),Local,31/07/2026,3800,3800,3800
Tamil Nadu,Nagapattinam,Sirkali(Uzhavar Sandhai ),Groundnut,Big (With Shell),Local,31/07/2026,5500,6000,5750
Tamil Nadu,Nagapattinam,Sirkali(Uzhavar Sandhai ),Cauliflower,Ranchi,Local,31/07/2026,5000,5000,5000
Tamil Nadu,Nagapattinam,Sirkali(Uzhavar Sandhai ),Coriander(Leaves),I Sort,Local,31/07/2026,3500,4000,3750
Tamil Nadu,Nagapattinam,Sirkali(Uzhavar Sandhai ),Bottle gourd,Bottle Gourd,Local,31/07/2026,2500,3000,2750
Tamil Nadu,Nagapattinam,Sirkali(Uzhavar Sandhai ),Green Chilli,Green Chilly,Local,31/07/2026,5500,6000,5750
Tamil Nadu,Nagapattinam,Sirkali(Uzhavar Sandhai ),Banana - Green,Banana - Green,Local,31/07/2026,2500,3000,2750
Tamil Nadu,Nagapattinam,Sirkali(Uzhavar Sandhai ),Beans,Beans (Whole),Local,31/07/2026,8500,9000,8750
Tamil Nadu,Nagapattinam,Sirkali(Uzhavar Sandhai ),Drumstick,Drumstick,Local,31/07/2026,5500,6000,5750
Tamil Nadu,Nagapattinam,Sirkali(Uzhavar Sandhai ),Elephant Yam(Suran)/Amorphophallus,Elephant Yam (Suran),Local,31/07/2026,6500,7000,6750
Tamil Nadu,Namakkal,Kumarapalayam(Uzhavar Sandhai ),Banana,Besrai,Local,31/07/2026,3500,4000,3750
Tamil Nadu,Namakkal,Kumarapalayam(Uzhavar Sandhai ),Potato,Red Nanital,Local,31/07/2026,2500,3000,2750
Tamil Nadu,Namakkal,Kumarapalayam(Uzhavar Sandhai ),Papaya,Papaya,Local,31/07/2026,3000,3500,3250
Tamil Nadu,Namakkal,Kumarapalayam(Uzhavar Sandhai ),Cluster beans,Cluster Beans,Local,31/07/2026,3500,4000,3750
Tamil Nadu,Namakkal,Kumarapalayam(Uzhavar Sandhai ),Bottle gourd,Bottle Gourd,Local,31/07/2026,1800,2200,2000
Tamil Nadu,Namakkal,Kumarapalayam(Uzhavar Sandhai ),Bhindi(Ladies Finger),Bhindi,Local,31/07/2026,3000,3500,3250
Tamil Nadu,Namakkal,Kumarapalayam(Uzhavar Sandhai ),Ginger(Green),Green Ginger,Local,31/07/2026,17000,18000,17500
Tamil Nadu,Namakkal,Kumarapalayam(Uzhavar Sandhai ),Cabbage,Cabbage,Local,31/07/2026,3000,3500,3250
Tamil Nadu,Namakkal,Kumarapalayam(Uzhavar Sandhai ),Guava,Guava Allahabad,Local,31/07/2026,6000,7000,6500
Tamil Nadu,Namakkal,Kumarapalayam(Uzhavar Sandhai ),Jasmine,Jasmine,Local,31/07/2026,40000,45000,42500
Tamil Nadu,Namakkal,Mohanur(Uzhavar Sandhai ),Banana,Red Banana,Local,31/07/2026,6000,7000,6500
Tamil Nadu,Namakkal,Mohanur(Uzhavar Sandhai ),Tomato,Deshi,Local,31/07/2026,1800,2200,2000
Tamil Nadu,Namakkal,Mohanur(Uzhavar Sandhai ),Ashgourd,Gouard,Local,31/07/2026,2500,3000,2750
Tamil Nadu,Namakkal,Mohanur(Uzhavar Sandhai ),Ginger(Green),Green Ginger,Local,31/07/2026,22000,24000,23000
Tamil Nadu,Namakkal,Mohanur(Uzhavar Sandhai ),Cabbage,Cabbage,Local,31/07/2026,3500,4000,3750
Tamil Nadu,Namakkal,Mohanur(Uzhavar Sandhai ),Snakeguard,Snakeguard,Local,31/07/2026,4000,4800,4400
Tamil Nadu,Namakkal,Mohanur(Uzhavar Sandhai ),Drumstick,Drumstick,Local,31/07/2026,4500,5000,4750
Tamil Nadu,Namakkal,Mohanur(Uzhavar Sandhai ),Guava,Guava Allahabad,Local,31/07/2026,5000,6000,5500
Tamil Nadu,Namakkal,Mohanur(Uzhavar Sandhai ),Tender Coconut,Tender Coconut,Local,31/07/2026,2600,3200,2900
Tamil Nadu,Namakkal,Namakkal(Uzhavar Sandhai ),Water Melon,Water Melon,Local,31/07/2026,800,1000,900
Tamil Nadu,Namakkal,Namakkal(Uzhavar Sandhai ),Amaranthus,Amaranthus,Local,31/07/2026,3500,4000,3750
Tamil Nadu,Namakkal,Namakkal(Uzhavar Sandhai ),Cowpea(Veg),Cowpea (Veg),Local,31/07/2026,4500,5000,4750
Tamil Nadu,Namakkal,Namakkal(Uzhavar Sandhai ),Banana - Green,Banana - Green,Local,31/07/2026,3500,4000,3750
Tamil Nadu,Namakkal,Namakkal(Uzhavar Sandhai ),Ridgeguard(Tori),Ridgeguard(Tori),Local,31/07/2026,4500,5000,4750
Tamil Nadu,Namakkal,Namakkal(Uzhavar Sandhai ),Capsicum,Capsicum,Local,31/07/2026,4500,5000,4750
Tamil Nadu,Namakkal,Namakkal(Uzhavar Sandhai ),Green Avare(W),Other,Local,31/07/2026,8000,9000,8500
Tamil Nadu,Namakkal,Paramathivelur(Uzhavar Sandhai ),Cauliflower,Ranchi,Local,31/07/2026,3500,4000,3750
Tamil Nadu,Namakkal,Paramathivelur(Uzhavar Sandhai ),Pumpkin,Pumpkin,Local,31/07/2026,2400,2800,2600
Tamil Nadu,Namakkal,Paramathivelur(Uzhavar Sandhai ),Amaranthus,Amaranthus,Local,31/07/2026,3900,4500,4200
Tamil Nadu,Namakkal,Paramathivelur(Uzhavar Sandhai ),Mango(Raw-Ripe),Mango - Raw-Ripe,Local,31/07/2026,3500,4000,3750
Tamil Nadu,Namakkal,Rasipuram(Uzhavar Sandhai ),Potato,Other,Local,31/07/2026,3200,3500,3350
Tamil Nadu,Namakkal,Rasipuram(Uzhavar Sandhai ),Chili Red,Bold,Local,31/07/2026,14000,15000,14500
Tamil Nadu,Namakkal,Rasipuram(Uzhavar Sandhai ),Chikoos(Sapota),Sapota,Local,31/07/2026,3500,4000,3750
Tamil Nadu,Namakkal,Rasipuram(Uzhavar Sandhai ),Mousambi(Sweet Lime),Mousambi,Local,31/07/2026,3500,4000,3750
Tamil Nadu,Namakkal,Rasipuram(Uzhavar Sandhai ),Bottle gourd,Bottle Gourd,Local,31/07/2026,2200,2500,2350
Tamil Nadu,Namakkal,Rasipuram(Uzhavar Sandhai ),Pumpkin,Pumpkin,Local,31/07/2026,2600,3000,2800
Tamil Nadu,Namakkal,Rasipuram(Uzhavar Sandhai ),Thondekai,Thondekai,Local,31/07/2026,4500,5000,4750
Tamil Nadu,Namakkal,Rasipuram(Uzhavar Sandhai ),Guava,Guava Allahabad,Local,31/07/2026,5500,6500,6000
Tamil Nadu,Namakkal,Rasipuram(Uzhavar Sandhai ),Tamarind Fruit,Tamarind Fruit,Local,31/07/2026,13000,15000,14000
Tamil Nadu,Namakkal,Rasipuram(Uzhavar Sandhai ),Mint(Pudina),Mint(Pudina),Local,31/07/2026,5500,6000,5750
Tamil Nadu,Madurai,Palanganatham(Uzhavar Sandhai ),Orange,Darjeeling,Local,31/07/2026,14000,16000,15000
Tamil Nadu,Madurai,Palanganatham(Uzhavar Sandhai ),Green Peas,Green Peas,Local,31/07/2026,13000,14000,13500
Tamil Nadu,Madurai,Palanganatham(Uzhavar Sandhai ),Bhindi(Ladies Finger),Bhindi,Local,31/07/2026,3000,3600,3300
Tamil Nadu,Madurai,Palanganatham(Uzhavar Sandhai ),Carrot,Pusakesar,Local,31/07/2026,6000,8000,7000
Tamil Nadu,Madurai,Palanganatham(Uzhavar Sandhai ),Green Avare(W),Green Avare (W),Local,31/07/2026,7000,9500,8250
Tamil Nadu,Madurai,Palanganatham(Uzhavar Sandhai ),Drumstick,Drumstick,Local,31/07/2026,5000,6000,5500
Tamil Nadu,Madurai,Palanganatham(Uzhavar Sandhai ),Mint(Pudina),Mint(Pudina),Local,31/07/2026,4000,4500,4250
Tamil Nadu,Madurai,Anna nagar(Uzhavar Sandhai ),Banana,Besrai,Local,31/07/2026,2500,3000,2750
Tamil Nadu,Madurai,Anna nagar(Uzhavar Sandhai ),Mango,Safeda,Local,31/07/2026,6000,8000,7000
Tamil Nadu,Madurai,Anna nagar(Uzhavar Sandhai ),Brinjal,Round,Local,31/07/2026,4500,5000,4750
Tamil Nadu,Madurai,Anna nagar(Uzhavar Sandhai ),Mango,Neelam,Local,31/07/2026,4000,4000,4000
Tamil Nadu,Madurai,Anna nagar(Uzhavar Sandhai ),Bottle gourd,Bottle Gourd,Local,31/07/2026,2600,3000,2800
Tamil Nadu,Madurai,Anna nagar(Uzhavar Sandhai ),Green Chilli,Green Chilly,Local,31/07/2026,4600,4600,4600
Tamil Nadu,Madurai,Anna nagar(Uzhavar Sandhai ),Banana - Green,Banana - Green,Local,31/07/2026,2500,2500,2500
Tamil Nadu,Madurai,Anna nagar(Uzhavar Sandhai ),Sweet Potato,Hosur Red,Local,31/07/2026,4600,4600,4600
Tamil Nadu,Madurai,Anna nagar(Uzhavar Sandhai ),Cabbage,Cabbage,Local,31/07/2026,4200,4200,4200
Tamil Nadu,Madurai,Anna nagar(Uzhavar Sandhai ),Capsicum,Capsicum,Local,31/07/2026,6000,6000,6000
Tamil Nadu,Madurai,Anna nagar(Uzhavar Sandhai ),Drumstick,Drumstick,Local,31/07/2026,4600,5000,4800
Tamil Nadu,Madurai,Anna nagar(Uzhavar Sandhai ),Mango(Raw-Ripe),Mango - Raw-Ripe,Local,31/07/2026,4400,4400,4400
Tamil Nadu,Madurai,Anna nagar(Uzhavar Sandhai ),Knool Khol,Knool Khol,Local,31/07/2026,4000,4000,4000
Tamil Nadu,Madurai,Anna nagar(Uzhavar Sandhai ),Marigold(Calcutta),Marigold(Calcutta),Local,31/07/2026,18000,18000,18000
Tamil Nadu,Madurai,Anna nagar(Uzhavar Sandhai ),Onion Green,Onion Green,Local,31/07/2026,7200,7200,7200
Tamil Nadu,Madurai,Anna nagar(Uzhavar Sandhai ),Mint(Pudina),Mint(Pudina),Local,31/07/2026,5800,5800,5800
Tamil Nadu,Madurai,Anna nagar(Uzhavar Sandhai ),Rose(Local),Rose (Local),Local,31/07/2026,20000,20000,20000
Tamil Nadu,Perambalur,Perambalur(Uzhavar Sandhai ),Grapes,Annabesahai,Local,31/07/2026,10000,12000,11000
Tamil Nadu,Perambalur,Perambalur(Uzhavar Sandhai ),Tomato,Local,Local,31/07/2026,2500,2800,2650
Tamil Nadu,Perambalur,Perambalur(Uzhavar Sandhai ),Ginger(Green),Green Ginger,Local,31/07/2026,17000,19000,18000
Tamil Nadu,Perambalur,Perambalur(Uzhavar Sandhai ),Carrot,Pusakesar,Local,31/07/2026,9200,10000,9600
Tamil Nadu,Perambalur,Perambalur(Uzhavar Sandhai ),Snakeguard,Snakeguard,Local,31/07/2026,4400,4800,4600
Tamil Nadu,Perambalur,Perambalur(Uzhavar Sandhai ),Cucumbar(Kheera),Cucumbar,Local,31/07/2026,5600,7400,6500
Tamil Nadu,Perambalur,Perambalur(Uzhavar Sandhai ),Raddish,Raddish,Local,31/07/2026,3200,3600,3400
Tamil Nadu,Perambalur,Perambalur(Uzhavar Sandhai ),Guava,Guava Allahabad,Local,31/07/2026,6000,7000,6500
Tamil Nadu,Perambalur,Perambalur(Uzhavar Sandhai ),Tender Coconut,Tender Coconut,Local,31/07/2026,3000,4000,3500
Tamil Nadu,Perambalur,Perambalur(Uzhavar Sandhai ),Yam(Ratalu),Yam (Ratalu),Local,31/07/2026,4000,5000,4500
Tamil Nadu,Perambalur,Perambalur(Uzhavar Sandhai ),Mashrooms,Mashrooms,Local,31/07/2026,18000,20000,19000
Tamil Nadu,Perambalur,Perambalur(Uzhavar Sandhai ),Mint(Pudina),Mint(Pudina),Local,31/07/2026,6200,6200,6200
Tamil Nadu,Perambalur,Perambalur(Uzhavar Sandhai ),Sweet Corn ,Sweet Corn ,Local,31/07/2026,5000,6000,5500
Tamil Nadu,Salem,Mecheri(Uzhavar Sandhai),Coriander(Leaves),I Sort,Local,31/07/2026,2500,3000,2750
Tamil Nadu,Ranipet,Arcot(Uzhavar Sandhai ),Banana,Other,Local,31/07/2026,6000,6000,6000
Tamil Nadu,Ranipet,Arcot(Uzhavar Sandhai ),Brinjal,Other,Local,31/07/2026,6000,6000,6000
Tamil Nadu,Ranipet,Arcot(Uzhavar Sandhai ),Cluster beans,Cluster Beans,Local,31/07/2026,5000,5000,5000
Tamil Nadu,Ranipet,Arcot(Uzhavar Sandhai ),Bitter gourd,Bitter Gourd,Local,31/07/2026,5000,6000,5500
Tamil Nadu,Ranipet,Arcot(Uzhavar Sandhai ),Bottle gourd,Bottle Gourd,Local,31/07/2026,3500,3500,3500
Tamil Nadu,Ranipet,Arcot(Uzhavar Sandhai ),Bhindi(Ladies Finger),Bhindi,Local,31/07/2026,4000,4000,4000
Tamil Nadu,Ranipet,Arcot(Uzhavar Sandhai ),Tapioca,Tapioca,Local,31/07/2026,3500,3500,3500
Tamil Nadu,Ranipet,Arcot(Uzhavar Sandhai ),Cucumbar(Kheera),Cucumbar,Local,31/07/2026,4800,4800,4800
Tamil Nadu,Ranipet,Arcot(Uzhavar Sandhai ),Onion Green,Onion Green,Local,31/07/2026,6000,6000,6000
Tamil Nadu,Ranipet,Ranipettai(Uzhavar Sandhai ),Banana,Red Banana,Local,31/07/2026,10000,10000,10000
Tamil Nadu,Ranipet,Ranipettai(Uzhavar Sandhai ),Mango,Neelam,Local,31/07/2026,7000,8000,7500
Tamil Nadu,Ranipet,Ranipettai(Uzhavar Sandhai ),Onion,Bellary,Local,31/07/2026,3500,3500,3500
Tamil Nadu,Ranipet,Ranipettai(Uzhavar Sandhai ),Cauliflower,Ranchi,Local,31/07/2026,3000,4000,3500
Tamil Nadu,Ranipet,Ranipettai(Uzhavar Sandhai ),Brinjal,Other,Local,31/07/2026,5000,5600,5300
Tamil Nadu,Ranipet,Ranipettai(Uzhavar Sandhai ),Coriander(Leaves),I Sort,Local,31/07/2026,4000,4000,4000
Tamil Nadu,Ranipet,Ranipettai(Uzhavar Sandhai ),Bitter gourd,Other,Local,31/07/2026,5000,5000,5000
Tamil Nadu,Ranipet,Ranipettai(Uzhavar Sandhai ),Bottle gourd,Bottle Gourd,Local,31/07/2026,3000,3000,3000
Tamil Nadu,Ranipet,Ranipettai(Uzhavar Sandhai ),Ashgourd,Gouard,Local,31/07/2026,3000,3000,3000
Tamil Nadu,Ranipet,Ranipettai(Uzhavar Sandhai ),Bhindi(Ladies Finger),Bhindi,Local,31/07/2026,3000,3400,3200
Tamil Nadu,Ranipet,Ranipettai(Uzhavar Sandhai ),Cabbage,Cabbage,Local,31/07/2026,3400,3400,3400
Tamil Nadu,Ranipet,Ranipettai(Uzhavar Sandhai ),Capsicum,Capsicum,Local,31/07/2026,7000,7000,7000
Tamil Nadu,Ranipet,Ranipettai(Uzhavar Sandhai ),Drumstick,Drumstick,Local,31/07/2026,5000,7000,6000
Tamil Nadu,Ranipet,Ranipettai(Uzhavar Sandhai ),Mango(Raw-Ripe),Mango - Raw-Ripe,Local,31/07/2026,2000,3000,2500
Tamil Nadu,Ranipet,Ranipettai(Uzhavar Sandhai ),Tender Coconut,Tender Coconut,Local,31/07/2026,2500,2500,2500
Tamil Nadu,Ranipet,Ranipettai(Uzhavar Sandhai ),Rose(Local),Rose (Local),Local,31/07/2026,18000,24000,21000
Tamil Nadu,Ranipet,Ranipettai(Uzhavar Sandhai ),Sweet Corn ,Sweet Corn ,Local,31/07/2026,3600,3600,3600
Tamil Nadu,Salem,Ammapet(Uzhavar Sandhai ),Mango,Neelam,Local,31/07/2026,6000,7000,6500
Tamil Nadu,Salem,Ammapet(Uzhavar Sandhai ),Water Melon,Water Melon,Local,31/07/2026,1800,2000,1900
Tamil Nadu,Salem,Ammapet(Uzhavar Sandhai ),Cucumbar(Kheera),Cucumbar,Local,31/07/2026,3800,4000,3900
Tamil Nadu,Salem,Ammapet(Uzhavar Sandhai ),Capsicum,Capsicum,Local,31/07/2026,6400,7000,6700
Tamil Nadu,Salem,Ammapet(Uzhavar Sandhai ),Guava,Guava Allahabad,Local,31/07/2026,5000,6000,5500
Tamil Nadu,Salem,Ammapet(Uzhavar Sandhai ),Marigold(Calcutta),Marigold(Calcutta),Local,31/07/2026,22000,24000,23000
Tamil Nadu,Salem,Ammapet(Uzhavar Sandhai ),Mashrooms,Mashrooms,Local,31/07/2026,19000,20000,19500
Tamil Nadu,Salem,Ammapet(Uzhavar Sandhai ),Mint(Pudina),Mint(Pudina),Local,31/07/2026,3800,4000,3900
Tamil Nadu,Salem,Ammapet(Uzhavar Sandhai ),Rose(Local),Rose (Local),Local,31/07/2026,17000,18000,17500
Tamil Nadu,Salem,Ammapet(Uzhavar Sandhai ),Sweet Corn ,Sweet Corn ,Local,31/07/2026,3200,3500,3350
Tamil Nadu,Salem,Mettur(Uzhavar Sandhai ),Groundnut,Big (With Shell),Local,31/07/2026,5500,6000,5750
Tamil Nadu,Salem,Mettur(Uzhavar Sandhai ),Coriander(Leaves),I Sort,Local,31/07/2026,3500,4000,3750
Tamil Nadu,Salem,Mettur(Uzhavar Sandhai ),Water Melon,Water Melon,Local,31/07/2026,1500,2000,1750
Tamil Nadu,Salem,Mettur(Uzhavar Sandhai ),Capsicum,Capsicum,Local,31/07/2026,8500,9000,8750
Tamil Nadu,Salem,Mettur(Uzhavar Sandhai ),Sweet Corn ,Sweet Corn ,Local,31/07/2026,3500,4000,3750
Tamil Nadu,Salem,Sooramangalam(Uzhavar Sandhai ),Chikoos(Sapota),Sapota,Local,31/07/2026,4000,4500,4250
Tamil Nadu,Salem,Sooramangalam(Uzhavar Sandhai ),Tomato,Local,Local,31/07/2026,1400,1600,1500
Tamil Nadu,Salem,Sooramangalam(Uzhavar Sandhai ),Ashgourd,Gouard,Local,31/07/2026,2200,2400,2300
Tamil Nadu,Salem,Sooramangalam(Uzhavar Sandhai ),Beans,Beans (Whole),Local,31/07/2026,9000,9400,9200
Tamil Nadu,Salem,Sooramangalam(Uzhavar Sandhai ),Cabbage,Cabbage,Local,31/07/2026,3500,4000,3750
Tamil Nadu,Salem,Sooramangalam(Uzhavar Sandhai ),Cucumbar(Kheera),Cucumbar,Local,31/07/2026,3500,4000,3750
Tamil Nadu,Salem,Sooramangalam(Uzhavar Sandhai ),Marigold(Calcutta),Marigold(Calcutta),Local,31/07/2026,18000,20000,19000
Tamil Nadu,Salem,Sooramangalam(Uzhavar Sandhai ),Lemon,Lemon,Local,31/07/2026,7000,8000,7500
Tamil Nadu,Salem,Sooramangalam(Uzhavar Sandhai ),Colacasia,Colacasia,Local,31/07/2026,6000,6500,6250
Tamil Nadu,Salem,Sooramangalam(Uzhavar Sandhai ),Tube Rose(Loose),Tube Rose (Loose),Local,31/07/2026,15000,16000,15500
Tamil Nadu,Salem,Thammampatti (Uzhavar Sandhai ),Onion,Bellary,Local,31/07/2026,3800,4200,4000
Tamil Nadu,Salem,Thammampatti (Uzhavar Sandhai ),Potato,Other,Local,31/07/2026,2800,3000,2900
Tamil Nadu,Salem,Thammampatti (Uzhavar Sandhai ),Tomato,Deshi,Local,31/07/2026,1200,1800,1500
Tamil Nadu,Salem,Thammampatti (Uzhavar Sandhai ),Bottle gourd,Bottle Gourd,Local,31/07/2026,2000,2500,2250
Tamil Nadu,Salem,Thammampatti (Uzhavar Sandhai ),Pumpkin,Pumpkin,Local,31/07/2026,2000,2000,2000
Tamil Nadu,Salem,Thammampatti (Uzhavar Sandhai ),Banana - Green,Banana - Green,Local,31/07/2026,2000,2500,2250
Tamil Nadu,Salem,Thammampatti (Uzhavar Sandhai ),Beans,Beans (Whole),Local,31/07/2026,8000,8500,8250
Tamil Nadu,Salem,Thammampatti (Uzhavar Sandhai ),Ginger(Green),Green Ginger,Local,31/07/2026,14000,21000,17500
Tamil Nadu,Salem,Thammampatti (Uzhavar Sandhai ),Coconut,Coconut,Local,31/07/2026,5500,6000,5750
Tamil Nadu,Salem,Thammampatti (Uzhavar Sandhai ),Snakeguard,Snakeguard,Local,31/07/2026,3500,3800,3650
Tamil Nadu,Salem,Thammampatti (Uzhavar Sandhai ),Raddish,Raddish,Local,31/07/2026,2500,3000,2750
Tamil Nadu,Salem,Thammampatti (Uzhavar Sandhai ),Mango(Raw-Ripe),Mango - Raw-Ripe,Local,31/07/2026,2500,3000,2750
Tamil Nadu,Salem,Thammampatti (Uzhavar Sandhai ),Tender Coconut,Tender Coconut,Local,31/07/2026,3000,4000,3500
Tamil Nadu,Salem,Thammampatti (Uzhavar Sandhai ),Custard Apple(Sharifa),Custard Apple(Sharifa),Local,31/07/2026,4000,4000,4000
Tamil Nadu,Salem,Thammampatti (Uzhavar Sandhai ),Baby Corn,Baby Corn,Grade A,31/07/2026,2500,3000,2750
Tamil Nadu,Salem,Thathakapatti(Uzhavar Sandhai ),Bitter gourd,Bitter Gourd,Local,31/07/2026,5500,6000,5750
Tamil Nadu,Salem,Thathakapatti(Uzhavar Sandhai ),Ashgourd,Gouard,Local,31/07/2026,2400,2400,2400
Tamil Nadu,Salem,Thathakapatti(Uzhavar Sandhai ),Knool Khol,Knool Khol,Local,31/07/2026,4000,5000,4500
Tamil Nadu,Salem,Thathakapatti(Uzhavar Sandhai ),Kakada,Kakada,Local,31/07/2026,28000,30000,29000
Tamil Nadu,Salem,Thathakapatti(Uzhavar Sandhai ),Indian Beans(Seam),Indian Beans (Seam),Local,31/07/2026,5000,6000,5500
Tamil Nadu,Salem,Thathakapatti(Uzhavar Sandhai ),Lemon,Lemon,Local,31/07/2026,6000,7000,6500
Tamil Nadu,Salem,Thathakapatti(Uzhavar Sandhai ),Custard Apple(Sharifa),Custard Apple(Sharifa),Local,31/07/2026,4000,5000,4500
Tamil Nadu,Salem,Thathakapatti(Uzhavar Sandhai ),Mint(Pudina),Mint(Pudina),Local,31/07/2026,3500,4000,3750
Tamil Nadu,Tenkasi,Sankarankoil(Uzhavar Sandhai ),Banana,Besrai,Local,31/07/2026,5000,6000,5500
Tamil Nadu,Tenkasi,Sankarankoil(Uzhavar Sandhai ),Onion,Bellary,Local,31/07/2026,3000,4000,3500
Tamil Nadu,Tenkasi,Sankarankoil(Uzhavar Sandhai ),Bottle gourd,Bottle Gourd,Local,31/07/2026,2000,2500,2250
Tamil Nadu,Tenkasi,Sankarankoil(Uzhavar Sandhai ),Green Chilli,Green Chilly,Local,31/07/2026,4000,5500,4750
Tamil Nadu,Tenkasi,Sankarankoil(Uzhavar Sandhai ),Coconut,Coconut,Local,31/07/2026,5500,5500,5500
Tamil Nadu,Tenkasi,Sankarankoil(Uzhavar Sandhai ),Tender Coconut,Tender Coconut,Local,31/07/2026,3000,3000,3000
Tamil Nadu,Tenkasi,Sankarankoil(Uzhavar Sandhai ),Elephant Yam(Suran)/Amorphophallus,Elephant Yam (Suran),Local,31/07/2026,4000,4000,4000
Tamil Nadu,Tenkasi,Tenkasi(Uzhavar Sandhai ),Brinjal,Other,Local,31/07/2026,4000,4000,4000
Tamil Nadu,Tenkasi,Tenkasi(Uzhavar Sandhai ),Coriander(Leaves),I Sort,Local,31/07/2026,6000,6000,6000
Tamil Nadu,Tenkasi,Tenkasi(Uzhavar Sandhai ),Green Chilli,Green Chilly,Local,31/07/2026,4000,5000,4500
Tamil Nadu,Tenkasi,Tenkasi(Uzhavar Sandhai ),Banana - Green,Banana - Green,Local,31/07/2026,2500,3000,2750
Tamil Nadu,Tenkasi,Tenkasi(Uzhavar Sandhai ),Tapioca,Tapioca,Local,31/07/2026,4000,4000,4000
Tamil Nadu,Tenkasi,Tenkasi(Uzhavar Sandhai ),Ginger(Green),Green Ginger,Local,31/07/2026,18000,18000,18000
Tamil Nadu,Tenkasi,Tenkasi(Uzhavar Sandhai ),Coconut,Coconut,Local,31/07/2026,5500,5800,5650
Tamil Nadu,Tenkasi,Tenkasi(Uzhavar Sandhai ),Snakeguard,Snakeguard,Local,31/07/2026,3000,3000,3000
Tamil Nadu,Tenkasi,Tenkasi(Uzhavar Sandhai ),Drumstick,Drumstick,Local,31/07/2026,3000,3000,3000
Tamil Nadu,Tenkasi,Tenkasi(Uzhavar Sandhai ),Jack Fruit(Ripe),Jack Fruit,Local,31/07/2026,3000,3000,3000
Tamil Nadu,Tenkasi,Tenkasi(Uzhavar Sandhai ),Lemon,Lemon,Local,31/07/2026,6000,6000,6000
Tamil Nadu,Tenkasi,Tenkasi(Uzhavar Sandhai ),Mashrooms,Mashrooms,Local,31/07/2026,21000,21000,21000
Tamil Nadu,Pudukkottai,Pudukottai(Uzhavar Sandhai ),Cluster beans,Cluster Beans,Local,31/07/2026,5000,5500,5250
Tamil Nadu,Pudukkottai,Pudukottai(Uzhavar Sandhai ),Bitter gourd,Other,Local,31/07/2026,6000,7000,6500
Tamil Nadu,Pudukkottai,Pudukottai(Uzhavar Sandhai ),Beans,Beans (Whole),Local,31/07/2026,9000,10000,9500
Tamil Nadu,Pudukkottai,Pudukottai(Uzhavar Sandhai ),Ginger(Green),Green Ginger,Local,31/07/2026,24000,25000,24500
Tamil Nadu,Pudukkottai,Pudukottai(Uzhavar Sandhai ),Carrot,Pusakesar,Local,31/07/2026,9000,10000,9500
Tamil Nadu,Pudukkottai,Pudukottai(Uzhavar Sandhai ),Jack Fruit(Ripe),Jack Fruit,Local,31/07/2026,1500,2000,1750
Tamil Nadu,Pudukkottai,Pudukottai(Uzhavar Sandhai ),Guava,Guava Allahabad,Local,31/07/2026,7000,8000,7500
Tamil Nadu,Pudukkottai,Pudukottai(Uzhavar Sandhai ),Yam(Ratalu),Yam (Ratalu),Local,31/07/2026,8000,9000,8500
Tamil Nadu,Pudukkottai,Pudukottai(Uzhavar Sandhai ),Mashrooms,Mashrooms,Local,31/07/2026,24000,25000,24500
Tamil Nadu,Thanjavur,Kumbakonam (Uzhavar Sandhai ),Papaya,Papaya,Local,31/07/2026,4000,4000,4000
Tamil Nadu,Thanjavur,Kumbakonam (Uzhavar Sandhai ),Pumpkin,Pumpkin,Local,31/07/2026,2400,2400,2400
Tamil Nadu,Thanjavur,Kumbakonam (Uzhavar Sandhai ),Beans,Beans (Whole),Local,31/07/2026,7200,10200,8700
Tamil Nadu,Thanjavur,Kumbakonam (Uzhavar Sandhai ),Guava,Guava Allahabad,Local,31/07/2026,8000,8000,8000
Tamil Nadu,Thanjavur,Kumbakonam (Uzhavar Sandhai ),Lemon,Lemon,Local,31/07/2026,8500,8500,8500
Tamil Nadu,Thanjavur,Kumbakonam (Uzhavar Sandhai ),Mashrooms,Mashrooms,Local,31/07/2026,30000,30000,30000
Tamil Nadu,The Nilgiris,Udhagamandalam(Uzhavar Sandhai ),Orange,Darjeeling,Local,31/07/2026,10000,15000,12500
Tamil Nadu,The Nilgiris,Udhagamandalam(Uzhavar Sandhai ),Pineapple,Pine Apple,Local,31/07/2026,6500,7000,6750
Tamil Nadu,The Nilgiris,Udhagamandalam(Uzhavar Sandhai ),Onion,Bellary,Local,31/07/2026,4000,4300,4150
Tamil Nadu,The Nilgiris,Udhagamandalam(Uzhavar Sandhai ),Green Chilli,Green Chilly,Local,31/07/2026,4500,5000,4750
Tamil Nadu,The Nilgiris,Udhagamandalam(Uzhavar Sandhai ),Beans,Beans (Whole),Local,31/07/2026,5000,6000,5500
Tamil Nadu,The Nilgiris,Udhagamandalam(Uzhavar Sandhai ),Coconut,Coconut,Local,31/07/2026,5800,6200,6000
Tamil Nadu,The Nilgiris,Udhagamandalam(Uzhavar Sandhai ),Carrot,Pusakesar,Local,31/07/2026,5000,6000,5500
Tamil Nadu,The Nilgiris,Udhagamandalam(Uzhavar Sandhai ),Cucumbar(Kheera),Cucumbar,Local,31/07/2026,3000,3500,3250
Tamil Nadu,Theni,Andipatti(Uzhavar Sandhai ),Soyabean,Local,Local,31/07/2026,9800,10000,9900
Tamil Nadu,Theni,Andipatti(Uzhavar Sandhai ),Amaranthus,Amaranthus,Local,31/07/2026,2000,2500,2250
Tamil Nadu,Theni,Andipatti(Uzhavar Sandhai ),Cabbage,Cabbage,Local,31/07/2026,3800,4000,3900
Tamil Nadu,Theni,Andipatti(Uzhavar Sandhai ),Mango(Raw-Ripe),Mango - Raw-Ripe,Local,31/07/2026,3800,4000,3900
Tamil Nadu,Theni,Andipatti(Uzhavar Sandhai ),Mint(Pudina),Mint(Pudina),Local,31/07/2026,5500,5500,5500
Tamil Nadu,Theni,Bodinayakanur(Uzhavar Sandhai ),Mango,Safeda,Local,31/07/2026,5000,5000,5000
Tamil Nadu,Theni,Bodinayakanur(Uzhavar Sandhai ),Ashgourd,Gouard,Local,31/07/2026,1500,1500,1500
Tamil Nadu,Theni,Bodinayakanur(Uzhavar Sandhai ),Pumpkin,Pumpkin,Local,31/07/2026,1800,1800,1800
Tamil Nadu,Theni,Bodinayakanur(Uzhavar Sandhai ),Beetroot,Beetroot,Local,31/07/2026,4800,4800,4800
Tamil Nadu,Theni,Bodinayakanur(Uzhavar Sandhai ),Mint(Pudina),Mint(Pudina),Local,31/07/2026,5800,5800,5800
Tamil Nadu,Theni,Chinnamanur(Uzhavar Sandhai ),Pumpkin,Pumpkin,Local,31/07/2026,1600,1800,1700
Tamil Nadu,Theni,Chinnamanur(Uzhavar Sandhai ),Amaranthus,Amaranthus,Local,31/07/2026,2500,2500,2500
Tamil Nadu,Theni,Chinnamanur(Uzhavar Sandhai ),Coconut,Coconut,Local,31/07/2026,5400,5400,5400
Tamil Nadu,Theni,Chinnamanur(Uzhavar Sandhai ),Snakeguard,Snakeguard,Local,31/07/2026,4200,4200,4200
Tamil Nadu,Theni,Chinnamanur(Uzhavar Sandhai ),Raddish,Raddish,Local,31/07/2026,2600,2600,2600
Tamil Nadu,Theni,Chinnamanur(Uzhavar Sandhai ),Yam(Ratalu),Yam (Ratalu),Local,31/07/2026,7800,7800,7800
Tamil Nadu,Theni,Chinnamanur(Uzhavar Sandhai ),Onion Green,Onion Green,Local,31/07/2026,6000,6000,6000
Tamil Nadu,Theni,Kambam(Uzhavar Sandhai ),Potato,Red Nanital,Local,31/07/2026,2500,2500,2500
Tamil Nadu,Theni,Kambam(Uzhavar Sandhai ),Coriander(Leaves),I Sort,Local,31/07/2026,4000,4000,4000
Tamil Nadu,Theni,Kambam(Uzhavar Sandhai ),Pumpkin,Pumpkin,Local,31/07/2026,1800,1800,1800
Tamil Nadu,Theni,Kambam(Uzhavar Sandhai ),Cowpea(Veg),Cowpea (Veg),Local,31/07/2026,5500,5500,5500
Tamil Nadu,Theni,Kambam(Uzhavar Sandhai ),Ginger(Green),Green Ginger,Local,31/07/2026,10000,18000,14000
Tamil Nadu,Theni,Kambam(Uzhavar Sandhai ),Coconut,Coconut,Local,31/07/2026,5000,5000,5000
Tamil Nadu,Theni,Theni(Uzhavar Sandhai ),Mango,Neelam,Local,31/07/2026,3000,6000,4500
Tamil Nadu,Theni,Theni(Uzhavar Sandhai ),Pineapple,Pine Apple,Local,31/07/2026,8000,8000,8000
Tamil Nadu,Theni,Theni(Uzhavar Sandhai ),Grapes,Annabesahai,Local,31/07/2026,10000,10000,10000
Tamil Nadu,Theni,Theni(Uzhavar Sandhai ),Onion,Bellary,Local,31/07/2026,3500,3800,3650
Tamil Nadu,Theni,Theni(Uzhavar Sandhai ),Potato,Other,Local,31/07/2026,2600,2600,2600
Tamil Nadu,Theni,Theni(Uzhavar Sandhai ),Bhindi(Ladies Finger),Bhindi,Local,31/07/2026,3500,3800,3650
Tamil Nadu,Theni,Theni(Uzhavar Sandhai ),Banana - Green,Banana - Green,Local,31/07/2026,3000,3500,3250
Tamil Nadu,Theni,Theni(Uzhavar Sandhai ),Beans,Beans (Whole),Local,31/07/2026,8500,8500,8500
Tamil Nadu,Theni,Theni(Uzhavar Sandhai ),Coconut,Coconut,Local,31/07/2026,5400,5400,5400
Tamil Nadu,Theni,Theni(Uzhavar Sandhai ),Thondekai,Thondekai,Local,31/07/2026,4800,4800,4800
Tamil Nadu,Theni,Theni(Uzhavar Sandhai ),Green Avare(W),Other,Local,31/07/2026,5500,6800,6150
Tamil Nadu,Theni,Theni(Uzhavar Sandhai ),Karbuja(Musk Melon),Karbhuja,Local,31/07/2026,6000,6000,6000
Tamil Nadu,Theni,Theni(Uzhavar Sandhai ),Elephant Yam(Suran)/Amorphophallus,Elephant Yam (Suran),Local,31/07/2026,4000,4000,4000
Tamil Nadu,Theni,Theni(Uzhavar Sandhai ),Colacasia,Colacasia,Local,31/07/2026,5000,5000,5000
Tamil Nadu,Theni,Theni(Uzhavar Sandhai ),Amla(Nelli Kai),Amla,Local,31/07/2026,6000,6000,6000
Tamil Nadu,Theni,Theni(Uzhavar Sandhai ),Sweet Corn ,Sweet Corn ,Local,31/07/2026,5000,5000,5000
Tamil Nadu,Thirunelveli,Kandiyaperi(Uzhavar Sandhai ),Coriander(Leaves),I Sort,Local,31/07/2026,4000,4500,4250
Tamil Nadu,Thirunelveli,Kandiyaperi(Uzhavar Sandhai ),Ashgourd,Gouard,Local,31/07/2026,1400,1600,1500
Tamil Nadu,Thirunelveli,Kandiyaperi(Uzhavar Sandhai ),Pumpkin,Pumpkin,Local,31/07/2026,1200,1400,1300
Tamil Nadu,Thirunelveli,Kandiyaperi(Uzhavar Sandhai ),Bhindi(Ladies Finger),Bhindi,Local,31/07/2026,3600,4000,3800
Tamil Nadu,Thirunelveli,Melapalayam(Uzhavar Sandhai ),Onion,Bellary,Local,31/07/2026,3200,3800,3500
Tamil Nadu,Thirunelveli,Melapalayam(Uzhavar Sandhai ),Garlic,Garlic,Local,31/07/2026,25000,28000,26500
Tamil Nadu,Thirunelveli,Melapalayam(Uzhavar Sandhai ),Papaya,Papaya,Local,31/07/2026,3500,4000,3750
Tamil Nadu,Thirunelveli,Melapalayam(Uzhavar Sandhai ),Green Chilli,Green Chilly,Local,31/07/2026,3200,3800,3500
Tamil Nadu,Thirunelveli,Melapalayam(Uzhavar Sandhai ),Sweet Potato,Hosur Red,Local,31/07/2026,4000,4500,4250
Tamil Nadu,Thirunelveli,Melapalayam(Uzhavar Sandhai ),Carrot,Pusakesar,Local,31/07/2026,5000,9000,7000
Tamil Nadu,Thirunelveli,Melapalayam(Uzhavar Sandhai ),Mango(Raw-Ripe),Mango - Raw-Ripe,Local,31/07/2026,3500,4000,3750
Tamil Nadu,Thirunelveli,Melapalayam(Uzhavar Sandhai ),Onion Green,Onion Green,Local,31/07/2026,4500,6500,5500
Tamil Nadu,Thirunelveli,NGO Colony(Uzhavar Sandhai ),Cluster beans,Cluster Beans,Local,31/07/2026,2600,2800,2700
Tamil Nadu,Thirunelveli,NGO Colony(Uzhavar Sandhai ),Bottle gourd,Bottle Gourd,Local,31/07/2026,1200,3000,2100
Tamil Nadu,Thirunelveli,NGO Colony(Uzhavar Sandhai ),Beetroot,Beetroot,Local,31/07/2026,4800,8000,6400
Tamil Nadu,Thirunelveli,NGO Colony(Uzhavar Sandhai ),Green Avare(W),Green Avare (W),Local,31/07/2026,5500,8000,6750
Tamil Nadu,Thirunelveli,NGO Colony(Uzhavar Sandhai ),Chow Chow,Chow Chow,Local,31/07/2026,3400,3600,3500
Tamil Nadu,Thirunelveli,Palayamkottai(Uzhavar Sandhai ),Potato,Red Nanital,Local,31/07/2026,2400,2600,2500
Tamil Nadu,Thirunelveli,Palayamkottai(Uzhavar Sandhai ),Brinjal,Other,Local,31/07/2026,2500,3000,2750
Tamil Nadu,Thirunelveli,Palayamkottai(Uzhavar Sandhai ),Papaya,Papaya,Local,31/07/2026,3500,4000,3750
Tamil Nadu,Thirunelveli,Palayamkottai(Uzhavar Sandhai ),Ashgourd,Gouard,Local,31/07/2026,1400,1600,1500
Tamil Nadu,Thirunelveli,Palayamkottai(Uzhavar Sandhai ),Bhindi(Ladies Finger),Bhindi,Local,31/07/2026,3800,4000,3900
Tamil Nadu,Thirunelveli,Palayamkottai(Uzhavar Sandhai ),Beetroot,Beetroot,Local,31/07/2026,4800,8000,6400
Tamil Nadu,Thirunelveli,Palayamkottai(Uzhavar Sandhai ),Ridgeguard(Tori),Ridgeguard(Tori),Local,31/07/2026,3500,4000,3750
Tamil Nadu,Thirunelveli,Palayamkottai(Uzhavar Sandhai ),Mango(Raw-Ripe),Mango - Raw-Ripe,Local,31/07/2026,3500,4000,3750
Tamil Nadu,Thirunelveli,Palayamkottai(Uzhavar Sandhai ),Elephant Yam(Suran)/Amorphophallus,Elephant Yam (Suran),Local,31/07/2026,4000,4400,4200
Tamil Nadu,Thirupur,Kangayam(Uzhavar Sandhai ),Cauliflower,Ranchi,Local,31/07/2026,2500,3000,2750
Tamil Nadu,Thirupur,Kangayam(Uzhavar Sandhai ),Bhindi(Ladies Finger),Bhindi,Local,31/07/2026,4000,4500,4250
Tamil Nadu,Thirupur,Kangayam(Uzhavar Sandhai ),Green Chilli,Green Chilly,Local,31/07/2026,5000,5500,5250
Tamil Nadu,Thirupur,Kangayam(Uzhavar Sandhai ),Banana - Green,Banana - Green,Local,31/07/2026,2400,2800,2600
Tamil Nadu,Thirupur,Kangayam(Uzhavar Sandhai ),Beetroot,Beetroot,Local,31/07/2026,2400,2800,2600
Tamil Nadu,Thirupur,Kangayam(Uzhavar Sandhai ),Tender Coconut,Tender Coconut,Local,31/07/2026,3000,3200,3100
Tamil Nadu,Thirupur,Tiruppur (North) (Uzhavar Sandhai ),Banana,Red Banana,Local,31/07/2026,6000,6500,6250
Tamil Nadu,Thirupur,Tiruppur (North) (Uzhavar Sandhai ),Cluster beans,Cluster Beans,Local,31/07/2026,3500,4000,3750
Tamil Nadu,Thirupur,Tiruppur (North) (Uzhavar Sandhai ),Bhindi(Ladies Finger),Bhindi,Local,31/07/2026,3500,4000,3750
Tamil Nadu,Thirupur,Tiruppur (North) (Uzhavar Sandhai ),Cowpea(Veg),Cowpea (Veg),Local,31/07/2026,3500,4000,3750
Tamil Nadu,Thirupur,Tiruppur (North) (Uzhavar Sandhai ),Tapioca,Tapioca,Local,31/07/2026,2000,2500,2250
Tamil Nadu,Thirupur,Tiruppur (North) (Uzhavar Sandhai ),Ginger(Green),Green Ginger,Local,31/07/2026,18000,20000,19000
Tamil Nadu,Thirupur,Tiruppur (North) (Uzhavar Sandhai ),Drumstick,Drumstick,Local,31/07/2026,5000,6000,5500
Tamil Nadu,Thirupur,Tiruppur (North) (Uzhavar Sandhai ),Elephant Yam(Suran)/Amorphophallus,Elephant Yam (Suran),Local,31/07/2026,3500,4000,3750
Tamil Nadu,Thirupur,Tiruppur (North) (Uzhavar Sandhai ),Yam(Ratalu),Yam (Ratalu),Local,31/07/2026,4500,5000,4750
Tamil Nadu,Thirupur,Tiruppur (North) (Uzhavar Sandhai ),Onion Green,Onion Green,Local,31/07/2026,5000,6000,5500
Tamil Nadu,Thiruvannamalai,Chengam(Uzhavar Sandhai ),Bitter gourd,Bitter Gourd,Local,31/07/2026,7000,8000,7500
Tamil Nadu,Thiruvannamalai,Chengam(Uzhavar Sandhai ),Ashgourd,Gouard,Local,31/07/2026,1600,2000,1800
Tamil Nadu,Thiruvannamalai,Chengam(Uzhavar Sandhai ),Bhindi(Ladies Finger),Bhindi,Local,31/07/2026,2500,3000,2750
Tamil Nadu,Thiruvannamalai,Chengam(Uzhavar Sandhai ),Amaranthus,Amaranthus,Local,31/07/2026,800,1000,900
Tamil Nadu,Thiruvannamalai,Chengam(Uzhavar Sandhai ),Ridgeguard(Tori),Ridgeguard(Tori),Local,31/07/2026,3300,4000,3650
Tamil Nadu,Thiruvannamalai,Chengam(Uzhavar Sandhai ),Raddish,Raddish,Local,31/07/2026,2500,3000,2750
Tamil Nadu,Thiruvannamalai,Chengam(Uzhavar Sandhai ),Mango(Raw-Ripe),Mango - Raw-Ripe,Local,31/07/2026,1600,2000,1800
Tamil Nadu,Thiruvannamalai,Chengam(Uzhavar Sandhai ),Amla(Nelli Kai),Amla,Local,31/07/2026,8000,10000,9000
Tamil Nadu,Thiruvannamalai,Tamarainagar(Uzhavar Sandhai ),Water Melon,Water Melon,Local,31/07/2026,2000,2500,2250
Tamil Nadu,Thiruvannamalai,Tamarainagar(Uzhavar Sandhai ),Tomato,Deshi,Local,31/07/2026,1300,1500,1400
Tamil Nadu,Thiruvannamalai,Tamarainagar(Uzhavar Sandhai ),Pumpkin,Pumpkin,Local,31/07/2026,2000,2500,2250
Tamil Nadu,Thiruvannamalai,Tamarainagar(Uzhavar Sandhai ),Bhindi(Ladies Finger),Bhindi,Local,31/07/2026,2500,3000,2750
Tamil Nadu,Thiruvannamalai,Tamarainagar(Uzhavar Sandhai ),Beans,Beans (Whole),Local,31/07/2026,9000,11000,10000
Tamil Nadu,Thiruvannamalai,Tamarainagar(Uzhavar Sandhai ),Fig(Anjura/Anjeer),Anjura,Local,31/07/2026,5000,6000,5500
Tamil Nadu,Thiruvannamalai,Tamarainagar(Uzhavar Sandhai ),Tamarind Fruit,Tamarind Fruit,Local,31/07/2026,10000,12000,11000
Tamil Nadu,Thiruvannamalai,Tamarainagar(Uzhavar Sandhai ),Colacasia,Colacasia,Local,31/07/2026,3500,4000,3750
Tamil Nadu,Thiruvannamalai,Vandavasi(Uzhavar Sandhai ),Brinjal,Other,Local,31/07/2026,4000,4800,4400
Tamil Nadu,Thiruvannamalai,Vandavasi(Uzhavar Sandhai ),Cluster beans,Cluster Beans,Local,31/07/2026,5000,6000,5500
Tamil Nadu,Thiruvannamalai,Vandavasi(Uzhavar Sandhai ),Amaranthus,Amaranthus,Local,31/07/2026,2500,3000,2750
Tamil Nadu,Thiruvannamalai,Vandavasi(Uzhavar Sandhai ),Green Chilli,Green Chilly,Local,31/07/2026,5000,6000,5500
Tamil Nadu,Thiruvannamalai,Vandavasi(Uzhavar Sandhai ),Coconut,Coconut,Local,31/07/2026,4000,5000,4500
Tamil Nadu,Thiruvannamalai,Vandavasi(Uzhavar Sandhai ),Ridgeguard(Tori),Ridgeguard(Tori),Local,31/07/2026,3000,3600,3300
Tamil Nadu,Thiruvannamalai,Vandavasi(Uzhavar Sandhai ),Raddish,Raddish,Local,31/07/2026,2500,3000,2750
Tamil Nadu,Thiruvannamalai,Vandavasi(Uzhavar Sandhai ),Knool Khol,Knool Khol,Local,31/07/2026,5000,6000,5500
Tamil Nadu,Thiruvannamalai,Vandavasi(Uzhavar Sandhai ),Guava,Guava Allahabad,Local,31/07/2026,4000,5000,4500
Tamil Nadu,Thiruvannamalai,Vandavasi(Uzhavar Sandhai ),Yam(Ratalu),Yam (Ratalu),Local,31/07/2026,5000,6000,5500
Tamil Nadu,Thiruvannamalai,Vandavasi(Uzhavar Sandhai ),Colacasia,Colacasia,Local,31/07/2026,3000,3600,3300
Tamil Nadu,Thiruvarur,Muthupettai(Uzhavar Sandhai ),Onion,Bellary,Local,31/07/2026,3600,3600,3600
Tamil Nadu,Thiruvarur,Muthupettai(Uzhavar Sandhai ),Potato,Red Nanital,Local,31/07/2026,3000,3000,3000
Tamil Nadu,Thiruvarur,Muthupettai(Uzhavar Sandhai ),Cluster beans,Cluster Beans,Local,31/07/2026,4500,4500,4500
Tamil Nadu,Thiruvarur,Muthupettai(Uzhavar Sandhai ),Banana - Green,Banana - Green,Local,31/07/2026,4000,4000,4000
Tamil Nadu,Thiruvarur,Needamangalam(Uzhavar Sandhai ),Brinjal,Round,Local,31/07/2026,4800,4800,4800
Tamil Nadu,Thiruvarur,Needamangalam(Uzhavar Sandhai ),Bottle gourd,Bottle Gourd,Local,31/07/2026,3600,3600,3600
Tamil Nadu,Thiruvarur,Needamangalam(Uzhavar Sandhai ),Banana - Green,Banana - Green,Local,31/07/2026,4000,4000,4000
Tamil Nadu,Thiruvarur,Needamangalam(Uzhavar Sandhai ),Coconut,Coconut,Local,31/07/2026,4000,4000,4000
Tamil Nadu,Thiruvarur,Needamangalam(Uzhavar Sandhai ),Raddish,Raddish,Local,31/07/2026,3200,3200,3200
Tamil Nadu,Thiruvarur,Tiruvarur(Uzhavar Sandhai ),Bottle gourd,Bottle Gourd,Local,31/07/2026,3000,3000,3000
Tamil Nadu,Thiruvarur,Tiruvarur(Uzhavar Sandhai ),Pumpkin,Pumpkin,Local,31/07/2026,2500,2500,2500
Tamil Nadu,Thiruvarur,Tiruvarur(Uzhavar Sandhai ),Banana - Green,Banana - Green,Local,31/07/2026,4000,4000,4000
Tamil Nadu,Thiruvarur,Tiruvarur(Uzhavar Sandhai ),Ridgeguard(Tori),Ridgeguard(Tori),Local,31/07/2026,4500,4500,4500
Tamil Nadu,Thiruvarur,Tiruvarur(Uzhavar Sandhai ),Drumstick,Drumstick,Local,31/07/2026,5000,5000,5000
Tamil Nadu,Thiruvarur,Tiruvarur(Uzhavar Sandhai ),Lime,Lime,Local,31/07/2026,3000,3000,3000
Tamil Nadu,Virudhunagar,Aruppukottai(Uzhavar Sandhai ),Beans,Beans (Whole),Local,31/07/2026,8000,9000,8500
Tamil Nadu,Virudhunagar,Aruppukottai(Uzhavar Sandhai ),Drumstick,Drumstick,Local,31/07/2026,3000,4000,3500
Tamil Nadu,Virudhunagar,Aruppukottai(Uzhavar Sandhai ),Mango(Raw-Ripe),Mango - Raw-Ripe,Local,31/07/2026,3000,4000,3500
Tamil Nadu,Virudhunagar,Aruppukottai(Uzhavar Sandhai ),Guava,Guava Allahabad,Local,31/07/2026,3000,4000,3500
Tamil Nadu,Virudhunagar,Aruppukottai(Uzhavar Sandhai ),Colacasia,Colacasia,Local,31/07/2026,4000,5000,4500
Tamil Nadu,Villupuram,Gingee(Uzhavar Sandhai ),Brinjal,Round,Local,31/07/2026,4000,4500,4250
Tamil Nadu,Villupuram,Gingee(Uzhavar Sandhai ),Bitter gourd,Bitter Gourd,Local,31/07/2026,7000,7000,7000
Tamil Nadu,Villupuram,Gingee(Uzhavar Sandhai ),Beetroot,Beetroot,Local,31/07/2026,4000,4000,4000
Tamil Nadu,Villupuram,Gingee(Uzhavar Sandhai ),Raddish,Raddish,Local,31/07/2026,4500,4500,4500
Tamil Nadu,Villupuram,Gingee(Uzhavar Sandhai ),Guava,Guava Allahabad,Local,31/07/2026,5000,5000,5000
Tamil Nadu,Thiruvarur,Valangaiman APMC,Pumpkin,Pumpkin,Local,31/07/2026,2400,2400,2400
Tamil Nadu,Thiruvellore,Tiruthani(Uzhavar Sandhai ),Brinjal,Round,Local,31/07/2026,5000,5000,5000
Tamil Nadu,Thiruvellore,Tiruthani(Uzhavar Sandhai ),Bitter gourd,Bitter Gourd,Local,31/07/2026,5000,5000,5000
Tamil Nadu,Thiruvellore,Tiruthani(Uzhavar Sandhai ),Bhindi(Ladies Finger),Bhindi,Local,31/07/2026,5000,5000,5000
Tamil Nadu,Thiruvellore,Tiruthani(Uzhavar Sandhai ),Green Chilli,Green Chilly,Local,31/07/2026,4000,4000,4000
Tamil Nadu,Virudhunagar,Kariyapatti(Uzhavar Sandhai ),Coriander(Leaves),I Sort,Local,31/07/2026,4500,5000,4750
Tamil Nadu,Virudhunagar,Kariyapatti(Uzhavar Sandhai ),Papaya,Papaya,Local,31/07/2026,3000,3500,3250
Tamil Nadu,Virudhunagar,Kariyapatti(Uzhavar Sandhai ),Cluster beans,Cluster Beans,Local,31/07/2026,3000,3500,3250
Tamil Nadu,Virudhunagar,Kariyapatti(Uzhavar Sandhai ),Carrot,Pusakesar,Local,31/07/2026,5500,6000,5750
Tamil Nadu,Virudhunagar,Kariyapatti(Uzhavar Sandhai ),Chow Chow,Chow Chow,Local,31/07/2026,3000,3500,3250
Tamil Nadu,Virudhunagar,Kariyapatti(Uzhavar Sandhai ),Lime,Lime,Local,31/07/2026,15000,16000,15500
Tamil Nadu,Virudhunagar,Kariyapatti(Uzhavar Sandhai ),Onion Green,Onion Green,Local,31/07/2026,6000,6500,6250
Tamil Nadu,Virudhunagar,Kariyapatti(Uzhavar Sandhai ),Mint(Pudina),Mint(Pudina),Local,31/07/2026,5500,6000,5750
Tamil Nadu,Thiruvellore,Tiruvallur(Uzhavar Sandhai ),Onion,Bellary,Local,31/07/2026,3500,3500,3500
Tamil Nadu,Thiruvellore,Tiruvallur(Uzhavar Sandhai ),Bottle gourd,Bottle Gourd,Local,31/07/2026,3000,3000,3000
Tamil Nadu,Thiruvellore,Tiruvallur(Uzhavar Sandhai ),Bhindi(Ladies Finger),Bhindi,Local,31/07/2026,5000,5000,5000
Tamil Nadu,Thiruvellore,Tiruvallur(Uzhavar Sandhai ),Mango(Raw-Ripe),Mango - Raw-Ripe,Local,31/07/2026,2500,2500,2500
Tamil Nadu,Vellore,Katpadi (Uzhavar Sandhai ),Groundnut,Big (With Shell),Local,31/07/2026,8000,8000,8000
Tamil Nadu,Vellore,Katpadi (Uzhavar Sandhai ),Banana,Besrai,Local,31/07/2026,4000,7000,5500
Tamil Nadu,Vellore,Katpadi (Uzhavar Sandhai ),Garlic,Garlic,Local,31/07/2026,22000,22000,22000
Tamil Nadu,Vellore,Katpadi (Uzhavar Sandhai ),Brinjal,Round,Local,31/07/2026,5000,6000,5500
Tamil Nadu,Vellore,Katpadi (Uzhavar Sandhai ),Coriander(Leaves),I Sort,Local,31/07/2026,4000,4000,4000
Tamil Nadu,Vellore,Katpadi (Uzhavar Sandhai ),Bottle gourd,Bottle Gourd,Local,31/07/2026,3000,3000,3000
Tamil Nadu,Vellore,Katpadi (Uzhavar Sandhai ),Green Chilli,Green Chilly,Local,31/07/2026,4000,5000,4500
Tamil Nadu,Vellore,Katpadi (Uzhavar Sandhai ),Cucumbar(Kheera),Cucumbar,Local,31/07/2026,4500,4500,4500
Tamil Nadu,Vellore,Katpadi (Uzhavar Sandhai ),Ridgeguard(Tori),Ridgeguard(Tori),Local,31/07/2026,4000,4000,4000
Tamil Nadu,Vellore,Katpadi (Uzhavar Sandhai ),Guava,Guava Allahabad,Local,31/07/2026,5000,5000,5000
Tamil Nadu,Vellore,Katpadi (Uzhavar Sandhai ),Custard Apple(Sharifa),Custard Apple(Sharifa),Local,31/07/2026,5000,5000,5000
Tamil Nadu,Madurai,Thirumangalam(Uzhavar Sandhai ),Mango,Safeda,Local,31/07/2026,6000,7000,6500
Tamil Nadu,Madurai,Thirumangalam(Uzhavar Sandhai ),Brinjal,Round,Local,31/07/2026,4000,4500,4250
Tamil Nadu,Madurai,Thirumangalam(Uzhavar Sandhai ),Bottle gourd,Bottle Gourd,Local,31/07/2026,2600,2800,2700
Tamil Nadu,Madurai,Thirumangalam(Uzhavar Sandhai ),Ashgourd,Gouard,Local,31/07/2026,2000,2400,2200
Tamil Nadu,Madurai,Thirumangalam(Uzhavar Sandhai ),Amaranthus,Amaranthus,Local,31/07/2026,3000,3600,3300
Tamil Nadu,Madurai,Thirumangalam(Uzhavar Sandhai ),Snakeguard,Snakeguard,Local,31/07/2026,3400,3600,3500
Tamil Nadu,Madurai,Thirumangalam(Uzhavar Sandhai ),Ridgeguard(Tori),Ridgeguard(Tori),Local,31/07/2026,5500,6000,5750
Tamil Nadu,Madurai,Thirumangalam(Uzhavar Sandhai ),Drumstick,Drumstick,Local,31/07/2026,5000,6000,5500
Tamil Nadu,Madurai,Thirumangalam(Uzhavar Sandhai ),Amla(Nelli Kai),Amla,Local,31/07/2026,6000,6500,6250
Tamil Nadu,Madurai,Thirumangalam(Uzhavar Sandhai ),Onion Green,Onion Green,Local,31/07/2026,5500,6500,6000
Tamil Nadu,Madurai,Melur(Uzhavar Sandhai ),Groundnut,Big (With Shell),Local,31/07/2026,6000,7000,6500
Tamil Nadu,Madurai,Melur(Uzhavar Sandhai ),Brinjal,Round,Local,31/07/2026,4000,4500,4250
Tamil Nadu,Madurai,Melur(Uzhavar Sandhai ),Bitter gourd,Other,Local,31/07/2026,5500,6000,5750
Tamil Nadu,Madurai,Melur(Uzhavar Sandhai ),Pumpkin,Pumpkin,Local,31/07/2026,1800,2000,1900
Tamil Nadu,Madurai,Melur(Uzhavar Sandhai ),Bhindi(Ladies Finger),Bhindi,Local,31/07/2026,3000,3600,3300
Tamil Nadu,Madurai,Melur(Uzhavar Sandhai ),Cowpea(Veg),Cowpea (Veg),Local,31/07/2026,3500,4000,3750
Tamil Nadu,Madurai,Melur(Uzhavar Sandhai ),Green Avare(W),Green Avare (W),Local,31/07/2026,8500,9500,9000
Tamil Nadu,Madurai,Melur(Uzhavar Sandhai ),Mango(Raw-Ripe),Mango - Raw-Ripe,Local,31/07/2026,3500,4000,3750
Tamil Nadu,Madurai,Melur(Uzhavar Sandhai ),Guava,Guava Allahabad,Local,31/07/2026,7000,8000,7500
Tamil Nadu,Madurai,Melur(Uzhavar Sandhai ),Yam(Ratalu),Yam (Ratalu),Local,31/07/2026,7000,8000,7500
Tamil Nadu,Madurai,Melur(Uzhavar Sandhai ),Onion Green,Onion Green,Local,31/07/2026,5500,6500,6000
Tamil Nadu,Salem,Vazhapadi(Uzhavar Sandhai),Mango,Neelam,Local,31/07/2026,5000,5000,5000
Tamil Nadu,Salem,Vazhapadi(Uzhavar Sandhai),Onion,Bellary,Local,31/07/2026,3000,4000,3500
Tamil Nadu,Salem,Vazhapadi(Uzhavar Sandhai),Cluster beans,Cluster Beans,Local,31/07/2026,4000,4000,4000
Tamil Nadu,Salem,Vazhapadi(Uzhavar Sandhai),Beans,Beans (Whole),Local,31/07/2026,6000,7000,6500
Tamil Nadu,Salem,Vazhapadi(Uzhavar Sandhai),Ridgeguard(Tori),Ridgeguard(Tori),Local,31/07/2026,5000,5500,5250
Tamil Nadu,Salem,Vazhapadi(Uzhavar Sandhai),Raddish,Raddish,Local,31/07/2026,3000,3400,3200
Tamil Nadu,Salem,Vazhapadi(Uzhavar Sandhai),Drumstick,Drumstick,Local,31/07/2026,6000,6000,6000
Tamil Nadu,Karur,Gandhigramam(Uzhavar Sandhai),Onion,Bellary,Local,31/07/2026,3000,4000,3500
Tamil Nadu,Karur,Gandhigramam(Uzhavar Sandhai),Tomato,Other,Local,31/07/2026,1800,2000,1900
Tamil Nadu,Karur,Gandhigramam(Uzhavar Sandhai),Cluster beans,Cluster Beans,Local,31/07/2026,3500,4000,3750
Tamil Nadu,Karur,Gandhigramam(Uzhavar Sandhai),Ashgourd,Gouard,Local,31/07/2026,2500,2800,2650
Tamil Nadu,Karur,Gandhigramam(Uzhavar Sandhai),Green Chilli,Green Chilly,Local,31/07/2026,4500,5000,4750
Tamil Nadu,Karur,Gandhigramam(Uzhavar Sandhai),Beetroot,Beetroot,Local,31/07/2026,8500,9000,8750
Tamil Nadu,Karur,Gandhigramam(Uzhavar Sandhai),Raddish,Raddish,Local,31/07/2026,3500,4000,3750
Tamil Nadu,Karur,Gandhigramam(Uzhavar Sandhai),Thondekai,Thondekai,Local,31/07/2026,5500,6000,5750
Tamil Nadu,Karur,Gandhigramam(Uzhavar Sandhai),Green Avare(W),Other,Local,31/07/2026,8000,10000,9000
Tamil Nadu,Karur,Gandhigramam(Uzhavar Sandhai),Guava,Guava Allahabad,Local,31/07/2026,5000,7000,6000
Tamil Nadu,Karur,Gandhigramam(Uzhavar Sandhai),Amla(Nelli Kai),Amla,Local,31/07/2026,7000,8000,7500
Tamil Nadu,Karur,Gandhigramam(Uzhavar Sandhai),Onion Green,Onion Green,Local,31/07/2026,6000,6500,6250
Tamil Nadu,Pudukkottai,Aranthangi(Uzhavar Sandhai ),Tomato,Other,Local,31/07/2026,2000,2500,2250
Tamil Nadu,Pudukkottai,Aranthangi(Uzhavar Sandhai ),Bitter gourd,Other,Local,31/07/2026,8000,9000,8500
Tamil Nadu,Coimbatore,Sulur(Uzhavar Sandhai ),Banana,Besrai,Local,31/07/2026,4500,5800,5150
Tamil Nadu,Coimbatore,Sulur(Uzhavar Sandhai ),Bitter gourd,Other,Local,31/07/2026,5500,6000,5750
Tamil Nadu,Coimbatore,Sulur(Uzhavar Sandhai ),Cabbage,Cabbage,Local,31/07/2026,3200,3800,3500
Tamil Nadu,Coimbatore,Sulur(Uzhavar Sandhai ),Onion Green,Onion Green,Local,31/07/2026,5200,5800,5500
Tamil Nadu,Pudukkottai,Gandarvakottai(Uzhavar Sandhai ),Banana,Red Banana,Local,31/07/2026,6000,7000,6500
Tamil Nadu,Pudukkottai,Gandarvakottai(Uzhavar Sandhai ),Brinjal,Other,Local,31/07/2026,5500,7000,6250
Tamil Nadu,Pudukkottai,Gandarvakottai(Uzhavar Sandhai ),Coriander(Leaves),I Sort,Local,31/07/2026,5500,6000,5750
Tamil Nadu,Pudukkottai,Gandarvakottai(Uzhavar Sandhai ),Tomato,Other,Local,31/07/2026,2000,2500,2250
Tamil Nadu,Pudukkottai,Gandarvakottai(Uzhavar Sandhai ),Ashgourd,Gouard,Local,31/07/2026,1200,1500,1350
Tamil Nadu,Pudukkottai,Gandarvakottai(Uzhavar Sandhai ),Green Chilli,Green Chilly,Local,31/07/2026,4000,5500,4750
Tamil Nadu,Pudukkottai,Gandarvakottai(Uzhavar Sandhai ),Snakeguard,Snakeguard,Local,31/07/2026,2500,3000,2750
Tamil Nadu,Pudukkottai,Gandarvakottai(Uzhavar Sandhai ),Ridgeguard(Tori),Ridgeguard(Tori),Local,31/07/2026,6000,7000,6500
Tamil Nadu,Pudukkottai,Gandarvakottai(Uzhavar Sandhai ),Raddish,Raddish,Local,31/07/2026,3500,4000,3750
Tamil Nadu,Pudukkottai,Gandarvakottai(Uzhavar Sandhai ),Lemon,Lemon,Local,31/07/2026,4500,5000,4750
Tamil Nadu,Cuddalore,Panruti(Uzhavar Sandhai ),Mango,Safeda,Local,31/07/2026,4000,5000,4500
Tamil Nadu,Cuddalore,Panruti(Uzhavar Sandhai ),Tomato,Deshi,Local,31/07/2026,2000,2000,2000
Tamil Nadu,Cuddalore,Panruti(Uzhavar Sandhai ),Cluster beans,Cluster Beans,Local,31/07/2026,4000,4000,4000
Tamil Nadu,Cuddalore,Panruti(Uzhavar Sandhai ),Bhindi(Ladies Finger),Bhindi,Local,31/07/2026,3500,3500,3500
Tamil Nadu,Cuddalore,Panruti(Uzhavar Sandhai ),Amaranthus,Amaranthus,Local,31/07/2026,2000,2000,2000
Tamil Nadu,Cuddalore,Panruti(Uzhavar Sandhai ),Coconut,Coconut,Local,31/07/2026,5000,6000,5500
Tamil Nadu,Cuddalore,Panruti(Uzhavar Sandhai ),Lemon,Lemon,Local,31/07/2026,6000,6000,6000
Tamil Nadu,Cuddalore,Vadalur(Uzhavar Sandhai ),Mango,Neelam,Local,31/07/2026,4000,4000,4000
Tamil Nadu,Cuddalore,Vadalur(Uzhavar Sandhai ),Tomato,Local,Local,31/07/2026,2000,2000,2000
Tamil Nadu,Cuddalore,Vadalur(Uzhavar Sandhai ),Ashgourd,Gouard,Local,31/07/2026,3000,3000,3000
Tamil Nadu,Cuddalore,Vadalur(Uzhavar Sandhai ),Bhindi(Ladies Finger),Bhindi,Local,31/07/2026,3000,3000,3000
Tamil Nadu,Cuddalore,Vadalur(Uzhavar Sandhai ),Banana - Green,Banana - Green,Local,31/07/2026,3000,3000,3000
Tamil Nadu,Cuddalore,Vadalur(Uzhavar Sandhai ),Coconut,Coconut,Local,31/07/2026,5000,5000,5000
Tamil Nadu,Cuddalore,Vadalur(Uzhavar Sandhai ),Carrot,Pusakesar,Local,31/07/2026,6000,6000,6000
Tamil Nadu,Cuddalore,Vadalur(Uzhavar Sandhai ),Tender Coconut,Tender Coconut,Local,31/07/2026,2500,3000,2750
Tamil Nadu,Dharmapuri,AJattihalli(Uzhavar Sandhai ),Coriander(Leaves),I Sort,Local,31/07/2026,9500,10000,9750
Tamil Nadu,Dharmapuri,AJattihalli(Uzhavar Sandhai ),Tomato,Local,Local,31/07/2026,1200,1400,1300
Tamil Nadu,Dharmapuri,AJattihalli(Uzhavar Sandhai ),Cluster beans,Cluster Beans,Local,31/07/2026,3400,3600,3500
Tamil Nadu,Dharmapuri,AJattihalli(Uzhavar Sandhai ),Bitter gourd,Bitter Gourd,Local,31/07/2026,4800,5000,4900
Tamil Nadu,Dharmapuri,AJattihalli(Uzhavar Sandhai ),Amaranthus,Amaranthus,Local,31/07/2026,2800,3000,2900
Tamil Nadu,Dharmapuri,AJattihalli(Uzhavar Sandhai ),Green Chilli,Green Chilly,Local,31/07/2026,4000,4500,4250
Tamil Nadu,Dharmapuri,AJattihalli(Uzhavar Sandhai ),Cowpea(Veg),Cowpea (Veg),Local,31/07/2026,6500,7000,6750
Tamil Nadu,Dharmapuri,AJattihalli(Uzhavar Sandhai ),Beans,Beans (Whole),Local,31/07/2026,9500,10000,9750
Tamil Nadu,Dharmapuri,AJattihalli(Uzhavar Sandhai ),Ginger(Green),Green Ginger,Local,31/07/2026,23000,23600,23300
Tamil Nadu,Dharmapuri,AJattihalli(Uzhavar Sandhai ),Cabbage,Cabbage,Local,31/07/2026,4200,4400,4300
Tamil Nadu,Dharmapuri,AJattihalli(Uzhavar Sandhai ),Lemon,Lemon,Local,31/07/2026,12500,13000,12750
Tamil Nadu,Nagapattinam,Vedaranyam(Uzhavar Sandhai),Banana,Besrai,Local,31/07/2026,3800,4000,3900
Tamil Nadu,Nagapattinam,Vedaranyam(Uzhavar Sandhai),Brinjal,Round,Local,31/07/2026,4400,4600,4500
Tamil Nadu,Nagapattinam,Vedaranyam(Uzhavar Sandhai),Bitter gourd,Bitter Gourd,Local,31/07/2026,4200,4400,4300
Tamil Nadu,Nagapattinam,Vedaranyam(Uzhavar Sandhai),Bhindi(Ladies Finger),Bhindi,Local,31/07/2026,4200,4500,4350
Tamil Nadu,Nagapattinam,Vedaranyam(Uzhavar Sandhai),Chow Chow,Chow Chow,Local,31/07/2026,2200,2500,2350
Tamil Nadu,Nagapattinam,Vedaranyam(Uzhavar Sandhai),Lemon,Lemon,Local,31/07/2026,4800,5000,4900
Tamil Nadu,Vellore,Perampet(Uzhavar Sandhai),Mango,Neelam,Local,31/07/2026,4000,4000,4000
Tamil Nadu,Vellore,Perampet(Uzhavar Sandhai),Onion,Bellary,Local,31/07/2026,4000,4000,4000
Tamil Nadu,Vellore,Perampet(Uzhavar Sandhai),Cluster beans,Cluster Beans,Local,31/07/2026,3600,4000,3800
Tamil Nadu,Vellore,Perampet(Uzhavar Sandhai),Bhindi(Ladies Finger),Bhindi,Local,31/07/2026,3000,3000,3000
Tamil Nadu,Vellore,Perampet(Uzhavar Sandhai),Amaranthus,Amaranthus,Local,31/07/2026,4000,4000,4000
Tamil Nadu,Vellore,Perampet(Uzhavar Sandhai),Carrot,Pusakesar,Local,31/07/2026,7000,7000,7000
Tamil Nadu,Vellore,Perampet(Uzhavar Sandhai),Cucumbar(Kheera),Cucumbar,Local,31/07/2026,3500,3500,3500
Tamil Nadu,Vellore,Perampet(Uzhavar Sandhai),Ridgeguard(Tori),Ridgeguard(Tori),Local,31/07/2026,4000,4000,4000
Tamil Nadu,Karur,Kulithalai(Uzhavar Sandhai ),Banana,Other,Local,31/07/2026,5500,6000,5750
Tamil Nadu,Karur,Kulithalai(Uzhavar Sandhai ),Brinjal,Other,Local,31/07/2026,3600,4000,3800
Tamil Nadu,Karur,Kulithalai(Uzhavar Sandhai ),Bottle gourd,Bottle Gourd,Local,31/07/2026,1500,2000,1750
Tamil Nadu,Karur,Kulithalai(Uzhavar Sandhai ),Coconut,Coconut,Local,31/07/2026,4500,5000,4750
Tamil Nadu,Karur,Kulithalai(Uzhavar Sandhai ),Betal Leaves,Mysore,Local,31/07/2026,9000,10000,9500
Tamil Nadu,Karur,Kulithalai(Uzhavar Sandhai ),Raddish,Raddish,Local,31/07/2026,3600,4000,3800
Tamil Nadu,Karur,Kulithalai(Uzhavar Sandhai ),Green Avare(W),Other,Local,31/07/2026,7000,8000,7500
Tamil Nadu,Karur,Kulithalai(Uzhavar Sandhai ),Colacasia,Colacasia,Local,31/07/2026,5500,6000,5750
Tamil Nadu,Karur,Pallapatti (Uzhavar Sandhai ),Chikoos(Sapota),Sapota,Local,31/07/2026,3600,4000,3800
Tamil Nadu,Karur,Pallapatti (Uzhavar Sandhai ),Bottle gourd,Bottle Gourd,Local,31/07/2026,2500,3000,2750
Tamil Nadu,Karur,Pallapatti (Uzhavar Sandhai ),Green Chilli,Green Chilly,Local,31/07/2026,5000,6000,5500
Tamil Nadu,Karur,Pallapatti (Uzhavar Sandhai ),Mango(Raw-Ripe),Mango - Raw-Ripe,Local,31/07/2026,3500,4000,3750
Tamil Nadu,Karur,Pallapatti (Uzhavar Sandhai ),Amla(Nelli Kai),Amla,Local,31/07/2026,6500,7000,6750
Tamil Nadu,Karur,Pallapatti (Uzhavar Sandhai ),Onion Green,Onion Green,Local,31/07/2026,6500,7000,6750
Tamil Nadu,Karur,Pallapatti (Uzhavar Sandhai ),Baby Corn,Baby Corn,Grade A,31/07/2026,4500,5000,4750
Tamil Nadu,Karur,Velayuthampalayam(Uzhavar Sandhai ),Ridgeguard(Tori),Ridgeguard(Tori),Local,31/07/2026,5000,6000,5500
Tamil Nadu,Karur,Velayuthampalayam(Uzhavar Sandhai ),Drumstick,Drumstick,Local,31/07/2026,2800,3500,3150
Tamil Nadu,Karur,Vengamedu(Uzhavar Sandhai ),Coriander(Leaves),I Sort,Local,31/07/2026,6500,7000,6750
Tamil Nadu,Karur,Vengamedu(Uzhavar Sandhai ),Bottle gourd,Bottle Gourd,Local,31/07/2026,2500,3000,2750
Tamil Nadu,Karur,Vengamedu(Uzhavar Sandhai ),Amaranthus,Amaranthus,Local,31/07/2026,2000,2500,2250
Tamil Nadu,Karur,Vengamedu(Uzhavar Sandhai ),Ridgeguard(Tori),Ridgeguard(Tori),Local,31/07/2026,5500,6000,5750
Tamil Nadu,Karur,Vengamedu(Uzhavar Sandhai ),Raddish,Raddish,Local,31/07/2026,3500,4000,3750
Tamil Nadu,Karur,Vengamedu(Uzhavar Sandhai ),Drumstick,Drumstick,Local,31/07/2026,3000,3500,3250
Tamil Nadu,Karur,Vengamedu(Uzhavar Sandhai ),Mango(Raw-Ripe),Mango - Raw-Ripe,Local,31/07/2026,4000,4500,4250
Tamil Nadu,Theni,Devaram(Uzhavar Sandhai ),Onion,Bellary,Local,31/07/2026,3800,3800,3800
Tamil Nadu,Theni,Devaram(Uzhavar Sandhai ),Brinjal,Round,Local,31/07/2026,3600,3600,3600
Tamil Nadu,Theni,Devaram(Uzhavar Sandhai ),Coriander(Leaves),I Sort,Local,31/07/2026,3800,3800,3800
Tamil Nadu,Theni,Devaram(Uzhavar Sandhai ),Cluster beans,Cluster Beans,Local,31/07/2026,3400,3400,3400
Tamil Nadu,Theni,Devaram(Uzhavar Sandhai ),Amaranthus,Amaranthus,Local,31/07/2026,2500,2500,2500
Tamil Nadu,Theni,Devaram(Uzhavar Sandhai ),Knool Khol,Knool Khol,Local,31/07/2026,4400,4400,4400
Tamil Nadu,Salem,Attayampatti(Uzhavar Sandhai ),Brinjal,Round,Local,31/07/2026,4600,5600,5100
Tamil Nadu,Salem,Attayampatti(Uzhavar Sandhai ),Papaya,Papaya,Local,31/07/2026,3000,3500,3250
Tamil Nadu,Salem,Attayampatti(Uzhavar Sandhai ),Tomato,Deshi,Local,31/07/2026,1500,1800,1650
Tamil Nadu,Salem,Attayampatti(Uzhavar Sandhai ),Green Avare(W),Green Avare (W),Local,31/07/2026,5800,7000,6400
Tamil Nadu,Salem,Attayampatti(Uzhavar Sandhai ),Mango(Raw-Ripe),Mango - Raw-Ripe,Local,31/07/2026,2000,2500,2250
Tamil Nadu,Sivaganga,Sivagangai (Uzhavar Sandhai ),Banana,Poovan,Local,31/07/2026,4000,4000,4000
Tamil Nadu,Sivaganga,Sivagangai (Uzhavar Sandhai ),Mango,Safeda,Local,31/07/2026,4500,5500,5000
Tamil Nadu,Sivaganga,Sivagangai (Uzhavar Sandhai ),Cauliflower,Ranchi,Local,31/07/2026,2600,3200,2900
Tamil Nadu,Sivaganga,Sivagangai (Uzhavar Sandhai ),Papaya,Papaya,Local,31/07/2026,4200,4600,4400
Tamil Nadu,Sivaganga,Sivagangai (Uzhavar Sandhai ),Ashgourd,Gouard,Local,31/07/2026,2200,2600,2400
Tamil Nadu,Sivaganga,Sivagangai (Uzhavar Sandhai ),Pumpkin,Pumpkin,Local,31/07/2026,2000,2200,2100
Tamil Nadu,Sivaganga,Sivagangai (Uzhavar Sandhai ),Coconut,Coconut,Local,31/07/2026,6200,6600,6400
Tamil Nadu,Sivaganga,Sivagangai (Uzhavar Sandhai ),Cabbage,Cabbage,Local,31/07/2026,3200,3800,3500
Tamil Nadu,Sivaganga,Sivagangai (Uzhavar Sandhai ),Beetroot,Beetroot,Local,31/07/2026,5200,5600,5400
Tamil Nadu,Sivaganga,Sivagangai (Uzhavar Sandhai ),Indian Beans(Seam),Indian Beans (Seam),Local,31/07/2026,5600,5600,5600
Tamil Nadu,Sivaganga,Devakottai (Uzhavar Sandhai ),Papaya,Papaya,Local,31/07/2026,4000,4800,4400
Tamil Nadu,Sivaganga,Devakottai (Uzhavar Sandhai ),Cluster beans,Cluster Beans,Local,31/07/2026,3200,3800,3500
Tamil Nadu,Sivaganga,Devakottai (Uzhavar Sandhai ),Bottle gourd,Bottle Gourd,Local,31/07/2026,3200,3500,3350
Tamil Nadu,Sivaganga,Devakottai (Uzhavar Sandhai ),Beetroot,Beetroot,Local,31/07/2026,4200,5800,5000
Tamil Nadu,Sivaganga,Devakottai (Uzhavar Sandhai ),Ridgeguard(Tori),Ridgeguard(Tori),Local,31/07/2026,4000,4400,4200
Tamil Nadu,Sivaganga,Devakottai (Uzhavar Sandhai ),Guava,Guava Allahabad,Local,31/07/2026,7000,8400,7700
Tamil Nadu,Sivaganga,Devakottai (Uzhavar Sandhai ),Elephant Yam(Suran)/Amorphophallus,Elephant Yam (Suran),Local,31/07/2026,4400,4800,4600
Tamil Nadu,Sivaganga,Devakottai (Uzhavar Sandhai ),Lemon,Lemon,Local,31/07/2026,6200,7400,6800
Tamil Nadu,Sivaganga,Devakottai (Uzhavar Sandhai ),Onion Green,Onion Green,Local,31/07/2026,6000,6800,6400
Tamil Nadu,Salem,Edapadi (Uzhavar Sandhai ),Banana,Red Banana,Local,31/07/2026,6000,7000,6500
Tamil Nadu,Salem,Edapadi (Uzhavar Sandhai ),Bitter gourd,Bitter Gourd,Local,31/07/2026,5000,5500,5250
Tamil Nadu,Salem,Edapadi (Uzhavar Sandhai ),Ashgourd,Gouard,Local,31/07/2026,2000,2500,2250
Tamil Nadu,Salem,Edapadi (Uzhavar Sandhai ),Pumpkin,Pumpkin,Local,31/07/2026,2000,2500,2250
Tamil Nadu,Salem,Edapadi (Uzhavar Sandhai ),Bhindi(Ladies Finger),Bhindi,Local,31/07/2026,2500,3000,2750
Tamil Nadu,Salem,Edapadi (Uzhavar Sandhai ),Ginger(Green),Green Ginger,Local,31/07/2026,18000,20000,19000
Tamil Nadu,Salem,Edapadi (Uzhavar Sandhai ),Beetroot,Beetroot,Local,31/07/2026,7000,8000,7500
Tamil Nadu,Salem,Edapadi (Uzhavar Sandhai ),Raddish,Raddish,Local,31/07/2026,2500,3000,2750
Tamil Nadu,Salem,Edapadi (Uzhavar Sandhai ),Mint(Pudina),Mint(Pudina),Local,31/07/2026,4200,4200,4200
Tamil Nadu,Salem,Elampillai(Uzhavar Sandhai ),Banana,Red Banana,Local,31/07/2026,6500,7000,6750
Tamil Nadu,Salem,Elampillai(Uzhavar Sandhai ),Garlic,Garlic,Local,31/07/2026,27000,28000,27500
Tamil Nadu,Salem,Elampillai(Uzhavar Sandhai ),Brinjal,Other,Local,31/07/2026,4000,4500,4250
Tamil Nadu,Salem,Elampillai(Uzhavar Sandhai ),Coriander(Leaves),I Sort,Local,31/07/2026,3000,4000,3500
Tamil Nadu,Salem,Elampillai(Uzhavar Sandhai ),Bottle gourd,Bottle Gourd,Local,31/07/2026,2500,3000,2750
Tamil Nadu,Salem,Elampillai(Uzhavar Sandhai ),Bhindi(Ladies Finger),Bhindi,Local,31/07/2026,2500,3000,2750
Tamil Nadu,Salem,Elampillai(Uzhavar Sandhai ),Amaranthus,Amaranthus,Local,31/07/2026,2000,2400,2200
Tamil Nadu,Salem,Elampillai(Uzhavar Sandhai ),Beans,Beans (Whole),Local,31/07/2026,9000,9400,9200
Tamil Nadu,Salem,Elampillai(Uzhavar Sandhai ),Marigold(Calcutta),Marigold(Calcutta),Local,31/07/2026,27000,28000,27500
Tamil Nadu,Salem,Hasthampatti(Uzhavar Sandhai ),Apple,American,Local,31/07/2026,20000,22000,21000
Tamil Nadu,Salem,Hasthampatti(Uzhavar Sandhai ),Orange,Darjeeling,Local,31/07/2026,8000,10000,9000
Tamil Nadu,Salem,Hasthampatti(Uzhavar Sandhai ),Banana,Red Banana,Local,31/07/2026,7000,7500,7250
Tamil Nadu,Salem,Hasthampatti(Uzhavar Sandhai ),Mango,Neelam,Local,31/07/2026,4000,5000,4500
Tamil Nadu,Salem,Hasthampatti(Uzhavar Sandhai ),Onion,Bellary,Local,31/07/2026,3800,4000,3900
Tamil Nadu,Salem,Hasthampatti(Uzhavar Sandhai ),Ashgourd,Gouard,Local,31/07/2026,2000,2400,2200
Tamil Nadu,Salem,Hasthampatti(Uzhavar Sandhai ),Pumpkin,Pumpkin,Local,31/07/2026,2000,2400,2200
Tamil Nadu,Salem,Hasthampatti(Uzhavar Sandhai ),Beans,Beans (Whole),Local,31/07/2026,9500,10000,9750
Tamil Nadu,Salem,Hasthampatti(Uzhavar Sandhai ),Tapioca,Tapioca,Local,31/07/2026,2500,3000,2750
Tamil Nadu,Salem,Hasthampatti(Uzhavar Sandhai ),Ginger(Green),Green Ginger,Local,31/07/2026,19000,19500,19250
Tamil Nadu,Salem,Hasthampatti(Uzhavar Sandhai ),Coconut,Coconut,Local,31/07/2026,5500,6000,5750
Tamil Nadu,Salem,Hasthampatti(Uzhavar Sandhai ),Snakeguard,Snakeguard,Local,31/07/2026,4000,4400,4200
Tamil Nadu,Salem,Hasthampatti(Uzhavar Sandhai ),Ridgeguard(Tori),Ridgeguard(Tori),Local,31/07/2026,3500,4000,3750
Tamil Nadu,Salem,Hasthampatti(Uzhavar Sandhai ),Capsicum,Capsicum,Local,31/07/2026,6500,7000,6750
Tamil Nadu,Salem,Hasthampatti(Uzhavar Sandhai ),Drumstick,Drumstick,Local,31/07/2026,4500,5000,4750
Tamil Nadu,Salem,Hasthampatti(Uzhavar Sandhai ),Indian Beans(Seam),Indian Beans (Seam),Local,31/07/2026,5500,6000,5750
Tamil Nadu,Salem,Hasthampatti(Uzhavar Sandhai ),Amla(Nelli Kai),Amla,Local,31/07/2026,6500,7000,6750
Tamil Nadu,Salem,Jalagandapuram(Uzhavar Sandhai ),Chikoos(Sapota),Sapota,Local,31/07/2026,4000,4500,4250
Tamil Nadu,Salem,Jalagandapuram(Uzhavar Sandhai ),Cluster beans,Cluster Beans,Local,31/07/2026,3000,3400,3200
Tamil Nadu,Salem,Jalagandapuram(Uzhavar Sandhai ),Bottle gourd,Bottle Gourd,Local,31/07/2026,2000,2500,2250
Tamil Nadu,Salem,Jalagandapuram(Uzhavar Sandhai ),Pumpkin,Pumpkin,Local,31/07/2026,2000,2400,2200
Tamil Nadu,Salem,Jalagandapuram(Uzhavar Sandhai ),Cowpea(Veg),Cowpea (Veg),Local,31/07/2026,4500,5000,4750
Tamil Nadu,Salem,Jalagandapuram(Uzhavar Sandhai ),Coconut,Coconut,Local,31/07/2026,4500,5000,4750
Tamil Nadu,Salem,Jalagandapuram(Uzhavar Sandhai ),Ridgeguard(Tori),Ridgeguard(Tori),Local,31/07/2026,4000,4500,4250
Tamil Nadu,Salem,Jalagandapuram(Uzhavar Sandhai ),Lime,Lime,Local,31/07/2026,3000,3500,3250
Tamil Nadu,Salem,Jalagandapuram(Uzhavar Sandhai ),Mint(Pudina),Mint(Pudina),Local,31/07/2026,3500,4000,3750
Tamil Nadu,Sivaganga,Singampunari(Uzhavar Sandhai ),Mango,Other,Local,31/07/2026,4200,4600,4400
Tamil Nadu,Sivaganga,Singampunari(Uzhavar Sandhai ),Potato,Other,Local,31/07/2026,5600,6000,5800
Tamil Nadu,Sivaganga,Singampunari(Uzhavar Sandhai ),Pumpkin,Pumpkin,Local,31/07/2026,2000,2200,2100
Tamil Nadu,Sivaganga,Singampunari(Uzhavar Sandhai ),Amaranthus,Amaranthus,Local,31/07/2026,3000,4000,3500
Tamil Nadu,Sivaganga,Singampunari(Uzhavar Sandhai ),Coconut,Coconut,Local,31/07/2026,5800,6200,6000
Tamil Nadu,Sivaganga,Singampunari(Uzhavar Sandhai ),Cabbage,Cabbage,Local,31/07/2026,3200,3800,3500
Tamil Nadu,Sivaganga,Singampunari(Uzhavar Sandhai ),Beetroot,Beetroot,Local,31/07/2026,5200,5600,5400
Tamil Nadu,Sivaganga,Singampunari(Uzhavar Sandhai ),Onion Green,Onion Green,Local,31/07/2026,5600,6600,6100
Tamil Nadu,Sivaganga,Karaikudi(Uzhavar Sandhai ),Cauliflower,Ranchi,Local,31/07/2026,3000,3500,3250
Tamil Nadu,Sivaganga,Karaikudi(Uzhavar Sandhai ),Bitter gourd,Bitter Gourd,Local,31/07/2026,6000,6500,6250
Tamil Nadu,Sivaganga,Karaikudi(Uzhavar Sandhai ),Ashgourd,Gouard,Local,31/07/2026,2400,2800,2600
Tamil Nadu,Sivaganga,Karaikudi(Uzhavar Sandhai ),Green Chilli,Green Chilly,Local,31/07/2026,4000,4500,4250
Tamil Nadu,Sivaganga,Karaikudi(Uzhavar Sandhai ),Cabbage,Cabbage,Local,31/07/2026,3500,4000,3750
Tamil Nadu,Sivaganga,Tirupatthur(Uzhavar Sandhai ),Banana,Karpura,Local,31/07/2026,4000,4000,4000
Tamil Nadu,Sivaganga,Tirupatthur(Uzhavar Sandhai ),Papaya,Papaya,Local,31/07/2026,4500,5000,4750
Tamil Nadu,Sivaganga,Tirupatthur(Uzhavar Sandhai ),Cluster beans,Cluster Beans,Local,31/07/2026,3500,4000,3750
Tamil Nadu,Sivaganga,Tirupatthur(Uzhavar Sandhai ),Ashgourd,Gouard,Local,31/07/2026,2400,2800,2600
Tamil Nadu,Sivaganga,Tirupatthur(Uzhavar Sandhai ),Banana - Green,Banana - Green,Local,31/07/2026,2500,3000,2750
Tamil Nadu,Sivaganga,Tirupatthur(Uzhavar Sandhai ),Beans,Beans (Whole),Local,31/07/2026,8400,9500,8950
Tamil Nadu,Sivaganga,Tirupatthur(Uzhavar Sandhai ),Sweet Potato,Hosur Red,Local,31/07/2026,4000,4500,4250
Tamil Nadu,Sivaganga,Tirupatthur(Uzhavar Sandhai ),Carrot,Pusakesar,Local,31/07/2026,6400,9500,7950
Tamil Nadu,Sivaganga,Tirupatthur(Uzhavar Sandhai ),Beetroot,Beetroot,Local,31/07/2026,4400,6000,5200
Tamil Nadu,Sivaganga,Tirupatthur(Uzhavar Sandhai ),Yam(Ratalu),Yam (Ratalu),Local,31/07/2026,7400,8500,7950
Tamil Nadu,Sivaganga,Tirupatthur(Uzhavar Sandhai ),Lemon,Lemon,Local,31/07/2026,6400,7500,6950
Tamil Nadu,Thanjavur,Pattukottai(Uzhavar Sandhai ),Garlic,Garlic,Local,31/07/2026,16000,16000,16000
Tamil Nadu,Thanjavur,Pattukottai(Uzhavar Sandhai ),Bhindi(Ladies Finger),Bhindi,Local,31/07/2026,4400,4400,4400
Tamil Nadu,Thanjavur,Pattukottai(Uzhavar Sandhai ),Green Chilli,Green Chilly,Local,31/07/2026,5000,5000,5000
Tamil Nadu,Thanjavur,Pattukottai(Uzhavar Sandhai ),Beans,Beans (Whole),Local,31/07/2026,10600,10600,10600
Tamil Nadu,Thanjavur,Pattukottai(Uzhavar Sandhai ),Cabbage,Cabbage,Local,31/07/2026,4400,4400,4400
Tamil Nadu,Thanjavur,Pattukottai(Uzhavar Sandhai ),Snakeguard,Snakeguard,Local,31/07/2026,4400,4400,4400
Tamil Nadu,Thanjavur,Thanjavur(Uzhavar Sandhai ),Apple,American,Local,31/07/2026,28000,28000,28000
Tamil Nadu,Thanjavur,Thanjavur(Uzhavar Sandhai ),Mango,Safeda,Local,31/07/2026,5000,7000,6000
Tamil Nadu,Thanjavur,Thanjavur(Uzhavar Sandhai ),Grapes,Annabesahai,Local,31/07/2026,12000,12000,12000
Tamil Nadu,Thanjavur,Thanjavur(Uzhavar Sandhai ),Papaya,Papaya,Local,31/07/2026,5000,5000,5000
Tamil Nadu,Thanjavur,Thanjavur(Uzhavar Sandhai ),Pumpkin,Pumpkin,Local,31/07/2026,2400,2400,2400
Tamil Nadu,Thanjavur,Thanjavur(Uzhavar Sandhai ),Green Chilli,Green Chilly,Local,31/07/2026,4800,4800,4800
Tamil Nadu,Thanjavur,Thanjavur(Uzhavar Sandhai ),Snakeguard,Snakeguard,Local,31/07/2026,4000,5000,4500
Tamil Nadu,Thanjavur,Thanjavur(Uzhavar Sandhai ),Chow Chow,Chow Chow,Local,31/07/2026,4000,4000,4000
Tamil Nadu,Thanjavur,Thanjavur(Uzhavar Sandhai ),Guava,Guava Allahabad,Local,31/07/2026,8000,8000,8000
Tamil Nadu,Thanjavur,Thanjavur(Uzhavar Sandhai ),Pomegranate,Pomogranate,Local,31/07/2026,20000,20000,20000
Tamil Nadu,Thanjavur,Thanjavur(Uzhavar Sandhai ),Elephant Yam(Suran)/Amorphophallus,Elephant Yam (Suran),Local,31/07/2026,4600,4600,4600
Tamil Nadu,Thiruchirappalli,KKNagar(Uzhavar Sandhai ),Cauliflower,Ranchi,Local,31/07/2026,5000,5000,5000
Tamil Nadu,Thiruchirappalli,KKNagar(Uzhavar Sandhai ),Brinjal,Other,Local,31/07/2026,5000,6000,5500
Tamil Nadu,Thiruchirappalli,KKNagar(Uzhavar Sandhai ),Coriander(Leaves),I Sort,Local,31/07/2026,3500,3500,3500
Tamil Nadu,Thiruchirappalli,KKNagar(Uzhavar Sandhai ),Snakeguard,Snakeguard,Local,31/07/2026,4000,4000,4000
Tamil Nadu,Thiruchirappalli,KKNagar(Uzhavar Sandhai ),Cucumbar(Kheera),Cucumbar,Local,31/07/2026,4600,4600,4600
Tamil Nadu,Thiruchirappalli,KKNagar(Uzhavar Sandhai ),Yam(Ratalu),Yam (Ratalu),Local,31/07/2026,10000,10000,10000
Tamil Nadu,Thiruchirappalli,KKNagar(Uzhavar Sandhai ),Indian Beans(Seam),Indian Beans (Seam),Local,31/07/2026,7000,7000,7000
Tamil Nadu,Thiruchirappalli,KKNagar(Uzhavar Sandhai ),Colacasia,Colacasia,Local,31/07/2026,6000,6000,6000
Tamil Nadu,Thiruchirappalli,KKNagar(Uzhavar Sandhai ),Amla(Nelli Kai),Amla,Local,31/07/2026,7000,8000,7500
Tamil Nadu,Thiruchirappalli,Lalgudi(Uzhavar Sandhai ),Brinjal,Other,Local,31/07/2026,6000,6000,6000
Tamil Nadu,Thiruchirappalli,Lalgudi(Uzhavar Sandhai ),Tomato,Local,Local,31/07/2026,2000,2000,2000
Tamil Nadu,Thiruchirappalli,Lalgudi(Uzhavar Sandhai ),Banana - Green,Banana - Green,Local,31/07/2026,3000,3000,3000
Tamil Nadu,Thiruchirappalli,Lalgudi(Uzhavar Sandhai ),Coconut,Coconut,Local,31/07/2026,6000,6000,6000
Tamil Nadu,Thiruchirappalli,Lalgudi(Uzhavar Sandhai ),Sweet Potato,Hosur Red,Local,31/07/2026,5000,5000,5000
Tamil Nadu,Thiruchirappalli,Lalgudi(Uzhavar Sandhai ),Green Avare(W),Other,Local,31/07/2026,7000,7000,7000
Tamil Nadu,Thiruchirappalli,Lalgudi(Uzhavar Sandhai ),Mango(Raw-Ripe),Mango - Raw-Ripe,Local,31/07/2026,4000,4000,4000
Tamil Nadu,Thiruchirappalli,Lalgudi(Uzhavar Sandhai ),Amla(Nelli Kai),Amla,Local,31/07/2026,7000,7000,7000
Tamil Nadu,Thiruchirappalli,Manachanallur(Uzhavar Sandhai ),Banana,Karpura,Local,31/07/2026,4000,5000,4500
Tamil Nadu,Thiruchirappalli,Manachanallur(Uzhavar Sandhai ),Onion,Bellary,Local,31/07/2026,4000,4000,4000
Tamil Nadu,Thiruchirappalli,Manachanallur(Uzhavar Sandhai ),Cauliflower,Ranchi,Local,31/07/2026,4500,4500,4500
Tamil Nadu,Thiruchirappalli,Manachanallur(Uzhavar Sandhai ),Tomato,Other,Local,31/07/2026,2000,2000,2000
Tamil Nadu,Thiruchirappalli,Manachanallur(Uzhavar Sandhai ),Pumpkin,Pumpkin,Local,31/07/2026,2000,2000,2000
Tamil Nadu,Thiruchirappalli,Manachanallur(Uzhavar Sandhai ),Cowpea(Veg),Cowpea (Veg),Local,31/07/2026,3500,3500,3500
Tamil Nadu,Thiruchirappalli,Manachanallur(Uzhavar Sandhai ),Banana - Green,Banana - Green,Local,31/07/2026,2500,2500,2500
Tamil Nadu,Thiruchirappalli,Manachanallur(Uzhavar Sandhai ),Ridgeguard(Tori),Ridgeguard(Tori),Local,31/07/2026,5000,5000,5000
Tamil Nadu,Thiruchirappalli,Manachanallur(Uzhavar Sandhai ),Drumstick,Drumstick,Local,31/07/2026,3500,3500,3500
Tamil Nadu,Thiruchirappalli,Manachanallur(Uzhavar Sandhai ),Guava,Guava Allahabad,Local,31/07/2026,6000,7000,6500
Tamil Nadu,Thiruchirappalli,Manapparai(Uzhavar Sandhai ),Chikoos(Sapota),Sapota,Local,31/07/2026,4000,4000,4000
Tamil Nadu,Thiruchirappalli,Manapparai(Uzhavar Sandhai ),Cluster beans,Cluster Beans,Local,31/07/2026,3600,3600,3600
Tamil Nadu,Thiruchirappalli,Manapparai(Uzhavar Sandhai ),Bottle gourd,Bottle Gourd,Local,31/07/2026,3000,3000,3000
Tamil Nadu,Thiruchirappalli,Manapparai(Uzhavar Sandhai ),Ashgourd,Gouard,Local,31/07/2026,2400,2400,2400
Tamil Nadu,Thiruchirappalli,Manapparai(Uzhavar Sandhai ),Coconut,Coconut,Local,31/07/2026,6000,6000,6000
Tamil Nadu,Thiruchirappalli,Manapparai(Uzhavar Sandhai ),Chow Chow,Chow Chow,Local,31/07/2026,4000,4000,4000
Tamil Nadu,Thiruchirappalli,Manapparai(Uzhavar Sandhai ),Knool Khol,Knool Khol,Local,31/07/2026,4000,4000,4000
Tamil Nadu,Thiruchirappalli,Musiri(Uzhavar Sandhai ),Tomato,Local,Local,31/07/2026,2000,2000,2000
Tamil Nadu,Thiruchirappalli,Musiri(Uzhavar Sandhai ),Green Chilli,Green Chilly,Local,31/07/2026,4000,4500,4250
Tamil Nadu,Thiruchirappalli,Musiri(Uzhavar Sandhai ),Cowpea(Veg),Cowpea (Veg),Local,31/07/2026,3000,3600,3300
Tamil Nadu,Thiruchirappalli,Musiri(Uzhavar Sandhai ),Banana - Green,Banana - Green,Local,31/07/2026,2500,2500,2500
Tamil Nadu,Thiruchirappalli,Musiri(Uzhavar Sandhai ),Beans,Beans (Whole),Local,31/07/2026,8000,9000,8500
Tamil Nadu,Thiruchirappalli,Musiri(Uzhavar Sandhai ),Cabbage,Cabbage,Local,31/07/2026,4000,4500,4250
Tamil Nadu,Thiruchirappalli,Musiri(Uzhavar Sandhai ),Snakeguard,Snakeguard,Local,31/07/2026,4000,4600,4300
Tamil Nadu,Thiruchirappalli,Musiri(Uzhavar Sandhai ),Beetroot,Beetroot,Local,31/07/2026,5000,5500,5250
Tamil Nadu,Thiruchirappalli,Musiri(Uzhavar Sandhai ),Raddish,Raddish,Local,31/07/2026,2500,3000,2750
Tamil Nadu,Thiruchirappalli,Musiri(Uzhavar Sandhai ),Capsicum,Capsicum,Local,31/07/2026,5000,5500,5250
Tamil Nadu,Thiruchirappalli,Musiri(Uzhavar Sandhai ),Drumstick,Drumstick,Local,31/07/2026,3000,3600,3300
Tamil Nadu,Thiruchirappalli,Musiri(Uzhavar Sandhai ),Turnip,Turnip,Local,31/07/2026,3000,3600,3300
Tamil Nadu,Thiruchirappalli,Thiruverumbur(Uzhavar Sandhai ),Banana,Poovan,Local,31/07/2026,5000,5000,5000
Tamil Nadu,Thiruchirappalli,Thiruverumbur(Uzhavar Sandhai ),Cluster beans,Cluster Beans,Local,31/07/2026,3600,3600,3600
Tamil Nadu,Thiruchirappalli,Thiruverumbur(Uzhavar Sandhai ),Bitter gourd,Other,Local,31/07/2026,6600,6600,6600
Tamil Nadu,Thiruchirappalli,Thiruverumbur(Uzhavar Sandhai ),Ashgourd,Gouard,Local,31/07/2026,2400,2400,2400
Tamil Nadu,Thiruchirappalli,Thiruverumbur(Uzhavar Sandhai ),Green Chilli,Green Chilly,Local,31/07/2026,4800,4800,4800
Tamil Nadu,Thiruchirappalli,Thiruverumbur(Uzhavar Sandhai ),Carrot,Pusakesar,Local,31/07/2026,10000,10000,10000
Tamil Nadu,Thiruchirappalli,Thiruverumbur(Uzhavar Sandhai ),Chow Chow,Chow Chow,Local,31/07/2026,4000,4000,4000
Tamil Nadu,Virudhunagar,Rajapalayam(Uzhavar Sandhai ),Banana,Besrai,Local,31/07/2026,3500,4000,3750
Tamil Nadu,Virudhunagar,Rajapalayam(Uzhavar Sandhai ),Cauliflower,Ranchi,Local,31/07/2026,2500,3000,2750
Tamil Nadu,Virudhunagar,Rajapalayam(Uzhavar Sandhai ),Bottle gourd,Bottle Gourd,Local,31/07/2026,1500,2000,1750
Tamil Nadu,Virudhunagar,Rajapalayam(Uzhavar Sandhai ),Ridgeguard(Tori),Ridgeguard(Tori),Local,31/07/2026,4500,5000,4750
Tamil Nadu,Virudhunagar,Rajapalayam(Uzhavar Sandhai ),Chow Chow,Chow Chow,Local,31/07/2026,3500,3800,3650
Tamil Nadu,Virudhunagar,Rajapalayam(Uzhavar Sandhai ),Elephant Yam(Suran)/Amorphophallus,Elephant Yam (Suran),Local,31/07/2026,4500,5000,4750
Tamil Nadu,Virudhunagar,Rajapalayam(Uzhavar Sandhai ),Lemon,Lemon,Local,31/07/2026,7000,8000,7500
Tamil Nadu,Virudhunagar,Sivakasi(Uzhavar Sandhai ),Ashgourd,Gouard,Local,31/07/2026,2500,3000,2750
Tamil Nadu,Virudhunagar,Sivakasi(Uzhavar Sandhai ),Pumpkin,Pumpkin,Local,31/07/2026,2000,2500,2250
Tamil Nadu,Virudhunagar,Sivakasi(Uzhavar Sandhai ),Bhindi(Ladies Finger),Bhindi,Local,31/07/2026,2500,3000,2750
Tamil Nadu,Virudhunagar,Sivakasi(Uzhavar Sandhai ),Green Chilli,Green Chilly,Local,31/07/2026,5000,6000,5500
Tamil Nadu,Virudhunagar,Sivakasi(Uzhavar Sandhai ),Beans,Beans (Whole),Local,31/07/2026,8000,9000,8500
Tamil Nadu,Virudhunagar,Sivakasi(Uzhavar Sandhai ),Ginger(Green),Green Ginger,Local,31/07/2026,18000,20000,19000
Tamil Nadu,Virudhunagar,Sivakasi(Uzhavar Sandhai ),Beetroot,Beetroot,Local,31/07/2026,4000,5000,4500
Tamil Nadu,Virudhunagar,Sivakasi(Uzhavar Sandhai ),Green Avare(W),Green Avare (W),Local,31/07/2026,5000,6000,5500
Tamil Nadu,Virudhunagar,Sivakasi(Uzhavar Sandhai ),Drumstick,Drumstick,Local,31/07/2026,4000,5000,4500
Tamil Nadu,Virudhunagar,Sivakasi(Uzhavar Sandhai ),Guava,Guava Allahabad,Local,31/07/2026,4000,5000,4500
Tamil Nadu,Virudhunagar,Sivakasi(Uzhavar Sandhai ),Lemon,Lemon,Local,31/07/2026,7000,8000,7500
Tamil Nadu,Virudhunagar,Thalavaipuram(Uzhavar Sandhai ),Brinjal,Round,Local,31/07/2026,3200,4000,3600
Tamil Nadu,Virudhunagar,Thalavaipuram(Uzhavar Sandhai ),Coriander(Leaves),I Sort,Local,31/07/2026,5000,6000,5500
Tamil Nadu,Virudhunagar,Thalavaipuram(Uzhavar Sandhai ),Cluster beans,Cluster Beans,Local,31/07/2026,2500,3000,2750
Tamil Nadu,Virudhunagar,Thalavaipuram(Uzhavar Sandhai ),Bhindi(Ladies Finger),Bhindi,Local,31/07/2026,3200,4000,3600
Tamil Nadu,Virudhunagar,Thalavaipuram(Uzhavar Sandhai ),Snakeguard,Snakeguard,Local,31/07/2026,4000,5000,4500
Tamil Nadu,Virudhunagar,Thalavaipuram(Uzhavar Sandhai ),Elephant Yam(Suran)/Amorphophallus,Elephant Yam (Suran),Local,31/07/2026,4000,5000,4500
Tamil Nadu,Virudhunagar,Thalavaipuram(Uzhavar Sandhai ),Colacasia,Colacasia,Local,31/07/2026,5500,7000,6250
Tamil Nadu,Virudhunagar,Thalavaipuram(Uzhavar Sandhai ),Mint(Pudina),Mint(Pudina),Local,31/07/2026,5000,6000,5500
Tamil Nadu,Virudhunagar,Virudhunagar(Uzhavar Sandhai ),Onion,Bellary,Local,31/07/2026,3500,4000,3750
Tamil Nadu,Virudhunagar,Virudhunagar(Uzhavar Sandhai ),Chikoos(Sapota),Sapota,Local,31/07/2026,2500,3000,2750
Tamil Nadu,Virudhunagar,Virudhunagar(Uzhavar Sandhai ),Bitter gourd,Bitter Gourd,Local,31/07/2026,6500,7000,6750
Tamil Nadu,Virudhunagar,Virudhunagar(Uzhavar Sandhai ),Amaranthus,Amaranthus,Local,31/07/2026,2500,3000,2750
Tamil Nadu,Virudhunagar,Virudhunagar(Uzhavar Sandhai ),Beans,Beans (Whole),Local,31/07/2026,11000,12000,11500
Tamil Nadu,Virudhunagar,Virudhunagar(Uzhavar Sandhai ),Lemon,Lemon,Local,31/07/2026,7400,8000,7700
Tamil Nadu,Chengalpattu,Chengalpet(Uzhavar Sandhai ),Green Avare(W),Green Avare (W),Local,31/07/2026,7000,8000,7500
Tamil Nadu,Chengalpattu,Madhuranthagam(Uzhavar Sandhai ),Bhindi(Ladies Finger),Bhindi,Local,31/07/2026,6000,6000,6000
Tamil Nadu,Chengalpattu,Madhuranthagam(Uzhavar Sandhai ),Amaranthus,Amaranthus,Local,31/07/2026,4000,4000,4000
Tamil Nadu,Chengalpattu,Madhuranthagam(Uzhavar Sandhai ),Ginger(Green),Green Ginger,Local,31/07/2026,12000,12000,12000
Tamil Nadu,Chengalpattu,Madhuranthagam(Uzhavar Sandhai ),Coconut,Coconut,Local,31/07/2026,3000,4000,3500
Tamil Nadu,Chengalpattu,Madhuranthagam(Uzhavar Sandhai ),Snakeguard,Snakeguard,Local,31/07/2026,4000,4000,4000
Tamil Nadu,Chengalpattu,Medavakkam(Uzhavar Sandhai ),Banana - Green,Banana - Green,Local,31/07/2026,3200,3200,3200
Tamil Nadu,Chengalpattu,Pallavaram(Uzhavar Sandhai ),Green Chilli,Green Chilly,Local,31/07/2026,5000,6000,5500
Tamil Nadu,Chengalpattu,Pallavaram(Uzhavar Sandhai ),Tapioca,Tapioca,Local,31/07/2026,3500,4000,3750
Tamil Nadu,Chengalpattu,Pallavaram(Uzhavar Sandhai ),Sweet Potato,Hosur Red,Local,31/07/2026,5000,6000,5500
Tamil Nadu,Chengalpattu,Pallavaram(Uzhavar Sandhai ),Beetroot,Beetroot,Local,31/07/2026,4000,5000,4500
Tamil Nadu,Chengalpattu,Pallavaram(Uzhavar Sandhai ),Drumstick,Drumstick,Local,31/07/2026,6000,7000,6500
Tamil Nadu,Chengalpattu,Pallavaram(Uzhavar Sandhai ),Tender Coconut,Tender Coconut,Local,31/07/2026,2200,2500,2350
Tamil Nadu,Chengalpattu,Pallavaram(Uzhavar Sandhai ),Yam(Ratalu),Yam (Ratalu),Local,31/07/2026,5000,6000,5500
Tamil Nadu,Chengalpattu,Pallavaram(Uzhavar Sandhai ),Colacasia,Colacasia,Local,31/07/2026,4000,5000,4500
Tamil Nadu,Nagercoil (Kannyiakumari),Myladi(Uzhavar Sandhai ),Garlic,Garlic,Local,31/07/2026,14000,15000,14500
Tamil Nadu,Nagercoil (Kannyiakumari),Myladi(Uzhavar Sandhai ),Tomato,Deshi,Local,31/07/2026,2000,2500,2250
Tamil Nadu,Nagercoil (Kannyiakumari),Myladi(Uzhavar Sandhai ),Ashgourd,Gouard,Local,31/07/2026,2000,2500,2250
Tamil Nadu,Nagercoil (Kannyiakumari),Myladi(Uzhavar Sandhai ),Pumpkin,Pumpkin,Local,31/07/2026,1800,2000,1900
Tamil Nadu,Nagercoil (Kannyiakumari),Myladi(Uzhavar Sandhai ),Bhindi(Ladies Finger),Bhindi,Local,31/07/2026,4000,4500,4250
Tamil Nadu,Nagercoil (Kannyiakumari),Myladi(Uzhavar Sandhai ),Amaranthus,Amaranthus,Local,31/07/2026,1200,1500,1350
Tamil Nadu,Nagercoil (Kannyiakumari),Myladi(Uzhavar Sandhai ),Banana - Green,Banana - Green,Local,31/07/2026,5500,6000,5750
Tamil Nadu,Nagercoil (Kannyiakumari),Myladi(Uzhavar Sandhai ),Coconut,Coconut,Local,31/07/2026,4800,5000,4900
Tamil Nadu,Nagercoil (Kannyiakumari),Myladi(Uzhavar Sandhai ),Carrot,Pusakesar,Local,31/07/2026,9000,10000,9500
Tamil Nadu,Nagercoil (Kannyiakumari),Myladi(Uzhavar Sandhai ),Cucumbar(Kheera),Cucumbar,Local,31/07/2026,2500,3000,2750
Tamil Nadu,Nagercoil (Kannyiakumari),Myladi(Uzhavar Sandhai ),Onion Green,Onion Green,Local,31/07/2026,6500,7000,6750
Tamil Nadu,Chengalpattu,Jameenrayapettai(Uzhavar Sandhai ),Orange,Darjeeling,Local,31/07/2026,12000,13000,12500
Tamil Nadu,Chengalpattu,Jameenrayapettai(Uzhavar Sandhai ),Coriander(Leaves),I Sort,Local,31/07/2026,5000,6000,5500
Tamil Nadu,Chengalpattu,Jameenrayapettai(Uzhavar Sandhai ),Bitter gourd,Other,Local,31/07/2026,6500,7000,6750
Tamil Nadu,Chengalpattu,Jameenrayapettai(Uzhavar Sandhai ),Pumpkin,Pumpkin,Local,31/07/2026,2500,3000,2750
Tamil Nadu,Chengalpattu,Jameenrayapettai(Uzhavar Sandhai ),Green Chilli,Green Chilly,Local,31/07/2026,5000,6000,5500
Tamil Nadu,Chengalpattu,Jameenrayapettai(Uzhavar Sandhai ),Cowpea(Veg),Cowpea (Veg),Local,31/07/2026,6000,7000,6500
Tamil Nadu,Chengalpattu,Jameenrayapettai(Uzhavar Sandhai ),Beans,Beans (Whole),Local,31/07/2026,9000,10000,9500
Tamil Nadu,Chengalpattu,Jameenrayapettai(Uzhavar Sandhai ),Sweet Potato,Hosur Red,Local,31/07/2026,5000,6000,5500
Tamil Nadu,Chengalpattu,Jameenrayapettai(Uzhavar Sandhai ),Cabbage,Cabbage,Local,31/07/2026,3000,3500,3250
Tamil Nadu,Chengalpattu,Jameenrayapettai(Uzhavar Sandhai ),Mango(Raw-Ripe),Mango - Raw-Ripe,Local,31/07/2026,4000,5000,4500
Tamil Nadu,Chengalpattu,Jameenrayapettai(Uzhavar Sandhai ),Marigold(Calcutta),Marigold(Calcutta),Local,31/07/2026,17000,18000,17500
Tamil Nadu,Chengalpattu,Jameenrayapettai(Uzhavar Sandhai ),Onion Green,Onion Green,Local,31/07/2026,6000,7000,6500
Tamil Nadu,Chengalpattu,Jameenrayapettai(Uzhavar Sandhai ),Tube Rose(Loose),Tube Rose (Loose),Local,31/07/2026,15000,16000,15500
Tamil Nadu,Chengalpattu,Guduvancheri(Uzhavar Sandhai ),Apple,American,Local,31/07/2026,25000,27000,26000
Tamil Nadu,Chengalpattu,Guduvancheri(Uzhavar Sandhai ),Banana,Red Banana,Local,31/07/2026,8000,9000,8500
Tamil Nadu,Chengalpattu,Guduvancheri(Uzhavar Sandhai ),Garlic,Garlic,Local,31/07/2026,18000,22000,20000
Tamil Nadu,Chengalpattu,Guduvancheri(Uzhavar Sandhai ),Bottle gourd,Bottle Gourd,Local,31/07/2026,3500,4000,3750
Tamil Nadu,Chengalpattu,Guduvancheri(Uzhavar Sandhai ),Raddish,Raddish,Local,31/07/2026,4000,5000,4500
Tamil Nadu,Chengalpattu,Guduvancheri(Uzhavar Sandhai ),Thondekai,Thondekai,Local,31/07/2026,5000,6000,5500
Tamil Nadu,Chengalpattu,Guduvancheri(Uzhavar Sandhai ),Mango(Raw-Ripe),Mango - Raw-Ripe,Local,31/07/2026,4000,5000,4500
Tamil Nadu,Chengalpattu,Guduvancheri(Uzhavar Sandhai ),Colacasia,Colacasia,Local,31/07/2026,4000,5000,4500
Tamil Nadu,Chengalpattu,Guduvancheri(Uzhavar Sandhai ),Mint(Pudina),Mint(Pudina),Local,31/07/2026,4000,5000,4500
Tamil Nadu,Thirupathur,Vaniyampadi(Uzhavar Sandhai ),Mango,Safeda,Local,31/07/2026,3000,3000,3000
Tamil Nadu,Thirupathur,Vaniyampadi(Uzhavar Sandhai ),Brinjal,Round,Local,31/07/2026,4000,4000,4000
Tamil Nadu,Thirupathur,Vaniyampadi(Uzhavar Sandhai ),Tomato,Deshi,Local,31/07/2026,1500,1500,1500
Tamil Nadu,Thirupathur,Vaniyampadi(Uzhavar Sandhai ),Bottle gourd,Bottle Gourd,Local,31/07/2026,2000,2000,2000
Tamil Nadu,Thirupathur,Vaniyampadi(Uzhavar Sandhai ),Yam(Ratalu),Yam (Ratalu),Local,31/07/2026,7000,7000,7000
Tamil Nadu,Thirupathur,Vaniyampadi(Uzhavar Sandhai ),Indian Beans(Seam),Indian Beans (Seam),Local,31/07/2026,7000,7000,7000
Tamil Nadu,Thirupathur,Vaniyampadi(Uzhavar Sandhai ),Colacasia,Colacasia,Local,31/07/2026,5000,5000,5000
Tamil Nadu,Thirupathur,Vaniyampadi(Uzhavar Sandhai ),Sweet Corn ,Sweet Corn ,Local,31/07/2026,3000,3000,3000
Tamil Nadu,Thirupur,Dharapuram(Uzhavar Sandhai ),Banana,Besrai,Local,31/07/2026,3500,4000,3750
Tamil Nadu,Thirupur,Dharapuram(Uzhavar Sandhai ),Potato,Other,Local,31/07/2026,7500,8000,7750
Tamil Nadu,Thirupur,Dharapuram(Uzhavar Sandhai ),Papaya,Papaya,Local,31/07/2026,2500,3000,2750
Tamil Nadu,Thirupur,Dharapuram(Uzhavar Sandhai ),Pumpkin,Pumpkin,Local,31/07/2026,2000,2500,2250
Tamil Nadu,Thirupur,Dharapuram(Uzhavar Sandhai ),Green Chilli,Green Chilly,Local,31/07/2026,4500,5000,4750
Tamil Nadu,Thirupur,Dharapuram(Uzhavar Sandhai ),Coconut,Coconut,Local,31/07/2026,5500,6000,5750
Tamil Nadu,Thirupur,Dharapuram(Uzhavar Sandhai ),Cabbage,Cabbage,Local,31/07/2026,3500,4000,3750
Tamil Nadu,Thirupur,Dharapuram(Uzhavar Sandhai ),Ridgeguard(Tori),Ridgeguard(Tori),Local,31/07/2026,5500,6000,5750
Tamil Nadu,Thirupur,Dharapuram(Uzhavar Sandhai ),Raddish,Raddish,Local,31/07/2026,3000,3500,3250
Tamil Nadu,Thirupur,Dharapuram(Uzhavar Sandhai ),Chow Chow,Chow Chow,Local,31/07/2026,4500,5000,4750
Tamil Nadu,Thirupur,Dharapuram(Uzhavar Sandhai ),Mint(Pudina),Mint(Pudina),Local,31/07/2026,2500,3000,2750
Tamil Nadu,Thirupur,Palladam(Uzhavar Sandhai ),Papaya,Papaya,Local,31/07/2026,2000,2500,2250
Tamil Nadu,Thirupur,Palladam(Uzhavar Sandhai ),Bottle gourd,Bottle Gourd,Local,31/07/2026,1500,2000,1750
Tamil Nadu,Thirupur,Palladam(Uzhavar Sandhai ),Pumpkin,Pumpkin,Local,31/07/2026,1500,2000,1750
Tamil Nadu,Thirupur,Palladam(Uzhavar Sandhai ),Green Chilli,Green Chilly,Local,31/07/2026,4000,5000,4500
Tamil Nadu,Thirupur,Palladam(Uzhavar Sandhai ),Banana - Green,Banana - Green,Local,31/07/2026,2500,3000,2750
Tamil Nadu,Thirupur,Palladam(Uzhavar Sandhai ),Carrot,Pusakesar,Local,31/07/2026,9000,9500,9250
Tamil Nadu,Thirupur,Palladam(Uzhavar Sandhai ),Beetroot,Beetroot,Local,31/07/2026,3000,3500,3250
Tamil Nadu,Thirupur,Palladam(Uzhavar Sandhai ),Drumstick,Drumstick,Local,31/07/2026,4000,5000,4500
Tamil Nadu,Thirupur,Palladam(Uzhavar Sandhai ),Mango(Raw-Ripe),Mango - Raw-Ripe,Local,31/07/2026,2500,3000,2750
Tamil Nadu,Kallakuruchi,Kallakurichi(Uzhavar Sandhai ),Garlic,Garlic,Local,31/07/2026,31000,31000,31000
Tamil Nadu,Kallakuruchi,Kallakurichi(Uzhavar Sandhai ),Cauliflower,Ranchi,Local,31/07/2026,3000,3000,3000
Tamil Nadu,Kallakuruchi,Kallakurichi(Uzhavar Sandhai ),Brinjal,Other,Local,31/07/2026,7000,7000,7000
Tamil Nadu,Kallakuruchi,Kallakurichi(Uzhavar Sandhai ),Chikoos(Sapota),Sapota,Local,31/07/2026,5000,5000,5000
Tamil Nadu,Kallakuruchi,Kallakurichi(Uzhavar Sandhai ),Green Chilli,Green Chilly,Local,31/07/2026,6000,6000,6000
Tamil Nadu,Kallakuruchi,Kallakurichi(Uzhavar Sandhai ),Beans,Beans (Whole),Local,31/07/2026,10000,10000,10000
Tamil Nadu,Kallakuruchi,Kallakurichi(Uzhavar Sandhai ),Coconut,Coconut,Local,31/07/2026,6000,6000,6000
Tamil Nadu,Kallakuruchi,Kallakurichi(Uzhavar Sandhai ),Ridgeguard(Tori),Ridgeguard(Tori),Local,31/07/2026,6000,6000,6000
Tamil Nadu,Kallakuruchi,Kallakurichi(Uzhavar Sandhai ),Raddish,Raddish,Local,31/07/2026,5000,5000,5000
Tamil Nadu,Kallakuruchi,Kallakurichi(Uzhavar Sandhai ),Chow Chow,Chow Chow,Local,31/07/2026,5000,5000,5000
Tamil Nadu,Kallakuruchi,Kallakurichi(Uzhavar Sandhai ),Jasmine,Jasmine,Local,31/07/2026,55000,55000,55000
Tamil Nadu,Kallakuruchi,Kallakurichi(Uzhavar Sandhai ),Mashrooms,Mashrooms,Local,31/07/2026,22500,22500,22500
Tamil Nadu,Kallakuruchi,Kallakurichi(Uzhavar Sandhai ),Amla(Nelli Kai),Amla,Local,31/07/2026,8000,8000,8000
Tamil Nadu,Thirupathur,Natrampalli(Uzhavar Sandhai ),Brinjal,Round,Local,31/07/2026,4000,5000,4500
Tamil Nadu,Thirupathur,Natrampalli(Uzhavar Sandhai ),Tomato,Deshi,Local,31/07/2026,1500,2000,1750
Tamil Nadu,Thirupathur,Natrampalli(Uzhavar Sandhai ),Banana - Green,Banana - Green,Local,31/07/2026,2500,3000,2750
Tamil Nadu,Thirupathur,Natrampalli(Uzhavar Sandhai ),Green Avare(W),Green Avare (W),Local,31/07/2026,4000,5000,4500
Tamil Nadu,Thirupathur,Natrampalli(Uzhavar Sandhai ),Drumstick,Drumstick,Local,31/07/2026,5000,6000,5500
Tamil Nadu,Salem,Athur(Uzhavar Sandhai ),Banana,Red Banana,Local,31/07/2026,6500,7000,6750
Tamil Nadu,Salem,Athur(Uzhavar Sandhai ),Brinjal,Other,Local,31/07/2026,4000,4500,4250
Tamil Nadu,Salem,Athur(Uzhavar Sandhai ),Coriander(Leaves),I Sort,Local,31/07/2026,3500,4000,3750
Tamil Nadu,Salem,Athur(Uzhavar Sandhai ),Pumpkin,Pumpkin,Local,31/07/2026,2000,2500,2250
Tamil Nadu,Salem,Athur(Uzhavar Sandhai ),Cabbage,Cabbage,Local,31/07/2026,3500,4000,3750
Tamil Nadu,Salem,Athur(Uzhavar Sandhai ),Snakeguard,Snakeguard,Local,31/07/2026,2000,2500,2250
Tamil Nadu,Salem,Athur(Uzhavar Sandhai ),Lemon,Lemon,Local,31/07/2026,3500,4000,3750
Tamil Nadu,Salem,Athur(Uzhavar Sandhai ),Custard Apple(Sharifa),Custard Apple(Sharifa),Local,31/07/2026,3500,4000,3750
Tamil Nadu,Salem,Athur(Uzhavar Sandhai ),Onion Green,Onion Green,Local,31/07/2026,4500,5000,4750
Tamil Nadu,Theni,Periyakulam(Uzhavar Sandhai ),Tomato,Other,Local,31/07/2026,1800,2000,1900
Tamil Nadu,Theni,Periyakulam(Uzhavar Sandhai ),Bhindi(Ladies Finger),Bhindi,Local,31/07/2026,3600,3800,3700
Tamil Nadu,Theni,Periyakulam(Uzhavar Sandhai ),Snakeguard,Snakeguard,Local,31/07/2026,2500,3000,2750
Tamil Nadu,Theni,Periyakulam(Uzhavar Sandhai ),Raddish,Raddish,Local,31/07/2026,2400,2600,2500
Tamil Nadu,Theni,Periyakulam(Uzhavar Sandhai ),Thondekai,Thondekai,Local,31/07/2026,4600,4800,4700
Tamil Nadu,Theni,Periyakulam(Uzhavar Sandhai ),Green Avare(W),Other,Local,31/07/2026,6400,6800,6600
Tamil Nadu,Theni,Periyakulam(Uzhavar Sandhai ),Mango(Raw-Ripe),Mango - Raw-Ripe,Local,31/07/2026,3800,4000,3900
Tamil Nadu,Theni,Periyakulam(Uzhavar Sandhai ),Indian Beans(Seam),Indian Beans (Seam),Local,31/07/2026,5400,5800,5600
Tamil Nadu,Theni,Periyakulam(Uzhavar Sandhai ),Lemon,Lemon,Local,31/07/2026,5000,5500,5250
Tamil Nadu,Theni,Periyakulam(Uzhavar Sandhai ),Onion Green,Onion Green,Local,31/07/2026,5500,6000,5750
Tamil Nadu,Virudhunagar,Srivilliputhur(Uzhavar Sandhai ),Banana,Besrai,Local,31/07/2026,3500,4000,3750
Tamil Nadu,Virudhunagar,Srivilliputhur(Uzhavar Sandhai ),Pumpkin,Pumpkin,Local,31/07/2026,2500,3000,2750
Tamil Nadu,Virudhunagar,Srivilliputhur(Uzhavar Sandhai ),Amaranthus,Amaranthus,Local,31/07/2026,2500,3000,2750
Tamil Nadu,Virudhunagar,Srivilliputhur(Uzhavar Sandhai ),Banana - Green,Banana - Green,Local,31/07/2026,2500,3000,2750
Tamil Nadu,Virudhunagar,Srivilliputhur(Uzhavar Sandhai ),Ginger(Green),Green Ginger,Local,31/07/2026,17500,20000,18750
Tamil Nadu,Virudhunagar,Srivilliputhur(Uzhavar Sandhai ),Snakeguard,Snakeguard,Local,31/07/2026,4000,5000,4500
Tamil Nadu,Virudhunagar,Srivilliputhur(Uzhavar Sandhai ),Green Avare(W),Green Avare (W),Local,31/07/2026,5500,7000,6250
Tamil Nadu,Virudhunagar,Srivilliputhur(Uzhavar Sandhai ),Drumstick,Drumstick,Local,31/07/2026,4000,5000,4500
Tamil Nadu,Virudhunagar,Srivilliputhur(Uzhavar Sandhai ),Tender Coconut,Tender Coconut,Local,31/07/2026,2000,2500,2250
Tamil Nadu,Coimbatore,Vadavalli(Uzhavar Sandhai ),Cauliflower,Ranchi,Local,31/07/2026,4000,4400,4200
Tamil Nadu,Coimbatore,Vadavalli(Uzhavar Sandhai ),Green Peas,Green Peas,Local,31/07/2026,20000,22000,21000
Tamil Nadu,Coimbatore,Vadavalli(Uzhavar Sandhai ),Beans,Beans (Whole),Local,31/07/2026,10000,11000,10500
Tamil Nadu,Coimbatore,Vadavalli(Uzhavar Sandhai ),Snakeguard,Snakeguard,Local,31/07/2026,3200,3600,3400
Tamil Nadu,Coimbatore,Vadavalli(Uzhavar Sandhai ),Guava,Guava Allahabad,Local,31/07/2026,5500,6000,5750
Tamil Nadu,Coimbatore,Vadavalli(Uzhavar Sandhai ),Pomegranate,Pomogranate,Local,31/07/2026,21000,23500,22250
Tamil Nadu,Coimbatore,Vadavalli(Uzhavar Sandhai ),Onion Green,Onion Green,Local,31/07/2026,5500,5800,5650
Tamil Nadu,Coimbatore,Vadavalli(Uzhavar Sandhai ),Mint(Pudina),Mint(Pudina),Local,31/07/2026,6000,7000,6500
Tamil Nadu,Dindigul,Vedasanthur(Uzhavar Sandhai ),Onion,Bellary,Local,31/07/2026,3000,4000,3500
Tamil Nadu,Dindigul,Vedasanthur(Uzhavar Sandhai ),Onion Green,Onion Green,Local,31/07/2026,4000,5000,4500
Tamil Nadu,Ramanathapuram,Paramakudi APMC,Paddy(Common),Other,Local,31/07/2026,2270,2340,2305
Tamil Nadu,Coimbatore,Udumalpet APMC,Pumpkin,Pumpkin,Local,31/07/2026,1500,2200,1850
Tamil Nadu,Coimbatore,Udumalpet APMC,Amaranthus,Amaranthus,Local,31/07/2026,2500,3000,2750
Tamil Nadu,Coimbatore,Udumalpet APMC,Ginger(Green),Green Ginger,Local,31/07/2026,15000,21000,18000
Tamil Nadu,Coimbatore,Udumalpet APMC,Carrot,Pusakesar,Local,31/07/2026,10500,11500,11000
Tamil Nadu,Coimbatore,Udumalpet APMC,Cucumbar(Kheera),Cucumbar,Local,31/07/2026,4000,4500,4250
Tamil Nadu,Coimbatore,Udumalpet APMC,Elephant Yam(Suran)/Amorphophallus,Elephant Yam (Suran),Local,31/07/2026,5000,6000,5500
Tamil Nadu,Coimbatore,Udumalpet APMC,Yam(Ratalu),Yam (Ratalu),Local,31/07/2026,10000,11000,10500
Tamil Nadu,Coimbatore,Udumalpet APMC,Indian Beans(Seam),Indian Beans (Seam),Local,31/07/2026,6000,7000,6500
Tamil Nadu,Coimbatore,Udumalpet APMC,Mint(Pudina),Mint(Pudina),Local,31/07/2026,5000,6000,5500
Tamil Nadu,Coimbatore,Udumalpet APMC,Sweet Corn ,Sweet Corn ,Local,31/07/2026,3000,4000,3500
Tamil Nadu,Erode,Gobichettipalayam(Uzhavar Sandhai ),Cluster beans,Cluster Beans,Local,31/07/2026,3200,3500,3350
Tamil Nadu,Erode,Gobichettipalayam(Uzhavar Sandhai ),Bottle gourd,Bottle Gourd,Local,31/07/2026,1800,2000,1900
Tamil Nadu,Erode,Gobichettipalayam(Uzhavar Sandhai ),Ashgourd,Gouard,Local,31/07/2026,2500,3000,2750
Tamil Nadu,Erode,Gobichettipalayam(Uzhavar Sandhai ),Green Chilli,Green Chilly,Local,31/07/2026,3800,4000,3900
Tamil Nadu,Erode,Gobichettipalayam(Uzhavar Sandhai ),Beans,Beans (Whole),Local,31/07/2026,8400,8600,8500
Tamil Nadu,Erode,Gobichettipalayam(Uzhavar Sandhai ),Drumstick,Drumstick,Local,31/07/2026,5400,5600,5500
Tamil Nadu,Erode,Gobichettipalayam(Uzhavar Sandhai ),Mint(Pudina),Mint(Pudina),Local,31/07/2026,3400,3600,3500
Tamil Nadu,Erode,Gobichettipalayam(Uzhavar Sandhai ),Sweet Corn ,Sweet Corn ,Local,31/07/2026,5000,5200,5100
Tamil Nadu,Erode,Sampath Nagar(Uzhavar Sandhai ),Mango,Safeda,Local,31/07/2026,3500,6000,4750
Tamil Nadu,Erode,Sampath Nagar(Uzhavar Sandhai ),Water Melon,Water Melon,Local,31/07/2026,1200,1500,1350
Tamil Nadu,Erode,Sampath Nagar(Uzhavar Sandhai ),Bottle gourd,Bottle Gourd,Local,31/07/2026,1800,2000,1900
Tamil Nadu,Erode,Sampath Nagar(Uzhavar Sandhai ),Ashgourd,Gouard,Local,31/07/2026,2000,2500,2250
Tamil Nadu,Erode,Sampath Nagar(Uzhavar Sandhai ),Amaranthus,Amaranthus,Local,31/07/2026,3000,3500,3250
Tamil Nadu,Erode,Sampath Nagar(Uzhavar Sandhai ),Carrot,Pusakesar,Local,31/07/2026,9000,9400,9200
Tamil Nadu,Erode,Sampath Nagar(Uzhavar Sandhai ),Beetroot,Beetroot,Local,31/07/2026,8200,8600,8400
Tamil Nadu,Erode,Sampath Nagar(Uzhavar Sandhai ),Drumstick,Drumstick,Local,31/07/2026,4200,4600,4400
Tamil Nadu,Erode,Sampath Nagar(Uzhavar Sandhai ),Pomegranate,Pomogranate,Local,31/07/2026,19000,20000,19500
Tamil Nadu,Erode,Sampath Nagar(Uzhavar Sandhai ),Lemon,Lemon,Local,31/07/2026,11000,12000,11500
Tamil Nadu,Vellore,Pallikonda(Uzhavar Sandhai),Potato,Red Nanital,Local,31/07/2026,3000,3500,3250
Tamil Nadu,Vellore,Pallikonda(Uzhavar Sandhai),Brinjal,Round,Local,31/07/2026,5500,6000,5750
Tamil Nadu,Vellore,Pallikonda(Uzhavar Sandhai),Green Chilli,Green Chilly,Local,31/07/2026,4000,4500,4250
Tamil Nadu,Vellore,Pallikonda(Uzhavar Sandhai),Raddish,Raddish,Local,31/07/2026,3000,3000,3000
Tamil Nadu,Vellore,Pallikonda(Uzhavar Sandhai),Mint(Pudina),Mint(Pudina),Local,31/07/2026,4000,4500,4250
Tamil Nadu,Pudukkottai,Ponnamaravathi(Uzhavar Sandhai),Bhindi(Ladies Finger),Bhindi,Local,31/07/2026,3500,4000,3750
Tamil Nadu,Pudukkottai,Ponnamaravathi(Uzhavar Sandhai),Green Chilli,Green Chilly,Local,31/07/2026,5500,6000,5750
Tamil Nadu,Pudukkottai,Ponnamaravathi(Uzhavar Sandhai),Banana - Green,Banana - Green,Local,31/07/2026,2500,3000,2750
Tamil Nadu,Pudukkottai,Ponnamaravathi(Uzhavar Sandhai),Snakeguard,Snakeguard,Local,31/07/2026,3000,3500,3250
Tamil Nadu,Pudukkottai,Ponnamaravathi(Uzhavar Sandhai),Ridgeguard(Tori),Ridgeguard(Tori),Local,31/07/2026,6500,7000,6750
Tamil Nadu,Pudukkottai,Ponnamaravathi(Uzhavar Sandhai),Drumstick,Drumstick,Local,31/07/2026,6500,7000,6750
Tamil Nadu,Pudukkottai,Ponnamaravathi(Uzhavar Sandhai),Mint(Pudina),Mint(Pudina),Local,31/07/2026,4500,5000,4750
Tamil Nadu,Nagapattinam,Mayiladuthurai(Uzhavar Sandhai ),Cauliflower,Ranchi,Local,31/07/2026,5000,5000,5000
Tamil Nadu,Nagapattinam,Mayiladuthurai(Uzhavar Sandhai ),Brinjal,Round,Local,31/07/2026,4500,5000,4750
Tamil Nadu,Nagapattinam,Mayiladuthurai(Uzhavar Sandhai ),Tomato,Deshi,Local,31/07/2026,2000,2500,2250
Tamil Nadu,Nagapattinam,Mayiladuthurai(Uzhavar Sandhai ),Cluster beans,Cluster Beans,Local,31/07/2026,4500,5000,4750
Tamil Nadu,Nagapattinam,Mayiladuthurai(Uzhavar Sandhai ),Coconut,Coconut,Local,31/07/2026,3000,4000,3500
Tamil Nadu,Nagapattinam,Mayiladuthurai(Uzhavar Sandhai ),Ridgeguard(Tori),Ridgeguard(Tori),Local,31/07/2026,6000,7000,6500
Tamil Nadu,Nagapattinam,Mayiladuthurai(Uzhavar Sandhai ),Lime,Lime,Local,31/07/2026,3500,4000,3750
Tamil Nadu,Pudukkottai,Viralimalai(Uzhavar Sandhai ),Onion,Bellary,Local,31/07/2026,4500,5000,4750
Tamil Nadu,Pudukkottai,Viralimalai(Uzhavar Sandhai ),Coriander(Leaves),I Sort,Local,31/07/2026,5500,6000,5750
Tamil Nadu,Pudukkottai,Viralimalai(Uzhavar Sandhai ),Pumpkin,Pumpkin,Local,31/07/2026,1000,1500,1250
Tamil Nadu,Pudukkottai,Viralimalai(Uzhavar Sandhai ),Ridgeguard(Tori),Ridgeguard(Tori),Local,31/07/2026,6500,7000,6750
Tamil Nadu,Pudukkottai,Viralimalai(Uzhavar Sandhai ),Drumstick,Drumstick,Local,31/07/2026,6500,7000,6750
Tamil Nadu,Pudukkottai,Viralimalai(Uzhavar Sandhai ),Mango(Raw-Ripe),Mango - Raw-Ripe,Local,31/07/2026,3500,4000,3750
Tamil Nadu,Pudukkottai,Viralimalai(Uzhavar Sandhai ),Guava,Guava Allahabad,Local,31/07/2026,7000,8000,7500
Tamil Nadu,Ramanathapuram,Kamuthi(Uzhavar Sandhai ),Brinjal,Round,Local,31/07/2026,6000,6500,6250
Tamil Nadu,Ramanathapuram,Kamuthi(Uzhavar Sandhai ),Green Chilli,Green Chilly,Local,31/07/2026,6000,6500,6250
Tamil Nadu,Ramanathapuram,Paramakudi(Uzhavar Sandhai ),Soyabean,Local,Local,31/07/2026,9000,10000,9500
Tamil Nadu,Ramanathapuram,Paramakudi(Uzhavar Sandhai ),Potato,Red Nanital,Local,31/07/2026,4500,5000,4750
Tamil Nadu,Ramanathapuram,Paramakudi(Uzhavar Sandhai ),Coriander(Leaves),I Sort,Local,31/07/2026,6800,7000,6900
Tamil Nadu,Ramanathapuram,Paramakudi(Uzhavar Sandhai ),Cluster beans,Cluster Beans,Local,31/07/2026,3800,4000,3900
Tamil Nadu,Ramanathapuram,Paramakudi(Uzhavar Sandhai ),Cabbage,Cabbage,Local,31/07/2026,4000,4500,4250
Tamil Nadu,Ramanathapuram,Paramakudi(Uzhavar Sandhai ),Chow Chow,Chow Chow,Local,31/07/2026,4000,4500,4250
Tamil Nadu,Ramanathapuram,Paramakudi(Uzhavar Sandhai ),Lime,Lime,Local,31/07/2026,10000,11000,10500
Tamil Nadu,Ramanathapuram,Paramakudi(Uzhavar Sandhai ),Jasmine,Jasmine,Local,31/07/2026,50000,55000,52500
Tamil Nadu,Ramanathapuram,Paramakudi(Uzhavar Sandhai ),Yam(Ratalu),Yam (Ratalu),Local,31/07/2026,6800,7000,6900
Tamil Nadu,Ramanathapuram,Paramakudi(Uzhavar Sandhai ),Mint(Pudina),Mint(Pudina),Local,31/07/2026,7000,7500,7250
Tamil Nadu,Ramanathapuram,Ramanathapuram(Uzhavar Sandhai ),Potato,Red Nanital,Local,31/07/2026,4000,4500,4250
Tamil Nadu,Ramanathapuram,Ramanathapuram(Uzhavar Sandhai ),Green Chilli,Green Chilly,Local,31/07/2026,6500,7000,6750
Tamil Nadu,Ramanathapuram,Ramanathapuram(Uzhavar Sandhai ),Lime,Lime,Local,31/07/2026,11000,12000,11500
Tamil Nadu,Ramanathapuram,Ramanathapuram(Uzhavar Sandhai ),Tender Coconut,Tender Coconut,Local,31/07/2026,5500,6000,5750
Tamil Nadu,Ramanathapuram,Ramanathapuram(Uzhavar Sandhai ),Elephant Yam(Suran)/Amorphophallus,Elephant Yam (Suran),Local,31/07/2026,6500,7000,6750
Tamil Nadu,Ramanathapuram,Ramanathapuram(Uzhavar Sandhai ),Yam(Ratalu),Yam (Ratalu),Local,31/07/2026,6000,6500,6250
Tamil Nadu,Ramanathapuram,Ramanathapuram(Uzhavar Sandhai ),Onion Green,Onion Green,Local,31/07/2026,5500,6000,5750
Tamil Nadu,Pudukkottai,Alangudi(Uzhavar Sandhai ),Bottle gourd,Bottle Gourd,Local,31/07/2026,2000,2500,2250
Tamil Nadu,Pudukkottai,Alangudi(Uzhavar Sandhai ),Coconut,Coconut,Local,31/07/2026,3500,4000,3750
Tamil Nadu,Pudukkottai,Alangudi(Uzhavar Sandhai ),Raddish,Raddish,Local,31/07/2026,3500,4000,3750
Tamil Nadu,Thiruvannamalai,Arani(Uzhavar Sandhai ),Yam(Ratalu),Yam (Ratalu),Local,31/07/2026,5000,6000,5500
Tamil Nadu,Thiruvannamalai,Arani(Uzhavar Sandhai ),Tomato,Deshi,Local,31/07/2026,1500,2000,1750
Tamil Nadu,Thiruvannamalai,Arani(Uzhavar Sandhai ),Bottle gourd,Bottle Gourd,Local,31/07/2026,2000,2400,2200
Tamil Nadu,Thiruvannamalai,Arani(Uzhavar Sandhai ),Snakeguard,Snakeguard,Local,31/07/2026,2500,3000,2750
Tamil Nadu,Thiruvannamalai,Arani(Uzhavar Sandhai ),Raddish,Raddish,Local,31/07/2026,2500,3000,2750
Tamil Nadu,Thiruvannamalai,Arani(Uzhavar Sandhai ),Guava,Guava Allahabad,Local,31/07/2026,5000,6000,5500
Tamil Nadu,Thiruvannamalai,Polur(Uzhavar Sandhai ),Banana,Besrai,Local,31/07/2026,4200,5000,4600
Tamil Nadu,Thiruvannamalai,Polur(Uzhavar Sandhai ),Cauliflower,Ranchi,Local,31/07/2026,3300,4000,3650
Tamil Nadu,Thiruvannamalai,Polur(Uzhavar Sandhai ),Cluster beans,Cluster Beans,Local,31/07/2026,4000,4800,4400
Tamil Nadu,Thiruvannamalai,Polur(Uzhavar Sandhai ),Amaranthus,Amaranthus,Local,31/07/2026,1600,2000,1800
Tamil Nadu,Thiruvannamalai,Polur(Uzhavar Sandhai ),Green Chilli,Green Chilly,Local,31/07/2026,5000,6000,5500
Tamil Nadu,Thiruvannamalai,Polur(Uzhavar Sandhai ),Beans,Beans (Whole),Local,31/07/2026,7000,8400,7700
Tamil Nadu,Thiruvannamalai,Polur(Uzhavar Sandhai ),Ridgeguard(Tori),Ridgeguard(Tori),Local,31/07/2026,3300,4000,3650
Tamil Nadu,Thiruvannamalai,Polur(Uzhavar Sandhai ),Drumstick,Drumstick,Local,31/07/2026,4200,5000,4600
Tamil Nadu,Thiruvannamalai,Polur(Uzhavar Sandhai ),Tender Coconut,Tender Coconut,Local,31/07/2026,1500,2000,1750
Tamil Nadu,Thiruvannamalai,Polur(Uzhavar Sandhai ),Yam(Ratalu),Yam (Ratalu),Local,31/07/2026,5000,6000,5500
Tamil Nadu,Thiruvannamalai,Tiruvannamalai(Uzhavar Sandhai ),Apple,American,Local,31/07/2026,22000,24000,23000
Tamil Nadu,Thiruvannamalai,Tiruvannamalai(Uzhavar Sandhai ),Mango,Safeda,Local,31/07/2026,5000,6000,5500
Tamil Nadu,Thiruvannamalai,Tiruvannamalai(Uzhavar Sandhai ),Grapes,Annabesahai,Local,31/07/2026,8000,10000,9000
Tamil Nadu,Thiruvannamalai,Tiruvannamalai(Uzhavar Sandhai ),Onion,Bellary,Local,31/07/2026,3500,4000,3750
Tamil Nadu,Thiruvannamalai,Tiruvannamalai(Uzhavar Sandhai ),Bitter gourd,Bitter Gourd,Local,31/07/2026,5000,6000,5500
Tamil Nadu,Thiruvannamalai,Tiruvannamalai(Uzhavar Sandhai ),Ashgourd,Gouard,Local,31/07/2026,2500,3000,2750
Tamil Nadu,Thiruvannamalai,Tiruvannamalai(Uzhavar Sandhai ),Beans,Beans (Whole),Local,31/07/2026,10000,11200,10600
Tamil Nadu,Thiruvannamalai,Tiruvannamalai(Uzhavar Sandhai ),Mango(Raw-Ripe),Mango - Raw-Ripe,Local,31/07/2026,3000,3500,3250
Tamil Nadu,Thiruvannamalai,Tiruvannamalai(Uzhavar Sandhai ),Karbuja(Musk Melon),Karbhuja,Local,31/07/2026,2500,3000,2750
Tamil Nadu,Thiruvannamalai,Tiruvannamalai(Uzhavar Sandhai ),Mashrooms,Mashrooms,Local,31/07/2026,20000,25000,22500
Tamil Nadu,Thiruvannamalai,Tiruvannamalai(Uzhavar Sandhai ),Amla(Nelli Kai),Amla,Local,31/07/2026,8000,10000,9000
Tamil Nadu,Thiruvarur,Mannargudi I(Uzhavar Sandhai ),Cauliflower,Ranchi,Local,31/07/2026,5000,5000,5000
Tamil Nadu,Thiruvarur,Mannargudi I(Uzhavar Sandhai ),Chikoos(Sapota),Sapota,Local,31/07/2026,6000,6000,6000
Tamil Nadu,Thiruvarur,Mannargudi I(Uzhavar Sandhai ),Ashgourd,Gouard,Local,31/07/2026,3000,3000,3000
Tamil Nadu,Thiruvarur,Mannargudi I(Uzhavar Sandhai ),Pumpkin,Pumpkin,Local,31/07/2026,2600,2600,2600
Tamil Nadu,Thiruvarur,Mannargudi I(Uzhavar Sandhai ),Guava,Guava Allahabad,Local,31/07/2026,5000,5000,5000
Tamil Nadu,Thiruvarur,Mannargudi II(Uzhavar Sandhai ),Cauliflower,Ranchi,Local,31/07/2026,5000,5000,5000
Tamil Nadu,Thiruvarur,Mannargudi II(Uzhavar Sandhai ),Brinjal,Round,Local,31/07/2026,4000,4400,4200
Tamil Nadu,Thiruvarur,Mannargudi II(Uzhavar Sandhai ),Beans,Beans (Whole),Local,31/07/2026,8400,8400,8400
Tamil Nadu,Thiruvarur,Mannargudi II(Uzhavar Sandhai ),Tapioca,Tapioca,Local,31/07/2026,4000,4000,4000
Tamil Nadu,Thiruvarur,Mannargudi II(Uzhavar Sandhai ),Coconut,Coconut,Local,31/07/2026,4000,4000,4000
Tamil Nadu,Thiruvarur,Mannargudi II(Uzhavar Sandhai ),Mango(Raw-Ripe),Mango - Raw-Ripe,Local,31/07/2026,3800,3800,3800
Tamil Nadu,Thiruvarur,Mannargudi II(Uzhavar Sandhai ),Elephant Yam(Suran)/Amorphophallus,Elephant Yam (Suran),Local,31/07/2026,6000,6000,6000
Tamil Nadu,Thiruvarur,Tiruthuraipoondi(Uzhavar Sandhai ),Brinjal,Round,Local,31/07/2026,4000,4000,4000
Tamil Nadu,Thiruvarur,Tiruthuraipoondi(Uzhavar Sandhai ),Bottle gourd,Bottle Gourd,Local,31/07/2026,3000,3000,3000
Tamil Nadu,Thiruvarur,Tiruthuraipoondi(Uzhavar Sandhai ),Sweet Potato,Hosur Red,Local,31/07/2026,5000,5000,5000
Tamil Nadu,Thiruvarur,Tiruthuraipoondi(Uzhavar Sandhai ),Mango(Raw-Ripe),Mango - Raw-Ripe,Local,31/07/2026,2000,2000,2000
Tamil Nadu,Thiruvarur,Tiruthuraipoondi(Uzhavar Sandhai ),Lemon,Lemon,Local,31/07/2026,5000,5000,5000
Tamil Nadu,Thiruvellore,Ambattur(Uzhavar Sandhai ),Onion,Bellary,Local,31/07/2026,3000,3000,3000
Tamil Nadu,Thiruvellore,Ambattur(Uzhavar Sandhai ),Bottle gourd,Bottle Gourd,Local,31/07/2026,3000,3000,3000
Tamil Nadu,Thiruvellore,Naravarikuppam(Uzhavar Sandhai ),Bhindi(Ladies Finger),Bhindi,Local,31/07/2026,5000,5000,5000
Tamil Nadu,Thiruvellore,Naravarikuppam(Uzhavar Sandhai ),Thondekai,Thondekai,Local,31/07/2026,5000,5000,5000
Tamil Nadu,Thiruvellore,Paruthipattu(Uzhavar Sandhai ),Onion,Bellary,Local,31/07/2026,3500,3500,3500
Tamil Nadu,Thiruvellore,Paruthipattu(Uzhavar Sandhai ),Coriander(Leaves),I Sort,Local,31/07/2026,6000,6000,6000
Tamil Nadu,Thiruvellore,Paruthipattu(Uzhavar Sandhai ),Bhindi(Ladies Finger),Bhindi,Local,31/07/2026,5000,5000,5000
Tamil Nadu,Thiruvellore,Paruthipattu(Uzhavar Sandhai ),Green Chilli,Green Chilly,Local,31/07/2026,5000,5000,5000
Tamil Nadu,Thiruvellore,Paruthipattu(Uzhavar Sandhai ),Banana - Green,Banana - Green,Local,31/07/2026,4000,4000,4000
Tamil Nadu,Thiruvellore,Paruthipattu(Uzhavar Sandhai ),Cucumbar(Kheera),Cucumbar,Local,31/07/2026,4000,4000,4000
Tamil Nadu,Thiruvellore,Perambakkam(Uzhavar Sandhai ),Cluster beans,Cluster Beans,Local,31/07/2026,4500,4500,4500
Tamil Nadu,Thiruvellore,Perambakkam(Uzhavar Sandhai ),Bhindi(Ladies Finger),Bhindi,Local,31/07/2026,4500,4500,4500
Tamil Nadu,Thiruvellore,Perambakkam(Uzhavar Sandhai ),Marigold(Calcutta),Marigold(Calcutta),Local,31/07/2026,35000,35000,35000
Tamil Nadu,Thiruvellore,Perambakkam(Uzhavar Sandhai ),Rose(Local),Rose (Local),Local,31/07/2026,18000,18000,18000
Tamil Nadu,Tuticorin,Kovilpatti(Uzhavar Sandhai ),Onion,Bellary,Local,31/07/2026,4000,4500,4250
Tamil Nadu,Tuticorin,Kovilpatti(Uzhavar Sandhai ),Potato,Other,Local,31/07/2026,3000,3500,3250
Tamil Nadu,Tuticorin,Kovilpatti(Uzhavar Sandhai ),Cauliflower,Ranchi,Local,31/07/2026,4000,4500,4250
Tamil Nadu,Tuticorin,Kovilpatti(Uzhavar Sandhai ),Bhindi(Ladies Finger),Bhindi,Local,31/07/2026,3500,4000,3750
Tamil Nadu,Tuticorin,Kovilpatti(Uzhavar Sandhai ),Banana - Green,Banana - Green,Local,31/07/2026,2500,3000,2750
Tamil Nadu,Tuticorin,Kovilpatti(Uzhavar Sandhai ),Green Avare(W),Other,Local,31/07/2026,5500,6000,5750
Tamil Nadu,Tuticorin,Kovilpatti(Uzhavar Sandhai ),Mango(Raw-Ripe),Mango - Raw-Ripe,Local,31/07/2026,4000,4500,4250
Tamil Nadu,Vellore,Gudiyatham(Uzhavar Sandhai ),Mango,Neelam,Local,31/07/2026,3500,4000,3750
Tamil Nadu,Vellore,Gudiyatham(Uzhavar Sandhai ),Bitter gourd,Bitter Gourd,Local,31/07/2026,5600,5600,5600
Tamil Nadu,Vellore,Gudiyatham(Uzhavar Sandhai ),Beans,Beans (Whole),Local,31/07/2026,7600,7600,7600
Tamil Nadu,Vellore,Gudiyatham(Uzhavar Sandhai ),Cabbage,Cabbage,Local,31/07/2026,4000,4000,4000
Tamil Nadu,Vellore,Gudiyatham(Uzhavar Sandhai ),Snakeguard,Snakeguard,Local,31/07/2026,3600,3600,3600
Tamil Nadu,Vellore,Gudiyatham(Uzhavar Sandhai ),Green Avare(W),Green Avare (W),Local,31/07/2026,6000,6000,6000
Tamil Nadu,Vellore,Gudiyatham(Uzhavar Sandhai ),Chow Chow,Chow Chow,Local,31/07/2026,4600,4600,4600
Tamil Nadu,Vellore,Gudiyatham(Uzhavar Sandhai ),Lemon,Lemon,Local,31/07/2026,4000,4000,4000
Tamil Nadu,Vellore,Gudiyatham(Uzhavar Sandhai ),Onion Green,Onion Green,Local,31/07/2026,6000,6000,6000
Tamil Nadu,Vellore,Kahithapattarai(Uzhavar Sandhai ),Brinjal,Other,Local,31/07/2026,4600,4600,4600
Tamil Nadu,Vellore,Kahithapattarai(Uzhavar Sandhai ),Beans,Beans (Whole),Local,31/07/2026,4600,7000,5800
Tamil Nadu,Vellore,Kahithapattarai(Uzhavar Sandhai ),Green Avare(W),Other,Local,31/07/2026,4000,4000,4000
Tamil Nadu,Vellore,Kahithapattarai(Uzhavar Sandhai ),Knool Khol,Knool Khol,Local,31/07/2026,3500,3500,3500
Tamil Nadu,Vellore,Kahithapattarai(Uzhavar Sandhai ),Jasmine,Jasmine,Local,31/07/2026,80000,80000,80000
Tamil Nadu,Villupuram,Villupuram(Uzhavar Sandhai ),Mango,Safeda,Local,31/07/2026,10000,10000,10000
Tamil Nadu,Villupuram,Villupuram(Uzhavar Sandhai ),Onion,Bellary,Local,31/07/2026,4000,4000,4000
Tamil Nadu,Villupuram,Villupuram(Uzhavar Sandhai ),Cauliflower,Ranchi,Local,31/07/2026,3000,3000,3000
Tamil Nadu,Villupuram,Villupuram(Uzhavar Sandhai ),Ginger(Green),Green Ginger,Local,31/07/2026,22000,22000,22000
Tamil Nadu,Villupuram,Villupuram(Uzhavar Sandhai ),Elephant Yam(Suran)/Amorphophallus,Elephant Yam (Suran),Local,31/07/2026,6500,6500,6500
Tamil Nadu,Villupuram,Villupuram(Uzhavar Sandhai ),Onion Green,Onion Green,Local,31/07/2026,7000,7000,7000
Tamil Nadu,Villupuram,Villupuram(Uzhavar Sandhai ),Tube Rose(Loose),Tube Rose (Loose),Local,31/07/2026,15000,15000,15000
Tamil Nadu,Thiruvannamalai,Cheyyar(Uzhavar Sandhai ),Banana,Poovan,Local,31/07/2026,4000,5000,4500
Tamil Nadu,Thiruvannamalai,Cheyyar(Uzhavar Sandhai ),Papaya,Papaya,Local,31/07/2026,3200,4000,3600
Tamil Nadu,Thiruvannamalai,Cheyyar(Uzhavar Sandhai ),Amaranthus,Amaranthus,Local,31/07/2026,2000,2500,2250
Tamil Nadu,Thiruvannamalai,Cheyyar(Uzhavar Sandhai ),Banana - Green,Banana - Green,Local,31/07/2026,1500,2000,1750
Tamil Nadu,Thiruvannamalai,Cheyyar(Uzhavar Sandhai ),Thondekai,Thondekai,Local,31/07/2026,3200,4000,3600
Tamil Nadu,Thiruvannamalai,Cheyyar(Uzhavar Sandhai ),Mango(Raw-Ripe),Mango - Raw-Ripe,Local,31/07/2026,1600,2000,1800
Tamil Nadu,Thiruvannamalai,Cheyyar(Uzhavar Sandhai ),Mint(Pudina),Mint(Pudina),Local,31/07/2026,3200,4000,3600
Tamil Nadu,Thanjavur,Papanasam(Uzhavar Sandhai ),Brinjal,Round,Local,31/07/2026,4800,6000,5400
Tamil Nadu,Thanjavur,Papanasam(Uzhavar Sandhai ),Cluster beans,Cluster Beans,Local,31/07/2026,4800,4800,4800
Tamil Nadu,Thanjavur,Papanasam(Uzhavar Sandhai ),Bitter gourd,Bitter Gourd,Local,31/07/2026,7200,7200,7200
Tamil Nadu,Thanjavur,Papanasam(Uzhavar Sandhai ),Green Chilli,Green Chilly,Local,31/07/2026,5400,5400,5400
Tamil Nadu,Thanjavur,Papanasam(Uzhavar Sandhai ),Cabbage,Cabbage,Local,31/07/2026,4200,4200,4200
Tamil Nadu,Ariyalur,Ariyalur(Uzhavar Sandhai),Tomato,Deshi,Local,31/07/2026,2400,2800,2600
Tamil Nadu,Ariyalur,Ariyalur(Uzhavar Sandhai),Amaranthus,Amaranthus,Local,31/07/2026,3000,3400,3200
Tamil Nadu,Coimbatore,Sundarapuram(Uzhavar Sandhai ),Mango,Neelam,Local,31/07/2026,8000,9000,8500
Tamil Nadu,Coimbatore,Sundarapuram(Uzhavar Sandhai ),Garlic,Garlic,Local,31/07/2026,22000,23000,22500
Tamil Nadu,Coimbatore,Sundarapuram(Uzhavar Sandhai ),Amaranthus,Amaranthus,Local,31/07/2026,4000,6000,5000
Tamil Nadu,Coimbatore,Sundarapuram(Uzhavar Sandhai ),Thondekai,Thondekai,Local,31/07/2026,4000,4500,4250
Tamil Nadu,Coimbatore,Sundarapuram(Uzhavar Sandhai ),Capsicum,Capsicum,Local,31/07/2026,6000,6500,6250
Tamil Nadu,Coimbatore,Sundarapuram(Uzhavar Sandhai ),Green Avare(W),Green Avare (W),Local,31/07/2026,6000,6500,6250
Tamil Nadu,Coimbatore,Sundarapuram(Uzhavar Sandhai ),Guava,Guava Allahabad,Local,31/07/2026,5000,6000,5500
Tamil Nadu,Erode,Sathiyamagalam(Uzhavar Sandhai ),Brinjal,Other,Local,31/07/2026,4000,4500,4250
Tamil Nadu,Erode,Sathiyamagalam(Uzhavar Sandhai ),Chikoos(Sapota),Sapota,Local,31/07/2026,3500,4000,3750
Tamil Nadu,Erode,Sathiyamagalam(Uzhavar Sandhai ),Bitter gourd,Other,Local,31/07/2026,5500,6000,5750
Tamil Nadu,Erode,Sathiyamagalam(Uzhavar Sandhai ),Banana - Green,Banana - Green,Local,31/07/2026,3000,3800,3400
Tamil Nadu,Erode,Sathiyamagalam(Uzhavar Sandhai ),Coconut,Coconut,Local,31/07/2026,4500,5000,4750
Tamil Nadu,Erode,Sathiyamagalam(Uzhavar Sandhai ),Carrot,Pusakesar,Local,31/07/2026,8500,9000,8750
Tamil Nadu,Erode,Sathiyamagalam(Uzhavar Sandhai ),Beetroot,Beetroot,Local,31/07/2026,7500,8000,7750
Tamil Nadu,Erode,Sathiyamagalam(Uzhavar Sandhai ),Raddish,Raddish,Local,31/07/2026,2500,3000,2750
Tamil Nadu,Coimbatore,Mettupalayam(Uzhavar Sandhai ),Papaya,Papaya,Local,31/07/2026,3400,3800,3600
Tamil Nadu,Coimbatore,Mettupalayam(Uzhavar Sandhai ),Ginger(Green),Green Ginger,Local,31/07/2026,11500,20000,15750
Tamil Nadu,Coimbatore,Mettupalayam(Uzhavar Sandhai ),Beetroot,Beetroot,Local,31/07/2026,7000,8000,7500
Tamil Nadu,Coimbatore,Mettupalayam(Uzhavar Sandhai ),Drumstick,Drumstick,Local,31/07/2026,3500,4000,3750
Tamil Nadu,Coimbatore,Mettupalayam(Uzhavar Sandhai ),Lemon,Lemon,Local,31/07/2026,8500,9500,9000
Tamil Nadu,Coimbatore,Mettupalayam(Uzhavar Sandhai ),Mashrooms,Mashrooms,Local,31/07/2026,16000,20000,18000
Tamil Nadu,Coimbatore,Mettupalayam(Uzhavar Sandhai ),Amla(Nelli Kai),Amla,Local,31/07/2026,8000,9000,8500
Tamil Nadu,Namakkal,Tiruchengode APMC,Onion,Bellary,Local,31/07/2026,4000,4500,4250
Tamil Nadu,Namakkal,Tiruchengode APMC,Potato,Red Nanital,Local,31/07/2026,3000,3500,3250
Tamil Nadu,Namakkal,Tiruchengode APMC,Chikoos(Sapota),Sapota,Local,31/07/2026,4000,4500,4250
Tamil Nadu,Namakkal,Tiruchengode APMC,Tomato,Deshi,Local,31/07/2026,1600,2000,1800
Tamil Nadu,Namakkal,Tiruchengode APMC,Ashgourd,Gouard,Local,31/07/2026,2500,3000,2750
Tamil Nadu,Namakkal,Tiruchengode APMC,Amaranthus,Amaranthus,Local,31/07/2026,3500,4000,3750
Tamil Nadu,Namakkal,Tiruchengode APMC,Ginger(Green),Green Ginger,Local,31/07/2026,18000,20000,19000
Tamil Nadu,Namakkal,Tiruchengode APMC,Cabbage,Cabbage,Local,31/07/2026,3500,4000,3750
Tamil Nadu,Namakkal,Tiruchengode APMC,Snakeguard,Snakeguard,Local,31/07/2026,4500,5000,4750
Tamil Nadu,Namakkal,Tiruchengode APMC,Mango(Raw-Ripe),Mango - Raw-Ripe,Local,31/07/2026,3000,3500,3250
Tamil Nadu,Namakkal,Tiruchengode APMC,Yam(Ratalu),Yam (Ratalu),Local,31/07/2026,6000,7000,6500
Tamil Nadu,Namakkal,Tiruchengode APMC,Onion Green,Onion Green,Local,31/07/2026,4000,4500,4250
Tamil Nadu,Ariyalur,Jeyankondam (Uzhavar Sandhai ),Potato,Red Nanital,Local,31/07/2026,4000,4400,4200
Tamil Nadu,Ariyalur,Jeyankondam (Uzhavar Sandhai ),Tomato,Deshi,Local,31/07/2026,2200,2600,2400
Tamil Nadu,Ariyalur,Jeyankondam (Uzhavar Sandhai ),Bhindi(Ladies Finger),Bhindi,Local,31/07/2026,4000,4400,4200
Tamil Nadu,Coimbatore,RSPuram(Uzhavar Sandhai ),Banana,Red Banana,Local,31/07/2026,7400,7800,7600
Tamil Nadu,Coimbatore,RSPuram(Uzhavar Sandhai ),Grapes,Annabesahai,Local,31/07/2026,8000,8500,8250
Tamil Nadu,Coimbatore,RSPuram(Uzhavar Sandhai ),Papaya,Papaya,Local,31/07/2026,4000,4400,4200
Tamil Nadu,Coimbatore,RSPuram(Uzhavar Sandhai ),Amaranthus,Amaranthus,Local,31/07/2026,5600,6500,6050
Tamil Nadu,Coimbatore,RSPuram(Uzhavar Sandhai ),Sweet Potato,Hosur Red,Local,31/07/2026,3500,4000,3750
Tamil Nadu,Coimbatore,RSPuram(Uzhavar Sandhai ),Cabbage,Cabbage,Local,31/07/2026,2500,3000,2750
Tamil Nadu,Coimbatore,RSPuram(Uzhavar Sandhai ),Chow Chow,Chow Chow,Local,31/07/2026,3200,3600,3400
Tamil Nadu,Coimbatore,RSPuram(Uzhavar Sandhai ),Lime,Lime,Local,31/07/2026,16000,17500,16750
Tamil Nadu,Coimbatore,RSPuram(Uzhavar Sandhai ),Tender Coconut,Tender Coconut,Local,31/07/2026,4000,4500,4250
Tamil Nadu,Coimbatore,RSPuram(Uzhavar Sandhai ),Amla(Nelli Kai),Amla,Local,31/07/2026,7500,8500,8000
Tamil Nadu,Coimbatore,RSPuram(Uzhavar Sandhai ),Onion Green,Onion Green,Local,31/07/2026,5200,5800,5500
Tamil Nadu,Coimbatore,Singanallur(Uzhavar Sandhai ),Apple,American,Local,31/07/2026,22000,27000,24500
Tamil Nadu,Coimbatore,Singanallur(Uzhavar Sandhai ),Coriander(Leaves),I Sort,Local,31/07/2026,5500,6000,5750
Tamil Nadu,Coimbatore,Singanallur(Uzhavar Sandhai ),Papaya,Papaya,Local,31/07/2026,3800,4200,4000
Tamil Nadu,Coimbatore,Singanallur(Uzhavar Sandhai ),Bitter gourd,Other,Local,31/07/2026,5500,6000,5750
Tamil Nadu,Coimbatore,Singanallur(Uzhavar Sandhai ),Betal Leaves,Mysore,Local,31/07/2026,18000,21000,19500
Tamil Nadu,Coimbatore,Singanallur(Uzhavar Sandhai ),Carrot,Pusakesar,Local,31/07/2026,9500,10500,10000
Tamil Nadu,Coimbatore,Singanallur(Uzhavar Sandhai ),Raddish,Raddish,Local,31/07/2026,4000,4500,4250
Tamil Nadu,Coimbatore,Singanallur(Uzhavar Sandhai ),Green Avare(W),Other,Local,31/07/2026,6500,7600,7050
Tamil Nadu,Coimbatore,Singanallur(Uzhavar Sandhai ),Chow Chow,Chow Chow,Local,31/07/2026,3200,3600,3400
Tamil Nadu,Coimbatore,Singanallur(Uzhavar Sandhai ),Knool Khol,Knool Khol,Local,31/07/2026,4500,5500,5000
Tamil Nadu,Coimbatore,Singanallur(Uzhavar Sandhai ),Guava,Guava Allahabad,Local,31/07/2026,5500,6000,5750
Tamil Nadu,Coimbatore,Singanallur(Uzhavar Sandhai ),Pomegranate,Pomogranate,Local,31/07/2026,15000,20000,17500
Tamil Nadu,Coimbatore,Pollachi(Uzhavar Sandhai ),Ashgourd,Gouard,Local,31/07/2026,1800,2200,2000
Tamil Nadu,Coimbatore,Pollachi(Uzhavar Sandhai ),Green Chilli,Green Chilly,Local,31/07/2026,4500,5000,4750
Tamil Nadu,Coimbatore,Pollachi(Uzhavar Sandhai ),Carrot,Pusakesar,Local,31/07/2026,8000,9000,8500
Tamil Nadu,Coimbatore,Pollachi(Uzhavar Sandhai ),Raddish,Raddish,Local,31/07/2026,4000,4500,4250
Tamil Nadu,Coimbatore,Pollachi(Uzhavar Sandhai ),Chow Chow,Chow Chow,Local,31/07/2026,3000,3500,3250
Tamil Nadu,Coimbatore,Pollachi(Uzhavar Sandhai ),Tender Coconut,Tender Coconut,Local,31/07/2026,3500,4000,3750
Tamil Nadu,Karur,Karur(Uzhavar Sandhai ),Tomato,Deshi,Local,31/07/2026,1500,2000,1750
Tamil Nadu,Karur,Karur(Uzhavar Sandhai ),Bottle gourd,Bottle Gourd,Local,31/07/2026,2500,3000,2750
Tamil Nadu,Karur,Karur(Uzhavar Sandhai ),Snakeguard,Snakeguard,Local,31/07/2026,3500,4000,3750
Tamil Nadu,Karur,Karur(Uzhavar Sandhai ),Yam(Ratalu),Yam (Ratalu),Local,31/07/2026,9000,10000,9500
Tamil Nadu,Karur,Karur(Uzhavar Sandhai ),Lemon,Lemon,Local,31/07/2026,8500,9000,8750
Tamil Nadu,Karur,Karur(Uzhavar Sandhai ),Colacasia,Colacasia,Local,31/07/2026,6500,7000,6750
Tamil Nadu,Karur,Karur(Uzhavar Sandhai ),Mint(Pudina),Mint(Pudina),Local,31/07/2026,6000,6500,6250
Tamil Nadu,Coimbatore,Kurichi(Uzhavar Sandhai ),Ashgourd,Gouard,Local,31/07/2026,1500,1800,1650
Tamil Nadu,Coimbatore,Kurichi(Uzhavar Sandhai ),Lemon,Lemon,Local,31/07/2026,8000,9000,8500
Tamil Nadu,Cuddalore,Chidambaram(Uzhavar Sandhai ),Potato,Red Nanital,Local,31/07/2026,4000,4000,4000
Tamil Nadu,Cuddalore,Chidambaram(Uzhavar Sandhai ),Brinjal,Round,Local,31/07/2026,5000,6000,5500
Tamil Nadu,Cuddalore,Cuddalore(Uzhavar Sandhai ),Papaya,Papaya,Local,31/07/2026,4000,4000,4000
Tamil Nadu,Cuddalore,Cuddalore(Uzhavar Sandhai ),Cluster beans,Cluster Beans,Local,31/07/2026,4000,4000,4000
Tamil Nadu,Cuddalore,Cuddalore(Uzhavar Sandhai ),Beans,Beans (Whole),Local,31/07/2026,10000,10000,10000
Tamil Nadu,Cuddalore,Cuddalore(Uzhavar Sandhai ),Tapioca,Tapioca,Local,31/07/2026,4000,5000,4500
Tamil Nadu,Cuddalore,Cuddalore(Uzhavar Sandhai ),Coconut,Coconut,Local,31/07/2026,5000,6000,5500
Tamil Nadu,Cuddalore,Cuddalore(Uzhavar Sandhai ),Ridgeguard(Tori),Ridgeguard(Tori),Local,31/07/2026,7000,7000,7000
Tamil Nadu,Cuddalore,Cuddalore(Uzhavar Sandhai ),Capsicum,Capsicum,Local,31/07/2026,6000,6000,6000
Tamil Nadu,Cuddalore,Cuddalore(Uzhavar Sandhai ),Amla(Nelli Kai),Amla,Local,31/07/2026,9000,9000,9000
Tamil Nadu,Cuddalore,Cuddalore(Uzhavar Sandhai ),Mint(Pudina),Mint(Pudina),Local,31/07/2026,5000,5000,5000
Tamil Nadu,Chengalpattu,Thirukalukundram(Uzhavar Sandhai ),Bitter gourd,Other,Local,31/07/2026,4500,5000,4750
Tamil Nadu,Chengalpattu,Thirukalukundram(Uzhavar Sandhai ),Amaranthus,Amaranthus,Local,31/07/2026,2000,2200,2100
Tamil Nadu,Chengalpattu,Thirukalukundram(Uzhavar Sandhai ),Lemon,Lemon,Local,31/07/2026,6600,7500,7050
Tamil Nadu,Tuticorin,Tuticorin(Uzhavar Sandhai ),Cluster beans,Cluster Beans,Local,31/07/2026,4500,5000,4750
Tamil Nadu,Tuticorin,Tuticorin(Uzhavar Sandhai ),Bottle gourd,Bottle Gourd,Local,31/07/2026,1500,2000,1750
Tamil Nadu,Tuticorin,Tuticorin(Uzhavar Sandhai ),Bhindi(Ladies Finger),Bhindi,Local,31/07/2026,4500,5000,4750
Tamil Nadu,Tuticorin,Tuticorin(Uzhavar Sandhai ),Cowpea(Veg),Cowpea (Veg),Local,31/07/2026,3500,4000,3750
Tamil Nadu,Tuticorin,Tuticorin(Uzhavar Sandhai ),Beans,Beans (Whole),Local,31/07/2026,13000,14000,13500
Tamil Nadu,Tuticorin,Tuticorin(Uzhavar Sandhai ),Tapioca,Tapioca,Local,31/07/2026,3000,3500,3250
Tamil Nadu,Tuticorin,Tuticorin(Uzhavar Sandhai ),Beetroot,Beetroot,Local,31/07/2026,5000,6000,5500
Tamil Nadu,Tuticorin,Tuticorin(Uzhavar Sandhai ),Thondekai,Thondekai,Local,31/07/2026,4500,5000,4750
Tamil Nadu,Tuticorin,Tuticorin(Uzhavar Sandhai ),Chow Chow,Chow Chow,Local,31/07/2026,3500,4000,3750
Tamil Nadu,Tuticorin,Tuticorin(Uzhavar Sandhai ),Amla(Nelli Kai),Amla,Local,31/07/2026,7500,8000,7750
Tamil Nadu,Nagercoil (Kannyiakumari),Vadaseri APMC,Coriander(Leaves),I Sort,Local,31/07/2026,5500,6000,5750
Tamil Nadu,Nagercoil (Kannyiakumari),Vadaseri APMC,Tomato,Local,Local,31/07/2026,2200,2500,2350
Tamil Nadu,Nagercoil (Kannyiakumari),Vadaseri APMC,Bhindi(Ladies Finger),Bhindi,Local,31/07/2026,4300,4800,4550
Tamil Nadu,Nagercoil (Kannyiakumari),Vadaseri APMC,Green Chilli,Green Chilly,Local,31/07/2026,5500,6000,5750
Tamil Nadu,Nagercoil (Kannyiakumari),Vadaseri APMC,Beans,Beans (Whole),Local,31/07/2026,12000,14000,13000
Tamil Nadu,Nagercoil (Kannyiakumari),Vadaseri APMC,Tapioca,Tapioca,Local,31/07/2026,3500,4000,3750
Tamil Nadu,Nagercoil (Kannyiakumari),Vadaseri APMC,Carrot,Pusakesar,Local,31/07/2026,9000,10000,9500
Tamil Nadu,Nagercoil (Kannyiakumari),Vadaseri APMC,Cucumbar(Kheera),Cucumbar,Local,31/07/2026,2700,3000,2850
Tamil Nadu,Nagercoil (Kannyiakumari),Vadaseri APMC,Lime,Lime,Local,31/07/2026,4500,5000,4750
Tamil Nadu,Nagercoil (Kannyiakumari),Vadaseri APMC,Onion Green,Onion Green,Local,31/07/2026,7500,8000,7750
Tamil Nadu,Nagercoil (Kannyiakumari),Vadaseri APMC,Mint(Pudina),Mint(Pudina),Local,31/07/2026,6500,7000,6750
Tamil Nadu,Pudukkottai,Karambakkudi(Uzhavar Sandhai ),Tomato,Deshi,Local,31/07/2026,2000,2500,2250
Tamil Nadu,Pudukkottai,Karambakkudi(Uzhavar Sandhai ),Bitter gourd,Bitter Gourd,Local,31/07/2026,7000,8000,7500
Tamil Nadu,Pudukkottai,Karambakkudi(Uzhavar Sandhai ),Coconut,Coconut,Local,31/07/2026,3500,4000,3750
Tamil Nadu,Pudukkottai,Karambakkudi(Uzhavar Sandhai ),Ridgeguard(Tori),Ridgeguard(Tori),Local,31/07/2026,5000,6000,5500
Tamil Nadu,Vellore,Thirupathur APMC,Cauliflower,Ranchi,Local,31/07/2026,2500,2500,2500
Tamil Nadu,Vellore,Thirupathur APMC,Bottle gourd,Bottle Gourd,Local,31/07/2026,2000,2000,2000
Tamil Nadu,Vellore,Thirupathur APMC,Bhindi(Ladies Finger),Bhindi,Local,31/07/2026,3000,3000,3000
Tamil Nadu,Vellore,Thirupathur APMC,Green Chilli,Green Chilly,Local,31/07/2026,6000,6000,6000
Tamil Nadu,Vellore,Thirupathur APMC,Banana - Green,Banana - Green,Local,31/07/2026,2500,2500,2500
Tamil Nadu,Vellore,Thirupathur APMC,Coconut,Coconut,Local,31/07/2026,5000,5000,5000
Tamil Nadu,Vellore,Thirupathur APMC,Knool Khol,Knool Khol,Local,31/07/2026,5500,5500,5500
Tamil Nadu,Vellore,Thirupathur APMC,Custard Apple(Sharifa),Custard Apple(Sharifa),Local,31/07/2026,4000,4000,4000
Tamil Nadu,Vellore,Thirupathur APMC,Amla(Nelli Kai),Amla,Local,31/07/2026,8000,8000,8000
Tamil Nadu,Vellore,Vellore APMC,Grapes,Annabesahai,Local,31/07/2026,9000,9000,9000
Tamil Nadu,Vellore,Vellore APMC,Brinjal,Round,Local,31/07/2026,5000,6000,5500
Tamil Nadu,Vellore,Vellore APMC,Cluster beans,Cluster Beans,Local,31/07/2026,3500,4000,3750
Tamil Nadu,Vellore,Vellore APMC,Amaranthus,Amaranthus,Local,31/07/2026,4000,4000,4000
Tamil Nadu,Vellore,Vellore APMC,Green Chilli,Green Chilly,Local,31/07/2026,3500,4500,4000
Tamil Nadu,Vellore,Vellore APMC,Coconut,Coconut,Local,31/07/2026,2500,3500,3000
Tamil Nadu,Vellore,Vellore APMC,Cucumbar(Kheera),Cucumbar,Local,31/07/2026,4500,4500,4500
Tamil Nadu,Vellore,Vellore APMC,Chow Chow,Chow Chow,Local,31/07/2026,3000,3500,3250
Tamil Nadu,Vellore,Vellore APMC,Colacasia,Colacasia,Local,31/07/2026,3000,3500,3250
Tamil Nadu,Dharmapuri,Harur(Uzhavar Sandhai ),Snakeguard,Snakeguard,Local,31/07/2026,3500,4000,3750
Tamil Nadu,Dharmapuri,Harur(Uzhavar Sandhai ),Green Avare(W),Other,Local,31/07/2026,5500,6000,5750
Tamil Nadu,Dharmapuri,Harur(Uzhavar Sandhai ),Drumstick,Drumstick,Local,31/07/2026,6000,7000,6500
Tamil Nadu,Dharmapuri,Harur(Uzhavar Sandhai ),Lemon,Lemon,Local,31/07/2026,7000,8000,7500
Tamil Nadu,Krishnagiri,Kaveripattinam(Uzhavar Sandhai ),Brinjal,Round,Local,31/07/2026,5000,6000,5500
Tamil Nadu,The Nilgiris,Coonoor(Uzhavar Sandhai ),Bottle gourd,Bottle Gourd,Local,31/07/2026,2400,2800,2600
Tamil Nadu,The Nilgiris,Coonoor(Uzhavar Sandhai ),Amaranthus,Amaranthus,Local,31/07/2026,5500,6000,5750
Tamil Nadu,The Nilgiris,Coonoor(Uzhavar Sandhai ),Ridgeguard(Tori),Ridgeguard(Tori),Local,31/07/2026,5000,5400,5200
Tamil Nadu,The Nilgiris,Coonoor(Uzhavar Sandhai ),Knool Khol,Knool Khol,Local,31/07/2026,3500,4000,3750
Tamil Nadu,The Nilgiris,Gudalur(Uzhavar Sandhai ),Banana,Besrai,Local,31/07/2026,3500,4000,3750
Tamil Nadu,The Nilgiris,Gudalur(Uzhavar Sandhai ),Garlic,Garlic,Local,31/07/2026,20000,22000,21000
Tamil Nadu,The Nilgiris,Gudalur(Uzhavar Sandhai ),Brinjal,Other,Local,31/07/2026,4000,4500,4250
Tamil Nadu,The Nilgiris,Gudalur(Uzhavar Sandhai ),Bitter gourd,Bitter Gourd,Local,31/07/2026,5500,5800,5650
Tamil Nadu,The Nilgiris,Gudalur(Uzhavar Sandhai ),Ashgourd,Gouard,Local,31/07/2026,1500,2000,1750
Tamil Nadu,The Nilgiris,Gudalur(Uzhavar Sandhai ),Tapioca,Tapioca,Local,31/07/2026,3500,4000,3750
Tamil Nadu,Thirupur,Tiruppur (South) (Uzhavar Sandhai ),Onion,Bellary,Local,31/07/2026,3000,4000,3500
Tamil Nadu,Thirupur,Tiruppur (South) (Uzhavar Sandhai ),Cluster beans,Cluster Beans,Local,31/07/2026,3000,4000,3500
Tamil Nadu,Thirupur,Tiruppur (South) (Uzhavar Sandhai ),Green Chilli,Green Chilly,Local,31/07/2026,3000,4000,3500
Tamil Nadu,Thirupur,Tiruppur (South) (Uzhavar Sandhai ),Green Avare(W),Other,Local,31/07/2026,6000,7000,6500
Tamil Nadu,Thirupur,Tiruppur (South) (Uzhavar Sandhai ),Guava,Guava Allahabad,Local,31/07/2026,4000,5000,4500
Tamil Nadu,Thirupur,Tiruppur (South) (Uzhavar Sandhai ),Lemon,Lemon,Local,31/07/2026,8000,10000,9000
Tamil Nadu,Thanjavur,Tirukattupalli(Uzhavar Sandhai ),Onion,Bellary,Local,31/07/2026,4000,4000,4000
Tamil Nadu,Thiruchirappalli,Thuraiyur APMC,Ashgourd,Gouard,Local,31/07/2026,2000,2500,2250
Tamil Nadu,Thiruchirappalli,Thuraiyur APMC,Cowpea(Veg),Cowpea (Veg),Local,31/07/2026,3000,3500,3250
Tamil Nadu,Thiruchirappalli,Thuraiyur APMC,Carrot,Pusakesar,Local,31/07/2026,9000,11000,10000
Tamil Nadu,Thiruchirappalli,Thuraiyur APMC,Snakeguard,Snakeguard,Local,31/07/2026,3500,4000,3750
Tamil Nadu,Thiruchirappalli,Thuraiyur APMC,Capsicum,Capsicum,Local,31/07/2026,5000,6000,5500
Tamil Nadu,Thiruchirappalli,Thuraiyur APMC,Guava,Guava Allahabad,Local,31/07/2026,6000,7000,6500
Tamil Nadu,Thiruchirappalli,Thuraiyur APMC,Lemon,Lemon,Local,31/07/2026,5600,6600,6100
Tamil Nadu,Vellore,Ammoor APMC,Paddy(Common),Other,Local,31/07/2026,1545,3788,2666.5
Tamil Nadu,Villupuram,Avalurpet APMC,Paddy(Common),Other,Local,31/07/2026,1987,3853,2920
Tamil Nadu,Villupuram,Tindivanam APMC,Banana,Karpura,Local,31/07/2026,6000,6000,6000
Tamil Nadu,Villupuram,Tindivanam APMC,Tomato,Deshi,Local,31/07/2026,1500,1500,1500
Tamil Nadu,Villupuram,Tindivanam APMC,Green Chilli,Green Chilly,Local,31/07/2026,5000,5000,5000
Tamil Nadu,Villupuram,Tindivanam APMC,Tapioca,Tapioca,Local,31/07/2026,4500,4500,4500
Tamil Nadu,Villupuram,Tindivanam APMC,Carrot,Pusakesar,Local,31/07/2026,7600,7600,7600
Tamil Nadu,Villupuram,Tindivanam APMC,Cabbage,Cabbage,Local,31/07/2026,4500,4500,4500
Tamil Nadu,Villupuram,Tindivanam APMC,Ridgeguard(Tori),Ridgeguard(Tori),Local,31/07/2026,5800,5800,5800
Tamil Nadu,Villupuram,Tindivanam APMC,Raddish,Raddish,Local,31/07/2026,4500,4500,4500
Tamil Nadu,Villupuram,Tindivanam APMC,Chow Chow,Chow Chow,Local,31/07/2026,4600,4600,4600
Tamil Nadu,Villupuram,Tindivanam APMC,Mango(Raw-Ripe),Mango - Raw-Ripe,Local,31/07/2026,2500,2500,2500
Tamil Nadu,Villupuram,Tindivanam APMC,Guava,Guava Allahabad,Local,31/07/2026,5000,5000,5000
Tamil Nadu,Villupuram,Tindivanam APMC,Lemon,Lemon,Local,31/07/2026,7000,7000,7000
Tamil Nadu,Villupuram,Tindivanam APMC,Mint(Pudina),Mint(Pudina),Local,31/07/2026,3000,3000,3000
Tamil Nadu,Villupuram,Ulundurpettai APMC,Amaranthus,Amaranthus,Local,31/07/2026,2500,2500,2500
Tamil Nadu,Villupuram,Ulundurpettai APMC,Ridgeguard(Tori),Ridgeguard(Tori),Local,31/07/2026,6000,6000,6000
Tamil Nadu,Villupuram,Ulundurpettai APMC,Tender Coconut,Tender Coconut,Local,31/07/2026,3000,3000,3000
Tamil Nadu,Villupuram,Ulundurpettai APMC,Elephant Yam(Suran)/Amorphophallus,Elephant Yam (Suran),Local,31/07/2026,6000,6000,6000
Tamil Nadu,Villupuram,Vikkiravandi APMC,Bajra(Pearl Millet/Cumbu),Other,Local,31/07/2026,3659,4809,4234
Tamil Nadu,Madurai,Chokkikulam(Uzhavar Sandhai ),Soyabean,Local,Local,31/07/2026,9000,10000,9500
Tamil Nadu,Madurai,Chokkikulam(Uzhavar Sandhai ),Orange,Darjeeling,Local,31/07/2026,14000,16000,15000
Tamil Nadu,Madurai,Chokkikulam(Uzhavar Sandhai ),Mango,Safeda,Local,31/07/2026,4500,8000,6250
Tamil Nadu,Madurai,Chokkikulam(Uzhavar Sandhai ),Grapes,Annabesahai,Local,31/07/2026,10000,11000,10500
Tamil Nadu,Madurai,Chokkikulam(Uzhavar Sandhai ),Garlic,Garlic,Local,31/07/2026,13000,27000,20000
Tamil Nadu,Madurai,Chokkikulam(Uzhavar Sandhai ),Tomato,Deshi,Local,31/07/2026,1800,2000,1900
Tamil Nadu,Madurai,Chokkikulam(Uzhavar Sandhai ),Green Chilli,Green Chilly,Local,31/07/2026,4000,4500,4250
Tamil Nadu,Madurai,Chokkikulam(Uzhavar Sandhai ),Ginger(Green),Green Ginger,Local,31/07/2026,15000,22000,18500
Tamil Nadu,Madurai,Chokkikulam(Uzhavar Sandhai ),Raddish,Raddish,Local,31/07/2026,2500,3000,2750
Tamil Nadu,Madurai,Chokkikulam(Uzhavar Sandhai ),Green Avare(W),Green Avare (W),Local,31/07/2026,7000,9500,8250
Tamil Nadu,Madurai,Chokkikulam(Uzhavar Sandhai ),Chow Chow,Chow Chow,Local,31/07/2026,2800,3200,3000
Tamil Nadu,Madurai,Chokkikulam(Uzhavar Sandhai ),Indian Beans(Seam),Indian Beans (Seam),Local,31/07/2026,5000,5500,5250
Tamil Nadu,Cuddalore,Viruthachalam(Uzhavar Sandhai ),Onion,Bellary,Local,31/07/2026,3500,3500,3500
Tamil Nadu,Cuddalore,Viruthachalam(Uzhavar Sandhai ),Papaya,Papaya,Local,31/07/2026,4000,4500,4250
Tamil Nadu,Cuddalore,Viruthachalam(Uzhavar Sandhai ),Ashgourd,Gouard,Local,31/07/2026,4000,4000,4000
Tamil Nadu,Cuddalore,Viruthachalam(Uzhavar Sandhai ),Beans,Beans (Whole),Local,31/07/2026,10000,10000,10000
Tamil Nadu,Cuddalore,Viruthachalam(Uzhavar Sandhai ),Cabbage,Cabbage,Local,31/07/2026,4000,4000,4000
Tamil Nadu,Cuddalore,Viruthachalam(Uzhavar Sandhai ),Green Avare(W),Green Avare (W),Local,31/07/2026,8000,13000,10500
Tamil Nadu,Dharmapuri,Dharmapuri(Uzhavar Sandhai ),Banana,Besrai,Local,31/07/2026,4600,5000,4800
Tamil Nadu,Dharmapuri,Dharmapuri(Uzhavar Sandhai ),Onion,Bellary,Local,31/07/2026,3500,3800,3650
Tamil Nadu,Dharmapuri,Dharmapuri(Uzhavar Sandhai ),Green Peas,Green Peas,Local,31/07/2026,15500,16000,15750
Tamil Nadu,Dharmapuri,Dharmapuri(Uzhavar Sandhai ),Bitter gourd,Bitter Gourd,Local,31/07/2026,4600,5000,4800
Tamil Nadu,Dharmapuri,Dharmapuri(Uzhavar Sandhai ),Pumpkin,Pumpkin,Local,31/07/2026,1500,1600,1550
Tamil Nadu,Dharmapuri,Dharmapuri(Uzhavar Sandhai ),Bhindi(Ladies Finger),Bhindi,Local,31/07/2026,1800,2000,1900
Tamil Nadu,Dharmapuri,Dharmapuri(Uzhavar Sandhai ),Cucumbar(Kheera),Cucumbar,Local,31/07/2026,4200,4500,4350
Tamil Nadu,Dharmapuri,Dharmapuri(Uzhavar Sandhai ),Chow Chow,Chow Chow,Local,31/07/2026,4500,4800,4650
Tamil Nadu,Dharmapuri,Dharmapuri(Uzhavar Sandhai ),Karbuja(Musk Melon),Karbhuja,Local,31/07/2026,3300,3500,3400
Tamil Nadu,Dharmapuri,Dharmapuri(Uzhavar Sandhai ),Marigold(Calcutta),Marigold(Calcutta),Local,31/07/2026,12500,13000,12750
Tamil Nadu,Dharmapuri,Dharmapuri(Uzhavar Sandhai ),Elephant Yam(Suran)/Amorphophallus,Elephant Yam (Suran),Local,31/07/2026,5200,5600,5400
Tamil Nadu,Dharmapuri,Dharmapuri(Uzhavar Sandhai ),Colacasia,Colacasia,Local,31/07/2026,6200,6600,6400
Tamil Nadu,Dharmapuri,Dharmapuri(Uzhavar Sandhai ),Mashrooms,Mashrooms,Local,31/07/2026,13200,14000,13600
Tamil Nadu,Dharmapuri,Palacode(Uzhavar Sandhai ),Banana,Besrai,Local,31/07/2026,5000,5500,5250
Tamil Nadu,Dharmapuri,Palacode(Uzhavar Sandhai ),Garlic,Garlic,Local,31/07/2026,14000,16000,15000
Tamil Nadu,Dharmapuri,Palacode(Uzhavar Sandhai ),Bitter gourd,Bitter Gourd,Local,31/07/2026,5000,5400,5200
Tamil Nadu,Dharmapuri,Palacode(Uzhavar Sandhai ),Green Chilli,Green Chilly,Local,31/07/2026,4400,4800,4600
Tamil Nadu,Dharmapuri,Palacode(Uzhavar Sandhai ),Cowpea(Veg),Cowpea (Veg),Local,31/07/2026,4600,5000,4800
Tamil Nadu,Dharmapuri,Palacode(Uzhavar Sandhai ),Coconut,Coconut,Local,31/07/2026,6600,7000,6800
Tamil Nadu,Dharmapuri,Palacode(Uzhavar Sandhai ),Raddish,Raddish,Local,31/07/2026,1800,2000,1900
Tamil Nadu,Dharmapuri,Palacode(Uzhavar Sandhai ),Capsicum,Capsicum,Local,31/07/2026,7600,8000,7800
Tamil Nadu,Dharmapuri,Palacode(Uzhavar Sandhai ),Tamarind Fruit,Tamarind Fruit,Local,31/07/2026,10000,10500,10250
Tamil Nadu,Dharmapuri,Palacode(Uzhavar Sandhai ),Mint(Pudina),Mint(Pudina),Local,31/07/2026,6000,6500,6250
Tamil Nadu,Dharmapuri,Pennagaram(Uzhavar Sandhai ),Brinjal,Round,Local,31/07/2026,3200,3500,3350
Tamil Nadu,Dharmapuri,Pennagaram(Uzhavar Sandhai ),Pumpkin,Pumpkin,Local,31/07/2026,1800,2000,1900
Tamil Nadu,Dharmapuri,Pennagaram(Uzhavar Sandhai ),Amaranthus,Amaranthus,Local,31/07/2026,2400,2500,2450
Tamil Nadu,Dharmapuri,Pennagaram(Uzhavar Sandhai ),Banana - Green,Banana - Green,Local,31/07/2026,2800,3000,2900
Tamil Nadu,Dharmapuri,Pennagaram(Uzhavar Sandhai ),Chow Chow,Chow Chow,Local,31/07/2026,3600,4000,3800
Tamil Nadu,Dharmapuri,Pennagaram(Uzhavar Sandhai ),Mango(Raw-Ripe),Mango - Raw-Ripe,Local,31/07/2026,1800,2000,1900
Tamil Nadu,Dharmapuri,Pennagaram(Uzhavar Sandhai ),Knool Khol,Knool Khol,Local,31/07/2026,4600,5000,4800
Tamil Nadu,Dharmapuri,Pennagaram(Uzhavar Sandhai ),Lemon,Lemon,Local,31/07/2026,7500,8000,7750
Tamil Nadu,Dindigul,Chinnalapatti(Uzhavar Sandhai ),Banana,Besrai,Local,31/07/2026,4000,6000,5000
Tamil Nadu,Dindigul,Chinnalapatti(Uzhavar Sandhai ),Mango,Safeda,Local,31/07/2026,4000,5000,4500
Tamil Nadu,Dindigul,Chinnalapatti(Uzhavar Sandhai ),Onion,Bellary,Local,31/07/2026,3500,4000,3750
Tamil Nadu,Dindigul,Chinnalapatti(Uzhavar Sandhai ),Coriander(Leaves),I Sort,Local,31/07/2026,3600,4000,3800
Tamil Nadu,Dindigul,Chinnalapatti(Uzhavar Sandhai ),Bhindi(Ladies Finger),Bhindi,Local,31/07/2026,4000,4500,4250
Tamil Nadu,Dindigul,Chinnalapatti(Uzhavar Sandhai ),Coconut,Coconut,Local,31/07/2026,6000,6500,6250
Tamil Nadu,Dindigul,Chinnalapatti(Uzhavar Sandhai ),Beetroot,Beetroot,Local,31/07/2026,8000,9000,8500
Tamil Nadu,Dindigul,Chinnalapatti(Uzhavar Sandhai ),Lemon,Lemon,Local,31/07/2026,4000,5000,4500
Tamil Nadu,Dindigul,Chinnalapatti(Uzhavar Sandhai ),Onion Green,Onion Green,Local,31/07/2026,5000,5500,5250
Tamil Nadu,Dindigul,Dindigul(Uzhavar Sandhai ),Mango,Safeda,Local,31/07/2026,4000,5000,4500
Tamil Nadu,Dindigul,Dindigul(Uzhavar Sandhai ),Papaya,Papaya,Local,31/07/2026,4000,4500,4250
Tamil Nadu,Dindigul,Dindigul(Uzhavar Sandhai ),Tomato,Deshi,Local,31/07/2026,1600,2000,1800
Tamil Nadu,Dindigul,Dindigul(Uzhavar Sandhai ),Ashgourd,Gouard,Local,31/07/2026,2500,3000,2750
Tamil Nadu,Dindigul,Dindigul(Uzhavar Sandhai ),Amaranthus,Amaranthus,Local,31/07/2026,2000,3000,2500
Tamil Nadu,Dindigul,Dindigul(Uzhavar Sandhai ),Banana - Green,Banana - Green,Local,31/07/2026,1600,2000,1800
Tamil Nadu,Dindigul,Dindigul(Uzhavar Sandhai ),Raddish,Raddish,Local,31/07/2026,3400,4000,3700
Tamil Nadu,Dindigul,Dindigul(Uzhavar Sandhai ),Chow Chow,Chow Chow,Local,31/07/2026,3000,3400,3200
Tamil Nadu,Dindigul,Dindigul(Uzhavar Sandhai ),Lime,Lime,Local,31/07/2026,14000,15000,14500
Tamil Nadu,Dindigul,Dindigul(Uzhavar Sandhai ),Tamarind Fruit,Tamarind Fruit,Local,31/07/2026,12000,14000,13000
Tamil Nadu,Dindigul,Dindigul(Uzhavar Sandhai ),Indian Beans(Seam),Indian Beans (Seam),Local,31/07/2026,4000,5000,4500
Tamil Nadu,Dindigul,Dindigul(Uzhavar Sandhai ),Onion Green,Onion Green,Local,31/07/2026,4000,6000,5000
Tamil Nadu,Dindigul,Palani(Uzhavar Sandhai ),Potato,Other,Local,31/07/2026,3000,3800,3400
Tamil Nadu,Dindigul,Palani(Uzhavar Sandhai ),Water Melon,Water Melon,Local,31/07/2026,1500,2000,1750
Tamil Nadu,Dindigul,Palani(Uzhavar Sandhai ),Pumpkin,Pumpkin,Local,31/07/2026,1600,2000,1800
Tamil Nadu,Dindigul,Palani(Uzhavar Sandhai ),Cabbage,Cabbage,Local,31/07/2026,4000,4400,4200
Tamil Nadu,Dindigul,Palani(Uzhavar Sandhai ),Snakeguard,Snakeguard,Local,31/07/2026,2000,2500,2250
Tamil Nadu,Dindigul,Palani(Uzhavar Sandhai ),Thondekai,Thondekai,Local,31/07/2026,5000,5500,5250
Tamil Nadu,Dindigul,Palani(Uzhavar Sandhai ),Green Avare(W),Green Avare (W),Local,31/07/2026,6000,7000,6500
Tamil Nadu,Dindigul,Palani(Uzhavar Sandhai ),Drumstick,Drumstick,Local,31/07/2026,2500,3000,2750
Tamil Nadu,Dindigul,Palani(Uzhavar Sandhai ),Amla(Nelli Kai),Amla,Local,31/07/2026,4000,5500,4750
Tamil Nadu,Erode,Periyar Nagar(Uzhavar Sandhai ),Cluster beans,Cluster Beans,Local,31/07/2026,3000,3400,3200
Tamil Nadu,Erode,Periyar Nagar(Uzhavar Sandhai ),Ashgourd,Gouard,Local,31/07/2026,2000,2400,2200
Tamil Nadu,Erode,Periyar Nagar(Uzhavar Sandhai ),Snakeguard,Snakeguard,Local,31/07/2026,3000,3400,3200
Tamil Nadu,Erode,Periyar Nagar(Uzhavar Sandhai ),Ridgeguard(Tori),Ridgeguard(Tori),Local,31/07/2026,3000,3200,3100
Tamil Nadu,Erode,Periyar Nagar(Uzhavar Sandhai ),Guava,Guava Allahabad,Local,31/07/2026,5000,5500,5250
Tamil Nadu,Erode,Perundurai(Uzhavar Sandhai ),Potato,Other,Local,31/07/2026,2500,3000,2750
Tamil Nadu,Erode,Perundurai(Uzhavar Sandhai ),Cluster beans,Cluster Beans,Local,31/07/2026,3000,3600,3300
Tamil Nadu,Erode,Perundurai(Uzhavar Sandhai ),Bottle gourd,Bottle Gourd,Local,31/07/2026,1800,2000,1900
Tamil Nadu,Erode,Perundurai(Uzhavar Sandhai ),Amaranthus,Amaranthus,Local,31/07/2026,3000,3500,3250
Tamil Nadu,Erode,Perundurai(Uzhavar Sandhai ),Banana - Green,Banana - Green,Local,31/07/2026,3000,3500,3250
Tamil Nadu,Erode,Perundurai(Uzhavar Sandhai ),Beans,Beans (Whole),Local,31/07/2026,7500,8000,7750
Tamil Nadu,Erode,Perundurai(Uzhavar Sandhai ),Coconut,Coconut,Local,31/07/2026,5000,5200,5100
Tamil Nadu,Erode,Perundurai(Uzhavar Sandhai ),Green Avare(W),Other,Local,31/07/2026,5500,6000,5750
Tamil Nadu,Erode,Thalavadi(Uzhavar Sandhai ),Papaya,Papaya,Local,31/07/2026,2000,2300,2150
Tamil Nadu,Erode,Thalavadi(Uzhavar Sandhai ),Bottle gourd,Bottle Gourd,Local,31/07/2026,1600,2000,1800
Tamil Nadu,Erode,Thalavadi(Uzhavar Sandhai ),Bhindi(Ladies Finger),Bhindi,Local,31/07/2026,3000,3500,3250
Tamil Nadu,Erode,Thalavadi(Uzhavar Sandhai ),Amaranthus,Amaranthus,Local,31/07/2026,3500,4000,3750
Tamil Nadu,Erode,Thalavadi(Uzhavar Sandhai ),Banana - Green,Banana - Green,Local,31/07/2026,3000,3500,3250
Tamil Nadu,Erode,Thalavadi(Uzhavar Sandhai ),Tapioca,Tapioca,Local,31/07/2026,2500,3000,2750
Tamil Nadu,Erode,Thalavadi(Uzhavar Sandhai ),Carrot,Pusakesar,Local,31/07/2026,8500,9000,8750
Tamil Nadu,Erode,Thalavadi(Uzhavar Sandhai ),Onion Green,Onion Green,Local,31/07/2026,5000,5500,5250
Tamil Nadu,Erode,Thalavadi(Uzhavar Sandhai ),Mint(Pudina),Mint(Pudina),Local,31/07/2026,4400,4800,4600
Tamil Nadu,Kallakuruchi,Sankarapuram(Uzhavar Sandhai ),Onion,Bellary,Local,31/07/2026,4000,4000,4000
Tamil Nadu,Kallakuruchi,Sankarapuram(Uzhavar Sandhai ),Brinjal,Other,Local,31/07/2026,6000,6000,6000
Tamil Nadu,Kallakuruchi,Sankarapuram(Uzhavar Sandhai ),Coriander(Leaves),I Sort,Local,31/07/2026,6000,6000,6000
Tamil Nadu,Kallakuruchi,Sankarapuram(Uzhavar Sandhai ),Chikoos(Sapota),Sapota,Local,31/07/2026,5000,5000,5000
Tamil Nadu,Kallakuruchi,Sankarapuram(Uzhavar Sandhai ),Papaya,Papaya,Local,31/07/2026,3000,3000,3000
Tamil Nadu,Kallakuruchi,Sankarapuram(Uzhavar Sandhai ),Ridgeguard(Tori),Ridgeguard(Tori),Local,31/07/2026,6000,6000,6000
Tamil Nadu,Kallakuruchi,Sankarapuram(Uzhavar Sandhai ),Tender Coconut,Tender Coconut,Local,31/07/2026,3000,3000,3000
Tamil Nadu,Kancheepuram,Kancheepuram(Uzhavar Sandhai ),Banana,Red Banana,Local,31/07/2026,5000,6500,5750
Tamil Nadu,Kancheepuram,Kancheepuram(Uzhavar Sandhai ),Amaranthus,Amaranthus,Local,31/07/2026,3500,4000,3750
Tamil Nadu,Kancheepuram,Kancheepuram(Uzhavar Sandhai ),Drumstick,Drumstick,Local,31/07/2026,3000,4000,3500
Tamil Nadu,Kancheepuram,Kancheepuram(Uzhavar Sandhai ),Tender Coconut,Tender Coconut,Local,31/07/2026,2000,2500,2250
Tamil Nadu,Kancheepuram,Kancheepuram(Uzhavar Sandhai ),Lemon,Lemon,Local,31/07/2026,6000,7000,6500
Tamil Nadu,Kancheepuram,Kancheepuram(Uzhavar Sandhai ),Amla(Nelli Kai),Amla,Local,31/07/2026,7000,9000,8000
Tamil Nadu,Kancheepuram,Kancheepuram(Uzhavar Sandhai ),Sweet Corn ,Sweet Corn ,Local,31/07/2026,3000,3500,3250
Tamil Nadu,Kancheepuram,Kundrathur(Uzhavar Sandhai ),Grapes,Annabesahai,Local,31/07/2026,8000,8000,8000
Tamil Nadu,Kancheepuram,Kundrathur(Uzhavar Sandhai ),Potato,Other,Local,31/07/2026,2800,2800,2800
Tamil Nadu,Kancheepuram,Kundrathur(Uzhavar Sandhai ),Brinjal,Other,Local,31/07/2026,3500,4000,3750
Tamil Nadu,Kancheepuram,Kundrathur(Uzhavar Sandhai ),Bottle gourd,Bottle Gourd,Local,31/07/2026,3000,3000,3000
Tamil Nadu,Kancheepuram,Kundrathur(Uzhavar Sandhai ),Ashgourd,Gouard,Local,31/07/2026,2000,2000,2000
Tamil Nadu,Kancheepuram,Kundrathur(Uzhavar Sandhai ),Bhindi(Ladies Finger),Bhindi,Local,31/07/2026,3000,3000,3000
Tamil Nadu,Kancheepuram,Kundrathur(Uzhavar Sandhai ),Beetroot,Beetroot,Local,31/07/2026,4000,4500,4250
Tamil Nadu,Kancheepuram,Kundrathur(Uzhavar Sandhai ),Raddish,Raddish,Local,31/07/2026,3000,3000,3000
Tamil Nadu,Kancheepuram,Kundrathur(Uzhavar Sandhai ),Green Avare(W),Green Avare (W),Local,31/07/2026,4000,5000,4500
Tamil Nadu,Kancheepuram,Padappai(Uzhavar Sandhai ),Tomato,Local,Local,31/07/2026,1800,2500,2150
Tamil Nadu,Kancheepuram,Padappai(Uzhavar Sandhai ),Pumpkin,Pumpkin,Local,31/07/2026,1500,2500,2000
Tamil Nadu,Kancheepuram,Padappai(Uzhavar Sandhai ),Amaranthus,Amaranthus,Local,31/07/2026,3000,3500,3250
Tamil Nadu,Kancheepuram,Padappai(Uzhavar Sandhai ),Green Chilli,Green Chilly,Local,31/07/2026,4000,4500,4250
Tamil Nadu,Kancheepuram,Padappai(Uzhavar Sandhai ),Snakeguard,Snakeguard,Local,31/07/2026,3000,3500,3250
Tamil Nadu,Kancheepuram,Padappai(Uzhavar Sandhai ),Beetroot,Beetroot,Local,31/07/2026,3000,4000,3500
Tamil Nadu,Kancheepuram,Padappai(Uzhavar Sandhai ),Capsicum,Capsicum,Local,31/07/2026,4000,6000,5000
Tamil Nadu,Kancheepuram,Padappai(Uzhavar Sandhai ),Lemon,Lemon,Local,31/07/2026,6000,7000,6500
Tamil Nadu,Kancheepuram,Sunguvarchatram(Uzhavar Sandhai ),Cucumbar(Kheera),Cucumbar,Local,31/07/2026,3000,3000,3000
Tamil Nadu,Kancheepuram,Sunguvarchatram(Uzhavar Sandhai ),Raddish,Raddish,Local,31/07/2026,3000,3000,3000
Tamil Nadu,Kancheepuram,Sunguvarchatram(Uzhavar Sandhai ),Mango(Raw-Ripe),Mango - Raw-Ripe,Local,31/07/2026,2000,2500,2250
Tamil Nadu,Krishnagiri,Avallapalli(Uzhavar Sandhai ),Onion,Bellary,Local,31/07/2026,3500,4000,3750
Tamil Nadu,Krishnagiri,Avallapalli(Uzhavar Sandhai ),Cauliflower,Ranchi,Local,31/07/2026,3500,4000,3750
Tamil Nadu,Krishnagiri,Avallapalli(Uzhavar Sandhai ),Bhindi(Ladies Finger),Bhindi,Local,31/07/2026,3000,3500,3250
Tamil Nadu,Krishnagiri,Avallapalli(Uzhavar Sandhai ),Amaranthus,Amaranthus,Local,31/07/2026,5500,6000,5750
Tamil Nadu,Krishnagiri,Avallapalli(Uzhavar Sandhai ),Coconut,Coconut,Local,31/07/2026,5000,5500,5250
Tamil Nadu,Krishnagiri,Avallapalli(Uzhavar Sandhai ),Cabbage,Cabbage,Local,31/07/2026,2500,3000,2750
Tamil Nadu,Krishnagiri,Avallapalli(Uzhavar Sandhai ),Beetroot,Beetroot,Local,31/07/2026,4500,5000,4750
Tamil Nadu,Krishnagiri,Avallapalli(Uzhavar Sandhai ),Capsicum,Capsicum,Local,31/07/2026,4500,5000,4750
Tamil Nadu,Krishnagiri,Avallapalli(Uzhavar Sandhai ),Yam(Ratalu),Yam (Ratalu),Local,31/07/2026,4500,5000,4750
Tamil Nadu,Dharmapuri,Karimangalam(Uzhavar Sandhai),Potato,Other,Local,31/07/2026,2800,3000,2900
Tamil Nadu,Dharmapuri,Karimangalam(Uzhavar Sandhai),Tomato,Local,Local,31/07/2026,1200,1500,1350
Tamil Nadu,Dharmapuri,Karimangalam(Uzhavar Sandhai),Bitter gourd,Other,Local,31/07/2026,4500,5000,4750
Tamil Nadu,Dharmapuri,Karimangalam(Uzhavar Sandhai),Bottle gourd,Bottle Gourd,Local,31/07/2026,1800,2000,1900
Tamil Nadu,Dharmapuri,Karimangalam(Uzhavar Sandhai),Snakeguard,Snakeguard,Local,31/07/2026,2800,3000,2900
Tamil Nadu,Dharmapuri,Karimangalam(Uzhavar Sandhai),Chow Chow,Chow Chow,Local,31/07/2026,4400,4800,4600
Tamil Nadu,Dharmapuri,Karimangalam(Uzhavar Sandhai),Lemon,Lemon,Local,31/07/2026,8500,9000,8750
Tamil Nadu,Dharmapuri,Karimangalam(Uzhavar Sandhai),Amla(Nelli Kai),Amla,Local,31/07/2026,5500,6000,5750
Tamil Nadu,Krishnagiri,Denkanikottai(Uzhavar Sandhai ),Ashgourd,Gouard,Local,31/07/2026,2000,2500,2250
Tamil Nadu,Krishnagiri,Denkanikottai(Uzhavar Sandhai ),Amaranthus,Amaranthus,Local,31/07/2026,3000,4000,3500
Tamil Nadu,Krishnagiri,Denkanikottai(Uzhavar Sandhai ),Green Chilli,Green Chilly,Local,31/07/2026,5000,6000,5500
Tamil Nadu,Krishnagiri,Denkanikottai(Uzhavar Sandhai ),Elephant Yam(Suran)/Amorphophallus,Elephant Yam (Suran),Local,31/07/2026,4000,5000,4500
Tamil Nadu,Krishnagiri,Hosur(Uzhavar Sandhai ),Apple,American,Local,31/07/2026,25000,28000,26500
Tamil Nadu,Krishnagiri,Hosur(Uzhavar Sandhai ),Potato,Red Nanital,Local,31/07/2026,2000,2500,2250
Tamil Nadu,Krishnagiri,Hosur(Uzhavar Sandhai ),Garlic,Garlic,Local,31/07/2026,22000,24000,23000
Tamil Nadu,Krishnagiri,Hosur(Uzhavar Sandhai ),Amaranthus,Amaranthus,Local,31/07/2026,5000,6000,5500
Tamil Nadu,Krishnagiri,Hosur(Uzhavar Sandhai ),Banana - Green,Banana - Green,Local,31/07/2026,4500,5000,4750
Tamil Nadu,Krishnagiri,Hosur(Uzhavar Sandhai ),Beans,Beans (Whole),Local,31/07/2026,8000,10000,9000
Tamil Nadu,Krishnagiri,Hosur(Uzhavar Sandhai ),Coconut,Coconut,Local,31/07/2026,5000,5500,5250
Tamil Nadu,Krishnagiri,Hosur(Uzhavar Sandhai ),Cabbage,Cabbage,Local,31/07/2026,2000,2500,2250
Tamil Nadu,Krishnagiri,Hosur(Uzhavar Sandhai ),Thondekai,Thondekai,Local,31/07/2026,3500,4000,3750
Tamil Nadu,Krishnagiri,Hosur(Uzhavar Sandhai ),Karbuja(Musk Melon),Karbhuja,Local,31/07/2026,3000,3500,3250
Tamil Nadu,Krishnagiri,Hosur(Uzhavar Sandhai ),Tamarind Fruit,Tamarind Fruit,Local,31/07/2026,13000,15000,14000
Tamil Nadu,Krishnagiri,Krishnagiri(Uzhavar Sandhai ),Cauliflower,Ranchi,Local,31/07/2026,2500,3000,2750
Tamil Nadu,Krishnagiri,Krishnagiri(Uzhavar Sandhai ),Water Melon,Water Melon,Local,31/07/2026,1500,2000,1750
Tamil Nadu,Krishnagiri,Krishnagiri(Uzhavar Sandhai ),Cluster beans,Cluster Beans,Local,31/07/2026,3500,4000,3750
Tamil Nadu,Krishnagiri,Krishnagiri(Uzhavar Sandhai ),Pumpkin,Pumpkin,Local,31/07/2026,1800,2000,1900
Tamil Nadu,Krishnagiri,Krishnagiri(Uzhavar Sandhai ),Green Chilli,Green Chilly,Local,31/07/2026,3000,3500,3250
Tamil Nadu,Krishnagiri,Krishnagiri(Uzhavar Sandhai ),Cowpea(Veg),Cowpea (Veg),Local,31/07/2026,5500,6000,5750
Tamil Nadu,Krishnagiri,Krishnagiri(Uzhavar Sandhai ),Sweet Potato,Hosur Red,Local,31/07/2026,2600,2800,2700
Tamil Nadu,Krishnagiri,Krishnagiri(Uzhavar Sandhai ),Cabbage,Cabbage,Local,31/07/2026,3500,4000,3750
Tamil Nadu,Krishnagiri,Krishnagiri(Uzhavar Sandhai ),Capsicum,Capsicum,Local,31/07/2026,6500,7000,6750
Tamil Nadu,Krishnagiri,Krishnagiri(Uzhavar Sandhai ),Chow Chow,Chow Chow,Local,31/07/2026,4500,5000,4750
Tamil Nadu,Krishnagiri,Krishnagiri(Uzhavar Sandhai ),Amla(Nelli Kai),Amla,Local,31/07/2026,8000,9000,8500
Tamil Nadu,Krishnagiri,Krishnagiri(Uzhavar Sandhai ),Rose(Local),Rose (Local),Local,31/07/2026,20000,22000,21000
Tamil Nadu,Madurai,Anaiyur(Uzhavar Sandhai ),Soyabean,Local,Local,31/07/2026,9000,10000,9500
Tamil Nadu,Madurai,Anaiyur(Uzhavar Sandhai ),Grapes,Annabesahai,Local,31/07/2026,10000,11000,10500
Tamil Nadu,Madurai,Anaiyur(Uzhavar Sandhai ),Banana - Green,Banana - Green,Local,31/07/2026,2500,3000,2750
Tamil Nadu,Madurai,Anaiyur(Uzhavar Sandhai ),Tapioca,Tapioca,Local,31/07/2026,3500,4000,3750
Tamil Nadu,Madurai,Anaiyur(Uzhavar Sandhai ),Ginger(Green),Green Ginger,Local,31/07/2026,18000,22000,20000
Tamil Nadu,Madurai,Anaiyur(Uzhavar Sandhai ),Cabbage,Cabbage,Local,31/07/2026,3000,3500,3250
Tamil Nadu,Madurai,Anaiyur(Uzhavar Sandhai ),Ridgeguard(Tori),Ridgeguard(Tori),Local,31/07/2026,6000,6500,6250
Tamil Nadu,Madurai,Anaiyur(Uzhavar Sandhai ),Raddish,Raddish,Local,31/07/2026,2500,3000,2750
Tamil Nadu,Madurai,Anaiyur(Uzhavar Sandhai ),Mango(Raw-Ripe),Mango - Raw-Ripe,Local,31/07/2026,3000,3500,3250
Tamil Nadu,Madurai,Anaiyur(Uzhavar Sandhai ),Guava,Guava Allahabad,Local,31/07/2026,7000,8000,7500
Tamil Nadu,Madurai,Anaiyur(Uzhavar Sandhai ),Elephant Yam(Suran)/Amorphophallus,Elephant Yam (Suran),Local,31/07/2026,4000,4500,4250
Tamil Nadu,Madurai,Anaiyur(Uzhavar Sandhai ),Mashrooms,Mashrooms,Local,31/07/2026,25000,27000,26000
Tamil Nadu,Madurai,Anaiyur(Uzhavar Sandhai ),Onion Green,Onion Green,Local,31/07/2026,6000,6500,6250
Tamil Nadu,Madurai,Anaiyur(Uzhavar Sandhai ),Mint(Pudina),Mint(Pudina),Local,31/07/2026,4000,4500,4250
Tamil Nadu,Madurai,Usilampatti(Uzhavar Sandhai ),Coriander(Leaves),I Sort,Local,31/07/2026,4500,5000,4750
Tamil Nadu,Madurai,Usilampatti(Uzhavar Sandhai ),Cluster beans,Cluster Beans,Local,31/07/2026,3000,3600,3300
Tamil Nadu,Madurai,Usilampatti(Uzhavar Sandhai ),Bottle gourd,Bottle Gourd,Local,31/07/2026,2600,2800,2700
Tamil Nadu,Madurai,Usilampatti(Uzhavar Sandhai ),Ridgeguard(Tori),Ridgeguard(Tori),Local,31/07/2026,5500,6000,5750
Tamil Nadu,Madurai,Usilampatti(Uzhavar Sandhai ),Drumstick,Drumstick,Local,31/07/2026,5000,6000,5500
Tamil Nadu,Madurai,Usilampatti(Uzhavar Sandhai ),Indian Beans(Seam),Indian Beans (Seam),Local,31/07/2026,5000,5500,5250
Tamil Nadu,Nagapattinam,Nagapattinam(Uzhavar Sandhai ),Groundnut,Big (With Shell),Local,31/07/2026,4700,5500,5100
Tamil Nadu,Nagapattinam,Nagapattinam(Uzhavar Sandhai ),Banana,Karpura,Local,31/07/2026,6000,6000,6000
Tamil Nadu,Nagapattinam,Nagapattinam(Uzhavar Sandhai ),Mango,Other,Local,31/07/2026,6000,6000,6000
Tamil Nadu,Nagapattinam,Nagapattinam(Uzhavar Sandhai ),Brinjal,Round,Local,31/07/2026,5300,5300,5300
Tamil Nadu,Nagapattinam,Nagapattinam(Uzhavar Sandhai ),Cluster beans,Cluster Beans,Local,31/07/2026,3800,4200,4000
Tamil Nadu,Nagapattinam,Nagapattinam(Uzhavar Sandhai ),Bhindi(Ladies Finger),Bhindi,Local,31/07/2026,6400,6400,6400
Tamil Nadu,Nagapattinam,Nagapattinam(Uzhavar Sandhai ),Green Chilli,Green Chilly,Local,31/07/2026,3000,4000,3500
Tamil Nadu,Nagapattinam,Nagapattinam(Uzhavar Sandhai ),Banana - Green,Banana - Green,Local,31/07/2026,2500,3300,2900
Tamil Nadu,Nagapattinam,Nagapattinam(Uzhavar Sandhai ),Carrot,Pusakesar,Local,31/07/2026,10700,10700,10700
Tamil Nadu,Nagapattinam,Sirkali(Uzhavar Sandhai ),Banana,Besrai,Local,31/07/2026,4000,5000,4500
Tamil Nadu,Nagapattinam,Sirkali(Uzhavar Sandhai ),Cluster beans,Cluster Beans,Local,31/07/2026,4500,5000,4750
Tamil Nadu,Nagapattinam,Sirkali(Uzhavar Sandhai ),Ashgourd,Gouard,Local,31/07/2026,2500,3000,2750
Tamil Nadu,Nagapattinam,Sirkali(Uzhavar Sandhai ),Pumpkin,Pumpkin,Local,31/07/2026,2500,3000,2750
Tamil Nadu,Nagapattinam,Sirkali(Uzhavar Sandhai ),Amaranthus,Amaranthus,Local,31/07/2026,1500,2000,1750
Tamil Nadu,Nagapattinam,Sirkali(Uzhavar Sandhai ),Yam(Ratalu),Yam (Ratalu),Local,31/07/2026,5500,6000,5750
Tamil Nadu,Nagapattinam,Sirkali(Uzhavar Sandhai ),Onion Green,Onion Green,Local,31/07/2026,5500,6000,5750
Tamil Nadu,Namakkal,Kumarapalayam(Uzhavar Sandhai ),Onion,Bellary,Local,31/07/2026,4000,4500,4250
Tamil Nadu,Namakkal,Kumarapalayam(Uzhavar Sandhai ),Brinjal,Round,Local,31/07/2026,4400,4800,4600
Tamil Nadu,Namakkal,Kumarapalayam(Uzhavar Sandhai ),Water Melon,Water Melon,Local,31/07/2026,1500,2000,1750
Tamil Nadu,Namakkal,Kumarapalayam(Uzhavar Sandhai ),Tomato,Deshi,Local,31/07/2026,1800,2200,2000
Tamil Nadu,Namakkal,Kumarapalayam(Uzhavar Sandhai ),Bitter gourd,Bitter Gourd,Local,31/07/2026,4500,5000,4750
Tamil Nadu,Namakkal,Kumarapalayam(Uzhavar Sandhai ),Carrot,Pusakesar,Local,31/07/2026,8500,9500,9000
Tamil Nadu,Namakkal,Kumarapalayam(Uzhavar Sandhai ),Raddish,Raddish,Local,31/07/2026,2500,3000,2750
Tamil Nadu,Namakkal,Kumarapalayam(Uzhavar Sandhai ),Lemon,Lemon,Local,31/07/2026,4500,5000,4750
Tamil Nadu,Namakkal,Kumarapalayam(Uzhavar Sandhai ),Mint(Pudina),Mint(Pudina),Local,31/07/2026,5000,5500,5250
Tamil Nadu,Namakkal,Mohanur(Uzhavar Sandhai ),Pumpkin,Pumpkin,Local,31/07/2026,2500,3000,2750
Tamil Nadu,Namakkal,Mohanur(Uzhavar Sandhai ),Bhindi(Ladies Finger),Bhindi,Local,31/07/2026,4000,4800,4400
Tamil Nadu,Namakkal,Mohanur(Uzhavar Sandhai ),Carrot,Pusakesar,Local,31/07/2026,8000,9000,8500
Tamil Nadu,Namakkal,Mohanur(Uzhavar Sandhai ),Beetroot,Beetroot,Local,31/07/2026,6000,7000,6500
Tamil Nadu,Namakkal,Mohanur(Uzhavar Sandhai ),Raddish,Raddish,Local,31/07/2026,3500,4000,3750
Tamil Nadu,Namakkal,Mohanur(Uzhavar Sandhai ),Chow Chow,Chow Chow,Local,31/07/2026,4500,5000,4750
Tamil Nadu,Namakkal,Mohanur(Uzhavar Sandhai ),Lemon,Lemon,Local,31/07/2026,5000,6000,5500
Tamil Nadu,Namakkal,Mohanur(Uzhavar Sandhai ),Onion Green,Onion Green,Local,31/07/2026,4000,5000,4500
Tamil Nadu,Namakkal,Namakkal(Uzhavar Sandhai ),Lime,Lime,Local,31/07/2026,3500,4000,3750
Tamil Nadu,Namakkal,Namakkal(Uzhavar Sandhai ),Groundnut,Big (With Shell),Local,31/07/2026,7000,7500,7250
Tamil Nadu,Namakkal,Namakkal(Uzhavar Sandhai ),Banana,Red Banana,Local,31/07/2026,6500,7000,6750
Tamil Nadu,Namakkal,Namakkal(Uzhavar Sandhai ),Mango,Neelam,Local,31/07/2026,5000,7000,6000
Tamil Nadu,Namakkal,Namakkal(Uzhavar Sandhai ),Coriander(Leaves),I Sort,Local,31/07/2026,9000,10000,9500
Tamil Nadu,Namakkal,Namakkal(Uzhavar Sandhai ),Cluster beans,Cluster Beans,Local,31/07/2026,3000,3600,3300
Tamil Nadu,Namakkal,Namakkal(Uzhavar Sandhai ),Bottle gourd,Bottle Gourd,Local,31/07/2026,1500,2000,1750
Tamil Nadu,Namakkal,Namakkal(Uzhavar Sandhai ),Ashgourd,Gouard,Local,31/07/2026,2500,3000,2750
Tamil Nadu,Namakkal,Namakkal(Uzhavar Sandhai ),Carrot,Pusakesar,Local,31/07/2026,10000,10500,10250
Tamil Nadu,Namakkal,Namakkal(Uzhavar Sandhai ),Beetroot,Beetroot,Local,31/07/2026,8000,8600,8300
Tamil Nadu,Namakkal,Namakkal(Uzhavar Sandhai ),Cucumbar(Kheera),Cucumbar,Local,31/07/2026,7000,9000,8000
Tamil Nadu,Namakkal,Namakkal(Uzhavar Sandhai ),Raddish,Raddish,Local,31/07/2026,3000,3500,3250
Tamil Nadu,Namakkal,Namakkal(Uzhavar Sandhai ),Tender Coconut,Tender Coconut,Local,31/07/2026,2000,3500,2750
Tamil Nadu,Namakkal,Namakkal(Uzhavar Sandhai ),Jasmine,Jasmine,Local,31/07/2026,38000,40000,39000
Tamil Nadu,Namakkal,Namakkal(Uzhavar Sandhai ),Mashrooms,Mashrooms,Local,31/07/2026,20000,25000,22500
Tamil Nadu,Namakkal,Namakkal(Uzhavar Sandhai ),Sweet Corn ,Sweet Corn ,Local,31/07/2026,4500,5000,4750
Tamil Nadu,Namakkal,Paramathivelur(Uzhavar Sandhai ),Papaya,Papaya,Local,31/07/2026,3000,3500,3250
Tamil Nadu,Namakkal,Paramathivelur(Uzhavar Sandhai ),Tomato,Other,Local,31/07/2026,1800,2200,2000
Tamil Nadu,Namakkal,Paramathivelur(Uzhavar Sandhai ),Bitter gourd,Other,Local,31/07/2026,6300,7000,6650
Tamil Nadu,Namakkal,Paramathivelur(Uzhavar Sandhai ),Ashgourd,Gouard,Local,31/07/2026,2600,3000,2800
Tamil Nadu,Namakkal,Paramathivelur(Uzhavar Sandhai ),Beetroot,Beetroot,Local,31/07/2026,7700,8500,8100
Tamil Nadu,Namakkal,Paramathivelur(Uzhavar Sandhai ),Lemon,Lemon,Local,31/07/2026,5400,6000,5700
Tamil Nadu,Namakkal,Paramathivelur(Uzhavar Sandhai ),Onion Green,Onion Green,Local,31/07/2026,5800,6500,6150
Tamil Nadu,Namakkal,Rasipuram(Uzhavar Sandhai ),Banana,Red Banana,Local,31/07/2026,6000,7000,6500
Tamil Nadu,Namakkal,Rasipuram(Uzhavar Sandhai ),Pineapple,Pine Apple,Local,31/07/2026,4500,5500,5000
Tamil Nadu,Namakkal,Rasipuram(Uzhavar Sandhai ),Amaranthus,Amaranthus,Local,31/07/2026,3500,4000,3750
Tamil Nadu,Namakkal,Rasipuram(Uzhavar Sandhai ),Banana - Green,Banana - Green,Local,31/07/2026,3500,4000,3750
Tamil Nadu,Namakkal,Rasipuram(Uzhavar Sandhai ),Beans,Beans (Whole),Local,31/07/2026,10000,11000,10500
Tamil Nadu,Namakkal,Rasipuram(Uzhavar Sandhai ),Raddish,Raddish,Local,31/07/2026,3000,3500,3250
Tamil Nadu,Namakkal,Rasipuram(Uzhavar Sandhai ),Mango(Raw-Ripe),Mango - Raw-Ripe,Local,31/07/2026,3000,4000,3500
Tamil Nadu,Namakkal,Rasipuram(Uzhavar Sandhai ),Fig(Anjura/Anjeer),Anjura,Local,31/07/2026,13000,15000,14000
Tamil Nadu,Namakkal,Rasipuram(Uzhavar Sandhai ),Custard Apple(Sharifa),Custard Apple(Sharifa),Local,31/07/2026,3500,4000,3750
Tamil Nadu,Namakkal,Rasipuram(Uzhavar Sandhai ),Amla(Nelli Kai),Amla,Local,31/07/2026,8500,9000,8750
Tamil Nadu,Madurai,Palanganatham(Uzhavar Sandhai ),Onion,Bellary,Local,31/07/2026,3000,4000,3500
Tamil Nadu,Madurai,Palanganatham(Uzhavar Sandhai ),Papaya,Papaya,Local,31/07/2026,4000,4500,4250
Tamil Nadu,Madurai,Palanganatham(Uzhavar Sandhai ),Bitter gourd,Bitter Gourd,Local,31/07/2026,6000,6500,6250
Tamil Nadu,Madurai,Palanganatham(Uzhavar Sandhai ),Coconut,Coconut,Local,31/07/2026,6000,6500,6250
Tamil Nadu,Madurai,Palanganatham(Uzhavar Sandhai ),Betal Leaves,Mysore,Local,31/07/2026,20000,24000,22000
Tamil Nadu,Madurai,Palanganatham(Uzhavar Sandhai ),Snakeguard,Snakeguard,Local,31/07/2026,3000,3600,3300
Tamil Nadu,Madurai,Palanganatham(Uzhavar Sandhai ),Mango(Raw-Ripe),Mango - Raw-Ripe,Local,31/07/2026,3000,4000,3500
Tamil Nadu,Madurai,Palanganatham(Uzhavar Sandhai ),Guava,Guava Allahabad,Local,31/07/2026,7000,8000,7500
Tamil Nadu,Madurai,Palanganatham(Uzhavar Sandhai ),Yam(Ratalu),Yam (Ratalu),Local,31/07/2026,7000,8000,7500
Tamil Nadu,Madurai,Palanganatham(Uzhavar Sandhai ),Lemon,Lemon,Local,31/07/2026,7000,8000,7500
Tamil Nadu,Madurai,Anna nagar(Uzhavar Sandhai ),Cauliflower,Ranchi,Local,31/07/2026,4000,4000,4000
Tamil Nadu,Madurai,Anna nagar(Uzhavar Sandhai ),Brinjal,Other,Local,31/07/2026,3600,3600,3600
Tamil Nadu,Madurai,Anna nagar(Uzhavar Sandhai ),Snakeguard,Snakeguard,Local,31/07/2026,4200,4200,4200
Tamil Nadu,Madurai,Anna nagar(Uzhavar Sandhai ),Green Avare(W),Other,Local,31/07/2026,8800,8800,8800
Tamil Nadu,Madurai,Anna nagar(Uzhavar Sandhai ),Pomegranate,Pomogranate,Local,31/07/2026,22000,22000,22000
Tamil Nadu,Madurai,Anna nagar(Uzhavar Sandhai ),Yam(Ratalu),Yam (Ratalu),Local,31/07/2026,8600,8600,8600
Tamil Nadu,Madurai,Anna nagar(Uzhavar Sandhai ),Colacasia,Colacasia,Local,31/07/2026,5000,5000,5000
Tamil Nadu,Madurai,Anna nagar(Uzhavar Sandhai ),Amla(Nelli Kai),Amla,Local,31/07/2026,6000,6500,6250
Tamil Nadu,Perambalur,Perambalur(Uzhavar Sandhai ),Groundnut,Big (With Shell),Local,31/07/2026,8000,9000,8500
Tamil Nadu,Perambalur,Perambalur(Uzhavar Sandhai ),Onion,Bellary,Local,31/07/2026,4000,4200,4100
Tamil Nadu,Perambalur,Perambalur(Uzhavar Sandhai ),Cluster beans,Cluster Beans,Local,31/07/2026,5000,5000,5000
Tamil Nadu,Perambalur,Perambalur(Uzhavar Sandhai ),Bottle gourd,Bottle Gourd,Local,31/07/2026,1800,2200,2000
Tamil Nadu,Perambalur,Perambalur(Uzhavar Sandhai ),Ashgourd,Gouard,Local,31/07/2026,2000,2400,2200
Tamil Nadu,Perambalur,Perambalur(Uzhavar Sandhai ),Green Chilli,Green Chilly,Local,31/07/2026,5000,6000,5500
Tamil Nadu,Perambalur,Perambalur(Uzhavar Sandhai ),Coconut,Coconut,Local,31/07/2026,5000,6000,5500
Tamil Nadu,Perambalur,Perambalur(Uzhavar Sandhai ),Thondekai,Thondekai,Local,31/07/2026,5800,6200,6000
Tamil Nadu,Perambalur,Perambalur(Uzhavar Sandhai ),Indian Beans(Seam),Indian Beans (Seam),Local,31/07/2026,8000,8000,8000
Tamil Nadu,Perambalur,Perambalur(Uzhavar Sandhai ),Lemon,Lemon,Local,31/07/2026,8000,10000,9000
Tamil Nadu,Perambalur,Perambalur(Uzhavar Sandhai ),Onion Green,Onion Green,Local,31/07/2026,4000,6000,5000
Tamil Nadu,Salem,Mecheri(Uzhavar Sandhai),Tomato,Deshi,Local,31/07/2026,1500,1800,1650
Tamil Nadu,Salem,Mecheri(Uzhavar Sandhai),Bhindi(Ladies Finger),Bhindi,Local,31/07/2026,3000,3500,3250
Tamil Nadu,Salem,Mecheri(Uzhavar Sandhai),Drumstick,Drumstick,Local,31/07/2026,4000,5000,4500
Tamil Nadu,Ranipet,Arcot(Uzhavar Sandhai ),Pumpkin,Pumpkin,Local,31/07/2026,3000,3000,3000
Tamil Nadu,Ranipet,Arcot(Uzhavar Sandhai ),Green Chilli,Green Chilly,Local,31/07/2026,6000,6000,6000
Tamil Nadu,Ranipet,Arcot(Uzhavar Sandhai ),Raddish,Raddish,Local,31/07/2026,4000,4000,4000
Tamil Nadu,Ranipet,Arcot(Uzhavar Sandhai ),Thondekai,Thondekai,Local,31/07/2026,4000,4000,4000
Tamil Nadu,Ranipet,Arcot(Uzhavar Sandhai ),Capsicum,Capsicum,Local,31/07/2026,8000,8000,8000
Tamil Nadu,Ranipet,Arcot(Uzhavar Sandhai ),Elephant Yam(Suran)/Amorphophallus,Elephant Yam (Suran),Local,31/07/2026,6000,6000,6000
Tamil Nadu,Ranipet,Ranipettai(Uzhavar Sandhai ),Amaranthus,Amaranthus,Local,31/07/2026,3000,3000,3000
Tamil Nadu,Ranipet,Ranipettai(Uzhavar Sandhai ),Tapioca,Tapioca,Local,31/07/2026,3000,3000,3000
Tamil Nadu,Ranipet,Ranipettai(Uzhavar Sandhai ),Sweet Potato,Hosur Red,Local,31/07/2026,4000,4000,4000
Tamil Nadu,Ranipet,Ranipettai(Uzhavar Sandhai ),Ridgeguard(Tori),Ridgeguard(Tori),Local,31/07/2026,5000,5600,5300
Tamil Nadu,Ranipet,Ranipettai(Uzhavar Sandhai ),Knool Khol,Knool Khol,Local,31/07/2026,4500,4500,4500
Tamil Nadu,Ranipet,Ranipettai(Uzhavar Sandhai ),Guava,Guava Allahabad,Local,31/07/2026,6000,8000,7000
Tamil Nadu,Ranipet,Ranipettai(Uzhavar Sandhai ),Indian Beans(Seam),Indian Beans (Seam),Local,31/07/2026,6000,6000,6000
Tamil Nadu,Ranipet,Ranipettai(Uzhavar Sandhai ),Lemon,Lemon,Local,31/07/2026,6000,8000,7000
Tamil Nadu,Ranipet,Ranipettai(Uzhavar Sandhai ),Onion Green,Onion Green,Local,31/07/2026,5000,5600,5300
Tamil Nadu,Ranipet,Ranipettai(Uzhavar Sandhai ),Tube Rose(Loose),Tube Rose (Loose),Local,31/07/2026,21000,21000,21000
Tamil Nadu,Salem,Ammapet(Uzhavar Sandhai ),Apple,American,Local,31/07/2026,24000,25000,24500
Tamil Nadu,Salem,Ammapet(Uzhavar Sandhai ),Orange,Darjeeling,Local,31/07/2026,8000,9000,8500
Tamil Nadu,Salem,Ammapet(Uzhavar Sandhai ),Cauliflower,Ranchi,Local,31/07/2026,2400,3000,2700
Tamil Nadu,Salem,Ammapet(Uzhavar Sandhai ),Mousambi(Sweet Lime),Mousambi,Local,31/07/2026,3600,4000,3800
Tamil Nadu,Salem,Ammapet(Uzhavar Sandhai ),Tomato,Local,Local,31/07/2026,1200,1500,1350
Tamil Nadu,Salem,Ammapet(Uzhavar Sandhai ),Bhindi(Ladies Finger),Bhindi,Local,31/07/2026,3000,3500,3250
Tamil Nadu,Salem,Ammapet(Uzhavar Sandhai ),Amaranthus,Amaranthus,Local,31/07/2026,2400,2800,2600
Tamil Nadu,Salem,Ammapet(Uzhavar Sandhai ),Green Chilli,Green Chilly,Local,31/07/2026,4500,4800,4650
Tamil Nadu,Salem,Ammapet(Uzhavar Sandhai ),Sweet Potato,Hosur Red,Local,31/07/2026,3800,4000,3900
Tamil Nadu,Salem,Ammapet(Uzhavar Sandhai ),Snakeguard,Snakeguard,Local,31/07/2026,3800,4000,3900
Tamil Nadu,Salem,Ammapet(Uzhavar Sandhai ),Green Avare(W),Other,Local,31/07/2026,5200,5500,5350
Tamil Nadu,Salem,Ammapet(Uzhavar Sandhai ),Lemon,Lemon,Local,31/07/2026,4500,5000,4750
Tamil Nadu,Salem,Ammapet(Uzhavar Sandhai ),Onion Green,Onion Green,Local,31/07/2026,4500,5000,4750
Tamil Nadu,Salem,Mettur(Uzhavar Sandhai ),Onion,Bellary,Local,31/07/2026,3500,4000,3750
Tamil Nadu,Salem,Mettur(Uzhavar Sandhai ),Papaya,Papaya,Local,31/07/2026,2500,3000,2750
Tamil Nadu,Salem,Mettur(Uzhavar Sandhai ),Tomato,Local,Local,31/07/2026,1500,1800,1650
Tamil Nadu,Salem,Mettur(Uzhavar Sandhai ),Cluster beans,Cluster Beans,Local,31/07/2026,3000,3500,3250
Tamil Nadu,Salem,Mettur(Uzhavar Sandhai ),Ashgourd,Gouard,Local,31/07/2026,2000,2500,2250
Tamil Nadu,Salem,Mettur(Uzhavar Sandhai ),Amaranthus,Amaranthus,Local,31/07/2026,2000,2500,2250
Tamil Nadu,Salem,Mettur(Uzhavar Sandhai ),Cowpea(Veg),Cowpea (Veg),Local,31/07/2026,5500,6000,5750
Tamil Nadu,Salem,Mettur(Uzhavar Sandhai ),Ginger(Green),Green Ginger,Local,31/07/2026,19000,20000,19500
Tamil Nadu,Salem,Mettur(Uzhavar Sandhai ),Carrot,Pusakesar,Local,31/07/2026,9000,10000,9500
Tamil Nadu,Salem,Mettur(Uzhavar Sandhai ),Raddish,Raddish,Local,31/07/2026,2500,3000,2750
Tamil Nadu,Salem,Mettur(Uzhavar Sandhai ),Guava,Guava Allahabad,Local,31/07/2026,5000,6000,5500
Tamil Nadu,Salem,Mettur(Uzhavar Sandhai ),Lemon,Lemon,Local,31/07/2026,6500,7000,6750
Tamil Nadu,Salem,Mettur(Uzhavar Sandhai ),Onion Green,Onion Green,Local,31/07/2026,4500,5000,4750
Tamil Nadu,Salem,Sooramangalam(Uzhavar Sandhai ),Onion,Bellary,Local,31/07/2026,3500,4000,3750
Tamil Nadu,Salem,Sooramangalam(Uzhavar Sandhai ),Potato,Other,Local,31/07/2026,6000,6600,6300
Tamil Nadu,Salem,Sooramangalam(Uzhavar Sandhai ),Brinjal,Other,Local,31/07/2026,3800,4000,3900
Tamil Nadu,Salem,Sooramangalam(Uzhavar Sandhai ),Bottle gourd,Bottle Gourd,Local,31/07/2026,2000,3000,2500
Tamil Nadu,Salem,Sooramangalam(Uzhavar Sandhai ),Bhindi(Ladies Finger),Bhindi,Local,31/07/2026,3000,3400,3200
Tamil Nadu,Salem,Sooramangalam(Uzhavar Sandhai ),Banana - Green,Banana - Green,Local,31/07/2026,2000,2400,2200
Tamil Nadu,Salem,Sooramangalam(Uzhavar Sandhai ),Beetroot,Beetroot,Local,31/07/2026,7000,7400,7200
Tamil Nadu,Salem,Sooramangalam(Uzhavar Sandhai ),Raddish,Raddish,Local,31/07/2026,2800,3000,2900
Tamil Nadu,Salem,Sooramangalam(Uzhavar Sandhai ),Chow Chow,Chow Chow,Local,31/07/2026,3500,4000,3750
Tamil Nadu,Salem,Sooramangalam(Uzhavar Sandhai ),Mango(Raw-Ripe),Mango - Raw-Ripe,Local,31/07/2026,3000,4000,3500
Tamil Nadu,Salem,Sooramangalam(Uzhavar Sandhai ),Amla(Nelli Kai),Amla,Local,31/07/2026,5000,6000,5500
Tamil Nadu,Salem,Sooramangalam(Uzhavar Sandhai ),Baby Corn,Baby Corn,Grade A,31/07/2026,2500,3000,2750
Tamil Nadu,Salem,Thammampatti (Uzhavar Sandhai ),Brinjal,Round,Local,31/07/2026,3500,4000,3750
Tamil Nadu,Salem,Thammampatti (Uzhavar Sandhai ),Chikoos(Sapota),Sapota,Local,31/07/2026,4000,4000,4000
Tamil Nadu,Salem,Thammampatti (Uzhavar Sandhai ),Water Melon,Water Melon,Local,31/07/2026,2000,2500,2250
Tamil Nadu,Salem,Thammampatti (Uzhavar Sandhai ),Cluster beans,Cluster Beans,Local,31/07/2026,4500,5000,4750
Tamil Nadu,Salem,Thammampatti (Uzhavar Sandhai ),Bitter gourd,Bitter Gourd,Local,31/07/2026,5000,5500,5250
Tamil Nadu,Salem,Thammampatti (Uzhavar Sandhai ),Bhindi(Ladies Finger),Bhindi,Local,31/07/2026,3000,3500,3250
Tamil Nadu,Salem,Thammampatti (Uzhavar Sandhai ),Green Chilli,Green Chilly,Local,31/07/2026,4000,4500,4250
Tamil Nadu,Salem,Thammampatti (Uzhavar Sandhai ),Ridgeguard(Tori),Ridgeguard(Tori),Local,31/07/2026,4500,5000,4750
Tamil Nadu,Salem,Thammampatti (Uzhavar Sandhai ),Chow Chow,Chow Chow,Local,31/07/2026,4000,4000,4000
Tamil Nadu,Salem,Thammampatti (Uzhavar Sandhai ),Guava,Guava Allahabad,Local,31/07/2026,6000,6000,6000
Tamil Nadu,Salem,Thammampatti (Uzhavar Sandhai ),Onion Green,Onion Green,Local,31/07/2026,4000,5000,4500
Tamil Nadu,Salem,Thathakapatti(Uzhavar Sandhai ),Sweet Corn ,Sweet Corn ,Local,31/07/2026,3000,4500,3750
Tamil Nadu,Salem,Thathakapatti(Uzhavar Sandhai ),Onion,Bellary,Local,31/07/2026,3000,4000,3500
Tamil Nadu,Salem,Thathakapatti(Uzhavar Sandhai ),Brinjal,Round,Local,31/07/2026,4000,4600,4300
Tamil Nadu,Salem,Thathakapatti(Uzhavar Sandhai ),Cluster beans,Cluster Beans,Local,31/07/2026,3000,3400,3200
Tamil Nadu,Salem,Thathakapatti(Uzhavar Sandhai ),Pumpkin,Pumpkin,Local,31/07/2026,2400,2400,2400
Tamil Nadu,Salem,Thathakapatti(Uzhavar Sandhai ),Tapioca,Tapioca,Local,31/07/2026,2500,3000,2750
Tamil Nadu,Salem,Thathakapatti(Uzhavar Sandhai ),Ginger(Green),Green Ginger,Local,31/07/2026,15000,20000,17500
Tamil Nadu,Salem,Thathakapatti(Uzhavar Sandhai ),Cucumbar(Kheera),Cucumbar,Local,31/07/2026,4000,4000,4000
Tamil Nadu,Salem,Thathakapatti(Uzhavar Sandhai ),Ridgeguard(Tori),Ridgeguard(Tori),Local,31/07/2026,3000,4500,3750
Tamil Nadu,Salem,Thathakapatti(Uzhavar Sandhai ),Thondekai,Thondekai,Local,31/07/2026,4000,5000,4500
Tamil Nadu,Salem,Thathakapatti(Uzhavar Sandhai ),Drumstick,Drumstick,Local,31/07/2026,4000,5000,4500
Tamil Nadu,Salem,Thathakapatti(Uzhavar Sandhai ),Pomegranate,Pomogranate,Local,31/07/2026,15000,18000,16500
Tamil Nadu,Salem,Thathakapatti(Uzhavar Sandhai ),Elephant Yam(Suran)/Amorphophallus,Elephant Yam (Suran),Local,31/07/2026,4000,5000,4500
Tamil Nadu,Salem,Thathakapatti(Uzhavar Sandhai ),Yam(Ratalu),Yam (Ratalu),Local,31/07/2026,7000,8000,7500
Tamil Nadu,Salem,Thathakapatti(Uzhavar Sandhai ),Rose(Local),Rose (Local),Local,31/07/2026,18000,20000,19000
Tamil Nadu,Tenkasi,Sankarankoil(Uzhavar Sandhai ),Brinjal,Round,Local,31/07/2026,3000,4000,3500
Tamil Nadu,Tenkasi,Sankarankoil(Uzhavar Sandhai ),Tomato,Deshi,Local,31/07/2026,2000,2000,2000
Tamil Nadu,Tenkasi,Sankarankoil(Uzhavar Sandhai ),Amaranthus,Amaranthus,Local,31/07/2026,2000,2000,2000
Tamil Nadu,Tenkasi,Sankarankoil(Uzhavar Sandhai ),Onion Green,Onion Green,Local,31/07/2026,4000,6000,5000
Tamil Nadu,Tenkasi,Tenkasi(Uzhavar Sandhai ),Cauliflower,Ranchi,Local,31/07/2026,5000,5000,5000
Tamil Nadu,Tenkasi,Tenkasi(Uzhavar Sandhai ),Bottle gourd,Bottle Gourd,Local,31/07/2026,1500,1500,1500
Tamil Nadu,Tenkasi,Tenkasi(Uzhavar Sandhai ),Ashgourd,Gouard,Local,31/07/2026,2000,2000,2000
Tamil Nadu,Tenkasi,Tenkasi(Uzhavar Sandhai ),Cucumbar(Kheera),Cucumbar,Local,31/07/2026,5000,5000,5000
Tamil Nadu,Tenkasi,Tenkasi(Uzhavar Sandhai ),Capsicum,Capsicum,Local,31/07/2026,7500,7500,7500
Tamil Nadu,Tenkasi,Tenkasi(Uzhavar Sandhai ),Elephant Yam(Suran)/Amorphophallus,Elephant Yam (Suran),Local,31/07/2026,4000,4000,4000
Tamil Nadu,Pudukkottai,Pudukottai(Uzhavar Sandhai ),Cauliflower,Ranchi,Local,31/07/2026,5000,6000,5500
Tamil Nadu,Pudukkottai,Pudukottai(Uzhavar Sandhai ),Coriander(Leaves),I Sort,Local,31/07/2026,5000,6000,5500
Tamil Nadu,Pudukkottai,Pudukottai(Uzhavar Sandhai ),Water Melon,Water Melon,Local,31/07/2026,1000,1500,1250
Tamil Nadu,Pudukkottai,Pudukottai(Uzhavar Sandhai ),Pumpkin,Pumpkin,Local,31/07/2026,1000,1500,1250
Tamil Nadu,Pudukkottai,Pudukottai(Uzhavar Sandhai ),Coconut,Coconut,Local,31/07/2026,3000,4000,3500
Tamil Nadu,Pudukkottai,Pudukottai(Uzhavar Sandhai ),Cabbage,Cabbage,Local,31/07/2026,4000,4500,4250
Tamil Nadu,Pudukkottai,Pudukottai(Uzhavar Sandhai ),Beetroot,Beetroot,Local,31/07/2026,5000,5500,5250
Tamil Nadu,Pudukkottai,Pudukottai(Uzhavar Sandhai ),Mango(Raw-Ripe),Mango - Raw-Ripe,Local,31/07/2026,3500,4000,3750
Tamil Nadu,Thanjavur,Kumbakonam (Uzhavar Sandhai ),Mango,Safeda,Local,31/07/2026,3000,9000,6000
Tamil Nadu,Thanjavur,Kumbakonam (Uzhavar Sandhai ),Onion,Bellary,Local,31/07/2026,3600,4800,4200
Tamil Nadu,Thanjavur,Kumbakonam (Uzhavar Sandhai ),Potato,Red Nanital,Local,31/07/2026,3000,3600,3300
Tamil Nadu,Thanjavur,Kumbakonam (Uzhavar Sandhai ),Cluster beans,Cluster Beans,Local,31/07/2026,4800,4800,4800
Tamil Nadu,Thanjavur,Kumbakonam (Uzhavar Sandhai ),Bitter gourd,Bitter Gourd,Local,31/07/2026,7200,7200,7200
Tamil Nadu,Thanjavur,Kumbakonam (Uzhavar Sandhai ),Bottle gourd,Bottle Gourd,Local,31/07/2026,3600,3600,3600
Tamil Nadu,Thanjavur,Kumbakonam (Uzhavar Sandhai ),Sweet Potato,Hosur Red,Local,31/07/2026,5000,5000,5000
Tamil Nadu,Thanjavur,Kumbakonam (Uzhavar Sandhai ),Beetroot,Beetroot,Local,31/07/2026,4800,6000,5400
Tamil Nadu,Thanjavur,Kumbakonam (Uzhavar Sandhai ),Lime,Lime,Local,31/07/2026,4000,4000,4000
Tamil Nadu,Thanjavur,Kumbakonam (Uzhavar Sandhai ),Elephant Yam(Suran)/Amorphophallus,Elephant Yam (Suran),Local,31/07/2026,4800,4800,4800
Tamil Nadu,Thanjavur,Kumbakonam (Uzhavar Sandhai ),Mint(Pudina),Mint(Pudina),Local,31/07/2026,6000,6000,6000
Tamil Nadu,The Nilgiris,Udhagamandalam(Uzhavar Sandhai ),Mango,Safeda,Local,31/07/2026,10000,12000,11000
Tamil Nadu,The Nilgiris,Udhagamandalam(Uzhavar Sandhai ),Cauliflower,Ranchi,Local,31/07/2026,4000,4500,4250
Tamil Nadu,The Nilgiris,Udhagamandalam(Uzhavar Sandhai ),Brinjal,Other,Local,31/07/2026,4000,4500,4250
Tamil Nadu,The Nilgiris,Udhagamandalam(Uzhavar Sandhai ),Mousambi(Sweet Lime),Mousambi,Local,31/07/2026,10000,15000,12500
Tamil Nadu,The Nilgiris,Udhagamandalam(Uzhavar Sandhai ),Bottle gourd,Bottle Gourd,Local,31/07/2026,3500,3800,3650
Tamil Nadu,The Nilgiris,Udhagamandalam(Uzhavar Sandhai ),Lime,Lime,Local,31/07/2026,13000,14000,13500
Tamil Nadu,The Nilgiris,Udhagamandalam(Uzhavar Sandhai ),Guava,Guava Allahabad,Local,31/07/2026,7000,8000,7500
Tamil Nadu,The Nilgiris,Udhagamandalam(Uzhavar Sandhai ),Lemon,Lemon,Local,31/07/2026,7000,8000,7500
Tamil Nadu,The Nilgiris,Udhagamandalam(Uzhavar Sandhai ),Amla(Nelli Kai),Amla,Local,31/07/2026,8000,9000,8500
Tamil Nadu,Theni,Andipatti(Uzhavar Sandhai ),Brinjal,Other,Local,31/07/2026,3600,3800,3700
Tamil Nadu,Theni,Andipatti(Uzhavar Sandhai ),Cluster beans,Cluster Beans,Local,31/07/2026,3200,3400,3300
Tamil Nadu,Theni,Andipatti(Uzhavar Sandhai ),Snakeguard,Snakeguard,Local,31/07/2026,2500,3000,2750
Tamil Nadu,Theni,Andipatti(Uzhavar Sandhai ),Beetroot,Beetroot,Local,31/07/2026,4600,4800,4700
Tamil Nadu,Theni,Andipatti(Uzhavar Sandhai ),Ridgeguard(Tori),Ridgeguard(Tori),Local,31/07/2026,4600,4800,4700
Tamil Nadu,Theni,Andipatti(Uzhavar Sandhai ),Drumstick,Drumstick,Local,31/07/2026,2500,3000,2750
Tamil Nadu,Theni,Andipatti(Uzhavar Sandhai ),Onion Green,Onion Green,Local,31/07/2026,5500,6000,5750
Tamil Nadu,Theni,Bodinayakanur(Uzhavar Sandhai ),Green Chilli,Green Chilly,Local,31/07/2026,4500,4500,4500
Tamil Nadu,Theni,Bodinayakanur(Uzhavar Sandhai ),Coconut,Coconut,Local,31/07/2026,5400,5400,5400
Tamil Nadu,Theni,Bodinayakanur(Uzhavar Sandhai ),Thondekai,Thondekai,Local,31/07/2026,4800,4800,4800
Tamil Nadu,Theni,Bodinayakanur(Uzhavar Sandhai ),Chow Chow,Chow Chow,Local,31/07/2026,2800,2800,2800
Tamil Nadu,Theni,Bodinayakanur(Uzhavar Sandhai ),Drumstick,Drumstick,Local,31/07/2026,3500,3500,3500
Tamil Nadu,Theni,Bodinayakanur(Uzhavar Sandhai ),Indian Beans(Seam),Indian Beans (Seam),Local,31/07/2026,5000,5000,5000
Tamil Nadu,Theni,Bodinayakanur(Uzhavar Sandhai ),Lemon,Lemon,Local,31/07/2026,6000,6000,6000
Tamil Nadu,Theni,Chinnamanur(Uzhavar Sandhai ),Garlic,Garlic,Local,31/07/2026,14000,24000,19000
Tamil Nadu,Theni,Chinnamanur(Uzhavar Sandhai ),Cauliflower,Ranchi,Local,31/07/2026,2000,3000,2500
Tamil Nadu,Theni,Chinnamanur(Uzhavar Sandhai ),Tomato,Local,Local,31/07/2026,2000,2000,2000
Tamil Nadu,Theni,Chinnamanur(Uzhavar Sandhai ),Bitter gourd,Other,Local,31/07/2026,4800,4800,4800
Tamil Nadu,Theni,Chinnamanur(Uzhavar Sandhai ),Green Chilli,Green Chilly,Local,31/07/2026,4600,4600,4600
Tamil Nadu,Theni,Chinnamanur(Uzhavar Sandhai ),Banana - Green,Banana - Green,Local,31/07/2026,3600,3600,3600
Tamil Nadu,Theni,Chinnamanur(Uzhavar Sandhai ),Thondekai,Thondekai,Local,31/07/2026,4800,4800,4800
Tamil Nadu,Theni,Kambam(Uzhavar Sandhai ),Onion,Bellary,Local,31/07/2026,3800,3800,3800
Tamil Nadu,Theni,Kambam(Uzhavar Sandhai ),Cauliflower,Ranchi,Local,31/07/2026,2500,3000,2750
Tamil Nadu,Theni,Kambam(Uzhavar Sandhai ),Bitter gourd,Bitter Gourd,Local,31/07/2026,4500,4800,4650
Tamil Nadu,Theni,Kambam(Uzhavar Sandhai ),Green Chilli,Green Chilly,Local,31/07/2026,4000,4600,4300
Tamil Nadu,Theni,Kambam(Uzhavar Sandhai ),Beans,Beans (Whole),Local,31/07/2026,8500,8500,8500
Tamil Nadu,Theni,Kambam(Uzhavar Sandhai ),Sweet Potato,Hosur Red,Local,31/07/2026,3200,3200,3200
Tamil Nadu,Theni,Kambam(Uzhavar Sandhai ),Carrot,Pusakesar,Local,31/07/2026,8000,8200,8100
Tamil Nadu,Theni,Kambam(Uzhavar Sandhai ),Cucumbar(Kheera),Cucumbar,Local,31/07/2026,1600,1600,1600
Tamil Nadu,Theni,Kambam(Uzhavar Sandhai ),Capsicum,Capsicum,Local,31/07/2026,6000,6000,6000
Tamil Nadu,Theni,Kambam(Uzhavar Sandhai ),Green Avare(W),Green Avare (W),Local,31/07/2026,5500,6000,5750
Tamil Nadu,Theni,Kambam(Uzhavar Sandhai ),Drumstick,Drumstick,Local,31/07/2026,2500,3500,3000
Tamil Nadu,Theni,Kambam(Uzhavar Sandhai ),Lemon,Lemon,Local,31/07/2026,4500,5500,5000
Tamil Nadu,Theni,Kambam(Uzhavar Sandhai ),Amla(Nelli Kai),Amla,Local,31/07/2026,5000,6000,5500
Tamil Nadu,Theni,Theni(Uzhavar Sandhai ),Groundnut,Big (With Shell),Local,31/07/2026,6500,6500,6500
Tamil Nadu,Theni,Theni(Uzhavar Sandhai ),Coriander(Leaves),I Sort,Local,31/07/2026,3800,3800,3800
Tamil Nadu,Theni,Theni(Uzhavar Sandhai ),Papaya,Papaya,Local,31/07/2026,3000,3500,3250
Tamil Nadu,Theni,Theni(Uzhavar Sandhai ),Mousambi(Sweet Lime),Mousambi,Local,31/07/2026,12000,12000,12000
Tamil Nadu,Theni,Theni(Uzhavar Sandhai ),Amaranthus,Amaranthus,Local,31/07/2026,2500,2500,2500
Tamil Nadu,Theni,Theni(Uzhavar Sandhai ),Green Chilli,Green Chilly,Local,31/07/2026,4000,4500,4250
Tamil Nadu,Theni,Theni(Uzhavar Sandhai ),Ginger(Green),Green Ginger,Local,31/07/2026,10000,17000,13500
Tamil Nadu,Theni,Theni(Uzhavar Sandhai ),Carrot,Pusakesar,Local,31/07/2026,8500,8500,8500
Tamil Nadu,Theni,Theni(Uzhavar Sandhai ),Ridgeguard(Tori),Ridgeguard(Tori),Local,31/07/2026,4800,4800,4800
Tamil Nadu,Theni,Theni(Uzhavar Sandhai ),Capsicum,Capsicum,Local,31/07/2026,6000,6000,6000
Tamil Nadu,Theni,Theni(Uzhavar Sandhai ),Chow Chow,Chow Chow,Local,31/07/2026,2800,2800,2800
Tamil Nadu,Theni,Theni(Uzhavar Sandhai ),Yam(Ratalu),Yam (Ratalu),Local,31/07/2026,7800,7800,7800
Tamil Nadu,Theni,Theni(Uzhavar Sandhai ),Indian Beans(Seam),Indian Beans (Seam),Local,31/07/2026,5800,5800,5800
Tamil Nadu,Theni,Theni(Uzhavar Sandhai ),Mashrooms,Mashrooms,Local,31/07/2026,23000,23000,23000
Tamil Nadu,Theni,Theni(Uzhavar Sandhai ),Onion Green,Onion Green,Local,31/07/2026,5000,6000,5500
Tamil Nadu,Thirunelveli,Ambasamudram(Uzhavar Sandhai ),Amaranthus,Amaranthus,Local,31/07/2026,1300,1500,1400
Tamil Nadu,Thirunelveli,Kandiyaperi(Uzhavar Sandhai ),Coconut,Coconut,Local,31/07/2026,5900,6200,6050
Tamil Nadu,Thirunelveli,Melapalayam(Uzhavar Sandhai ),Banana,Red Banana,Local,31/07/2026,9000,10000,9500
Tamil Nadu,Thirunelveli,Melapalayam(Uzhavar Sandhai ),Cluster beans,Cluster Beans,Local,31/07/2026,2600,2800,2700
Tamil Nadu,Thirunelveli,Melapalayam(Uzhavar Sandhai ),Beans,Beans (Whole),Local,31/07/2026,11000,11500,11250
Tamil Nadu,Thirunelveli,Melapalayam(Uzhavar Sandhai ),Cucumbar(Kheera),Cucumbar,Local,31/07/2026,4000,5500,4750
Tamil Nadu,Thirunelveli,Melapalayam(Uzhavar Sandhai ),Drumstick,Drumstick,Local,31/07/2026,2200,2400,2300
Tamil Nadu,Thirunelveli,NGO Colony(Uzhavar Sandhai ),Coriander(Leaves),I Sort,Local,31/07/2026,4000,4500,4250
Tamil Nadu,Thirunelveli,NGO Colony(Uzhavar Sandhai ),Snakeguard,Snakeguard,Local,31/07/2026,1600,1800,1700
Tamil Nadu,Thirunelveli,NGO Colony(Uzhavar Sandhai ),Ridgeguard(Tori),Ridgeguard(Tori),Local,31/07/2026,3500,4000,3750
Tamil Nadu,Thirunelveli,NGO Colony(Uzhavar Sandhai ),Raddish,Raddish,Local,31/07/2026,3500,4000,3750
Tamil Nadu,Thirunelveli,NGO Colony(Uzhavar Sandhai ),Lemon,Lemon,Local,31/07/2026,6000,7000,6500
Tamil Nadu,Thirunelveli,NGO Colony(Uzhavar Sandhai ),Mint(Pudina),Mint(Pudina),Local,31/07/2026,6000,6500,6250
Tamil Nadu,Thirunelveli,Palayamkottai(Uzhavar Sandhai ),Coriander(Leaves),I Sort,Local,31/07/2026,4000,4500,4250
Tamil Nadu,Thirunelveli,Palayamkottai(Uzhavar Sandhai ),Bitter gourd,Bitter Gourd,Local,31/07/2026,5500,6500,6000
Tamil Nadu,Thirunelveli,Palayamkottai(Uzhavar Sandhai ),Beans,Beans (Whole),Local,31/07/2026,11000,11500,11250
Tamil Nadu,Thirunelveli,Palayamkottai(Uzhavar Sandhai ),Ginger(Green),Green Ginger,Local,31/07/2026,20000,20500,20250
Tamil Nadu,Thirunelveli,Palayamkottai(Uzhavar Sandhai ),Carrot,Pusakesar,Local,31/07/2026,5000,9000,7000
Tamil Nadu,Thirunelveli,Palayamkottai(Uzhavar Sandhai ),Guava,Guava Allahabad,Local,31/07/2026,6000,8000,7000
Tamil Nadu,Thirunelveli,Palayamkottai(Uzhavar Sandhai ),Onion Green,Onion Green,Local,31/07/2026,6500,7000,6750
Tamil Nadu,Thirupur,Kangayam(Uzhavar Sandhai ),Banana,Besrai,Local,31/07/2026,3500,4000,3750
Tamil Nadu,Thirupur,Kangayam(Uzhavar Sandhai ),Brinjal,Round,Local,31/07/2026,6000,6500,6250
Tamil Nadu,Thirupur,Kangayam(Uzhavar Sandhai ),Bottle gourd,Bottle Gourd,Local,31/07/2026,1500,2000,1750
Tamil Nadu,Thirupur,Kangayam(Uzhavar Sandhai ),Lemon,Lemon,Local,31/07/2026,9500,10500,10000
Tamil Nadu,Thirupur,Kangayam(Uzhavar Sandhai ),Amla(Nelli Kai),Amla,Local,31/07/2026,7500,8000,7750
Tamil Nadu,Thirupur,Tiruppur (North) (Uzhavar Sandhai ),Bitter gourd,Other,Local,31/07/2026,4000,4500,4250
Tamil Nadu,Thirupur,Tiruppur (North) (Uzhavar Sandhai ),Bottle gourd,Bottle Gourd,Local,31/07/2026,1200,1500,1350
Tamil Nadu,Thirupur,Tiruppur (North) (Uzhavar Sandhai ),Ashgourd,Gouard,Local,31/07/2026,1500,2000,1750
Tamil Nadu,Thirupur,Tiruppur (North) (Uzhavar Sandhai ),Green Chilli,Green Chilly,Local,31/07/2026,4000,4500,4250
Tamil Nadu,Thirupur,Tiruppur (North) (Uzhavar Sandhai ),Banana - Green,Banana - Green,Local,31/07/2026,2500,3000,2750
Tamil Nadu,Thirupur,Tiruppur (North) (Uzhavar Sandhai ),Coconut,Coconut,Local,31/07/2026,5000,5600,5300
Tamil Nadu,Thirupur,Tiruppur (North) (Uzhavar Sandhai ),Cabbage,Cabbage,Local,31/07/2026,2500,3000,2750
Tamil Nadu,Thiruvannamalai,Chengam(Uzhavar Sandhai ),Banana,Besrai,Local,31/07/2026,4200,5000,4600
Tamil Nadu,Thiruvannamalai,Chengam(Uzhavar Sandhai ),Mango,Safeda,Local,31/07/2026,3300,4000,3650
Tamil Nadu,Thiruvannamalai,Chengam(Uzhavar Sandhai ),Coriander(Leaves),I Sort,Local,31/07/2026,5000,6000,5500
Tamil Nadu,Thiruvannamalai,Chengam(Uzhavar Sandhai ),Ginger(Green),Green Ginger,Local,31/07/2026,16000,20000,18000
Tamil Nadu,Thiruvannamalai,Chengam(Uzhavar Sandhai ),Beetroot,Beetroot,Local,31/07/2026,4200,5000,4600
Tamil Nadu,Thiruvannamalai,Chengam(Uzhavar Sandhai ),Jack Fruit(Ripe),Jack Fruit,Local,31/07/2026,1200,1500,1350
Tamil Nadu,Thiruvannamalai,Chengam(Uzhavar Sandhai ),Onion Green,Onion Green,Local,31/07/2026,6000,7200,6600
Tamil Nadu,Thiruvannamalai,Tamarainagar(Uzhavar Sandhai ),Ashgourd,Gouard,Local,31/07/2026,2000,2500,2250
Tamil Nadu,Thiruvannamalai,Tamarainagar(Uzhavar Sandhai ),Banana - Green,Banana - Green,Local,31/07/2026,3500,4000,3750
Tamil Nadu,Thiruvannamalai,Tamarainagar(Uzhavar Sandhai ),Ridgeguard(Tori),Ridgeguard(Tori),Local,31/07/2026,5000,6000,5500
Tamil Nadu,Thiruvannamalai,Tamarainagar(Uzhavar Sandhai ),Thondekai,Thondekai,Local,31/07/2026,4000,4800,4400
Tamil Nadu,Thiruvannamalai,Tamarainagar(Uzhavar Sandhai ),Drumstick,Drumstick,Local,31/07/2026,5000,6000,5500
Tamil Nadu,Thiruvannamalai,Tamarainagar(Uzhavar Sandhai ),Rose(Local),Rose (Local),Local,31/07/2026,25000,30000,27500
Tamil Nadu,Thiruvannamalai,Vandavasi(Uzhavar Sandhai ),Beans,Beans (Whole),Local,31/07/2026,8400,10000,9200
Tamil Nadu,Thiruvannamalai,Vandavasi(Uzhavar Sandhai ),Snakeguard,Snakeguard,Local,31/07/2026,2500,3000,2750
Tamil Nadu,Thiruvannamalai,Vandavasi(Uzhavar Sandhai ),Beetroot,Beetroot,Local,31/07/2026,4000,4800,4400
Tamil Nadu,Thiruvannamalai,Vandavasi(Uzhavar Sandhai ),Green Avare(W),Other,Local,31/07/2026,4000,5000,4500
Tamil Nadu,Thiruvannamalai,Vandavasi(Uzhavar Sandhai ),Drumstick,Drumstick,Local,31/07/2026,3600,4200,3900
Tamil Nadu,Thiruvannamalai,Vandavasi(Uzhavar Sandhai ),Lemon,Lemon,Local,31/07/2026,7000,8000,7500
Tamil Nadu,Thiruvarur,Muthupettai(Uzhavar Sandhai ),Brinjal,Round,Local,31/07/2026,4000,4000,4000
Tamil Nadu,Thiruvarur,Muthupettai(Uzhavar Sandhai ),Bitter gourd,Bitter Gourd,Local,31/07/2026,6000,6000,6000
Tamil Nadu,Thiruvarur,Muthupettai(Uzhavar Sandhai ),Pumpkin,Pumpkin,Local,31/07/2026,2400,2400,2400
Tamil Nadu,Thiruvarur,Muthupettai(Uzhavar Sandhai ),Cabbage,Cabbage,Local,31/07/2026,5000,5000,5000
Tamil Nadu,Thiruvarur,Muthupettai(Uzhavar Sandhai ),Beetroot,Beetroot,Local,31/07/2026,5000,5000,5000
Tamil Nadu,Thiruvarur,Muthupettai(Uzhavar Sandhai ),Mint(Pudina),Mint(Pudina),Local,31/07/2026,6000,6000,6000
Tamil Nadu,Thiruvarur,Needamangalam(Uzhavar Sandhai ),Coriander(Leaves),I Sort,Local,31/07/2026,5000,5000,5000
Tamil Nadu,Thiruvarur,Needamangalam(Uzhavar Sandhai ),Bitter gourd,Bitter Gourd,Local,31/07/2026,6000,6000,6000
Tamil Nadu,Thiruvarur,Needamangalam(Uzhavar Sandhai ),Mango(Raw-Ripe),Mango - Raw-Ripe,Local,31/07/2026,3000,3000,3000
Tamil Nadu,Thiruvarur,Needamangalam(Uzhavar Sandhai ),Onion Green,Onion Green,Local,31/07/2026,7400,7400,7400
Tamil Nadu,Thiruvarur,Tiruvarur(Uzhavar Sandhai ),Tomato,Deshi,Local,31/07/2026,2000,2000,2000
Tamil Nadu,Thiruvarur,Tiruvarur(Uzhavar Sandhai ),Mango(Raw-Ripe),Mango - Raw-Ripe,Local,31/07/2026,2000,2000,2000
Tamil Nadu,Virudhunagar,Aruppukottai(Uzhavar Sandhai ),Cauliflower,Ranchi,Local,31/07/2026,3000,4000,3500
Tamil Nadu,Virudhunagar,Aruppukottai(Uzhavar Sandhai ),Coriander(Leaves),I Sort,Local,31/07/2026,4000,5000,4500
Tamil Nadu,Virudhunagar,Aruppukottai(Uzhavar Sandhai ),Chikoos(Sapota),Sapota,Local,31/07/2026,3000,4000,3500
Tamil Nadu,Virudhunagar,Aruppukottai(Uzhavar Sandhai ),Cluster beans,Cluster Beans,Local,31/07/2026,3000,3500,3250
Tamil Nadu,Virudhunagar,Aruppukottai(Uzhavar Sandhai ),Bottle gourd,Bottle Gourd,Local,31/07/2026,2500,3000,2750
Tamil Nadu,Virudhunagar,Aruppukottai(Uzhavar Sandhai ),Ashgourd,Gouard,Local,31/07/2026,3000,4000,3500
Tamil Nadu,Virudhunagar,Aruppukottai(Uzhavar Sandhai ),Amaranthus,Amaranthus,Local,31/07/2026,3000,3500,3250
Tamil Nadu,Virudhunagar,Aruppukottai(Uzhavar Sandhai ),Ginger(Green),Green Ginger,Local,31/07/2026,18000,20000,19000
Tamil Nadu,Virudhunagar,Aruppukottai(Uzhavar Sandhai ),Coconut,Coconut,Local,31/07/2026,5000,6000,5500
Tamil Nadu,Virudhunagar,Aruppukottai(Uzhavar Sandhai ),Cabbage,Cabbage,Local,31/07/2026,3000,4000,3500
Tamil Nadu,Virudhunagar,Aruppukottai(Uzhavar Sandhai ),Snakeguard,Snakeguard,Local,31/07/2026,4000,5000,4500
Tamil Nadu,Virudhunagar,Aruppukottai(Uzhavar Sandhai ),Beetroot,Beetroot,Local,31/07/2026,5000,6000,5500
Tamil Nadu,Virudhunagar,Aruppukottai(Uzhavar Sandhai ),Chow Chow,Chow Chow,Local,31/07/2026,3000,3500,3250
Tamil Nadu,Virudhunagar,Aruppukottai(Uzhavar Sandhai ),Lime,Lime,Local,31/07/2026,16000,18000,17000
Tamil Nadu,Virudhunagar,Aruppukottai(Uzhavar Sandhai ),Pomegranate,Pomogranate,Local,31/07/2026,18000,20000,19000
Tamil Nadu,Virudhunagar,Aruppukottai(Uzhavar Sandhai ),Tender Coconut,Tender Coconut,Local,31/07/2026,4000,5000,4500
Tamil Nadu,Virudhunagar,Aruppukottai(Uzhavar Sandhai ),Elephant Yam(Suran)/Amorphophallus,Elephant Yam (Suran),Local,31/07/2026,4000,5000,4500
Tamil Nadu,Villupuram,Gingee(Uzhavar Sandhai ),Onion,Bellary,Local,31/07/2026,4000,4000,4000
Tamil Nadu,Villupuram,Gingee(Uzhavar Sandhai ),Papaya,Papaya,Local,31/07/2026,5000,5000,5000
Tamil Nadu,Villupuram,Gingee(Uzhavar Sandhai ),Tomato,Deshi,Local,31/07/2026,1500,1500,1500
Tamil Nadu,Villupuram,Gingee(Uzhavar Sandhai ),Bhindi(Ladies Finger),Bhindi,Local,31/07/2026,3500,3500,3500
Tamil Nadu,Villupuram,Gingee(Uzhavar Sandhai ),Green Chilli,Green Chilly,Local,31/07/2026,5000,5000,5000
Tamil Nadu,Villupuram,Gingee(Uzhavar Sandhai ),Green Avare(W),Green Avare (W),Local,31/07/2026,7000,7000,7000
Tamil Nadu,Villupuram,Gingee(Uzhavar Sandhai ),Knool Khol,Knool Khol,Local,31/07/2026,7000,7000,7000
Tamil Nadu,Villupuram,Gingee(Uzhavar Sandhai ),Tender Coconut,Tender Coconut,Local,31/07/2026,3500,4000,3750
Tamil Nadu,Villupuram,Gingee(Uzhavar Sandhai ),Yam(Ratalu),Yam (Ratalu),Local,31/07/2026,6000,6000,6000
Tamil Nadu,Villupuram,Gingee(Uzhavar Sandhai ),Lemon,Lemon,Local,31/07/2026,10000,10000,10000
Tamil Nadu,Thiruvarur,Valangaiman APMC,Bottle gourd,Bottle Gourd,Local,31/07/2026,3000,3000,3000
Tamil Nadu,Thiruvarur,Valangaiman APMC,Ashgourd,Gouard,Local,31/07/2026,2400,2400,2400
Tamil Nadu,Thiruvarur,Valangaiman APMC,Amaranthus,Amaranthus,Local,31/07/2026,2000,2000,2000
Tamil Nadu,Thiruvarur,Valangaiman APMC,Banana - Green,Banana - Green,Local,31/07/2026,4000,4000,4000
Tamil Nadu,Thiruvarur,Valangaiman APMC,Mango(Raw-Ripe),Mango - Raw-Ripe,Local,31/07/2026,2400,2400,2400
Tamil Nadu,Thiruvellore,Tiruthani(Uzhavar Sandhai ),Potato,Red Nanital,Local,31/07/2026,4000,4000,4000
Tamil Nadu,Thiruvellore,Tiruthani(Uzhavar Sandhai ),Bottle gourd,Bottle Gourd,Local,31/07/2026,3000,3000,3000
Tamil Nadu,Thiruvellore,Tiruthani(Uzhavar Sandhai ),Banana - Green,Banana - Green,Local,31/07/2026,4000,4000,4000
Tamil Nadu,Thiruvellore,Tiruthani(Uzhavar Sandhai ),Coconut,Coconut,Local,31/07/2026,6000,6000,6000
Tamil Nadu,Thiruvellore,Tiruthani(Uzhavar Sandhai ),Cucumbar(Kheera),Cucumbar,Local,31/07/2026,5000,5000,5000
Tamil Nadu,Virudhunagar,Kariyapatti(Uzhavar Sandhai ),Bitter gourd,Other,Local,31/07/2026,7500,8000,7750
Tamil Nadu,Virudhunagar,Kariyapatti(Uzhavar Sandhai ),Ashgourd,Gouard,Local,31/07/2026,3500,4000,3750
Tamil Nadu,Virudhunagar,Kariyapatti(Uzhavar Sandhai ),Banana - Green,Banana - Green,Local,31/07/2026,3000,3500,3250
Tamil Nadu,Virudhunagar,Kariyapatti(Uzhavar Sandhai ),Ginger(Green),Green Ginger,Local,31/07/2026,19000,20000,19500
Tamil Nadu,Virudhunagar,Kariyapatti(Uzhavar Sandhai ),Snakeguard,Snakeguard,Local,31/07/2026,4500,5000,4750
Tamil Nadu,Virudhunagar,Kariyapatti(Uzhavar Sandhai ),Ridgeguard(Tori),Ridgeguard(Tori),Local,31/07/2026,5500,6000,5750
Tamil Nadu,Virudhunagar,Kariyapatti(Uzhavar Sandhai ),Elephant Yam(Suran)/Amorphophallus,Elephant Yam (Suran),Local,31/07/2026,4500,5000,4750
Tamil Nadu,Thiruvellore,Tiruvallur(Uzhavar Sandhai ),Tender Coconut,Tender Coconut,Local,31/07/2026,3000,3000,3000
Tamil Nadu,Vellore,Katpadi (Uzhavar Sandhai ),Apple,American,Local,31/07/2026,25000,25000,25000
Tamil Nadu,Vellore,Katpadi (Uzhavar Sandhai ),Cauliflower,Ranchi,Local,31/07/2026,3000,3000,3000
Tamil Nadu,Vellore,Katpadi (Uzhavar Sandhai ),Papaya,Papaya,Local,31/07/2026,4000,4000,4000
Tamil Nadu,Vellore,Katpadi (Uzhavar Sandhai ),Green Avare(W),Green Avare (W),Local,31/07/2026,5000,5000,5000
Tamil Nadu,Vellore,Katpadi (Uzhavar Sandhai ),Yam(Ratalu),Yam (Ratalu),Local,31/07/2026,5500,5500,5500
Tamil Nadu,Vellore,Katpadi (Uzhavar Sandhai ),Colacasia,Colacasia,Local,31/07/2026,4000,4000,4000
Tamil Nadu,Madurai,Thirumangalam(Uzhavar Sandhai ),Bitter gourd,Bitter Gourd,Local,31/07/2026,5500,6000,5750
Tamil Nadu,Madurai,Thirumangalam(Uzhavar Sandhai ),Pumpkin,Pumpkin,Local,31/07/2026,1800,2000,1900
Tamil Nadu,Madurai,Thirumangalam(Uzhavar Sandhai ),Coconut,Coconut,Local,31/07/2026,6000,6500,6250
Tamil Nadu,Madurai,Thirumangalam(Uzhavar Sandhai ),Green Avare(W),Green Avare (W),Local,31/07/2026,6000,7000,6500
Tamil Nadu,Madurai,Thirumangalam(Uzhavar Sandhai ),Lemon,Lemon,Local,31/07/2026,7000,8000,7500
Tamil Nadu,Madurai,Melur(Uzhavar Sandhai ),Chikoos(Sapota),Sapota,Local,31/07/2026,4000,6000,5000
Tamil Nadu,Madurai,Melur(Uzhavar Sandhai ),Green Chilli,Green Chilly,Local,31/07/2026,4000,4500,4250
Tamil Nadu,Madurai,Melur(Uzhavar Sandhai ),Sweet Potato,Hosur Red,Local,31/07/2026,3600,4000,3800
Tamil Nadu,Madurai,Melur(Uzhavar Sandhai ),Raddish,Raddish,Local,31/07/2026,2500,3000,2750
Tamil Nadu,Madurai,Melur(Uzhavar Sandhai ),Colacasia,Colacasia,Local,31/07/2026,4000,5000,4500
Tamil Nadu,Salem,Vazhapadi(Uzhavar Sandhai),Coconut,Coconut,Local,31/07/2026,5000,5500,5250
Tamil Nadu,Salem,Vazhapadi(Uzhavar Sandhai),Snakeguard,Snakeguard,Local,31/07/2026,3400,3800,3600
Tamil Nadu,Salem,Vazhapadi(Uzhavar Sandhai),Beetroot,Beetroot,Local,31/07/2026,4800,4800,4800
Tamil Nadu,Salem,Vazhapadi(Uzhavar Sandhai),Green Avare(W),Green Avare (W),Local,31/07/2026,7000,7000,7000
Tamil Nadu,Salem,Vazhapadi(Uzhavar Sandhai),Guava,Guava Allahabad,Local,31/07/2026,5000,5000,5000
Tamil Nadu,Salem,Vazhapadi(Uzhavar Sandhai),Jasmine,Jasmine,Local,31/07/2026,50000,50000,50000
Tamil Nadu,Salem,Vazhapadi(Uzhavar Sandhai),Elephant Yam(Suran)/Amorphophallus,Elephant Yam (Suran),Local,31/07/2026,3000,3000,3000
Tamil Nadu,Salem,Vazhapadi(Uzhavar Sandhai),Custard Apple(Sharifa),Custard Apple(Sharifa),Local,31/07/2026,4000,4000,4000
Tamil Nadu,Salem,Vazhapadi(Uzhavar Sandhai),Onion Green,Onion Green,Local,31/07/2026,5000,6000,5500
Tamil Nadu,Salem,Vazhapadi(Uzhavar Sandhai),Mint(Pudina),Mint(Pudina),Local,31/07/2026,5000,5000,5000
Tamil Nadu,Karur,Gandhigramam(Uzhavar Sandhai),Chikoos(Sapota),Sapota,Local,31/07/2026,4500,5000,4750
Tamil Nadu,Karur,Gandhigramam(Uzhavar Sandhai),Bitter gourd,Other,Local,31/07/2026,5500,6000,5750
Tamil Nadu,Karur,Gandhigramam(Uzhavar Sandhai),Amaranthus,Amaranthus,Local,31/07/2026,2000,2500,2250
Tamil Nadu,Karur,Gandhigramam(Uzhavar Sandhai),Beans,Beans (Whole),Local,31/07/2026,8000,9000,8500
Tamil Nadu,Karur,Gandhigramam(Uzhavar Sandhai),Drumstick,Drumstick,Local,31/07/2026,3000,3500,3250
Tamil Nadu,Pudukkottai,Aranthangi(Uzhavar Sandhai ),Onion,Bellary,Local,31/07/2026,4500,5000,4750
Tamil Nadu,Pudukkottai,Aranthangi(Uzhavar Sandhai ),Brinjal,Other,Local,31/07/2026,5000,6000,5500
Tamil Nadu,Pudukkottai,Aranthangi(Uzhavar Sandhai ),Cluster beans,Cluster Beans,Local,31/07/2026,4500,5000,4750
Tamil Nadu,Pudukkottai,Aranthangi(Uzhavar Sandhai ),Pumpkin,Pumpkin,Local,31/07/2026,1000,1500,1250
Tamil Nadu,Pudukkottai,Aranthangi(Uzhavar Sandhai ),Amaranthus,Amaranthus,Local,31/07/2026,1500,2000,1750
Tamil Nadu,Pudukkottai,Aranthangi(Uzhavar Sandhai ),Ridgeguard(Tori),Ridgeguard(Tori),Local,31/07/2026,5000,6000,5500
Tamil Nadu,Pudukkottai,Aranthangi(Uzhavar Sandhai ),Lemon,Lemon,Local,31/07/2026,3500,4000,3750
Tamil Nadu,Coimbatore,Sulur(Uzhavar Sandhai ),Cluster beans,Cluster Beans,Local,31/07/2026,3500,4000,3750
Tamil Nadu,Coimbatore,Sulur(Uzhavar Sandhai ),Sweet Potato,Hosur Red,Local,31/07/2026,3500,4000,3750
Tamil Nadu,Coimbatore,Sulur(Uzhavar Sandhai ),Guava,Guava Allahabad,Local,31/07/2026,5500,6000,5750
Tamil Nadu,Pudukkottai,Gandarvakottai(Uzhavar Sandhai ),Mango,Other,Local,31/07/2026,4000,5000,4500
Tamil Nadu,Pudukkottai,Gandarvakottai(Uzhavar Sandhai ),Onion,Bellary,Local,31/07/2026,4600,5000,4800
Tamil Nadu,Pudukkottai,Gandarvakottai(Uzhavar Sandhai ),Bhindi(Ladies Finger),Bhindi,Local,31/07/2026,3500,4000,3750
Tamil Nadu,Cuddalore,Panruti(Uzhavar Sandhai ),Ashgourd,Gouard,Local,31/07/2026,3000,3500,3250
Tamil Nadu,Cuddalore,Panruti(Uzhavar Sandhai ),Raddish,Raddish,Local,31/07/2026,3000,3000,3000
Tamil Nadu,Cuddalore,Panruti(Uzhavar Sandhai ),Guava,Guava Allahabad,Local,31/07/2026,5000,5000,5000
Tamil Nadu,Cuddalore,Vadalur(Uzhavar Sandhai ),Banana,Red Banana,Local,31/07/2026,8000,8000,8000
Tamil Nadu,Cuddalore,Vadalur(Uzhavar Sandhai ),Coriander(Leaves),I Sort,Local,31/07/2026,6000,6000,6000
Tamil Nadu,Cuddalore,Vadalur(Uzhavar Sandhai ),Beans,Beans (Whole),Local,31/07/2026,8000,8000,8000
Tamil Nadu,Cuddalore,Vadalur(Uzhavar Sandhai ),Cucumbar(Kheera),Cucumbar,Local,31/07/2026,4000,4000,4000
Tamil Nadu,Dharmapuri,AJattihalli(Uzhavar Sandhai ),Mango,Neelam,Local,31/07/2026,5500,6000,5750
Tamil Nadu,Dharmapuri,AJattihalli(Uzhavar Sandhai ),Onion,Bellary,Local,31/07/2026,3600,3800,3700
Tamil Nadu,Dharmapuri,AJattihalli(Uzhavar Sandhai ),Brinjal,Round,Local,31/07/2026,2800,3000,2900
Tamil Nadu,Dharmapuri,AJattihalli(Uzhavar Sandhai ),Carrot,Pusakesar,Local,31/07/2026,10000,10500,10250
Tamil Nadu,Dharmapuri,AJattihalli(Uzhavar Sandhai ),Raddish,Raddish,Local,31/07/2026,1800,2000,1900
Tamil Nadu,Dharmapuri,AJattihalli(Uzhavar Sandhai ),Thondekai,Thondekai,Local,31/07/2026,4600,4800,4700
Tamil Nadu,Dharmapuri,AJattihalli(Uzhavar Sandhai ),Drumstick,Drumstick,Local,31/07/2026,5500,6000,5750
Tamil Nadu,Dharmapuri,AJattihalli(Uzhavar Sandhai ),Elephant Yam(Suran)/Amorphophallus,Elephant Yam (Suran),Local,31/07/2026,5400,5600,5500
Tamil Nadu,Nagapattinam,Vedaranyam(Uzhavar Sandhai),Tomato,Deshi,Local,31/07/2026,3400,3600,3500
Tamil Nadu,Nagapattinam,Vedaranyam(Uzhavar Sandhai),Cluster beans,Cluster Beans,Local,31/07/2026,3000,3500,3250
Tamil Nadu,Nagapattinam,Vedaranyam(Uzhavar Sandhai),Ashgourd,Gouard,Local,31/07/2026,2600,2800,2700
Tamil Nadu,Nagapattinam,Vedaranyam(Uzhavar Sandhai),Beetroot,Beetroot,Local,31/07/2026,4000,4200,4100
Tamil Nadu,Nagapattinam,Vedaranyam(Uzhavar Sandhai),Yam(Ratalu),Yam (Ratalu),Local,31/07/2026,5500,6000,5750
Tamil Nadu,Vellore,Perampet(Uzhavar Sandhai),Brinjal,Round,Local,31/07/2026,5600,5600,5600
Tamil Nadu,Vellore,Perampet(Uzhavar Sandhai),Tomato,Deshi,Local,31/07/2026,1800,1800,1800
Tamil Nadu,Vellore,Perampet(Uzhavar Sandhai),Bitter gourd,Bitter Gourd,Local,31/07/2026,5000,5000,5000
Tamil Nadu,Vellore,Perampet(Uzhavar Sandhai),Ginger(Green),Green Ginger,Local,31/07/2026,19000,19000,19000
Tamil Nadu,Vellore,Perampet(Uzhavar Sandhai),Coconut,Coconut,Local,31/07/2026,3500,3500,3500
Tamil Nadu,Vellore,Perampet(Uzhavar Sandhai),Chow Chow,Chow Chow,Local,31/07/2026,3600,3600,3600
Tamil Nadu,Vellore,Perampet(Uzhavar Sandhai),Guava,Guava Allahabad,Local,31/07/2026,4000,4000,4000
Tamil Nadu,Vellore,Perampet(Uzhavar Sandhai),Colacasia,Colacasia,Local,31/07/2026,5000,5000,5000
Tamil Nadu,Vellore,Perampet(Uzhavar Sandhai),Onion Green,Onion Green,Local,31/07/2026,6000,6000,6000
Tamil Nadu,Vellore,Perampet(Uzhavar Sandhai),Sweet Corn ,Sweet Corn ,Local,31/07/2026,3000,3000,3000
Tamil Nadu,Karur,Kulithalai(Uzhavar Sandhai ),Mango,Neelam,Local,31/07/2026,5000,6000,5500
Tamil Nadu,Karur,Kulithalai(Uzhavar Sandhai ),Onion,Bellary,Local,31/07/2026,3600,4000,3800
Tamil Nadu,Karur,Kulithalai(Uzhavar Sandhai ),Ginger(Green),Green Ginger,Local,31/07/2026,19500,20000,19750
Tamil Nadu,Karur,Kulithalai(Uzhavar Sandhai ),Carrot,Pusakesar,Local,31/07/2026,9000,9600,9300
Tamil Nadu,Karur,Kulithalai(Uzhavar Sandhai ),Snakeguard,Snakeguard,Local,31/07/2026,3600,4000,3800
Tamil Nadu,Karur,Kulithalai(Uzhavar Sandhai ),Amla(Nelli Kai),Amla,Local,31/07/2026,7500,8000,7750
Tamil Nadu,Karur,Kulithalai(Uzhavar Sandhai ),Onion Green,Onion Green,Local,31/07/2026,5500,6000,5750
Tamil Nadu,Karur,Kulithalai(Uzhavar Sandhai ),Mint(Pudina),Mint(Pudina),Local,31/07/2026,5500,6000,5750
Tamil Nadu,Karur,Pallapatti (Uzhavar Sandhai ),Banana,Other,Local,31/07/2026,5500,6000,5750
Tamil Nadu,Karur,Pallapatti (Uzhavar Sandhai ),Coriander(Leaves),I Sort,Local,31/07/2026,5500,6000,5750
Tamil Nadu,Karur,Pallapatti (Uzhavar Sandhai ),Ashgourd,Gouard,Local,31/07/2026,2000,2500,2250
Tamil Nadu,Karur,Pallapatti (Uzhavar Sandhai ),Pumpkin,Pumpkin,Local,31/07/2026,2500,3000,2750
Tamil Nadu,Karur,Pallapatti (Uzhavar Sandhai ),Amaranthus,Amaranthus,Local,31/07/2026,2500,3000,2750
Tamil Nadu,Karur,Pallapatti (Uzhavar Sandhai ),Banana - Green,Banana - Green,Local,31/07/2026,3000,3500,3250
Tamil Nadu,Karur,Pallapatti (Uzhavar Sandhai ),Snakeguard,Snakeguard,Local,31/07/2026,3800,4000,3900
Tamil Nadu,Karur,Pallapatti (Uzhavar Sandhai ),Lime,Lime,Local,31/07/2026,3500,4000,3750
Tamil Nadu,Karur,Velayuthampalayam(Uzhavar Sandhai ),Brinjal,Other,Local,31/07/2026,4000,5000,4500
Tamil Nadu,Karur,Velayuthampalayam(Uzhavar Sandhai ),Pumpkin,Pumpkin,Local,31/07/2026,2200,2800,2500
Tamil Nadu,Karur,Velayuthampalayam(Uzhavar Sandhai ),Bhindi(Ladies Finger),Bhindi,Local,31/07/2026,3200,4000,3600
Tamil Nadu,Karur,Velayuthampalayam(Uzhavar Sandhai ),Banana - Green,Banana - Green,Local,31/07/2026,2400,3000,2700
Tamil Nadu,Karur,Velayuthampalayam(Uzhavar Sandhai ),Raddish,Raddish,Local,31/07/2026,3200,4000,3600
Tamil Nadu,Karur,Velayuthampalayam(Uzhavar Sandhai ),Mint(Pudina),Mint(Pudina),Local,31/07/2026,5500,6500,6000
Tamil Nadu,Karur,Vengamedu(Uzhavar Sandhai ),Brinjal,Other,Local,31/07/2026,5000,6000,5500
Tamil Nadu,Karur,Vengamedu(Uzhavar Sandhai ),Coconut,Coconut,Local,31/07/2026,5500,6000,5750
Tamil Nadu,Karur,Vengamedu(Uzhavar Sandhai ),Lemon,Lemon,Local,31/07/2026,8500,9000,8750
Tamil Nadu,Karur,Vengamedu(Uzhavar Sandhai ),Onion Green,Onion Green,Local,31/07/2026,6000,6500,6250
Tamil Nadu,Theni,Devaram(Uzhavar Sandhai ),Banana,Besrai,Local,31/07/2026,6000,6000,6000
Tamil Nadu,Theni,Devaram(Uzhavar Sandhai ),Potato,Red Nanital,Local,31/07/2026,2600,2600,2600
Tamil Nadu,Theni,Devaram(Uzhavar Sandhai ),Bitter gourd,Bitter Gourd,Local,31/07/2026,4800,4800,4800
Tamil Nadu,Theni,Devaram(Uzhavar Sandhai ),Bhindi(Ladies Finger),Bhindi,Local,31/07/2026,3600,3600,3600
Tamil Nadu,Theni,Devaram(Uzhavar Sandhai ),Raddish,Raddish,Local,31/07/2026,2600,2600,2600
Tamil Nadu,Theni,Devaram(Uzhavar Sandhai ),Thondekai,Thondekai,Local,31/07/2026,4500,4500,4500
Tamil Nadu,Theni,Devaram(Uzhavar Sandhai ),Mango(Raw-Ripe),Mango - Raw-Ripe,Local,31/07/2026,3000,3000,3000
Tamil Nadu,Theni,Devaram(Uzhavar Sandhai ),Lemon,Lemon,Local,31/07/2026,5000,5000,5000
Tamil Nadu,Theni,Devaram(Uzhavar Sandhai ),Amla(Nelli Kai),Amla,Local,31/07/2026,6000,6000,6000
Tamil Nadu,Salem,Attayampatti(Uzhavar Sandhai ),Groundnut,Big (With Shell),Local,31/07/2026,7000,7000,7000
Tamil Nadu,Salem,Attayampatti(Uzhavar Sandhai ),Cluster beans,Cluster Beans,Local,31/07/2026,3600,3600,3600
Tamil Nadu,Salem,Attayampatti(Uzhavar Sandhai ),Tapioca,Tapioca,Local,31/07/2026,3000,3000,3000
Tamil Nadu,Salem,Attayampatti(Uzhavar Sandhai ),Sweet Potato,Hosur Red,Local,31/07/2026,4000,4000,4000
Tamil Nadu,Salem,Attayampatti(Uzhavar Sandhai ),Snakeguard,Snakeguard,Local,31/07/2026,3400,3800,3600
Tamil Nadu,Salem,Attayampatti(Uzhavar Sandhai ),Cucumbar(Kheera),Cucumbar,Local,31/07/2026,5000,6000,5500
Tamil Nadu,Salem,Attayampatti(Uzhavar Sandhai ),Ridgeguard(Tori),Ridgeguard(Tori),Local,31/07/2026,4500,5000,4750
Tamil Nadu,Salem,Attayampatti(Uzhavar Sandhai ),Elephant Yam(Suran)/Amorphophallus,Elephant Yam (Suran),Local,31/07/2026,5000,5000,5000
Tamil Nadu,Salem,Attayampatti(Uzhavar Sandhai ),Lemon,Lemon,Local,31/07/2026,5000,5000,5000
Tamil Nadu,Salem,Attayampatti(Uzhavar Sandhai ),Onion Green,Onion Green,Local,31/07/2026,5000,5600,5300
Tamil Nadu,Salem,Attayampatti(Uzhavar Sandhai ),Mint(Pudina),Mint(Pudina),Local,31/07/2026,4000,5000,4500
Tamil Nadu,Sivaganga,Sivagangai (Uzhavar Sandhai ),Soyabean,Local,Local,31/07/2026,9000,10000,9500
Tamil Nadu,Sivaganga,Sivagangai (Uzhavar Sandhai ),Onion,Bellary,Local,31/07/2026,4000,4200,4100
Tamil Nadu,Sivaganga,Sivagangai (Uzhavar Sandhai ),Tomato,Deshi,Local,31/07/2026,2000,2200,2100
Tamil Nadu,Sivaganga,Sivagangai (Uzhavar Sandhai ),Bitter gourd,Other,Local,31/07/2026,5600,6600,6100
Tamil Nadu,Sivaganga,Sivagangai (Uzhavar Sandhai ),Green Chilli,Green Chilly,Local,31/07/2026,3600,4200,3900
Tamil Nadu,Sivaganga,Sivagangai (Uzhavar Sandhai ),Chow Chow,Chow Chow,Local,31/07/2026,3000,3400,3200
Tamil Nadu,Sivaganga,Sivagangai (Uzhavar Sandhai ),Knool Khol,Knool Khol,Local,31/07/2026,5600,6200,5900
Tamil Nadu,Sivaganga,Sivagangai (Uzhavar Sandhai ),Mint(Pudina),Mint(Pudina),Local,31/07/2026,4200,4600,4400
Tamil Nadu,Sivaganga,Devakottai (Uzhavar Sandhai ),Coriander(Leaves),I Sort,Local,31/07/2026,5200,5800,5500
Tamil Nadu,Sivaganga,Devakottai (Uzhavar Sandhai ),Pumpkin,Pumpkin,Local,31/07/2026,2200,2600,2400
Tamil Nadu,Sivaganga,Devakottai (Uzhavar Sandhai ),Amaranthus,Amaranthus,Local,31/07/2026,3500,4000,3750
Tamil Nadu,Sivaganga,Devakottai (Uzhavar Sandhai ),Green Chilli,Green Chilly,Local,31/07/2026,4000,4500,4250
Tamil Nadu,Salem,Edapadi (Uzhavar Sandhai ),Brinjal,Other,Local,31/07/2026,4000,4500,4250
Tamil Nadu,Salem,Edapadi (Uzhavar Sandhai ),Cluster beans,Cluster Beans,Local,31/07/2026,3000,3500,3250
Tamil Nadu,Salem,Edapadi (Uzhavar Sandhai ),Amaranthus,Amaranthus,Local,31/07/2026,2000,2500,2250
Tamil Nadu,Salem,Edapadi (Uzhavar Sandhai ),Onion Green,Onion Green,Local,31/07/2026,4000,5000,4500
Tamil Nadu,Salem,Elampillai(Uzhavar Sandhai ),Groundnut,Big (With Shell),Local,31/07/2026,6500,7000,6750
Tamil Nadu,Salem,Elampillai(Uzhavar Sandhai ),Tomato,Other,Local,31/07/2026,1200,1600,1400
Tamil Nadu,Salem,Elampillai(Uzhavar Sandhai ),Carrot,Pusakesar,Local,31/07/2026,10000,11000,10500
Tamil Nadu,Salem,Elampillai(Uzhavar Sandhai ),Beetroot,Beetroot,Local,31/07/2026,5000,6000,5500
Tamil Nadu,Salem,Elampillai(Uzhavar Sandhai ),Raddish,Raddish,Local,31/07/2026,2500,3000,2750
Tamil Nadu,Salem,Elampillai(Uzhavar Sandhai ),Lemon,Lemon,Local,31/07/2026,4000,5000,4500
Tamil Nadu,Salem,Elampillai(Uzhavar Sandhai ),Onion Green,Onion Green,Local,31/07/2026,4000,5000,4500
Tamil Nadu,Salem,Hasthampatti(Uzhavar Sandhai ),Cauliflower,Ranchi,Local,31/07/2026,2500,3000,2750
Tamil Nadu,Salem,Hasthampatti(Uzhavar Sandhai ),Coriander(Leaves),I Sort,Local,31/07/2026,1800,2000,1900
Tamil Nadu,Salem,Hasthampatti(Uzhavar Sandhai ),Cluster beans,Cluster Beans,Local,31/07/2026,3000,3500,3250
Tamil Nadu,Salem,Hasthampatti(Uzhavar Sandhai ),Bhindi(Ladies Finger),Bhindi,Local,31/07/2026,3000,3500,3250
Tamil Nadu,Salem,Hasthampatti(Uzhavar Sandhai ),Amaranthus,Amaranthus,Local,31/07/2026,2000,2400,2200
Tamil Nadu,Salem,Hasthampatti(Uzhavar Sandhai ),Green Chilli,Green Chilly,Local,31/07/2026,4000,4500,4250
Tamil Nadu,Salem,Hasthampatti(Uzhavar Sandhai ),Banana - Green,Banana - Green,Local,31/07/2026,1500,2000,1750
Tamil Nadu,Salem,Hasthampatti(Uzhavar Sandhai ),Sweet Potato,Hosur Red,Local,31/07/2026,3000,3500,3250
Tamil Nadu,Salem,Hasthampatti(Uzhavar Sandhai ),Raddish,Raddish,Local,31/07/2026,2500,3000,2750
Tamil Nadu,Salem,Hasthampatti(Uzhavar Sandhai ),Mango(Raw-Ripe),Mango - Raw-Ripe,Local,31/07/2026,3000,3500,3250
Tamil Nadu,Salem,Hasthampatti(Uzhavar Sandhai ),Pear(Marasebu),Pears,Local,31/07/2026,9000,10000,9500
Tamil Nadu,Salem,Jalagandapuram(Uzhavar Sandhai ),Apple,American,Local,31/07/2026,24000,26000,25000
Tamil Nadu,Salem,Jalagandapuram(Uzhavar Sandhai ),Potato,Other,Local,31/07/2026,2600,2800,2700
Tamil Nadu,Salem,Jalagandapuram(Uzhavar Sandhai ),Brinjal,Round,Local,31/07/2026,4500,4800,4650
Tamil Nadu,Salem,Jalagandapuram(Uzhavar Sandhai ),Bitter gourd,Other,Local,31/07/2026,5000,5500,5250
Tamil Nadu,Salem,Jalagandapuram(Uzhavar Sandhai ),Tapioca,Tapioca,Local,31/07/2026,2500,3000,2750
Tamil Nadu,Salem,Jalagandapuram(Uzhavar Sandhai ),Capsicum,Capsicum,Local,31/07/2026,7000,8000,7500
Tamil Nadu,Salem,Jalagandapuram(Uzhavar Sandhai ),Green Avare(W),Other,Local,31/07/2026,6000,7000,6500
Tamil Nadu,Salem,Jalagandapuram(Uzhavar Sandhai ),Drumstick,Drumstick,Local,31/07/2026,4000,5000,4500
Tamil Nadu,Salem,Jalagandapuram(Uzhavar Sandhai ),Amla(Nelli Kai),Amla,Local,31/07/2026,6500,7000,6750
Tamil Nadu,Sivaganga,Singampunari(Uzhavar Sandhai ),Papaya,Papaya,Local,31/07/2026,3500,4000,3750
Tamil Nadu,Sivaganga,Singampunari(Uzhavar Sandhai ),Cluster beans,Cluster Beans,Local,31/07/2026,3200,3800,3500
Tamil Nadu,Sivaganga,Singampunari(Uzhavar Sandhai ),Beans,Beans (Whole),Local,31/07/2026,8400,9200,8800
Tamil Nadu,Sivaganga,Singampunari(Uzhavar Sandhai ),Mango(Raw-Ripe),Mango - Raw-Ripe,Local,31/07/2026,3600,4200,3900
Tamil Nadu,Sivaganga,Singampunari(Uzhavar Sandhai ),Knool Khol,Knool Khol,Local,31/07/2026,5600,6200,5900
Tamil Nadu,Sivaganga,Karaikudi(Uzhavar Sandhai ),Banana,Poovan,Local,31/07/2026,3500,4000,3750
Tamil Nadu,Sivaganga,Karaikudi(Uzhavar Sandhai ),Onion,Bellary,Local,31/07/2026,4200,4500,4350
Tamil Nadu,Sivaganga,Karaikudi(Uzhavar Sandhai ),Potato,Red Nanital,Local,31/07/2026,6000,6500,6250
Tamil Nadu,Sivaganga,Karaikudi(Uzhavar Sandhai ),Coriander(Leaves),I Sort,Local,31/07/2026,5500,6000,5750
Tamil Nadu,Sivaganga,Karaikudi(Uzhavar Sandhai ),Papaya,Papaya,Local,31/07/2026,4500,4800,4650
Tamil Nadu,Sivaganga,Karaikudi(Uzhavar Sandhai ),Cluster beans,Cluster Beans,Local,31/07/2026,3400,4000,3700
Tamil Nadu,Sivaganga,Karaikudi(Uzhavar Sandhai ),Pumpkin,Pumpkin,Local,31/07/2026,2200,2400,2300
Tamil Nadu,Sivaganga,Karaikudi(Uzhavar Sandhai ),Ginger(Green),Green Ginger,Local,31/07/2026,15500,22500,19000
Tamil Nadu,Sivaganga,Karaikudi(Uzhavar Sandhai ),Coconut,Coconut,Local,31/07/2026,6400,6800,6600
Tamil Nadu,Sivaganga,Karaikudi(Uzhavar Sandhai ),Snakeguard,Snakeguard,Local,31/07/2026,3400,3600,3500
Tamil Nadu,Sivaganga,Karaikudi(Uzhavar Sandhai ),Green Avare(W),Green Avare (W),Local,31/07/2026,6500,7500,7000
Tamil Nadu,Sivaganga,Karaikudi(Uzhavar Sandhai ),Drumstick,Drumstick,Local,31/07/2026,5400,6400,5900
Tamil Nadu,Sivaganga,Karaikudi(Uzhavar Sandhai ),Knool Khol,Knool Khol,Local,31/07/2026,6000,6500,6250
Tamil Nadu,Sivaganga,Karaikudi(Uzhavar Sandhai ),Mint(Pudina),Mint(Pudina),Local,31/07/2026,4500,4800,4650
Tamil Nadu,Sivaganga,Tirupatthur(Uzhavar Sandhai ),Onion,Bellary,Local,31/07/2026,2800,3500,3150
Tamil Nadu,Sivaganga,Tirupatthur(Uzhavar Sandhai ),Coriander(Leaves),I Sort,Local,31/07/2026,5500,6000,5750
Tamil Nadu,Sivaganga,Tirupatthur(Uzhavar Sandhai ),Chikoos(Sapota),Sapota,Local,31/07/2026,4400,6500,5450
Tamil Nadu,Sivaganga,Tirupatthur(Uzhavar Sandhai ),Tomato,Other,Local,31/07/2026,2200,2500,2350
Tamil Nadu,Sivaganga,Tirupatthur(Uzhavar Sandhai ),Pumpkin,Pumpkin,Local,31/07/2026,2200,2500,2350
Tamil Nadu,Sivaganga,Tirupatthur(Uzhavar Sandhai ),Bhindi(Ladies Finger),Bhindi,Local,31/07/2026,3500,4000,3750
Tamil Nadu,Sivaganga,Tirupatthur(Uzhavar Sandhai ),Green Chilli,Green Chilly,Local,31/07/2026,4000,4500,4250
Tamil Nadu,Sivaganga,Tirupatthur(Uzhavar Sandhai ),Coconut,Coconut,Local,31/07/2026,6500,7000,6750
Tamil Nadu,Sivaganga,Tirupatthur(Uzhavar Sandhai ),Raddish,Raddish,Local,31/07/2026,3000,3500,3250
Tamil Nadu,Sivaganga,Tirupatthur(Uzhavar Sandhai ),Chow Chow,Chow Chow,Local,31/07/2026,3500,4000,3750
Tamil Nadu,Sivaganga,Tirupatthur(Uzhavar Sandhai ),Mint(Pudina),Mint(Pudina),Local,31/07/2026,4500,5000,4750
Tamil Nadu,Thanjavur,Pattukottai(Uzhavar Sandhai ),Cauliflower,Ranchi,Local,31/07/2026,4800,4800,4800
Tamil Nadu,Thanjavur,Pattukottai(Uzhavar Sandhai ),Beetroot,Beetroot,Local,31/07/2026,5800,5800,5800
Tamil Nadu,Thanjavur,Pattukottai(Uzhavar Sandhai ),Ridgeguard(Tori),Ridgeguard(Tori),Local,31/07/2026,5600,5600,5600
Tamil Nadu,Thanjavur,Pattukottai(Uzhavar Sandhai ),Raddish,Raddish,Local,31/07/2026,4400,4400,4400
Tamil Nadu,Thanjavur,Pattukottai(Uzhavar Sandhai ),Chow Chow,Chow Chow,Local,31/07/2026,4000,4000,4000
Tamil Nadu,Thanjavur,Pattukottai(Uzhavar Sandhai ),Lime,Lime,Local,31/07/2026,4000,4000,4000
Tamil Nadu,Thanjavur,Pattukottai(Uzhavar Sandhai ),Onion Green,Onion Green,Local,31/07/2026,6000,6000,6000
Tamil Nadu,Thanjavur,Thanjavur(Uzhavar Sandhai ),Potato,Red Nanital,Local,31/07/2026,3000,3000,3000
Tamil Nadu,Thanjavur,Thanjavur(Uzhavar Sandhai ),Brinjal,Round,Local,31/07/2026,4000,6400,5200
Tamil Nadu,Thanjavur,Thanjavur(Uzhavar Sandhai ),Chikoos(Sapota),Sapota,Local,31/07/2026,5000,5000,5000
Tamil Nadu,Thanjavur,Thanjavur(Uzhavar Sandhai ),Tomato,Deshi,Local,31/07/2026,2000,2000,2000
Tamil Nadu,Thanjavur,Thanjavur(Uzhavar Sandhai ),Ginger(Green),Green Ginger,Local,31/07/2026,22000,22000,22000
Tamil Nadu,Thanjavur,Thanjavur(Uzhavar Sandhai ),Betal Leaves,Mysore,Local,31/07/2026,18000,18000,18000
Tamil Nadu,Thanjavur,Thanjavur(Uzhavar Sandhai ),Sweet Potato,Hosur Red,Local,31/07/2026,5000,5000,5000
Tamil Nadu,Thanjavur,Thanjavur(Uzhavar Sandhai ),Green Avare(W),Green Avare (W),Local,31/07/2026,6600,8800,7700
Tamil Nadu,Thanjavur,Thanjavur(Uzhavar Sandhai ),Drumstick,Drumstick,Local,31/07/2026,4000,4000,4000
Tamil Nadu,Thanjavur,Thanjavur(Uzhavar Sandhai ),Indian Beans(Seam),Indian Beans (Seam),Local,31/07/2026,7000,7000,7000
Tamil Nadu,Thiruchirappalli,KKNagar(Uzhavar Sandhai ),Groundnut,Big (With Shell),Local,31/07/2026,7000,7000,7000
Tamil Nadu,Thiruchirappalli,KKNagar(Uzhavar Sandhai ),Mango,Safeda,Local,31/07/2026,5000,5000,5000
Tamil Nadu,Thiruchirappalli,KKNagar(Uzhavar Sandhai ),Grapes,Annabesahai,Local,31/07/2026,12000,12000,12000
Tamil Nadu,Thiruchirappalli,KKNagar(Uzhavar Sandhai ),Garlic,Garlic,Local,31/07/2026,32000,32000,32000
Tamil Nadu,Thiruchirappalli,KKNagar(Uzhavar Sandhai ),Chili Red,Bold,Local,31/07/2026,26000,26000,26000
Tamil Nadu,Thiruchirappalli,KKNagar(Uzhavar Sandhai ),Tomato,Deshi,Local,31/07/2026,2000,2000,2000
Tamil Nadu,Thiruchirappalli,KKNagar(Uzhavar Sandhai ),Pumpkin,Pumpkin,Local,31/07/2026,2000,2000,2000
Tamil Nadu,Thiruchirappalli,KKNagar(Uzhavar Sandhai ),Amaranthus,Amaranthus,Local,31/07/2026,2000,2000,2000
Tamil Nadu,Thiruchirappalli,KKNagar(Uzhavar Sandhai ),Cowpea(Veg),Cowpea (Veg),Local,31/07/2026,4000,4000,4000
Tamil Nadu,Thiruchirappalli,KKNagar(Uzhavar Sandhai ),Betal Leaves,Mysore,Local,31/07/2026,12000,12000,12000
Tamil Nadu,Thiruchirappalli,KKNagar(Uzhavar Sandhai ),Beetroot,Beetroot,Local,31/07/2026,5400,5400,5400
Tamil Nadu,Thiruchirappalli,KKNagar(Uzhavar Sandhai ),Green Avare(W),Other,Local,31/07/2026,7000,7000,7000
Tamil Nadu,Thiruchirappalli,KKNagar(Uzhavar Sandhai ),Sweet Corn ,Sweet Corn ,Local,31/07/2026,3000,3000,3000
Tamil Nadu,Thiruchirappalli,Lalgudi(Uzhavar Sandhai ),Coriander(Leaves),I Sort,Local,31/07/2026,3400,3400,3400
Tamil Nadu,Thiruchirappalli,Lalgudi(Uzhavar Sandhai ),Amaranthus,Amaranthus,Local,31/07/2026,1500,1500,1500
Tamil Nadu,Thiruchirappalli,Lalgudi(Uzhavar Sandhai ),Green Chilli,Green Chilly,Local,31/07/2026,4600,4600,4600
Tamil Nadu,Thiruchirappalli,Lalgudi(Uzhavar Sandhai ),Beans,Beans (Whole),Local,31/07/2026,10000,10000,10000
Tamil Nadu,Thiruchirappalli,Lalgudi(Uzhavar Sandhai ),Snakeguard,Snakeguard,Local,31/07/2026,4600,4600,4600
Tamil Nadu,Thiruchirappalli,Lalgudi(Uzhavar Sandhai ),Beetroot,Beetroot,Local,31/07/2026,5000,5000,5000
Tamil Nadu,Thiruchirappalli,Lalgudi(Uzhavar Sandhai ),Ridgeguard(Tori),Ridgeguard(Tori),Local,31/07/2026,5600,5600,5600
Tamil Nadu,Thiruchirappalli,Lalgudi(Uzhavar Sandhai ),Chow Chow,Chow Chow,Local,31/07/2026,4600,4600,4600
Tamil Nadu,Thiruchirappalli,Lalgudi(Uzhavar Sandhai ),Elephant Yam(Suran)/Amorphophallus,Elephant Yam (Suran),Local,31/07/2026,4600,4600,4600
Tamil Nadu,Thiruchirappalli,Lalgudi(Uzhavar Sandhai ),Yam(Ratalu),Yam (Ratalu),Local,31/07/2026,8000,8000,8000
Tamil Nadu,Thiruchirappalli,Lalgudi(Uzhavar Sandhai ),Colacasia,Colacasia,Local,31/07/2026,4600,4600,4600
Tamil Nadu,Thiruchirappalli,Manachanallur(Uzhavar Sandhai ),Brinjal,Other,Local,31/07/2026,4000,4000,4000
Tamil Nadu,Thiruchirappalli,Manachanallur(Uzhavar Sandhai ),Cluster beans,Cluster Beans,Local,31/07/2026,3500,3500,3500
Tamil Nadu,Thiruchirappalli,Manachanallur(Uzhavar Sandhai ),Ashgourd,Gouard,Local,31/07/2026,2000,2400,2200
Tamil Nadu,Thiruchirappalli,Manachanallur(Uzhavar Sandhai ),Cabbage,Cabbage,Local,31/07/2026,4000,4000,4000
Tamil Nadu,Thiruchirappalli,Manachanallur(Uzhavar Sandhai ),Snakeguard,Snakeguard,Local,31/07/2026,4000,4000,4000
Tamil Nadu,Thiruchirappalli,Manachanallur(Uzhavar Sandhai ),Beetroot,Beetroot,Local,31/07/2026,5000,5000,5000
Tamil Nadu,Thiruchirappalli,Manachanallur(Uzhavar Sandhai ),Mango(Raw-Ripe),Mango - Raw-Ripe,Local,31/07/2026,3500,3500,3500
Tamil Nadu,Thiruchirappalli,Manachanallur(Uzhavar Sandhai ),Lemon,Lemon,Local,31/07/2026,5000,6000,5500
Tamil Nadu,Thiruchirappalli,Manachanallur(Uzhavar Sandhai ),Onion Green,Onion Green,Local,31/07/2026,6000,7000,6500
Tamil Nadu,Thiruchirappalli,Manachanallur(Uzhavar Sandhai ),Mint(Pudina),Mint(Pudina),Local,31/07/2026,6000,6000,6000
Tamil Nadu,Thiruchirappalli,Manapparai(Uzhavar Sandhai ),Onion,Bellary,Local,31/07/2026,4000,4000,4000
Tamil Nadu,Thiruchirappalli,Manapparai(Uzhavar Sandhai ),Brinjal,Other,Local,31/07/2026,5600,5600,5600
Tamil Nadu,Thiruchirappalli,Manapparai(Uzhavar Sandhai ),Banana - Green,Banana - Green,Local,31/07/2026,3000,3000,3000
Tamil Nadu,Thiruchirappalli,Manapparai(Uzhavar Sandhai ),Ridgeguard(Tori),Ridgeguard(Tori),Local,31/07/2026,5600,5600,5600
Tamil Nadu,Thiruchirappalli,Manapparai(Uzhavar Sandhai ),Mango(Raw-Ripe),Mango - Raw-Ripe,Local,31/07/2026,4000,4000,4000
Tamil Nadu,Thiruchirappalli,Manapparai(Uzhavar Sandhai ),Guava,Guava Allahabad,Local,31/07/2026,10000,10000,10000
Tamil Nadu,Thiruchirappalli,Manapparai(Uzhavar Sandhai ),Lemon,Lemon,Local,31/07/2026,6000,6000,6000
Tamil Nadu,Thiruchirappalli,Musiri(Uzhavar Sandhai ),Mango,Safeda,Local,31/07/2026,3000,3000,3000
Tamil Nadu,Thiruchirappalli,Musiri(Uzhavar Sandhai ),Bitter gourd,Bitter Gourd,Local,31/07/2026,6000,6500,6250
Tamil Nadu,Thiruchirappalli,Musiri(Uzhavar Sandhai ),Bottle gourd,Bottle Gourd,Local,31/07/2026,2000,2500,2250
Tamil Nadu,Thiruchirappalli,Musiri(Uzhavar Sandhai ),Ridgeguard(Tori),Ridgeguard(Tori),Local,31/07/2026,4500,5000,4750
Tamil Nadu,Thiruchirappalli,Musiri(Uzhavar Sandhai ),Green Avare(W),Green Avare (W),Local,31/07/2026,6000,6500,6250
Tamil Nadu,Thiruchirappalli,Musiri(Uzhavar Sandhai ),Elephant Yam(Suran)/Amorphophallus,Elephant Yam (Suran),Local,31/07/2026,4000,4500,4250
Tamil Nadu,Thiruchirappalli,Musiri(Uzhavar Sandhai ),Lemon,Lemon,Local,31/07/2026,5000,6000,5500
Tamil Nadu,Thiruchirappalli,Musiri(Uzhavar Sandhai ),Onion Green,Onion Green,Local,31/07/2026,3000,6000,4500
Tamil Nadu,Thiruchirappalli,Musiri(Uzhavar Sandhai ),Mint(Pudina),Mint(Pudina),Local,31/07/2026,5000,5600,5300
Tamil Nadu,Thiruchirappalli,Thiruverumbur(Uzhavar Sandhai ),Brinjal,Other,Local,31/07/2026,5600,6000,5800
Tamil Nadu,Thiruchirappalli,Thiruverumbur(Uzhavar Sandhai ),Tomato,Other,Local,31/07/2026,2000,2000,2000
Tamil Nadu,Thiruchirappalli,Thiruverumbur(Uzhavar Sandhai ),Pumpkin,Pumpkin,Local,31/07/2026,2000,2000,2000
Tamil Nadu,Thiruchirappalli,Thiruverumbur(Uzhavar Sandhai ),Cowpea(Veg),Cowpea (Veg),Local,31/07/2026,3600,3600,3600
Tamil Nadu,Thiruchirappalli,Thiruverumbur(Uzhavar Sandhai ),Cabbage,Cabbage,Local,31/07/2026,4200,4200,4200
Tamil Nadu,Thiruchirappalli,Thiruverumbur(Uzhavar Sandhai ),Beetroot,Beetroot,Local,31/07/2026,5000,5000,5000
Tamil Nadu,Thiruchirappalli,Thiruverumbur(Uzhavar Sandhai ),Mango(Raw-Ripe),Mango - Raw-Ripe,Local,31/07/2026,4000,4000,4000
Tamil Nadu,Virudhunagar,Rajapalayam(Uzhavar Sandhai ),Onion,Bellary,Local,31/07/2026,4000,4500,4250
Tamil Nadu,Virudhunagar,Rajapalayam(Uzhavar Sandhai ),Papaya,Papaya,Local,31/07/2026,3000,3500,3250
Tamil Nadu,Virudhunagar,Rajapalayam(Uzhavar Sandhai ),Cluster beans,Cluster Beans,Local,31/07/2026,2500,3000,2750
Tamil Nadu,Virudhunagar,Rajapalayam(Uzhavar Sandhai ),Ashgourd,Gouard,Local,31/07/2026,2500,3000,2750
Tamil Nadu,Virudhunagar,Rajapalayam(Uzhavar Sandhai ),Bhindi(Ladies Finger),Bhindi,Local,31/07/2026,3500,4000,3750
Tamil Nadu,Virudhunagar,Rajapalayam(Uzhavar Sandhai ),Banana - Green,Banana - Green,Local,31/07/2026,3000,3600,3300
Tamil Nadu,Virudhunagar,Rajapalayam(Uzhavar Sandhai ),Beans,Beans (Whole),Local,31/07/2026,9000,10000,9500
Tamil Nadu,Virudhunagar,Rajapalayam(Uzhavar Sandhai ),Coconut,Coconut,Local,31/07/2026,5000,5700,5350
Tamil Nadu,Virudhunagar,Rajapalayam(Uzhavar Sandhai ),Snakeguard,Snakeguard,Local,31/07/2026,4500,5000,4750
Tamil Nadu,Virudhunagar,Rajapalayam(Uzhavar Sandhai ),Beetroot,Beetroot,Local,31/07/2026,5000,5500,5250
Tamil Nadu,Virudhunagar,Rajapalayam(Uzhavar Sandhai ),Lime,Lime,Local,31/07/2026,15000,16000,15500
Tamil Nadu,Virudhunagar,Rajapalayam(Uzhavar Sandhai ),Guava,Guava Allahabad,Local,31/07/2026,3500,4000,3750
Tamil Nadu,Virudhunagar,Sivakasi(Uzhavar Sandhai ),Banana,Besrai,Local,31/07/2026,3500,4000,3750
Tamil Nadu,Virudhunagar,Sivakasi(Uzhavar Sandhai ),Cauliflower,Ranchi,Local,31/07/2026,4000,5000,4500
Tamil Nadu,Virudhunagar,Sivakasi(Uzhavar Sandhai ),Bitter gourd,Bitter Gourd,Local,31/07/2026,5000,6000,5500
Tamil Nadu,Virudhunagar,Sivakasi(Uzhavar Sandhai ),Carrot,Pusakesar,Local,31/07/2026,5000,6000,5500
Tamil Nadu,Virudhunagar,Sivakasi(Uzhavar Sandhai ),Ridgeguard(Tori),Ridgeguard(Tori),Local,31/07/2026,4000,5000,4500
Tamil Nadu,Virudhunagar,Sivakasi(Uzhavar Sandhai ),Yam(Ratalu),Yam (Ratalu),Local,31/07/2026,8000,10000,9000
Tamil Nadu,Virudhunagar,Thalavaipuram(Uzhavar Sandhai ),Papaya,Papaya,Local,31/07/2026,2800,3500,3150
Tamil Nadu,Virudhunagar,Thalavaipuram(Uzhavar Sandhai ),Tomato,Deshi,Local,31/07/2026,1500,1800,1650
Tamil Nadu,Virudhunagar,Thalavaipuram(Uzhavar Sandhai ),Ashgourd,Gouard,Local,31/07/2026,3200,4000,3600
Tamil Nadu,Virudhunagar,Thalavaipuram(Uzhavar Sandhai ),Green Chilli,Green Chilly,Local,31/07/2026,5000,6000,5500
Tamil Nadu,Virudhunagar,Thalavaipuram(Uzhavar Sandhai ),Carrot,Pusakesar,Local,31/07/2026,6500,8000,7250
Tamil Nadu,Virudhunagar,Thalavaipuram(Uzhavar Sandhai ),Onion Green,Onion Green,Local,31/07/2026,5000,6000,5500
Tamil Nadu,Virudhunagar,Virudhunagar(Uzhavar Sandhai ),Coriander(Leaves),I Sort,Local,31/07/2026,5500,6000,5750
Tamil Nadu,Virudhunagar,Virudhunagar(Uzhavar Sandhai ),Papaya,Papaya,Local,31/07/2026,2500,3000,2750
Tamil Nadu,Virudhunagar,Virudhunagar(Uzhavar Sandhai ),Banana - Green,Banana - Green,Local,31/07/2026,2500,3000,2750
Tamil Nadu,Virudhunagar,Virudhunagar(Uzhavar Sandhai ),Coconut,Coconut,Local,31/07/2026,5500,6000,5750
Tamil Nadu,Virudhunagar,Virudhunagar(Uzhavar Sandhai ),Drumstick,Drumstick,Local,31/07/2026,5500,6000,5750
Tamil Nadu,Chengalpattu,Madhuranthagam(Uzhavar Sandhai ),Brinjal,Round,Local,31/07/2026,5000,5000,5000
Tamil Nadu,Chengalpattu,Madhuranthagam(Uzhavar Sandhai ),Coriander(Leaves),I Sort,Local,31/07/2026,4000,4000,4000
Tamil Nadu,Chengalpattu,Madhuranthagam(Uzhavar Sandhai ),Bitter gourd,Bitter Gourd,Local,31/07/2026,4000,4000,4000
Tamil Nadu,Chengalpattu,Medavakkam(Uzhavar Sandhai ),Mango,Safeda,Local,31/07/2026,5000,5000,5000
Tamil Nadu,Chengalpattu,Pallavaram(Uzhavar Sandhai ),Groundnut,Big (With Shell),Local,31/07/2026,9000,10000,9500
Tamil Nadu,Chengalpattu,Pallavaram(Uzhavar Sandhai ),Green Peas,Green Peas,Local,31/07/2026,18000,20000,19000
Tamil Nadu,Chengalpattu,Pallavaram(Uzhavar Sandhai ),Tomato,Other,Local,31/07/2026,2000,2500,2250
Tamil Nadu,Chengalpattu,Pallavaram(Uzhavar Sandhai ),Bottle gourd,Bottle Gourd,Local,31/07/2026,3500,4000,3750
Tamil Nadu,Chengalpattu,Pallavaram(Uzhavar Sandhai ),Bhindi(Ladies Finger),Bhindi,Local,31/07/2026,3500,4000,3750
Tamil Nadu,Chengalpattu,Pallavaram(Uzhavar Sandhai ),Banana - Green,Banana - Green,Local,31/07/2026,3500,4000,3750
Tamil Nadu,Chengalpattu,Pallavaram(Uzhavar Sandhai ),Cucumbar(Kheera),Cucumbar,Local,31/07/2026,5000,6000,5500
Tamil Nadu,Chengalpattu,Pallavaram(Uzhavar Sandhai ),Ridgeguard(Tori),Ridgeguard(Tori),Local,31/07/2026,7000,8000,7500
Tamil Nadu,Chengalpattu,Pallavaram(Uzhavar Sandhai ),Thondekai,Thondekai,Local,31/07/2026,5000,6000,5500
Tamil Nadu,Chengalpattu,Pallavaram(Uzhavar Sandhai ),Capsicum,Capsicum,Local,31/07/2026,6000,7000,6500
Tamil Nadu,Chengalpattu,Pallavaram(Uzhavar Sandhai ),Chow Chow,Chow Chow,Local,31/07/2026,4000,5000,4500
Tamil Nadu,Chengalpattu,Pallavaram(Uzhavar Sandhai ),Lemon,Lemon,Local,31/07/2026,11000,13000,12000
Tamil Nadu,Nagercoil (Kannyiakumari),Myladi(Uzhavar Sandhai ),Pineapple,Pine Apple,Local,31/07/2026,5500,6000,5750
Tamil Nadu,Nagercoil (Kannyiakumari),Myladi(Uzhavar Sandhai ),Bitter gourd,Bitter Gourd,Local,31/07/2026,7500,8000,7750
Tamil Nadu,Nagercoil (Kannyiakumari),Myladi(Uzhavar Sandhai ),Bottle gourd,Bottle Gourd,Local,31/07/2026,2500,3000,2750
Tamil Nadu,Chengalpattu,Jameenrayapettai(Uzhavar Sandhai ),Groundnut,Big (With Shell),Local,31/07/2026,9000,10000,9500
Tamil Nadu,Chengalpattu,Jameenrayapettai(Uzhavar Sandhai ),Apple,American,Local,31/07/2026,25000,27000,26000
Tamil Nadu,Chengalpattu,Jameenrayapettai(Uzhavar Sandhai ),Potato,Other,Local,31/07/2026,2500,3000,2750
Tamil Nadu,Chengalpattu,Jameenrayapettai(Uzhavar Sandhai ),Amaranthus,Amaranthus,Local,31/07/2026,2500,3000,2750
Tamil Nadu,Chengalpattu,Jameenrayapettai(Uzhavar Sandhai ),Ginger(Green),Green Ginger,Local,31/07/2026,20000,22000,21000
Tamil Nadu,Chengalpattu,Jameenrayapettai(Uzhavar Sandhai ),Beetroot,Beetroot,Local,31/07/2026,4000,5000,4500
Tamil Nadu,Chengalpattu,Jameenrayapettai(Uzhavar Sandhai ),Green Avare(W),Other,Local,31/07/2026,6000,7000,6500
Tamil Nadu,Chengalpattu,Jameenrayapettai(Uzhavar Sandhai ),Yam(Ratalu),Yam (Ratalu),Local,31/07/2026,6000,7000,6500
Tamil Nadu,Chengalpattu,Jameenrayapettai(Uzhavar Sandhai ),Colacasia,Colacasia,Local,31/07/2026,4000,5000,4500
Tamil Nadu,Chengalpattu,Guduvancheri(Uzhavar Sandhai ),Coriander(Leaves),I Sort,Local,31/07/2026,5000,6000,5500
Tamil Nadu,Chengalpattu,Guduvancheri(Uzhavar Sandhai ),Papaya,Papaya,Local,31/07/2026,5000,6000,5500
Tamil Nadu,Chengalpattu,Guduvancheri(Uzhavar Sandhai ),Pumpkin,Pumpkin,Local,31/07/2026,2500,3000,2750
Tamil Nadu,Chengalpattu,Guduvancheri(Uzhavar Sandhai ),Cucumbar(Kheera),Cucumbar,Local,31/07/2026,5000,6000,5500
Tamil Nadu,Chengalpattu,Guduvancheri(Uzhavar Sandhai ),Drumstick,Drumstick,Local,31/07/2026,6000,7000,6500
Tamil Nadu,Chengalpattu,Guduvancheri(Uzhavar Sandhai ),Guava,Guava Allahabad,Local,31/07/2026,5000,6000,5500
Tamil Nadu,Chengalpattu,Guduvancheri(Uzhavar Sandhai ),Tender Coconut,Tender Coconut,Local,31/07/2026,3000,4000,3500
Tamil Nadu,Chengalpattu,Guduvancheri(Uzhavar Sandhai ),Sweet Corn ,Sweet Corn ,Local,31/07/2026,4000,5000,4500
Tamil Nadu,Thirupathur,Vaniyampadi(Uzhavar Sandhai ),Groundnut,Big (With Shell),Local,31/07/2026,6000,6000,6000
Tamil Nadu,Thirupathur,Vaniyampadi(Uzhavar Sandhai ),Banana,Besrai,Local,31/07/2026,4000,4000,4000
Tamil Nadu,Thirupathur,Vaniyampadi(Uzhavar Sandhai ),Pumpkin,Pumpkin,Local,31/07/2026,3000,3000,3000
Tamil Nadu,Thirupathur,Vaniyampadi(Uzhavar Sandhai ),Betal Leaves,Mysore,Local,31/07/2026,5000,5000,5000
Tamil Nadu,Thirupathur,Vaniyampadi(Uzhavar Sandhai ),Snakeguard,Snakeguard,Local,31/07/2026,4000,4000,4000
Tamil Nadu,Thirupathur,Vaniyampadi(Uzhavar Sandhai ),Cucumbar(Kheera),Cucumbar,Local,31/07/2026,4000,4000,4000
Tamil Nadu,Thirupathur,Vaniyampadi(Uzhavar Sandhai ),Tender Coconut,Tender Coconut,Local,31/07/2026,3000,3000,3000
Tamil Nadu,Thirupathur,Vaniyampadi(Uzhavar Sandhai ),Custard Apple(Sharifa),Custard Apple(Sharifa),Local,31/07/2026,4000,4000,4000
Tamil Nadu,Thirupur,Dharapuram(Uzhavar Sandhai ),Bitter gourd,Bitter Gourd,Local,31/07/2026,5500,6000,5750
Tamil Nadu,Thirupur,Dharapuram(Uzhavar Sandhai ),Bottle gourd,Bottle Gourd,Local,31/07/2026,1500,2000,1750
Tamil Nadu,Thirupur,Dharapuram(Uzhavar Sandhai ),Bhindi(Ladies Finger),Bhindi,Local,31/07/2026,4500,5000,4750
Tamil Nadu,Thirupur,Dharapuram(Uzhavar Sandhai ),Beetroot,Beetroot,Local,31/07/2026,8000,9000,8500
Tamil Nadu,Thirupur,Dharapuram(Uzhavar Sandhai ),Cucumbar(Kheera),Cucumbar,Local,31/07/2026,4500,5000,4750
Tamil Nadu,Thirupur,Dharapuram(Uzhavar Sandhai ),Mango(Raw-Ripe),Mango - Raw-Ripe,Local,31/07/2026,2500,3000,2750
Tamil Nadu,Thirupur,Dharapuram(Uzhavar Sandhai ),Guava,Guava Allahabad,Local,31/07/2026,4500,5000,4750
Tamil Nadu,Thirupur,Dharapuram(Uzhavar Sandhai ),Elephant Yam(Suran)/Amorphophallus,Elephant Yam (Suran),Local,31/07/2026,4500,5000,4750
Tamil Nadu,Thirupur,Palladam(Uzhavar Sandhai ),Banana,Poovan,Local,31/07/2026,3000,4000,3500
Tamil Nadu,Thirupur,Palladam(Uzhavar Sandhai ),Cluster beans,Cluster Beans,Local,31/07/2026,3500,4000,3750
Tamil Nadu,Thirupur,Palladam(Uzhavar Sandhai ),Beans,Beans (Whole),Local,31/07/2026,9000,10000,9500
Tamil Nadu,Thirupur,Palladam(Uzhavar Sandhai ),Cabbage,Cabbage,Local,31/07/2026,3000,3500,3250
Tamil Nadu,Thirupur,Palladam(Uzhavar Sandhai ),Snakeguard,Snakeguard,Local,31/07/2026,2500,3000,2750
Tamil Nadu,Thirupur,Palladam(Uzhavar Sandhai ),Ridgeguard(Tori),Ridgeguard(Tori),Local,31/07/2026,4000,5000,4500
Tamil Nadu,Thirupur,Palladam(Uzhavar Sandhai ),Chow Chow,Chow Chow,Local,31/07/2026,2500,3000,2750
Tamil Nadu,Thirupur,Palladam(Uzhavar Sandhai ),Mint(Pudina),Mint(Pudina),Local,31/07/2026,2500,3000,2750
Tamil Nadu,Kallakuruchi,Kallakurichi(Uzhavar Sandhai ),Groundnut,Big (With Shell),Local,31/07/2026,7000,7000,7000
Tamil Nadu,Kallakuruchi,Kallakurichi(Uzhavar Sandhai ),Mango,Other,Local,31/07/2026,4000,4000,4000
Tamil Nadu,Kallakuruchi,Kallakurichi(Uzhavar Sandhai ),Coriander(Leaves),I Sort,Local,31/07/2026,6000,6000,6000
Tamil Nadu,Kallakuruchi,Kallakurichi(Uzhavar Sandhai ),Papaya,Papaya,Local,31/07/2026,3000,3000,3000
Tamil Nadu,Kallakuruchi,Kallakurichi(Uzhavar Sandhai ),Bitter gourd,Bitter Gourd,Local,31/07/2026,6000,6000,6000
Tamil Nadu,Kallakuruchi,Kallakurichi(Uzhavar Sandhai ),Ashgourd,Gouard,Local,31/07/2026,3000,3000,3000
Tamil Nadu,Kallakuruchi,Kallakurichi(Uzhavar Sandhai ),Banana - Green,Banana - Green,Local,31/07/2026,3000,3000,3000
Tamil Nadu,Kallakuruchi,Kallakurichi(Uzhavar Sandhai ),Snakeguard,Snakeguard,Local,31/07/2026,5000,5000,5000
Tamil Nadu,Kallakuruchi,Kallakurichi(Uzhavar Sandhai ),Jack Fruit(Ripe),Jack Fruit,Local,31/07/2026,2000,2000,2000
Tamil Nadu,Kallakuruchi,Kallakurichi(Uzhavar Sandhai ),Guava,Guava Allahabad,Local,31/07/2026,5000,5000,5000
Tamil Nadu,Kallakuruchi,Kallakurichi(Uzhavar Sandhai ),Elephant Yam(Suran)/Amorphophallus,Elephant Yam (Suran),Local,31/07/2026,4000,4000,4000
Tamil Nadu,Kallakuruchi,Kallakurichi(Uzhavar Sandhai ),Yam(Ratalu),Yam (Ratalu),Local,31/07/2026,3000,3000,3000
Tamil Nadu,Kallakuruchi,Kallakurichi(Uzhavar Sandhai ),Lemon,Lemon,Local,31/07/2026,7000,7000,7000
Tamil Nadu,Kallakuruchi,Kallakurichi(Uzhavar Sandhai ),Colacasia,Colacasia,Local,31/07/2026,4000,4000,4000
Tamil Nadu,Kallakuruchi,Kallakurichi(Uzhavar Sandhai ),Onion Green,Onion Green,Local,31/07/2026,6000,6000,6000
Tamil Nadu,Kallakuruchi,Kallakurichi(Uzhavar Sandhai ),Rose(Local),Rose (Local),Local,31/07/2026,40000,40000,40000
Tamil Nadu,Kallakuruchi,Kallakurichi(Uzhavar Sandhai ),Baby Corn,Baby Corn,Grade A,31/07/2026,3000,3000,3000
Tamil Nadu,Thirupathur,Natrampalli(Uzhavar Sandhai ),Banana,Besrai,Local,31/07/2026,5000,6000,5500
Tamil Nadu,Thirupathur,Natrampalli(Uzhavar Sandhai ),Potato,Red Nanital,Local,31/07/2026,3000,3500,3250
Tamil Nadu,Thirupathur,Natrampalli(Uzhavar Sandhai ),Garlic,Garlic,Local,31/07/2026,25000,30000,27500
Tamil Nadu,Thirupathur,Natrampalli(Uzhavar Sandhai ),Cluster beans,Cluster Beans,Local,31/07/2026,3000,4000,3500
Tamil Nadu,Thirupathur,Natrampalli(Uzhavar Sandhai ),Bitter gourd,Bitter Gourd,Local,31/07/2026,4000,5000,4500
Tamil Nadu,Thirupathur,Natrampalli(Uzhavar Sandhai ),Bhindi(Ladies Finger),Bhindi,Local,31/07/2026,2000,3000,2500
Tamil Nadu,Thirupathur,Natrampalli(Uzhavar Sandhai ),Amaranthus,Amaranthus,Local,31/07/2026,1500,2000,1750
Tamil Nadu,Thirupathur,Natrampalli(Uzhavar Sandhai ),Green Chilli,Green Chilly,Local,31/07/2026,5000,6000,5500
Tamil Nadu,Thirupathur,Natrampalli(Uzhavar Sandhai ),Carrot,Pusakesar,Local,31/07/2026,5000,6000,5500
Tamil Nadu,Thirupathur,Natrampalli(Uzhavar Sandhai ),Snakeguard,Snakeguard,Local,31/07/2026,3000,4000,3500
Tamil Nadu,Thirupathur,Natrampalli(Uzhavar Sandhai ),Mint(Pudina),Mint(Pudina),Local,31/07/2026,3000,4000,3500
Tamil Nadu,Salem,Athur(Uzhavar Sandhai ),Pineapple,Pine Apple,Local,31/07/2026,3500,4000,3750
Tamil Nadu,Salem,Athur(Uzhavar Sandhai ),Cluster beans,Cluster Beans,Local,31/07/2026,2500,3000,2750
Tamil Nadu,Salem,Athur(Uzhavar Sandhai ),Bitter gourd,Other,Local,31/07/2026,4500,5000,4750
Tamil Nadu,Salem,Athur(Uzhavar Sandhai ),Ashgourd,Gouard,Local,31/07/2026,2000,2500,2250
Tamil Nadu,Salem,Athur(Uzhavar Sandhai ),Beetroot,Beetroot,Local,31/07/2026,4000,7500,5750
Tamil Nadu,Salem,Athur(Uzhavar Sandhai ),Raddish,Raddish,Local,31/07/2026,2500,3000,2750
Tamil Nadu,Salem,Athur(Uzhavar Sandhai ),Thondekai,Thondekai,Local,31/07/2026,5000,5500,5250
Tamil Nadu,Salem,Athur(Uzhavar Sandhai ),Drumstick,Drumstick,Local,31/07/2026,3500,4000,3750
Tamil Nadu,Salem,Athur(Uzhavar Sandhai ),Jasmine,Jasmine,Local,31/07/2026,40000,45000,42500
Tamil Nadu,Salem,Athur(Uzhavar Sandhai ),Elephant Yam(Suran)/Amorphophallus,Elephant Yam (Suran),Local,31/07/2026,3000,3500,3250
Tamil Nadu,Salem,Athur(Uzhavar Sandhai ),Amla(Nelli Kai),Amla,Local,31/07/2026,6000,7000,6500
Tamil Nadu,Salem,Athur(Uzhavar Sandhai ),Mint(Pudina),Mint(Pudina),Local,31/07/2026,3500,4000,3750
Tamil Nadu,Theni,Periyakulam(Uzhavar Sandhai ),Cluster beans,Cluster Beans,Local,31/07/2026,3200,3400,3300
Tamil Nadu,Theni,Periyakulam(Uzhavar Sandhai ),Bottle gourd,Bottle Gourd,Local,31/07/2026,1400,1600,1500
Tamil Nadu,Theni,Periyakulam(Uzhavar Sandhai ),Green Chilli,Green Chilly,Local,31/07/2026,4000,4500,4250
Tamil Nadu,Theni,Periyakulam(Uzhavar Sandhai ),Beetroot,Beetroot,Local,31/07/2026,4400,4800,4600
Tamil Nadu,Theni,Periyakulam(Uzhavar Sandhai ),Drumstick,Drumstick,Local,31/07/2026,2500,3000,2750
Tamil Nadu,Virudhunagar,Srivilliputhur(Uzhavar Sandhai ),Potato,Red Nanital,Local,31/07/2026,2500,3000,2750
Tamil Nadu,Virudhunagar,Srivilliputhur(Uzhavar Sandhai ),Chikoos(Sapota),Sapota,Local,31/07/2026,3500,4000,3750
Tamil Nadu,Virudhunagar,Srivilliputhur(Uzhavar Sandhai ),Tomato,Deshi,Local,31/07/2026,1500,2000,1750
Tamil Nadu,Virudhunagar,Srivilliputhur(Uzhavar Sandhai ),Cluster beans,Cluster Beans,Local,31/07/2026,2500,3000,2750
Tamil Nadu,Virudhunagar,Srivilliputhur(Uzhavar Sandhai ),Ashgourd,Gouard,Local,31/07/2026,2500,3000,2750
Tamil Nadu,Virudhunagar,Srivilliputhur(Uzhavar Sandhai ),Green Chilli,Green Chilly,Local,31/07/2026,5000,6000,5500
Tamil Nadu,Virudhunagar,Srivilliputhur(Uzhavar Sandhai ),Chow Chow,Chow Chow,Local,31/07/2026,3500,4000,3750
Tamil Nadu,Virudhunagar,Srivilliputhur(Uzhavar Sandhai ),Mint(Pudina),Mint(Pudina),Local,31/07/2026,5500,7000,6250
Tamil Nadu,Coimbatore,Vadavalli(Uzhavar Sandhai ),Banana,Besrai,Local,31/07/2026,3400,3800,3600
Tamil Nadu,Coimbatore,Vadavalli(Uzhavar Sandhai ),Grapes,Annabesahai,Local,31/07/2026,7500,8500,8000
Tamil Nadu,Coimbatore,Vadavalli(Uzhavar Sandhai ),Garlic,Garlic,Local,31/07/2026,16000,22000,19000
Tamil Nadu,Coimbatore,Vadavalli(Uzhavar Sandhai ),Coriander(Leaves),I Sort,Local,31/07/2026,5500,6200,5850
Tamil Nadu,Coimbatore,Vadavalli(Uzhavar Sandhai ),Bottle gourd,Bottle Gourd,Local,31/07/2026,2500,3000,2750
Tamil Nadu,Coimbatore,Vadavalli(Uzhavar Sandhai ),Ginger(Green),Green Ginger,Local,31/07/2026,14000,16500,15250
Tamil Nadu,Coimbatore,Vadavalli(Uzhavar Sandhai ),Coconut,Coconut,Local,31/07/2026,5200,5800,5500
Tamil Nadu,Coimbatore,Vadavalli(Uzhavar Sandhai ),Carrot,Pusakesar,Local,31/07/2026,9500,11000,10250
Tamil Nadu,Coimbatore,Vadavalli(Uzhavar Sandhai ),Capsicum,Capsicum,Local,31/07/2026,6500,7500,7000
Tamil Nadu,Coimbatore,Vadavalli(Uzhavar Sandhai ),Lemon,Lemon,Local,31/07/2026,7500,8500,8000
Tamil Nadu,Dindigul,Vedasanthur(Uzhavar Sandhai ),Brinjal,Other,Local,31/07/2026,3600,4000,3800
Tamil Nadu,Dindigul,Vedasanthur(Uzhavar Sandhai ),Banana - Green,Banana - Green,Local,31/07/2026,3000,3600,3300
Tamil Nadu,Dindigul,Vedasanthur(Uzhavar Sandhai ),Raddish,Raddish,Local,31/07/2026,3000,3600,3300
Tamil Nadu,Coimbatore,Udumalpet APMC,Cluster beans,Cluster Beans,Local,31/07/2026,3500,4200,3850
Tamil Nadu,Coimbatore,Udumalpet APMC,Beans,Beans (Whole),Local,31/07/2026,10000,11000,10500
Tamil Nadu,Coimbatore,Udumalpet APMC,Coconut,Coconut,Local,31/07/2026,5500,5800,5650
Tamil Nadu,Coimbatore,Udumalpet APMC,Thondekai,Thondekai,Local,31/07/2026,4000,5000,4500
Tamil Nadu,Coimbatore,Udumalpet APMC,Amla(Nelli Kai),Amla,Local,31/07/2026,7000,8000,7500
Tamil Nadu,Tuticorin,Ettayapuram APMC,Maize,Other,Local,31/07/2026,2500,2700,2600
Tamil Nadu,Erode,Gobichettipalayam(Uzhavar Sandhai ),Bitter gourd,Bitter Gourd,Local,31/07/2026,6000,6500,6250
Tamil Nadu,Erode,Gobichettipalayam(Uzhavar Sandhai ),Pumpkin,Pumpkin,Local,31/07/2026,2000,2500,2250
Tamil Nadu,Erode,Gobichettipalayam(Uzhavar Sandhai ),Bhindi(Ladies Finger),Bhindi,Local,31/07/2026,3200,3500,3350
Tamil Nadu,Erode,Gobichettipalayam(Uzhavar Sandhai ),Banana - Green,Banana - Green,Local,31/07/2026,2600,2800,2700
Tamil Nadu,Erode,Gobichettipalayam(Uzhavar Sandhai ),Snakeguard,Snakeguard,Local,31/07/2026,3800,4000,3900
Tamil Nadu,Erode,Gobichettipalayam(Uzhavar Sandhai ),Raddish,Raddish,Local,31/07/2026,2400,2600,2500
Tamil Nadu,Erode,Gobichettipalayam(Uzhavar Sandhai ),Green Avare(W),Green Avare (W),Local,31/07/2026,6200,6500,6350
Tamil Nadu,Erode,Gobichettipalayam(Uzhavar Sandhai ),Tender Coconut,Tender Coconut,Local,31/07/2026,2500,3000,2750
Tamil Nadu,Erode,Sampath Nagar(Uzhavar Sandhai ),Banana,Besrai,Local,31/07/2026,2200,2600,2400
Tamil Nadu,Erode,Sampath Nagar(Uzhavar Sandhai ),Potato,Other,Local,31/07/2026,3600,4000,3800
Tamil Nadu,Erode,Sampath Nagar(Uzhavar Sandhai ),Coriander(Leaves),I Sort,Local,31/07/2026,4500,5000,4750
Tamil Nadu,Erode,Sampath Nagar(Uzhavar Sandhai ),Green Peas,Green Peas,Local,31/07/2026,22000,23000,22500
Tamil Nadu,Erode,Sampath Nagar(Uzhavar Sandhai ),Papaya,Papaya,Local,31/07/2026,2600,3000,2800
Tamil Nadu,Erode,Sampath Nagar(Uzhavar Sandhai ),Bitter gourd,Other,Local,31/07/2026,5400,5800,5600
Tamil Nadu,Erode,Sampath Nagar(Uzhavar Sandhai ),Tapioca,Tapioca,Local,31/07/2026,2000,2500,2250
Tamil Nadu,Erode,Sampath Nagar(Uzhavar Sandhai ),Capsicum,Capsicum,Local,31/07/2026,5200,5600,5400
Tamil Nadu,Erode,Sampath Nagar(Uzhavar Sandhai ),Chow Chow,Chow Chow,Local,31/07/2026,3000,3400,3200
Tamil Nadu,Erode,Sampath Nagar(Uzhavar Sandhai ),Knool Khol,Knool Khol,Local,31/07/2026,4000,4600,4300
Tamil Nadu,Erode,Sampath Nagar(Uzhavar Sandhai ),Jamun(Narale Hannu),Jamun,Local,31/07/2026,9000,10000,9500
Tamil Nadu,Erode,Sampath Nagar(Uzhavar Sandhai ),Guava,Guava Allahabad,Local,31/07/2026,5000,5500,5250
Tamil Nadu,Erode,Sampath Nagar(Uzhavar Sandhai ),Jasmine,Jasmine,Local,31/07/2026,46000,50000,48000
Tamil Nadu,Erode,Sampath Nagar(Uzhavar Sandhai ),Kakada,Kakada,Local,31/07/2026,32000,34000,33000
Tamil Nadu,Erode,Sampath Nagar(Uzhavar Sandhai ),Amla(Nelli Kai),Amla,Local,31/07/2026,7500,8000,7750
Tamil Nadu,Vellore,Pallikonda(Uzhavar Sandhai),Bottle gourd,Bottle Gourd,Local,31/07/2026,2000,2500,2250
Tamil Nadu,Vellore,Pallikonda(Uzhavar Sandhai),Pumpkin,Pumpkin,Local,31/07/2026,2000,2500,2250
Tamil Nadu,Vellore,Pallikonda(Uzhavar Sandhai),Bhindi(Ladies Finger),Bhindi,Local,31/07/2026,3000,3500,3250
Tamil Nadu,Vellore,Pallikonda(Uzhavar Sandhai),Amaranthus,Amaranthus,Local,31/07/2026,3000,3500,3250
Tamil Nadu,Vellore,Pallikonda(Uzhavar Sandhai),Ginger(Green),Green Ginger,Local,31/07/2026,16000,17000,16500
Tamil Nadu,Vellore,Pallikonda(Uzhavar Sandhai),Snakeguard,Snakeguard,Local,31/07/2026,3000,3500,3250
Tamil Nadu,Vellore,Pallikonda(Uzhavar Sandhai),Tender Coconut,Tender Coconut,Local,31/07/2026,3500,4000,3750
Tamil Nadu,Vellore,Pallikonda(Uzhavar Sandhai),Lemon,Lemon,Local,31/07/2026,8000,9000,8500
Tamil Nadu,Pudukkottai,Ponnamaravathi(Uzhavar Sandhai),Onion,Bellary,Local,31/07/2026,4500,5000,4750
Tamil Nadu,Pudukkottai,Ponnamaravathi(Uzhavar Sandhai),Brinjal,Round,Local,31/07/2026,7000,7500,7250
Tamil Nadu,Pudukkottai,Ponnamaravathi(Uzhavar Sandhai),Coriander(Leaves),I Sort,Local,31/07/2026,5500,6000,5750
Tamil Nadu,Pudukkottai,Ponnamaravathi(Uzhavar Sandhai),Pumpkin,Pumpkin,Local,31/07/2026,1000,1500,1250
Tamil Nadu,Pudukkottai,Ponnamaravathi(Uzhavar Sandhai),Onion Green,Onion Green,Local,31/07/2026,6500,7000,6750
Tamil Nadu,Nagapattinam,Mayiladuthurai(Uzhavar Sandhai ),Banana,Besrai,Local,31/07/2026,3600,4000,3800
Tamil Nadu,Nagapattinam,Mayiladuthurai(Uzhavar Sandhai ),Bitter gourd,Bitter Gourd,Local,31/07/2026,6000,7000,6500
Tamil Nadu,Nagapattinam,Mayiladuthurai(Uzhavar Sandhai ),Chow Chow,Chow Chow,Local,31/07/2026,4500,4500,4500
Tamil Nadu,Nagapattinam,Mayiladuthurai(Uzhavar Sandhai ),Mint(Pudina),Mint(Pudina),Local,31/07/2026,4000,4500,4250
Tamil Nadu,Pudukkottai,Viralimalai(Uzhavar Sandhai ),Banana,Red Banana,Local,31/07/2026,7000,8000,7500
Tamil Nadu,Pudukkottai,Viralimalai(Uzhavar Sandhai ),Brinjal,Round,Local,31/07/2026,6500,7000,6750
Tamil Nadu,Pudukkottai,Viralimalai(Uzhavar Sandhai ),Papaya,Papaya,Local,31/07/2026,2500,3000,2750
Tamil Nadu,Pudukkottai,Viralimalai(Uzhavar Sandhai ),Tomato,Deshi,Local,31/07/2026,2000,2500,2250
Tamil Nadu,Pudukkottai,Viralimalai(Uzhavar Sandhai ),Cluster beans,Cluster Beans,Local,31/07/2026,5000,5500,5250
Tamil Nadu,Pudukkottai,Viralimalai(Uzhavar Sandhai ),Ashgourd,Gouard,Local,31/07/2026,1000,1500,1250
Tamil Nadu,Pudukkottai,Viralimalai(Uzhavar Sandhai ),Green Chilli,Green Chilly,Local,31/07/2026,5500,6000,5750
Tamil Nadu,Pudukkottai,Viralimalai(Uzhavar Sandhai ),Coconut,Coconut,Local,31/07/2026,3500,4000,3750
Tamil Nadu,Pudukkottai,Viralimalai(Uzhavar Sandhai ),Snakeguard,Snakeguard,Local,31/07/2026,3000,3500,3250
Tamil Nadu,Pudukkottai,Viralimalai(Uzhavar Sandhai ),Amla(Nelli Kai),Amla,Local,31/07/2026,6500,7000,6750
Tamil Nadu,Pudukkottai,Viralimalai(Uzhavar Sandhai ),Onion Green,Onion Green,Local,31/07/2026,6500,7000,6750
Tamil Nadu,Ramanathapuram,Kamuthi(Uzhavar Sandhai ),Tomato,Deshi,Local,31/07/2026,2500,3000,2750
Tamil Nadu,Ramanathapuram,Paramakudi(Uzhavar Sandhai ),Banana,Besrai,Local,31/07/2026,4500,5000,4750
Tamil Nadu,Ramanathapuram,Paramakudi(Uzhavar Sandhai ),Bitter gourd,Bitter Gourd,Local,31/07/2026,5500,6000,5750
Tamil Nadu,Ramanathapuram,Paramakudi(Uzhavar Sandhai ),Ashgourd,Gouard,Local,31/07/2026,2000,2500,2250
Tamil Nadu,Ramanathapuram,Paramakudi(Uzhavar Sandhai ),Beans,Beans (Whole),Local,31/07/2026,8000,9000,8500
Tamil Nadu,Ramanathapuram,Paramakudi(Uzhavar Sandhai ),Coconut,Coconut,Local,31/07/2026,6000,6500,6250
Tamil Nadu,Ramanathapuram,Paramakudi(Uzhavar Sandhai ),Ridgeguard(Tori),Ridgeguard(Tori),Local,31/07/2026,5000,5500,5250
Tamil Nadu,Ramanathapuram,Paramakudi(Uzhavar Sandhai ),Green Avare(W),Green Avare (W),Local,31/07/2026,7500,8000,7750
Tamil Nadu,Ramanathapuram,Paramakudi(Uzhavar Sandhai ),Tube Flower,Tube Flower,Local,31/07/2026,60000,70000,65000
Tamil Nadu,Ramanathapuram,Paramakudi(Uzhavar Sandhai ),Lemon,Lemon,Local,31/07/2026,9000,10000,9500
Tamil Nadu,Ramanathapuram,Ramanathapuram(Uzhavar Sandhai ),Onion,Bellary,Local,31/07/2026,4000,4500,4250
Tamil Nadu,Ramanathapuram,Ramanathapuram(Uzhavar Sandhai ),Bottle gourd,Bottle Gourd,Local,31/07/2026,2000,2200,2100
Tamil Nadu,Ramanathapuram,Ramanathapuram(Uzhavar Sandhai ),Carrot,Pusakesar,Local,31/07/2026,5000,5500,5250
Tamil Nadu,Ramanathapuram,Ramanathapuram(Uzhavar Sandhai ),Cabbage,Cabbage,Local,31/07/2026,4000,4200,4100
Tamil Nadu,Ramanathapuram,Ramanathapuram(Uzhavar Sandhai ),Colacasia,Colacasia,Local,31/07/2026,6500,7000,6750
Tamil Nadu,Pudukkottai,Alangudi(Uzhavar Sandhai ),Drumstick,Drumstick,Local,31/07/2026,5500,6000,5750
Tamil Nadu,Pudukkottai,Alangudi(Uzhavar Sandhai ),Mango(Raw-Ripe),Mango - Raw-Ripe,Local,31/07/2026,2500,3000,2750
Tamil Nadu,Thiruvannamalai,Arani(Uzhavar Sandhai ),Mango,Safeda,Local,31/07/2026,4000,5000,4500
Tamil Nadu,Thiruvannamalai,Arani(Uzhavar Sandhai ),Papaya,Papaya,Local,31/07/2026,3500,4000,3750
Tamil Nadu,Thiruvannamalai,Arani(Uzhavar Sandhai ),Beans,Beans (Whole),Local,31/07/2026,8000,10000,9000
Tamil Nadu,Thiruvannamalai,Arani(Uzhavar Sandhai ),Sweet Potato,Hosur Red,Local,31/07/2026,3500,4000,3750
Tamil Nadu,Thiruvannamalai,Arani(Uzhavar Sandhai ),Beetroot,Beetroot,Local,31/07/2026,4000,4800,4400
Tamil Nadu,Thiruvannamalai,Arani(Uzhavar Sandhai ),Drumstick,Drumstick,Local,31/07/2026,3500,4200,3850
Tamil Nadu,Thiruvannamalai,Arani(Uzhavar Sandhai ),Mango(Raw-Ripe),Mango - Raw-Ripe,Local,31/07/2026,2000,2500,2250
Tamil Nadu,Thiruvannamalai,Arani(Uzhavar Sandhai ),Knool Khol,Knool Khol,Local,31/07/2026,5000,6000,5500
Tamil Nadu,Thiruvannamalai,Arani(Uzhavar Sandhai ),Tender Coconut,Tender Coconut,Local,31/07/2026,1500,2000,1750
Tamil Nadu,Thiruvannamalai,Polur(Uzhavar Sandhai ),Carrot,Pusakesar,Local,31/07/2026,7000,8400,7700
Tamil Nadu,Thiruvannamalai,Polur(Uzhavar Sandhai ),Cabbage,Cabbage,Local,31/07/2026,3300,4000,3650
Tamil Nadu,Thiruvannamalai,Polur(Uzhavar Sandhai ),Beetroot,Beetroot,Local,31/07/2026,4000,4800,4400
Tamil Nadu,Thiruvannamalai,Polur(Uzhavar Sandhai ),Knool Khol,Knool Khol,Local,31/07/2026,5000,6000,5500
Tamil Nadu,Thiruvannamalai,Polur(Uzhavar Sandhai ),Lemon,Lemon,Local,31/07/2026,6000,8000,7000
Tamil Nadu,Thiruvannamalai,Polur(Uzhavar Sandhai ),Colacasia,Colacasia,Local,31/07/2026,3300,4000,3650
Tamil Nadu,Thiruvannamalai,Polur(Uzhavar Sandhai ),Onion Green,Onion Green,Local,31/07/2026,5000,6000,5500
Tamil Nadu,Thiruvannamalai,Tiruvannamalai(Uzhavar Sandhai ),Banana,Besrai,Local,31/07/2026,4000,5000,4500
Tamil Nadu,Thiruvannamalai,Tiruvannamalai(Uzhavar Sandhai ),Garlic,Garlic,Local,31/07/2026,26000,28000,27000
Tamil Nadu,Thiruvannamalai,Tiruvannamalai(Uzhavar Sandhai ),Brinjal,Round,Local,31/07/2026,6400,7200,6800
Tamil Nadu,Thiruvannamalai,Tiruvannamalai(Uzhavar Sandhai ),Water Melon,Water Melon,Local,31/07/2026,2000,2500,2250
Tamil Nadu,Thiruvannamalai,Tiruvannamalai(Uzhavar Sandhai ),Cluster beans,Cluster Beans,Local,31/07/2026,4000,5000,4500
Tamil Nadu,Thiruvannamalai,Tiruvannamalai(Uzhavar Sandhai ),Bhindi(Ladies Finger),Bhindi,Local,31/07/2026,2400,3000,2700
Tamil Nadu,Thiruvannamalai,Tiruvannamalai(Uzhavar Sandhai ),Amaranthus,Amaranthus,Local,31/07/2026,3500,4000,3750
Tamil Nadu,Thiruvannamalai,Tiruvannamalai(Uzhavar Sandhai ),Cowpea(Veg),Cowpea (Veg),Local,31/07/2026,5000,6000,5500
Tamil Nadu,Thiruvannamalai,Tiruvannamalai(Uzhavar Sandhai ),Coconut,Coconut,Local,31/07/2026,4000,5000,4500
Tamil Nadu,Thiruvannamalai,Tiruvannamalai(Uzhavar Sandhai ),Lime,Lime,Local,31/07/2026,3500,4000,3750
Tamil Nadu,Thiruvannamalai,Tiruvannamalai(Uzhavar Sandhai ),Pomegranate,Pomogranate,Local,31/07/2026,16000,18000,17000
Tamil Nadu,Thiruvannamalai,Tiruvannamalai(Uzhavar Sandhai ),Tender Coconut,Tender Coconut,Local,31/07/2026,2500,3000,2750
Tamil Nadu,Thiruvannamalai,Tiruvannamalai(Uzhavar Sandhai ),Marigold(Calcutta),Marigold(Calcutta),Local,31/07/2026,25000,30000,27500
Tamil Nadu,Thiruvarur,Mannargudi I(Uzhavar Sandhai ),Apple,American,Local,31/07/2026,26000,26000,26000
Tamil Nadu,Thiruvarur,Mannargudi I(Uzhavar Sandhai ),Orange,Darjeeling,Local,31/07/2026,13000,13000,13000
Tamil Nadu,Thiruvarur,Mannargudi I(Uzhavar Sandhai ),Banana,Other,Local,31/07/2026,6000,6000,6000
Tamil Nadu,Thiruvarur,Mannargudi I(Uzhavar Sandhai ),Pineapple,Pine Apple,Local,31/07/2026,8000,8000,8000
Tamil Nadu,Thiruvarur,Mannargudi I(Uzhavar Sandhai ),Onion,Bellary,Local,31/07/2026,3600,3600,3600
Tamil Nadu,Thiruvarur,Mannargudi I(Uzhavar Sandhai ),Coriander(Leaves),I Sort,Local,31/07/2026,5000,5000,5000
Tamil Nadu,Thiruvarur,Mannargudi I(Uzhavar Sandhai ),Mousambi(Sweet Lime),Mousambi,Local,31/07/2026,5000,5000,5000
Tamil Nadu,Thiruvarur,Mannargudi I(Uzhavar Sandhai ),Tomato,Deshi,Local,31/07/2026,1600,1600,1600
Tamil Nadu,Thiruvarur,Mannargudi I(Uzhavar Sandhai ),Cluster beans,Cluster Beans,Local,31/07/2026,4400,4400,4400
Tamil Nadu,Thiruvarur,Mannargudi I(Uzhavar Sandhai ),Bottle gourd,Bottle Gourd,Local,31/07/2026,3600,3600,3600
Tamil Nadu,Thiruvarur,Mannargudi I(Uzhavar Sandhai ),Bhindi(Ladies Finger),Bhindi,Local,31/07/2026,4200,4200,4200
Tamil Nadu,Thiruvarur,Mannargudi I(Uzhavar Sandhai ),Amaranthus,Amaranthus,Local,31/07/2026,2000,2000,2000
Tamil Nadu,Thiruvarur,Mannargudi I(Uzhavar Sandhai ),Ginger(Green),Green Ginger,Local,31/07/2026,22000,22000,22000
Tamil Nadu,Thiruvarur,Mannargudi I(Uzhavar Sandhai ),Beetroot,Beetroot,Local,31/07/2026,5800,5800,5800
Tamil Nadu,Thiruvarur,Mannargudi I(Uzhavar Sandhai ),Ridgeguard(Tori),Ridgeguard(Tori),Local,31/07/2026,4400,4400,4400
Tamil Nadu,Thiruvarur,Mannargudi I(Uzhavar Sandhai ),Lime,Lime,Local,31/07/2026,3000,3000,3000
Tamil Nadu,Thiruvarur,Mannargudi I(Uzhavar Sandhai ),Pomegranate,Pomogranate,Local,31/07/2026,18000,20000,19000
Tamil Nadu,Thiruvarur,Mannargudi I(Uzhavar Sandhai ),Mint(Pudina),Mint(Pudina),Local,31/07/2026,6500,6500,6500
Tamil Nadu,Thiruvarur,Mannargudi II(Uzhavar Sandhai ),Pumpkin,Pumpkin,Local,31/07/2026,2600,2600,2600
Tamil Nadu,Thiruvarur,Mannargudi II(Uzhavar Sandhai ),Snakeguard,Snakeguard,Local,31/07/2026,4000,4000,4000
Tamil Nadu,Thiruvarur,Tiruthuraipoondi(Uzhavar Sandhai ),Papaya,Papaya,Local,31/07/2026,3500,3500,3500
Tamil Nadu,Thiruvarur,Tiruthuraipoondi(Uzhavar Sandhai ),Pumpkin,Pumpkin,Local,31/07/2026,2000,2000,2000
Tamil Nadu,Thiruvarur,Tiruthuraipoondi(Uzhavar Sandhai ),Banana - Green,Banana - Green,Local,31/07/2026,4000,4000,4000
Tamil Nadu,Thiruvarur,Tiruthuraipoondi(Uzhavar Sandhai ),Cucumbar(Kheera),Cucumbar,Local,31/07/2026,7000,7000,7000
Tamil Nadu,Thiruvarur,Tiruthuraipoondi(Uzhavar Sandhai ),Ridgeguard(Tori),Ridgeguard(Tori),Local,31/07/2026,4400,4400,4400
Tamil Nadu,Thiruvarur,Tiruthuraipoondi(Uzhavar Sandhai ),Drumstick,Drumstick,Local,31/07/2026,4000,4000,4000
Tamil Nadu,Thiruvellore,Naravarikuppam(Uzhavar Sandhai ),Tomato,Deshi,Local,31/07/2026,2500,2500,2500
Tamil Nadu,Thiruvellore,Naravarikuppam(Uzhavar Sandhai ),Banana - Green,Banana - Green,Local,31/07/2026,4000,4000,4000
Tamil Nadu,Thiruvellore,Naravarikuppam(Uzhavar Sandhai ),Lemon,Lemon,Local,31/07/2026,10000,10000,10000
Tamil Nadu,Thiruvellore,Naravarikuppam(Uzhavar Sandhai ),Rose(Local),Rose (Local),Local,31/07/2026,11000,11000,11000
Tamil Nadu,Thiruvellore,Paruthipattu(Uzhavar Sandhai ),Bottle gourd,Bottle Gourd,Local,31/07/2026,4000,4000,4000
Tamil Nadu,Thiruvellore,Paruthipattu(Uzhavar Sandhai ),Ridgeguard(Tori),Ridgeguard(Tori),Local,31/07/2026,5000,5000,5000
Tamil Nadu,Thiruvellore,Paruthipattu(Uzhavar Sandhai ),Thondekai,Thondekai,Local,31/07/2026,5000,5000,5000
Tamil Nadu,Thiruvellore,Perambakkam(Uzhavar Sandhai ),Brinjal,Round,Local,31/07/2026,5000,5000,5000
Tamil Nadu,Thiruvellore,Perambakkam(Uzhavar Sandhai ),Amaranthus,Amaranthus,Local,31/07/2026,3000,3000,3000
Tamil Nadu,Thiruvellore,Perambakkam(Uzhavar Sandhai ),Snakeguard,Snakeguard,Local,31/07/2026,4500,4500,4500
Tamil Nadu,Tuticorin,Kovilpatti(Uzhavar Sandhai ),Brinjal,Other,Local,31/07/2026,4000,4500,4250
Tamil Nadu,Tuticorin,Kovilpatti(Uzhavar Sandhai ),Bottle gourd,Bottle Gourd,Local,31/07/2026,2500,3000,2750
Tamil Nadu,Tuticorin,Kovilpatti(Uzhavar Sandhai ),Ashgourd,Gouard,Local,31/07/2026,2000,2500,2250
Tamil Nadu,Tuticorin,Kovilpatti(Uzhavar Sandhai ),Amaranthus,Amaranthus,Local,31/07/2026,1500,1800,1650
Tamil Nadu,Tuticorin,Kovilpatti(Uzhavar Sandhai ),Green Chilli,Green Chilly,Local,31/07/2026,5000,5500,5250
Tamil Nadu,Tuticorin,Kovilpatti(Uzhavar Sandhai ),Carrot,Pusakesar,Local,31/07/2026,9000,9500,9250
Tamil Nadu,Tuticorin,Kovilpatti(Uzhavar Sandhai ),Snakeguard,Snakeguard,Local,31/07/2026,3500,4000,3750
Tamil Nadu,Tuticorin,Kovilpatti(Uzhavar Sandhai ),Raddish,Raddish,Local,31/07/2026,3500,4000,3750
Tamil Nadu,Tuticorin,Kovilpatti(Uzhavar Sandhai ),Yam(Ratalu),Yam (Ratalu),Local,31/07/2026,8500,9000,8750
Tamil Nadu,Tuticorin,Kovilpatti(Uzhavar Sandhai ),Indian Beans(Seam),Indian Beans (Seam),Local,31/07/2026,7000,7500,7250
Tamil Nadu,Tuticorin,Kovilpatti(Uzhavar Sandhai ),Mint(Pudina),Mint(Pudina),Local,31/07/2026,5500,6000,5750
Tamil Nadu,Vellore,Gudiyatham(Uzhavar Sandhai ),Cluster beans,Cluster Beans,Local,31/07/2026,4000,4000,4000
Tamil Nadu,Vellore,Gudiyatham(Uzhavar Sandhai ),Bottle gourd,Bottle Gourd,Local,31/07/2026,2400,2400,2400
Tamil Nadu,Vellore,Gudiyatham(Uzhavar Sandhai ),Pumpkin,Pumpkin,Local,31/07/2026,2400,2400,2400
Tamil Nadu,Vellore,Gudiyatham(Uzhavar Sandhai ),Cowpea(Veg),Cowpea (Veg),Local,31/07/2026,4600,4600,4600
Tamil Nadu,Vellore,Gudiyatham(Uzhavar Sandhai ),Banana - Green,Banana - Green,Local,31/07/2026,3500,3500,3500
Tamil Nadu,Vellore,Gudiyatham(Uzhavar Sandhai ),Coconut,Coconut,Local,31/07/2026,3500,3500,3500
Tamil Nadu,Vellore,Gudiyatham(Uzhavar Sandhai ),Sweet Potato,Hosur Red,Local,31/07/2026,3000,3000,3000
Tamil Nadu,Vellore,Gudiyatham(Uzhavar Sandhai ),Knool Khol,Knool Khol,Local,31/07/2026,4600,4600,4600
Tamil Nadu,Vellore,Gudiyatham(Uzhavar Sandhai ),Lime,Lime,Local,31/07/2026,5000,5000,5000
Tamil Nadu,Vellore,Gudiyatham(Uzhavar Sandhai ),Mint(Pudina),Mint(Pudina),Local,31/07/2026,4000,4000,4000
Tamil Nadu,Vellore,Gudiyatham(Uzhavar Sandhai ),Sweet Corn ,Sweet Corn ,Local,31/07/2026,3000,3000,3000
Tamil Nadu,Vellore,Kahithapattarai(Uzhavar Sandhai ),Banana,Besrai,Local,31/07/2026,5000,6000,5500
Tamil Nadu,Vellore,Kahithapattarai(Uzhavar Sandhai ),Mango,Neelam,Local,31/07/2026,4000,5000,4500
Tamil Nadu,Vellore,Kahithapattarai(Uzhavar Sandhai ),Grapes,Annabesahai,Local,31/07/2026,10000,10000,10000
Tamil Nadu,Vellore,Kahithapattarai(Uzhavar Sandhai ),Tomato,Deshi,Local,31/07/2026,1500,1500,1500
Tamil Nadu,Vellore,Kahithapattarai(Uzhavar Sandhai ),Bitter gourd,Bitter Gourd,Local,31/07/2026,3600,6000,4800
Tamil Nadu,Vellore,Kahithapattarai(Uzhavar Sandhai ),Bottle gourd,Bottle Gourd,Local,31/07/2026,2000,2500,2250
Tamil Nadu,Vellore,Kahithapattarai(Uzhavar Sandhai ),Pumpkin,Pumpkin,Local,31/07/2026,2000,2000,2000
Tamil Nadu,Vellore,Kahithapattarai(Uzhavar Sandhai ),Bhindi(Ladies Finger),Bhindi,Local,31/07/2026,3500,3500,3500
Tamil Nadu,Vellore,Kahithapattarai(Uzhavar Sandhai ),Banana - Green,Banana - Green,Local,31/07/2026,5000,5000,5000
Tamil Nadu,Vellore,Kahithapattarai(Uzhavar Sandhai ),Sweet Potato,Hosur Red,Local,31/07/2026,3000,3000,3000
Tamil Nadu,Vellore,Kahithapattarai(Uzhavar Sandhai ),Beetroot,Beetroot,Local,31/07/2026,4500,4500,4500
Tamil Nadu,Vellore,Kahithapattarai(Uzhavar Sandhai ),Raddish,Raddish,Local,31/07/2026,3000,3000,3000
Tamil Nadu,Vellore,Kahithapattarai(Uzhavar Sandhai ),Onion Green,Onion Green,Local,31/07/2026,4000,4000,4000
Tamil Nadu,Villupuram,Villupuram(Uzhavar Sandhai ),Tomato,Deshi,Local,31/07/2026,2000,2000,2000
Tamil Nadu,Villupuram,Villupuram(Uzhavar Sandhai ),Cluster beans,Cluster Beans,Local,31/07/2026,5000,5000,5000
Tamil Nadu,Villupuram,Villupuram(Uzhavar Sandhai ),Bottle gourd,Bottle Gourd,Local,31/07/2026,4000,4000,4000
Tamil Nadu,Villupuram,Villupuram(Uzhavar Sandhai ),Ashgourd,Gouard,Local,31/07/2026,2000,2000,2000
Tamil Nadu,Villupuram,Villupuram(Uzhavar Sandhai ),Beans,Beans (Whole),Local,31/07/2026,9000,9000,9000
Tamil Nadu,Villupuram,Villupuram(Uzhavar Sandhai ),Coconut,Coconut,Local,31/07/2026,5000,5000,5000
Tamil Nadu,Villupuram,Villupuram(Uzhavar Sandhai ),Snakeguard,Snakeguard,Local,31/07/2026,4000,4000,4000
Tamil Nadu,Villupuram,Villupuram(Uzhavar Sandhai ),Cucumbar(Kheera),Cucumbar,Local,31/07/2026,4000,4000,4000
Tamil Nadu,Villupuram,Villupuram(Uzhavar Sandhai ),Knool Khol,Knool Khol,Local,31/07/2026,5000,5000,5000
Tamil Nadu,Villupuram,Villupuram(Uzhavar Sandhai ),Guava,Guava Allahabad,Local,31/07/2026,4000,4000,4000
Tamil Nadu,Villupuram,Villupuram(Uzhavar Sandhai ),Amla(Nelli Kai),Amla,Local,31/07/2026,8000,8000,8000
Tamil Nadu,Villupuram,Villupuram(Uzhavar Sandhai ),Sweet Corn ,Sweet Corn ,Local,31/07/2026,4000,4000,4000
Tamil Nadu,Thiruvannamalai,Cheyyar(Uzhavar Sandhai ),Brinjal,Other,Local,31/07/2026,4000,4800,4400
Tamil Nadu,Thiruvannamalai,Cheyyar(Uzhavar Sandhai ),Drumstick,Drumstick,Local,31/07/2026,3500,4200,3850
Tamil Nadu,Thanjavur,Papanasam(Uzhavar Sandhai ),Cauliflower,Ranchi,Local,31/07/2026,4800,4800,4800
Tamil Nadu,Thanjavur,Papanasam(Uzhavar Sandhai ),Bottle gourd,Bottle Gourd,Local,31/07/2026,3600,3600,3600
Tamil Nadu,Thanjavur,Papanasam(Uzhavar Sandhai ),Amaranthus,Amaranthus,Local,31/07/2026,2000,2000,2000
Tamil Nadu,Thanjavur,Papanasam(Uzhavar Sandhai ),Banana - Green,Banana - Green,Local,31/07/2026,4000,4000,4000
Tamil Nadu,Thanjavur,Papanasam(Uzhavar Sandhai ),Raddish,Raddish,Local,31/07/2026,3600,3600,3600
Tamil Nadu,Ariyalur,Ariyalur(Uzhavar Sandhai),Green Chilli,Green Chilly,Local,31/07/2026,5000,5500,5250
Tamil Nadu,Ariyalur,Ariyalur(Uzhavar Sandhai),Coconut,Coconut,Local,31/07/2026,5500,6000,5750
Tamil Nadu,Ariyalur,Ariyalur(Uzhavar Sandhai),Raddish,Raddish,Local,31/07/2026,3500,4000,3750
Tamil Nadu,Coimbatore,Sundarapuram(Uzhavar Sandhai ),Banana,Red Banana,Local,31/07/2026,7000,8000,7500
Tamil Nadu,Coimbatore,Sundarapuram(Uzhavar Sandhai ),Onion,Bellary,Local,31/07/2026,3000,3600,3300
Tamil Nadu,Coimbatore,Sundarapuram(Uzhavar Sandhai ),Coriander(Leaves),I Sort,Local,31/07/2026,5500,6000,5750
Tamil Nadu,Coimbatore,Sundarapuram(Uzhavar Sandhai ),Cluster beans,Cluster Beans,Local,31/07/2026,3200,3800,3500
Tamil Nadu,Coimbatore,Sundarapuram(Uzhavar Sandhai ),Bottle gourd,Bottle Gourd,Local,31/07/2026,2500,3000,2750
Tamil Nadu,Coimbatore,Sundarapuram(Uzhavar Sandhai ),Banana - Green,Banana - Green,Local,31/07/2026,3500,4000,3750
Tamil Nadu,Coimbatore,Sundarapuram(Uzhavar Sandhai ),Mint(Pudina),Mint(Pudina),Local,31/07/2026,6500,7000,6750
Tamil Nadu,Erode,Sathiyamagalam(Uzhavar Sandhai ),Banana,Red Banana,Local,31/07/2026,5500,6000,5750
Tamil Nadu,Erode,Sathiyamagalam(Uzhavar Sandhai ),Onion,Bellary,Local,31/07/2026,3500,4000,3750
Tamil Nadu,Erode,Sathiyamagalam(Uzhavar Sandhai ),Potato,Other,Local,31/07/2026,3500,4000,3750
Tamil Nadu,Erode,Sathiyamagalam(Uzhavar Sandhai ),Cluster beans,Cluster Beans,Local,31/07/2026,3500,4000,3750
Tamil Nadu,Erode,Sathiyamagalam(Uzhavar Sandhai ),Ashgourd,Gouard,Local,31/07/2026,2000,2300,2150
Tamil Nadu,Erode,Sathiyamagalam(Uzhavar Sandhai ),Beans,Beans (Whole),Local,31/07/2026,8500,9000,8750
Tamil Nadu,Erode,Sathiyamagalam(Uzhavar Sandhai ),Onion Green,Onion Green,Local,31/07/2026,5500,6000,5750
Tamil Nadu,Coimbatore,Mettupalayam(Uzhavar Sandhai ),Onion,Bellary,Local,31/07/2026,3500,4000,3750
Tamil Nadu,Coimbatore,Mettupalayam(Uzhavar Sandhai ),Potato,Red Nanital,Local,31/07/2026,4000,6500,5250
Tamil Nadu,Coimbatore,Mettupalayam(Uzhavar Sandhai ),Coriander(Leaves),I Sort,Local,31/07/2026,5000,6000,5500
Tamil Nadu,Coimbatore,Mettupalayam(Uzhavar Sandhai ),Water Melon,Water Melon,Local,31/07/2026,2000,2500,2250
Tamil Nadu,Coimbatore,Mettupalayam(Uzhavar Sandhai ),Cluster beans,Cluster Beans,Local,31/07/2026,3000,3400,3200
Tamil Nadu,Coimbatore,Mettupalayam(Uzhavar Sandhai ),Bottle gourd,Bottle Gourd,Local,31/07/2026,2000,2500,2250
Tamil Nadu,Coimbatore,Mettupalayam(Uzhavar Sandhai ),Carrot,Pusakesar,Local,31/07/2026,9500,10500,10000
Tamil Nadu,Coimbatore,Mettupalayam(Uzhavar Sandhai ),Snakeguard,Snakeguard,Local,31/07/2026,3000,3500,3250
Tamil Nadu,Coimbatore,Mettupalayam(Uzhavar Sandhai ),Elephant Yam(Suran)/Amorphophallus,Elephant Yam (Suran),Local,31/07/2026,3500,4000,3750
Tamil Nadu,Coimbatore,Mettupalayam(Uzhavar Sandhai ),Yam(Ratalu),Yam (Ratalu),Local,31/07/2026,6000,7000,6500
Tamil Nadu,Namakkal,Tiruchengode APMC,Cauliflower,Ranchi,Local,31/07/2026,2500,3000,2750
Tamil Nadu,Namakkal,Tiruchengode APMC,Cluster beans,Cluster Beans,Local,31/07/2026,4500,5000,4750
Tamil Nadu,Namakkal,Tiruchengode APMC,Tapioca,Tapioca,Local,31/07/2026,2500,3000,2750
Tamil Nadu,Namakkal,Tiruchengode APMC,Coconut,Coconut,Local,31/07/2026,5500,6000,5750
Tamil Nadu,Namakkal,Tiruchengode APMC,Beetroot,Beetroot,Local,31/07/2026,8000,8500,8250
Tamil Nadu,Namakkal,Tiruchengode APMC,Amla(Nelli Kai),Amla,Local,31/07/2026,7000,8000,7500
Tamil Nadu,Namakkal,Tiruchengode APMC,Mint(Pudina),Mint(Pudina),Local,31/07/2026,5500,6000,5750
Tamil Nadu,Ariyalur,Jeyankondam (Uzhavar Sandhai ),Snakeguard,Snakeguard,Local,31/07/2026,3600,4000,3800
Tamil Nadu,Coimbatore,RSPuram(Uzhavar Sandhai ),Apple,American,Local,31/07/2026,20000,27000,23500
Tamil Nadu,Coimbatore,RSPuram(Uzhavar Sandhai ),Onion,Bellary,Local,31/07/2026,3000,3300,3150
Tamil Nadu,Coimbatore,RSPuram(Uzhavar Sandhai ),Brinjal,Other,Local,31/07/2026,3600,4100,3850
Tamil Nadu,Coimbatore,RSPuram(Uzhavar Sandhai ),Coriander(Leaves),I Sort,Local,31/07/2026,5500,6000,5750
Tamil Nadu,Coimbatore,RSPuram(Uzhavar Sandhai ),Cluster beans,Cluster Beans,Local,31/07/2026,3200,3600,3400
Tamil Nadu,Coimbatore,RSPuram(Uzhavar Sandhai ),Pumpkin,Pumpkin,Local,31/07/2026,1600,1800,1700
Tamil Nadu,Coimbatore,RSPuram(Uzhavar Sandhai ),Beans,Beans (Whole),Local,31/07/2026,10000,11000,10500
Tamil Nadu,Coimbatore,RSPuram(Uzhavar Sandhai ),Ginger(Green),Green Ginger,Local,31/07/2026,17000,18200,17600
Tamil Nadu,Coimbatore,RSPuram(Uzhavar Sandhai ),Ridgeguard(Tori),Ridgeguard(Tori),Local,31/07/2026,4400,5000,4700
Tamil Nadu,Coimbatore,RSPuram(Uzhavar Sandhai ),Capsicum,Capsicum,Local,31/07/2026,5400,5800,5600
Tamil Nadu,Coimbatore,RSPuram(Uzhavar Sandhai ),Knool Khol,Knool Khol,Local,31/07/2026,4500,5500,5000
Tamil Nadu,Coimbatore,RSPuram(Uzhavar Sandhai ),Karbuja(Musk Melon),Karbhuja,Local,31/07/2026,2500,3000,2750
Tamil Nadu,Coimbatore,RSPuram(Uzhavar Sandhai ),Mashrooms,Mashrooms,Local,31/07/2026,21500,25000,23250
Tamil Nadu,Coimbatore,RSPuram(Uzhavar Sandhai ),Custard Apple(Sharifa),Custard Apple(Sharifa),Local,31/07/2026,5000,6000,5500
Tamil Nadu,Coimbatore,Singanallur(Uzhavar Sandhai ),Potato,Other,Local,31/07/2026,6500,7200,6850
Tamil Nadu,Coimbatore,Singanallur(Uzhavar Sandhai ),Garlic,Garlic,Local,31/07/2026,12000,16000,14000
Tamil Nadu,Coimbatore,Singanallur(Uzhavar Sandhai ),Amaranthus,Amaranthus,Local,31/07/2026,4500,5000,4750
Tamil Nadu,Coimbatore,Singanallur(Uzhavar Sandhai ),Ginger(Green),Green Ginger,Local,31/07/2026,15000,18000,16500
Tamil Nadu,Coimbatore,Singanallur(Uzhavar Sandhai ),Cucumbar(Kheera),Cucumbar,Local,31/07/2026,4000,4500,4250
Tamil Nadu,Coimbatore,Singanallur(Uzhavar Sandhai ),Lime,Lime,Local,31/07/2026,15000,17000,16000
Tamil Nadu,Coimbatore,Singanallur(Uzhavar Sandhai ),Elephant Yam(Suran)/Amorphophallus,Elephant Yam (Suran),Local,31/07/2026,3500,4000,3750
Tamil Nadu,Coimbatore,Singanallur(Uzhavar Sandhai ),Amla(Nelli Kai),Amla,Local,31/07/2026,8000,8500,8250
Tamil Nadu,Coimbatore,Pollachi(Uzhavar Sandhai ),Potato,Red Nanital,Local,31/07/2026,4000,6500,5250
Tamil Nadu,Coimbatore,Pollachi(Uzhavar Sandhai ),Coriander(Leaves),I Sort,Local,31/07/2026,5000,6000,5500
Tamil Nadu,Coimbatore,Pollachi(Uzhavar Sandhai ),Cluster beans,Cluster Beans,Local,31/07/2026,4000,4500,4250
Tamil Nadu,Coimbatore,Pollachi(Uzhavar Sandhai ),Bitter gourd,Bitter Gourd,Local,31/07/2026,6000,6500,6250
Tamil Nadu,Coimbatore,Pollachi(Uzhavar Sandhai ),Pumpkin,Pumpkin,Local,31/07/2026,2000,2500,2250
Tamil Nadu,Coimbatore,Pollachi(Uzhavar Sandhai ),Bhindi(Ladies Finger),Bhindi,Local,31/07/2026,4500,5000,4750
Tamil Nadu,Coimbatore,Pollachi(Uzhavar Sandhai ),Snakeguard,Snakeguard,Local,31/07/2026,3000,3500,3250
Tamil Nadu,Coimbatore,Pollachi(Uzhavar Sandhai ),Thondekai,Thondekai,Local,31/07/2026,5000,5500,5250
Tamil Nadu,Karur,Karur(Uzhavar Sandhai ),Banana,Red Banana,Local,31/07/2026,5000,6000,5500
Tamil Nadu,Karur,Karur(Uzhavar Sandhai ),Garlic,Garlic,Local,31/07/2026,15000,20000,17500
Tamil Nadu,Karur,Karur(Uzhavar Sandhai ),Cluster beans,Cluster Beans,Local,31/07/2026,3500,4000,3750
Tamil Nadu,Karur,Karur(Uzhavar Sandhai ),Bhindi(Ladies Finger),Bhindi,Local,31/07/2026,3500,4000,3750
Tamil Nadu,Karur,Karur(Uzhavar Sandhai ),Banana - Green,Banana - Green,Local,31/07/2026,2500,3000,2750
Tamil Nadu,Karur,Karur(Uzhavar Sandhai ),Ginger(Green),Green Ginger,Local,31/07/2026,23500,24000,23750
Tamil Nadu,Karur,Karur(Uzhavar Sandhai ),Carrot,Pusakesar,Local,31/07/2026,10500,11000,10750
Tamil Nadu,Karur,Karur(Uzhavar Sandhai ),Ridgeguard(Tori),Ridgeguard(Tori),Local,31/07/2026,5500,6000,5750
Tamil Nadu,Karur,Karur(Uzhavar Sandhai ),Drumstick,Drumstick,Local,31/07/2026,3000,3500,3250
Tamil Nadu,Coimbatore,Kurichi(Uzhavar Sandhai ),Bottle gourd,Bottle Gourd,Local,31/07/2026,2500,3000,2750
Tamil Nadu,Coimbatore,Kurichi(Uzhavar Sandhai ),Sweet Potato,Hosur Red,Local,31/07/2026,4000,4500,4250
Tamil Nadu,Coimbatore,Kurichi(Uzhavar Sandhai ),Cucumbar(Kheera),Cucumbar,Local,31/07/2026,4000,4500,4250
Tamil Nadu,Coimbatore,Kurichi(Uzhavar Sandhai ),Ridgeguard(Tori),Ridgeguard(Tori),Local,31/07/2026,5000,5500,5250
Tamil Nadu,Coimbatore,Kurichi(Uzhavar Sandhai ),Guava,Guava Allahabad,Local,31/07/2026,5500,6000,5750
Tamil Nadu,Cuddalore,Chidambaram(Uzhavar Sandhai ),Banana,Besrai,Local,31/07/2026,4000,4000,4000
Tamil Nadu,Cuddalore,Chidambaram(Uzhavar Sandhai ),Bottle gourd,Bottle Gourd,Local,31/07/2026,3000,3000,3000
Tamil Nadu,Cuddalore,Chidambaram(Uzhavar Sandhai ),Green Chilli,Green Chilly,Local,31/07/2026,4000,4000,4000
Tamil Nadu,Cuddalore,Chidambaram(Uzhavar Sandhai ),Snakeguard,Snakeguard,Local,31/07/2026,3000,3000,3000
Tamil Nadu,Cuddalore,Cuddalore(Uzhavar Sandhai ),Banana,Besrai,Local,31/07/2026,4000,8000,6000
Tamil Nadu,Cuddalore,Cuddalore(Uzhavar Sandhai ),Onion,Bellary,Local,31/07/2026,3500,4000,3750
Tamil Nadu,Cuddalore,Cuddalore(Uzhavar Sandhai ),Cauliflower,Ranchi,Local,31/07/2026,4500,4500,4500
Tamil Nadu,Cuddalore,Cuddalore(Uzhavar Sandhai ),Brinjal,Round,Local,31/07/2026,5000,7000,6000
Tamil Nadu,Cuddalore,Cuddalore(Uzhavar Sandhai ),Ashgourd,Gouard,Local,31/07/2026,4000,4000,4000
Tamil Nadu,Cuddalore,Cuddalore(Uzhavar Sandhai ),Ginger(Green),Green Ginger,Local,31/07/2026,18000,20000,19000
Tamil Nadu,Cuddalore,Cuddalore(Uzhavar Sandhai ),Cabbage,Cabbage,Local,31/07/2026,4000,4000,4000
Tamil Nadu,Cuddalore,Cuddalore(Uzhavar Sandhai ),Chow Chow,Chow Chow,Local,31/07/2026,4000,4000,4000
Tamil Nadu,Cuddalore,Cuddalore(Uzhavar Sandhai ),Knool Khol,Knool Khol,Local,31/07/2026,5000,5000,5000
Tamil Nadu,Cuddalore,Cuddalore(Uzhavar Sandhai ),Guava,Guava Allahabad,Local,31/07/2026,4000,5000,4500
Tamil Nadu,Cuddalore,Cuddalore(Uzhavar Sandhai ),Yam(Ratalu),Yam (Ratalu),Local,31/07/2026,6000,6000,6000
Tamil Nadu,Chengalpattu,Thirukalukundram(Uzhavar Sandhai ),Banana,Poovan,Local,31/07/2026,6000,7000,6500
Tamil Nadu,Chengalpattu,Thirukalukundram(Uzhavar Sandhai ),Garlic,Garlic,Local,31/07/2026,20000,22000,21000
Tamil Nadu,Chengalpattu,Thirukalukundram(Uzhavar Sandhai ),Pumpkin,Pumpkin,Local,31/07/2026,2200,2500,2350
Tamil Nadu,Chengalpattu,Thirukalukundram(Uzhavar Sandhai ),Banana - Green,Banana - Green,Local,31/07/2026,3500,4000,3750
Tamil Nadu,Chengalpattu,Thirukalukundram(Uzhavar Sandhai ),Coconut,Coconut,Local,31/07/2026,4500,5000,4750
Tamil Nadu,Chengalpattu,Thirukalukundram(Uzhavar Sandhai ),Drumstick,Drumstick,Local,31/07/2026,6000,7000,6500
Tamil Nadu,Tuticorin,Tuticorin(Uzhavar Sandhai ),Banana,Besrai,Local,31/07/2026,2500,3000,2750
Tamil Nadu,Tuticorin,Tuticorin(Uzhavar Sandhai ),Grapes,Annabesahai,Local,31/07/2026,9000,10000,9500
Tamil Nadu,Tuticorin,Tuticorin(Uzhavar Sandhai ),Garlic,Garlic,Local,31/07/2026,21000,22000,21500
Tamil Nadu,Tuticorin,Tuticorin(Uzhavar Sandhai ),Cauliflower,Ranchi,Local,31/07/2026,4500,5000,4750
Tamil Nadu,Tuticorin,Tuticorin(Uzhavar Sandhai ),Green Peas,Green Peas,Local,31/07/2026,19000,20000,19500
Tamil Nadu,Tuticorin,Tuticorin(Uzhavar Sandhai ),Chikoos(Sapota),Sapota,Local,31/07/2026,4500,5000,4750
Tamil Nadu,Tuticorin,Tuticorin(Uzhavar Sandhai ),Tomato,Local,Local,31/07/2026,2000,2500,2250
Tamil Nadu,Tuticorin,Tuticorin(Uzhavar Sandhai ),Ashgourd,Gouard,Local,31/07/2026,1500,2000,1750
Tamil Nadu,Tuticorin,Tuticorin(Uzhavar Sandhai ),Ginger(Green),Green Ginger,Local,31/07/2026,23000,24000,23500
Tamil Nadu,Tuticorin,Tuticorin(Uzhavar Sandhai ),Snakeguard,Snakeguard,Local,31/07/2026,4500,5000,4750
Tamil Nadu,Tuticorin,Tuticorin(Uzhavar Sandhai ),Green Avare(W),Other,Local,31/07/2026,7500,8000,7750
Tamil Nadu,Tuticorin,Tuticorin(Uzhavar Sandhai ),Mango(Raw-Ripe),Mango - Raw-Ripe,Local,31/07/2026,3500,4000,3750
Tamil Nadu,Tuticorin,Tuticorin(Uzhavar Sandhai ),Jack Fruit(Ripe),Jack Fruit,Local,31/07/2026,3500,4000,3750
Tamil Nadu,Tuticorin,Tuticorin(Uzhavar Sandhai ),Yam(Ratalu),Yam (Ratalu),Local,31/07/2026,9000,10000,9500
Tamil Nadu,Nagercoil (Kannyiakumari),Vadaseri APMC,Onion,Bellary,Local,31/07/2026,4000,4500,4250
Tamil Nadu,Nagercoil (Kannyiakumari),Vadaseri APMC,Cauliflower,Ranchi,Local,31/07/2026,5000,5500,5250
Tamil Nadu,Nagercoil (Kannyiakumari),Vadaseri APMC,Cowpea(Veg),Cowpea (Veg),Local,31/07/2026,4500,5000,4750
Tamil Nadu,Nagercoil (Kannyiakumari),Vadaseri APMC,Banana - Green,Banana - Green,Local,31/07/2026,5500,6000,5750
Tamil Nadu,Nagercoil (Kannyiakumari),Vadaseri APMC,Green Avare(W),Green Avare (W),Local,31/07/2026,4000,4500,4250
Tamil Nadu,Nagercoil (Kannyiakumari),Vadaseri APMC,Tamarind Fruit,Tamarind Fruit,Local,31/07/2026,13000,14000,13500
Tamil Nadu,Nagercoil (Kannyiakumari),Vadaseri APMC,Lemon,Lemon,Local,31/07/2026,8500,9000,8750
Tamil Nadu,Nagercoil (Kannyiakumari),Vadaseri APMC,Amla(Nelli Kai),Amla,Local,31/07/2026,5500,6000,5750
Tamil Nadu,Pudukkottai,Karambakkudi(Uzhavar Sandhai ),Onion,Bellary,Local,31/07/2026,3500,4000,3750
Tamil Nadu,Pudukkottai,Karambakkudi(Uzhavar Sandhai ),Raddish,Raddish,Local,31/07/2026,3500,4000,3750
Tamil Nadu,Pudukkottai,Karambakkudi(Uzhavar Sandhai ),Green Avare(W),Green Avare (W),Local,31/07/2026,9000,10000,9500
Tamil Nadu,Vellore,Thirupathur APMC,Tomato,Deshi,Local,31/07/2026,2000,2000,2000
Tamil Nadu,Vellore,Thirupathur APMC,Cluster beans,Cluster Beans,Local,31/07/2026,4000,4000,4000
Tamil Nadu,Vellore,Thirupathur APMC,Ashgourd,Gouard,Local,31/07/2026,2000,2000,2000
Tamil Nadu,Vellore,Thirupathur APMC,Beans,Beans (Whole),Local,31/07/2026,8000,8000,8000
Tamil Nadu,Vellore,Thirupathur APMC,Sweet Potato,Hosur Red,Local,31/07/2026,4000,4000,4000
Tamil Nadu,Vellore,Thirupathur APMC,Mango(Raw-Ripe),Mango - Raw-Ripe,Local,31/07/2026,2500,2500,2500
Tamil Nadu,Vellore,Thirupathur APMC,Yam(Ratalu),Yam (Ratalu),Local,31/07/2026,4000,4000,4000
Tamil Nadu,Vellore,Vellore APMC,Cauliflower,Ranchi,Local,31/07/2026,2500,3000,2750
Tamil Nadu,Vellore,Vellore APMC,Coriander(Leaves),I Sort,Local,31/07/2026,4000,4000,4000
Tamil Nadu,Vellore,Vellore APMC,Tomato,Deshi,Local,31/07/2026,1500,1500,1500
Tamil Nadu,Vellore,Vellore APMC,Bhindi(Ladies Finger),Bhindi,Local,31/07/2026,3000,3500,3250
Tamil Nadu,Vellore,Vellore APMC,Betal Leaves,Mysore,Local,31/07/2026,15000,15000,15000
Tamil Nadu,Vellore,Vellore APMC,Thondekai,Thondekai,Local,31/07/2026,4000,4000,4000
Tamil Nadu,Vellore,Vellore APMC,Tender Coconut,Tender Coconut,Local,31/07/2026,2500,3500,3000
Tamil Nadu,Vellore,Vellore APMC,Yam(Ratalu),Yam (Ratalu),Local,31/07/2026,4000,5500,4750
Tamil Nadu,Vellore,Vellore APMC,Lemon,Lemon,Local,31/07/2026,7000,7000,7000
Tamil Nadu,Vellore,Vellore APMC,Rose(Local),Rose (Local),Local,31/07/2026,12000,12000,12000
Tamil Nadu,Dharmapuri,Harur(Uzhavar Sandhai ),Ridgeguard(Tori),Ridgeguard(Tori),Local,31/07/2026,4500,5000,4750
Tamil Nadu,Dharmapuri,Harur(Uzhavar Sandhai ),Raddish,Raddish,Local,31/07/2026,2500,3000,2750
Tamil Nadu,Dharmapuri,Harur(Uzhavar Sandhai ),Knool Khol,Knool Khol,Local,31/07/2026,3500,4000,3750
Tamil Nadu,Dharmapuri,Harur(Uzhavar Sandhai ),Mint(Pudina),Mint(Pudina),Local,31/07/2026,3500,4000,3750
Tamil Nadu,Krishnagiri,Kaveripattinam(Uzhavar Sandhai ),Green Chilli,Green Chilly,Local,31/07/2026,4000,4000,4000
Tamil Nadu,Krishnagiri,Kaveripattinam(Uzhavar Sandhai ),Banana - Green,Banana - Green,Local,31/07/2026,2500,3000,2750
Tamil Nadu,Krishnagiri,Kaveripattinam(Uzhavar Sandhai ),Beans,Beans (Whole),Local,31/07/2026,8000,10000,9000
Tamil Nadu,Krishnagiri,Kaveripattinam(Uzhavar Sandhai ),Coconut,Coconut,Local,31/07/2026,5000,6000,5500
Tamil Nadu,Krishnagiri,Kaveripattinam(Uzhavar Sandhai ),Carrot,Pusakesar,Local,31/07/2026,8000,8000,8000
Tamil Nadu,Krishnagiri,Kaveripattinam(Uzhavar Sandhai ),Snakeguard,Snakeguard,Local,31/07/2026,3000,3000,3000
Tamil Nadu,Krishnagiri,Kaveripattinam(Uzhavar Sandhai ),Raddish,Raddish,Local,31/07/2026,4000,4000,4000
Tamil Nadu,Krishnagiri,Kaveripattinam(Uzhavar Sandhai ),Drumstick,Drumstick,Local,31/07/2026,3000,3000,3000
Tamil Nadu,Krishnagiri,Kaveripattinam(Uzhavar Sandhai ),Mango(Raw-Ripe),Mango - Raw-Ripe,Local,31/07/2026,3000,3000,3000
Tamil Nadu,Krishnagiri,Kaveripattinam(Uzhavar Sandhai ),Mint(Pudina),Mint(Pudina),Local,31/07/2026,5000,5000,5000
Tamil Nadu,The Nilgiris,Coonoor(Uzhavar Sandhai ),Banana,Red Banana,Local,31/07/2026,7500,8000,7750
Tamil Nadu,The Nilgiris,Coonoor(Uzhavar Sandhai ),Potato,Other,Local,31/07/2026,5000,5500,5250
Tamil Nadu,The Nilgiris,Coonoor(Uzhavar Sandhai ),Cauliflower,Ranchi,Local,31/07/2026,4200,4600,4400
Tamil Nadu,The Nilgiris,Coonoor(Uzhavar Sandhai ),Bitter gourd,Other,Local,31/07/2026,5400,5800,5600
Tamil Nadu,The Nilgiris,Coonoor(Uzhavar Sandhai ),Ashgourd,Gouard,Local,31/07/2026,1600,1800,1700
Tamil Nadu,The Nilgiris,Coonoor(Uzhavar Sandhai ),Pumpkin,Pumpkin,Local,31/07/2026,2200,2400,2300
Tamil Nadu,The Nilgiris,Coonoor(Uzhavar Sandhai ),Bhindi(Ladies Finger),Bhindi,Local,31/07/2026,4500,5000,4750
Tamil Nadu,The Nilgiris,Coonoor(Uzhavar Sandhai ),Capsicum,Capsicum,Local,31/07/2026,7500,8000,7750
Tamil Nadu,The Nilgiris,Coonoor(Uzhavar Sandhai ),Turnip,Turnip,Local,31/07/2026,3200,3500,3350
Tamil Nadu,The Nilgiris,Gudalur(Uzhavar Sandhai ),Onion,Bellary,Local,31/07/2026,4000,4300,4150
Tamil Nadu,The Nilgiris,Gudalur(Uzhavar Sandhai ),Pumpkin,Pumpkin,Local,31/07/2026,1500,2000,1750
Tamil Nadu,The Nilgiris,Gudalur(Uzhavar Sandhai ),Coconut,Coconut,Local,31/07/2026,5800,6200,6000
Tamil Nadu,The Nilgiris,Gudalur(Uzhavar Sandhai ),Cucumbar(Kheera),Cucumbar,Local,31/07/2026,4000,4500,4250
Tamil Nadu,Thirupur,Tiruppur (South) (Uzhavar Sandhai ),Cauliflower,Ranchi,Local,31/07/2026,2500,3000,2750
Tamil Nadu,Thirupur,Tiruppur (South) (Uzhavar Sandhai ),Bottle gourd,Bottle Gourd,Local,31/07/2026,1500,2000,1750
Tamil Nadu,Thirupur,Tiruppur (South) (Uzhavar Sandhai ),Amaranthus,Amaranthus,Local,31/07/2026,2500,3000,2750
Tamil Nadu,Thirupur,Tiruppur (South) (Uzhavar Sandhai ),Banana - Green,Banana - Green,Local,31/07/2026,2500,3000,2750
Tamil Nadu,Thirupur,Tiruppur (South) (Uzhavar Sandhai ),Ginger(Green),Green Ginger,Local,31/07/2026,18000,20000,19000
Tamil Nadu,Thirupur,Tiruppur (South) (Uzhavar Sandhai ),Ridgeguard(Tori),Ridgeguard(Tori),Local,31/07/2026,4000,5000,4500
Tamil Nadu,Thirupur,Tiruppur (South) (Uzhavar Sandhai ),Raddish,Raddish,Local,31/07/2026,2500,3000,2750
Tamil Nadu,Thanjavur,Tirukattupalli(Uzhavar Sandhai ),Banana,Besrai,Local,31/07/2026,6500,6500,6500
Tamil Nadu,Thanjavur,Tirukattupalli(Uzhavar Sandhai ),Potato,Red Nanital,Local,31/07/2026,2800,2800,2800
Tamil Nadu,Thanjavur,Tirukattupalli(Uzhavar Sandhai ),Ashgourd,Gouard,Local,31/07/2026,3200,3200,3200
Tamil Nadu,Thanjavur,Tirukattupalli(Uzhavar Sandhai ),Bhindi(Ladies Finger),Bhindi,Local,31/07/2026,4000,4000,4000
Tamil Nadu,Thanjavur,Tirukattupalli(Uzhavar Sandhai ),Banana - Green,Banana - Green,Local,31/07/2026,4000,4000,4000
Tamil Nadu,Thanjavur,Tirukattupalli(Uzhavar Sandhai ),Snakeguard,Snakeguard,Local,31/07/2026,4000,5800,4900
Tamil Nadu,Thanjavur,Tirukattupalli(Uzhavar Sandhai ),Mango(Raw-Ripe),Mango - Raw-Ripe,Local,31/07/2026,3600,3600,3600
Tamil Nadu,Thiruchirappalli,Thuraiyur APMC,Banana,Besrai,Local,31/07/2026,4000,5000,4500
Tamil Nadu,Thiruchirappalli,Thuraiyur APMC,Bitter gourd,Other,Local,31/07/2026,6000,6600,6300
Tamil Nadu,Thiruchirappalli,Thuraiyur APMC,Bhindi(Ladies Finger),Bhindi,Local,31/07/2026,3500,4000,3750
Tamil Nadu,Thiruchirappalli,Thuraiyur APMC,Banana - Green,Banana - Green,Local,31/07/2026,2000,2500,2250
Tamil Nadu,Thiruchirappalli,Thuraiyur APMC,Sweet Potato,Hosur Red,Local,31/07/2026,4000,4500,4250
Tamil Nadu,Thiruchirappalli,Thuraiyur APMC,Raddish,Raddish,Local,31/07/2026,2500,3000,2750
Tamil Nadu,Thiruchirappalli,Thuraiyur APMC,Mint(Pudina),Mint(Pudina),Local,31/07/2026,5000,5600,5300
Tamil Nadu,Villupuram,Tindivanam APMC,Mango,Neelam,Local,31/07/2026,5000,5000,5000
Tamil Nadu,Villupuram,Tindivanam APMC,Onion,Bellary,Local,31/07/2026,3400,3400,3400
Tamil Nadu,Villupuram,Tindivanam APMC,Chikoos(Sapota),Sapota,Local,31/07/2026,6000,6000,6000
Tamil Nadu,Villupuram,Tindivanam APMC,Ashgourd,Gouard,Local,31/07/2026,1500,1500,1500
Tamil Nadu,Villupuram,Tindivanam APMC,Pumpkin,Pumpkin,Local,31/07/2026,2000,2000,2000
Tamil Nadu,Villupuram,Tindivanam APMC,Snakeguard,Snakeguard,Local,31/07/2026,4000,4000,4000
Tamil Nadu,Villupuram,Tindivanam APMC,Beetroot,Beetroot,Local,31/07/2026,4000,4000,4000
Tamil Nadu,Villupuram,Tindivanam APMC,Knool Khol,Knool Khol,Local,31/07/2026,7000,7000,7000
Tamil Nadu,Villupuram,Tindivanam APMC,Tender Coconut,Tender Coconut,Local,31/07/2026,3500,4000,3750
Tamil Nadu,Villupuram,Tindivanam APMC,Fig(Anjura/Anjeer),Anjura,Local,31/07/2026,16000,16000,16000
Tamil Nadu,Villupuram,Tindivanam APMC,Marigold(Calcutta),Marigold(Calcutta),Local,31/07/2026,42500,42500,42500
Tamil Nadu,Villupuram,Tindivanam APMC,Onion Green,Onion Green,Local,31/07/2026,5800,5800,5800
Tamil Nadu,Villupuram,Tindivanam APMC,Rose(Local),Rose (Local),Local,31/07/2026,32000,32000,32000
Tamil Nadu,Villupuram,Tindivanam APMC,Sweet Corn ,Sweet Corn ,Local,31/07/2026,3800,3800,3800
Tamil Nadu,Villupuram,Ulundurpettai APMC,Potato,Red Nanital,Local,31/07/2026,4000,4000,4000
Tamil Nadu,Villupuram,Ulundurpettai APMC,Papaya,Papaya,Local,31/07/2026,2500,2500,2500
Tamil Nadu,Villupuram,Ulundurpettai APMC,Cluster beans,Cluster Beans,Local,31/07/2026,6000,6000,6000
Tamil Nadu,Villupuram,Ulundurpettai APMC,Ashgourd,Gouard,Local,31/07/2026,2000,2000,2000
Tamil Nadu,Villupuram,Ulundurpettai APMC,Banana - Green,Banana - Green,Local,31/07/2026,3000,3000,3000
Tamil Nadu,Villupuram,Ulundurpettai APMC,Coconut,Coconut,Local,31/07/2026,3000,3000,3000
Tamil Nadu,Villupuram,Ulundurpettai APMC,Thondekai,Thondekai,Local,31/07/2026,5000,5000,5000
Tamil Nadu,Villupuram,Ulundurpettai APMC,Yam(Ratalu),Yam (Ratalu),Local,31/07/2026,3000,3000,3000
Tamil Nadu,Villupuram,Ulundurpettai APMC,Amla(Nelli Kai),Amla,Local,31/07/2026,8000,8000,8000
Tamil Nadu,Madurai,Chokkikulam(Uzhavar Sandhai ),Groundnut,Big (With Shell),Local,31/07/2026,6000,7000,6500
Tamil Nadu,Madurai,Chokkikulam(Uzhavar Sandhai ),Apple,American,Local,31/07/2026,18000,27000,22500
Tamil Nadu,Madurai,Chokkikulam(Uzhavar Sandhai ),Cauliflower,Ranchi,Local,31/07/2026,2500,3000,2750
Tamil Nadu,Madurai,Chokkikulam(Uzhavar Sandhai ),Chikoos(Sapota),Sapota,Local,31/07/2026,4000,6000,5000
Tamil Nadu,Madurai,Chokkikulam(Uzhavar Sandhai ),Mousambi(Sweet Lime),Mousambi,Local,31/07/2026,9000,10000,9500
Tamil Nadu,Madurai,Chokkikulam(Uzhavar Sandhai ),Bitter gourd,Bitter Gourd,Local,31/07/2026,6000,6500,6250
Tamil Nadu,Madurai,Chokkikulam(Uzhavar Sandhai ),Bhindi(Ladies Finger),Bhindi,Local,31/07/2026,3000,3600,3300
Tamil Nadu,Madurai,Chokkikulam(Uzhavar Sandhai ),Banana - Green,Banana - Green,Local,31/07/2026,2000,2400,2200
Tamil Nadu,Madurai,Chokkikulam(Uzhavar Sandhai ),Ridgeguard(Tori),Ridgeguard(Tori),Local,31/07/2026,4000,6500,5250
Tamil Nadu,Madurai,Chokkikulam(Uzhavar Sandhai ),Knool Khol,Knool Khol,Local,31/07/2026,5500,6000,5750
Tamil Nadu,Madurai,Chokkikulam(Uzhavar Sandhai ),Lemon,Lemon,Local,31/07/2026,7000,8000,7500
Tamil Nadu,Madurai,Chokkikulam(Uzhavar Sandhai ),Colacasia,Colacasia,Local,31/07/2026,4000,5000,4500
Tamil Nadu,Madurai,Chokkikulam(Uzhavar Sandhai ),Onion Green,Onion Green,Local,31/07/2026,5500,6500,6000
Tamil Nadu,Cuddalore,Viruthachalam(Uzhavar Sandhai ),Potato,Red Nanital,Local,31/07/2026,4000,4000,4000
Tamil Nadu,Cuddalore,Viruthachalam(Uzhavar Sandhai ),Cluster beans,Cluster Beans,Local,31/07/2026,4000,4000,4000
Tamil Nadu,Cuddalore,Viruthachalam(Uzhavar Sandhai ),Bottle gourd,Bottle Gourd,Local,31/07/2026,3000,3000,3000
Tamil Nadu,Cuddalore,Viruthachalam(Uzhavar Sandhai ),Drumstick,Drumstick,Local,31/07/2026,2000,2000,2000
Tamil Nadu,Cuddalore,Viruthachalam(Uzhavar Sandhai ),Lemon,Lemon,Local,31/07/2026,6000,6000,6000
Tamil Nadu,Dharmapuri,Dharmapuri(Uzhavar Sandhai ),Potato,Red Nanital,Local,31/07/2026,2800,3000,2900
Tamil Nadu,Dharmapuri,Dharmapuri(Uzhavar Sandhai ),Bottle gourd,Bottle Gourd,Local,31/07/2026,1400,1500,1450
Tamil Nadu,Dharmapuri,Dharmapuri(Uzhavar Sandhai ),Ashgourd,Gouard,Local,31/07/2026,1800,2000,1900
Tamil Nadu,Dharmapuri,Dharmapuri(Uzhavar Sandhai ),Cowpea(Veg),Cowpea (Veg),Local,31/07/2026,4600,5000,4800
Tamil Nadu,Dharmapuri,Dharmapuri(Uzhavar Sandhai ),Banana - Green,Banana - Green,Local,31/07/2026,2800,3000,2900
Tamil Nadu,Dharmapuri,Dharmapuri(Uzhavar Sandhai ),Beans,Beans (Whole),Local,31/07/2026,9800,10200,10000
Tamil Nadu,Dharmapuri,Dharmapuri(Uzhavar Sandhai ),Tapioca,Tapioca,Local,31/07/2026,2400,2500,2450
Tamil Nadu,Dharmapuri,Dharmapuri(Uzhavar Sandhai ),Ridgeguard(Tori),Ridgeguard(Tori),Local,31/07/2026,3200,3400,3300
Tamil Nadu,Dharmapuri,Dharmapuri(Uzhavar Sandhai ),Tamarind Fruit,Tamarind Fruit,Local,31/07/2026,10000,11000,10500
Tamil Nadu,Dharmapuri,Dharmapuri(Uzhavar Sandhai ),Lemon,Lemon,Local,31/07/2026,11000,12000,11500
Tamil Nadu,Dharmapuri,Dharmapuri(Uzhavar Sandhai ),Sweet Corn ,Sweet Corn ,Local,31/07/2026,2400,2500,2450
Tamil Nadu,Dharmapuri,Palacode(Uzhavar Sandhai ),Onion,Bellary,Local,31/07/2026,3400,3800,3600
Tamil Nadu,Dharmapuri,Palacode(Uzhavar Sandhai ),Brinjal,Round,Local,31/07/2026,3300,3500,3400
Tamil Nadu,Dharmapuri,Palacode(Uzhavar Sandhai ),Coriander(Leaves),I Sort,Local,31/07/2026,8600,9000,8800
Tamil Nadu,Dharmapuri,Palacode(Uzhavar Sandhai ),Papaya,Papaya,Local,31/07/2026,3000,3500,3250
Tamil Nadu,Dharmapuri,Palacode(Uzhavar Sandhai ),Amaranthus,Amaranthus,Local,31/07/2026,2300,2500,2400
Tamil Nadu,Dharmapuri,Palacode(Uzhavar Sandhai ),Snakeguard,Snakeguard,Local,31/07/2026,3000,3200,3100
Tamil Nadu,Dharmapuri,Palacode(Uzhavar Sandhai ),Mango(Raw-Ripe),Mango - Raw-Ripe,Local,31/07/2026,2800,3000,2900
Tamil Nadu,Dharmapuri,Palacode(Uzhavar Sandhai ),Knool Khol,Knool Khol,Local,31/07/2026,5600,6000,5800
Tamil Nadu,Dharmapuri,Palacode(Uzhavar Sandhai ),Elephant Yam(Suran)/Amorphophallus,Elephant Yam (Suran),Local,31/07/2026,4300,4500,4400
Tamil Nadu,Dharmapuri,Palacode(Uzhavar Sandhai ),Amla(Nelli Kai),Amla,Local,31/07/2026,7000,8000,7500
Tamil Nadu,Dharmapuri,Pennagaram(Uzhavar Sandhai ),Banana,Besrai,Local,31/07/2026,4600,5000,4800
Tamil Nadu,Dharmapuri,Pennagaram(Uzhavar Sandhai ),Onion,Bellary,Local,31/07/2026,3600,4000,3800
Tamil Nadu,Dharmapuri,Pennagaram(Uzhavar Sandhai ),Cauliflower,Ranchi,Local,31/07/2026,3600,4000,3800
Tamil Nadu,Dharmapuri,Pennagaram(Uzhavar Sandhai ),Papaya,Papaya,Local,31/07/2026,2800,3000,2900
Tamil Nadu,Dharmapuri,Pennagaram(Uzhavar Sandhai ),Tomato,Local,Local,31/07/2026,1700,1800,1750
Tamil Nadu,Dharmapuri,Pennagaram(Uzhavar Sandhai ),Ginger(Green),Green Ginger,Local,31/07/2026,19000,20000,19500
Tamil Nadu,Dharmapuri,Pennagaram(Uzhavar Sandhai ),Carrot,Pusakesar,Local,31/07/2026,8500,9000,8750
Tamil Nadu,Dharmapuri,Pennagaram(Uzhavar Sandhai ),Snakeguard,Snakeguard,Local,31/07/2026,3300,3500,3400
Tamil Nadu,Dharmapuri,Pennagaram(Uzhavar Sandhai ),Cucumbar(Kheera),Cucumbar,Local,31/07/2026,3300,3500,3400
Tamil Nadu,Dharmapuri,Pennagaram(Uzhavar Sandhai ),Drumstick,Drumstick,Local,31/07/2026,7500,8000,7750
Tamil Nadu,Dharmapuri,Pennagaram(Uzhavar Sandhai ),Mint(Pudina),Mint(Pudina),Local,31/07/2026,4600,5000,4800
Tamil Nadu,Dharmapuri,Pennagaram(Uzhavar Sandhai ),Sweet Corn ,Sweet Corn ,Local,31/07/2026,1800,2000,1900
Tamil Nadu,Dindigul,Chinnalapatti(Uzhavar Sandhai ),Potato,Red Nanital,Local,31/07/2026,3600,4000,3800
Tamil Nadu,Dindigul,Chinnalapatti(Uzhavar Sandhai ),Bitter gourd,Other,Local,31/07/2026,6000,7000,6500
Tamil Nadu,Dindigul,Chinnalapatti(Uzhavar Sandhai ),Pumpkin,Pumpkin,Local,31/07/2026,2000,2500,2250
Tamil Nadu,Dindigul,Chinnalapatti(Uzhavar Sandhai ),Thondekai,Thondekai,Local,31/07/2026,4000,5000,4500
Tamil Nadu,Dindigul,Chinnalapatti(Uzhavar Sandhai ),Elephant Yam(Suran)/Amorphophallus,Elephant Yam (Suran),Local,31/07/2026,4000,5000,4500
Tamil Nadu,Dindigul,Chinnalapatti(Uzhavar Sandhai ),Mint(Pudina),Mint(Pudina),Local,31/07/2026,4000,4500,4250
Tamil Nadu,Dindigul,Dindigul(Uzhavar Sandhai ),Bitter gourd,Other,Local,31/07/2026,5000,7000,6000
Tamil Nadu,Dindigul,Dindigul(Uzhavar Sandhai ),Sweet Potato,Hosur Red,Local,31/07/2026,4000,5000,4500
Tamil Nadu,Dindigul,Dindigul(Uzhavar Sandhai ),Green Avare(W),Other,Local,31/07/2026,7000,10000,8500
Tamil Nadu,Dindigul,Dindigul(Uzhavar Sandhai ),Drumstick,Drumstick,Local,31/07/2026,4000,5000,4500
Tamil Nadu,Dindigul,Dindigul(Uzhavar Sandhai ),Lemon,Lemon,Local,31/07/2026,4000,5000,4500
Tamil Nadu,Dindigul,Dindigul(Uzhavar Sandhai ),Colacasia,Colacasia,Local,31/07/2026,5000,6000,5500
Tamil Nadu,Dindigul,Palani(Uzhavar Sandhai ),Cauliflower,Ranchi,Local,31/07/2026,2000,4000,3000
Tamil Nadu,Dindigul,Palani(Uzhavar Sandhai ),Green Chilli,Green Chilly,Local,31/07/2026,3000,4000,3500
Tamil Nadu,Dindigul,Palani(Uzhavar Sandhai ),Cowpea(Veg),Cowpea (Veg),Local,31/07/2026,3000,3400,3200
Tamil Nadu,Dindigul,Palani(Uzhavar Sandhai ),Beans,Beans (Whole),Local,31/07/2026,8000,10000,9000
Tamil Nadu,Dindigul,Palani(Uzhavar Sandhai ),Sweet Potato,Hosur Red,Local,31/07/2026,3500,4800,4150
Tamil Nadu,Dindigul,Palani(Uzhavar Sandhai ),Beetroot,Beetroot,Local,31/07/2026,4000,7000,5500
Tamil Nadu,Dindigul,Palani(Uzhavar Sandhai ),Knool Khol,Knool Khol,Local,31/07/2026,5000,6000,5500
Tamil Nadu,Dindigul,Palani(Uzhavar Sandhai ),Elephant Yam(Suran)/Amorphophallus,Elephant Yam (Suran),Local,31/07/2026,4000,5000,4500
Tamil Nadu,Dindigul,Palani(Uzhavar Sandhai ),Mint(Pudina),Mint(Pudina),Local,31/07/2026,6000,7000,6500
Tamil Nadu,Dindigul,Palani(Uzhavar Sandhai ),Baby Corn,Baby Corn,Grade A,31/07/2026,2500,3000,2750
Tamil Nadu,Erode,Periyar Nagar(Uzhavar Sandhai ),Banana,Besrai,Local,31/07/2026,2200,2600,2400
Tamil Nadu,Erode,Periyar Nagar(Uzhavar Sandhai ),Tomato,Other,Local,31/07/2026,1500,1700,1600
Tamil Nadu,Erode,Periyar Nagar(Uzhavar Sandhai ),Bitter gourd,Other,Local,31/07/2026,5400,5800,5600
Tamil Nadu,Erode,Periyar Nagar(Uzhavar Sandhai ),Bottle gourd,Bottle Gourd,Local,31/07/2026,1800,2000,1900
Tamil Nadu,Erode,Periyar Nagar(Uzhavar Sandhai ),Banana - Green,Banana - Green,Local,31/07/2026,3000,3500,3250
Tamil Nadu,Erode,Periyar Nagar(Uzhavar Sandhai ),Drumstick,Drumstick,Local,31/07/2026,4200,4600,4400
Tamil Nadu,Erode,Periyar Nagar(Uzhavar Sandhai ),Tender Coconut,Tender Coconut,Local,31/07/2026,3500,4000,3750
Tamil Nadu,Erode,Periyar Nagar(Uzhavar Sandhai ),Lemon,Lemon,Local,31/07/2026,11000,12000,11500
Tamil Nadu,Erode,Perundurai(Uzhavar Sandhai ),Cauliflower,Ranchi,Local,31/07/2026,2500,3000,2750
Tamil Nadu,Erode,Perundurai(Uzhavar Sandhai ),Brinjal,Other,Local,31/07/2026,3500,4000,3750
Tamil Nadu,Erode,Perundurai(Uzhavar Sandhai ),Papaya,Papaya,Local,31/07/2026,2500,3000,2750
Tamil Nadu,Erode,Perundurai(Uzhavar Sandhai ),Bhindi(Ladies Finger),Bhindi,Local,31/07/2026,2500,3000,2750
Tamil Nadu,Erode,Perundurai(Uzhavar Sandhai ),Cabbage,Cabbage,Local,31/07/2026,2500,3000,2750
Tamil Nadu,Erode,Perundurai(Uzhavar Sandhai ),Onion Green,Onion Green,Local,31/07/2026,4500,5000,4750
Tamil Nadu,Erode,Perundurai(Uzhavar Sandhai ),Mint(Pudina),Mint(Pudina),Local,31/07/2026,4000,4500,4250
Tamil Nadu,Erode,Thalavadi(Uzhavar Sandhai ),Ashgourd,Gouard,Local,31/07/2026,1400,1800,1600
Tamil Nadu,Erode,Thalavadi(Uzhavar Sandhai ),Green Chilli,Green Chilly,Local,31/07/2026,3500,4000,3750
Tamil Nadu,Erode,Thalavadi(Uzhavar Sandhai ),Ridgeguard(Tori),Ridgeguard(Tori),Local,31/07/2026,3000,3600,3300
Tamil Nadu,Erode,Thalavadi(Uzhavar Sandhai ),Chow Chow,Chow Chow,Local,31/07/2026,3000,3400,3200
Tamil Nadu,Kallakuruchi,Sankarapuram(Uzhavar Sandhai ),Water Melon,Water Melon,Local,31/07/2026,2500,2500,2500
Tamil Nadu,Kallakuruchi,Sankarapuram(Uzhavar Sandhai ),Cluster beans,Cluster Beans,Local,31/07/2026,4000,4000,4000
Tamil Nadu,Kallakuruchi,Sankarapuram(Uzhavar Sandhai ),Bhindi(Ladies Finger),Bhindi,Local,31/07/2026,4000,4000,4000
Tamil Nadu,Kallakuruchi,Sankarapuram(Uzhavar Sandhai ),Ginger(Green),Green Ginger,Local,31/07/2026,22000,22000,22000
Tamil Nadu,Kallakuruchi,Sankarapuram(Uzhavar Sandhai ),Cucumbar(Kheera),Cucumbar,Local,31/07/2026,7000,7000,7000
Tamil Nadu,Kallakuruchi,Sankarapuram(Uzhavar Sandhai ),Guava,Guava Allahabad,Local,31/07/2026,5000,5000,5000
Tamil Nadu,Kancheepuram,Kancheepuram(Uzhavar Sandhai ),Potato,Other,Local,31/07/2026,2500,3000,2750
Tamil Nadu,Kancheepuram,Kancheepuram(Uzhavar Sandhai ),Cauliflower,Ranchi,Local,31/07/2026,3500,4000,3750
Tamil Nadu,Kancheepuram,Kundrathur(Uzhavar Sandhai ),Green Chilli,Green Chilly,Local,31/07/2026,5000,6000,5500
Tamil Nadu,Kancheepuram,Kundrathur(Uzhavar Sandhai ),Carrot,Pusakesar,Local,31/07/2026,5000,6000,5500
Tamil Nadu,Kancheepuram,Kundrathur(Uzhavar Sandhai ),Cabbage,Cabbage,Local,31/07/2026,3000,3000,3000
Tamil Nadu,Kancheepuram,Kundrathur(Uzhavar Sandhai ),Cucumbar(Kheera),Cucumbar,Local,31/07/2026,3000,3000,3000
Tamil Nadu,Kancheepuram,Padappai(Uzhavar Sandhai ),Onion,Bellary,Local,31/07/2026,3500,4000,3750
Tamil Nadu,Kancheepuram,Padappai(Uzhavar Sandhai ),Beans,Beans (Whole),Local,31/07/2026,6000,9000,7500
Tamil Nadu,Kancheepuram,Padappai(Uzhavar Sandhai ),Green Avare(W),Other,Local,31/07/2026,6000,7000,6500
Tamil Nadu,Kancheepuram,Padappai(Uzhavar Sandhai ),Mango(Raw-Ripe),Mango - Raw-Ripe,Local,31/07/2026,3000,3500,3250
Tamil Nadu,Kancheepuram,Padappai(Uzhavar Sandhai ),Amla(Nelli Kai),Amla,Local,31/07/2026,6000,9000,7500
Tamil Nadu,Kancheepuram,Sunguvarchatram(Uzhavar Sandhai ),Brinjal,Other,Local,31/07/2026,3500,4000,3750
Tamil Nadu,Kancheepuram,Sunguvarchatram(Uzhavar Sandhai ),Bottle gourd,Bottle Gourd,Local,31/07/2026,3000,3000,3000
Tamil Nadu,Kancheepuram,Sunguvarchatram(Uzhavar Sandhai ),Amaranthus,Amaranthus,Local,31/07/2026,3000,3000,3000
Tamil Nadu,Kancheepuram,Sunguvarchatram(Uzhavar Sandhai ),Thondekai,Thondekai,Local,31/07/2026,4000,4000,4000
Tamil Nadu,Kancheepuram,Sunguvarchatram(Uzhavar Sandhai ),Colacasia,Colacasia,Local,31/07/2026,3000,3000,3000
Tamil Nadu,Krishnagiri,Avallapalli(Uzhavar Sandhai ),Green Peas,Green Peas,Local,31/07/2026,13000,14000,13500
Tamil Nadu,Krishnagiri,Avallapalli(Uzhavar Sandhai ),Ginger(Green),Green Ginger,Local,31/07/2026,18000,20000,19000
Tamil Nadu,Krishnagiri,Avallapalli(Uzhavar Sandhai ),Carrot,Pusakesar,Local,31/07/2026,6000,7000,6500
Tamil Nadu,Krishnagiri,Avallapalli(Uzhavar Sandhai ),Cucumbar(Kheera),Cucumbar,Local,31/07/2026,2500,3000,2750
Tamil Nadu,Krishnagiri,Avallapalli(Uzhavar Sandhai ),Indian Beans(Seam),Indian Beans (Seam),Local,31/07/2026,5500,6000,5750
Tamil Nadu,Krishnagiri,Avallapalli(Uzhavar Sandhai ),Lemon,Lemon,Local,31/07/2026,8000,9000,8500
Tamil Nadu,Krishnagiri,Avallapalli(Uzhavar Sandhai ),Mint(Pudina),Mint(Pudina),Local,31/07/2026,4500,5000,4750
Tamil Nadu,Dharmapuri,Karimangalam(Uzhavar Sandhai),Banana - Green,Banana - Green,Local,31/07/2026,2800,3000,2900
Tamil Nadu,Dharmapuri,Karimangalam(Uzhavar Sandhai),Tapioca,Tapioca,Local,31/07/2026,2300,2500,2400
Tamil Nadu,Dharmapuri,Karimangalam(Uzhavar Sandhai),Carrot,Pusakesar,Local,31/07/2026,7500,8000,7750
Tamil Nadu,Dharmapuri,Karimangalam(Uzhavar Sandhai),Thondekai,Thondekai,Local,31/07/2026,4500,5000,4750
Tamil Nadu,Dharmapuri,Karimangalam(Uzhavar Sandhai),Green Avare(W),Other,Local,31/07/2026,4500,5000,4750
Tamil Nadu,Dharmapuri,Karimangalam(Uzhavar Sandhai),Knool Khol,Knool Khol,Local,31/07/2026,5500,6000,5750
Tamil Nadu,Krishnagiri,Denkanikottai(Uzhavar Sandhai ),Papaya,Papaya,Local,31/07/2026,3000,4000,3500
Tamil Nadu,Krishnagiri,Denkanikottai(Uzhavar Sandhai ),Cluster beans,Cluster Beans,Local,31/07/2026,5000,5500,5250
Tamil Nadu,Krishnagiri,Denkanikottai(Uzhavar Sandhai ),Bhindi(Ladies Finger),Bhindi,Local,31/07/2026,3000,3500,3250
Tamil Nadu,Krishnagiri,Denkanikottai(Uzhavar Sandhai ),Banana - Green,Banana - Green,Local,31/07/2026,4000,4500,4250
Tamil Nadu,Krishnagiri,Denkanikottai(Uzhavar Sandhai ),Coconut,Coconut,Local,31/07/2026,4000,5000,4500
Tamil Nadu,Krishnagiri,Denkanikottai(Uzhavar Sandhai ),Sweet Potato,Hosur Red,Local,31/07/2026,4000,5000,4500
Tamil Nadu,Krishnagiri,Denkanikottai(Uzhavar Sandhai ),Snakeguard,Snakeguard,Local,31/07/2026,3000,3500,3250
Tamil Nadu,Krishnagiri,Denkanikottai(Uzhavar Sandhai ),Ridgeguard(Tori),Ridgeguard(Tori),Local,31/07/2026,4000,5000,4500
Tamil Nadu,Krishnagiri,Denkanikottai(Uzhavar Sandhai ),Thondekai,Thondekai,Local,31/07/2026,3000,4000,3500
Tamil Nadu,Krishnagiri,Denkanikottai(Uzhavar Sandhai ),Onion Green,Onion Green,Local,31/07/2026,7000,8000,7500
Tamil Nadu,Krishnagiri,Hosur(Uzhavar Sandhai ),Coriander(Leaves),I Sort,Local,31/07/2026,6000,7000,6500
Tamil Nadu,Krishnagiri,Hosur(Uzhavar Sandhai ),Cluster beans,Cluster Beans,Local,31/07/2026,5000,5500,5250
Tamil Nadu,Krishnagiri,Hosur(Uzhavar Sandhai ),Pumpkin,Pumpkin,Local,31/07/2026,1500,2000,1750
Tamil Nadu,Krishnagiri,Hosur(Uzhavar Sandhai ),Snakeguard,Snakeguard,Local,31/07/2026,3000,3500,3250
Tamil Nadu,Krishnagiri,Hosur(Uzhavar Sandhai ),Jack Fruit(Ripe),Jack Fruit,Local,31/07/2026,2000,2500,2250
Tamil Nadu,Krishnagiri,Hosur(Uzhavar Sandhai ),Amla(Nelli Kai),Amla,Local,31/07/2026,8000,10000,9000
Tamil Nadu,Krishnagiri,Hosur(Uzhavar Sandhai ),Mint(Pudina),Mint(Pudina),Local,31/07/2026,3500,4000,3750
Tamil Nadu,Krishnagiri,Hosur(Uzhavar Sandhai ),Rose(Local),Rose (Local),Local,31/07/2026,12000,14000,13000
Tamil Nadu,Krishnagiri,Krishnagiri(Uzhavar Sandhai ),Brinjal,Round,Local,31/07/2026,2400,2600,2500
Tamil Nadu,Krishnagiri,Krishnagiri(Uzhavar Sandhai ),Bottle gourd,Bottle Gourd,Local,31/07/2026,2000,2400,2200
Tamil Nadu,Krishnagiri,Krishnagiri(Uzhavar Sandhai ),Tapioca,Tapioca,Local,31/07/2026,2600,2800,2700
Tamil Nadu,Krishnagiri,Krishnagiri(Uzhavar Sandhai ),Ginger(Green),Green Ginger,Local,31/07/2026,16000,20000,18000
Tamil Nadu,Krishnagiri,Krishnagiri(Uzhavar Sandhai ),Raddish,Raddish,Local,31/07/2026,2600,3000,2800
Tamil Nadu,Krishnagiri,Krishnagiri(Uzhavar Sandhai ),Knool Khol,Knool Khol,Local,31/07/2026,4500,5000,4750
Tamil Nadu,Krishnagiri,Krishnagiri(Uzhavar Sandhai ),Guava,Guava Allahabad,Local,31/07/2026,3500,4000,3750
Tamil Nadu,Madurai,Anaiyur(Uzhavar Sandhai ),Groundnut,Big (With Shell),Local,31/07/2026,6000,7000,6500
Tamil Nadu,Madurai,Anaiyur(Uzhavar Sandhai ),Brinjal,Round,Local,31/07/2026,4000,4500,4250
Tamil Nadu,Madurai,Anaiyur(Uzhavar Sandhai ),Green Peas,Green Peas,Local,31/07/2026,12000,14000,13000
Tamil Nadu,Madurai,Anaiyur(Uzhavar Sandhai ),Chikoos(Sapota),Sapota,Local,31/07/2026,5000,6000,5500
Tamil Nadu,Madurai,Anaiyur(Uzhavar Sandhai ),Tomato,Deshi,Local,31/07/2026,1800,2000,1900
Tamil Nadu,Madurai,Anaiyur(Uzhavar Sandhai ),Beans,Beans (Whole),Local,31/07/2026,8000,9000,8500
Tamil Nadu,Madurai,Anaiyur(Uzhavar Sandhai ),Betal Leaves,Mysore,Local,31/07/2026,22000,24000,23000
Tamil Nadu,Madurai,Anaiyur(Uzhavar Sandhai ),Drumstick,Drumstick,Local,31/07/2026,5000,6000,5500
Tamil Nadu,Madurai,Anaiyur(Uzhavar Sandhai ),Lime,Lime,Local,31/07/2026,12000,14000,13000
Tamil Nadu,Madurai,Anaiyur(Uzhavar Sandhai ),Amla(Nelli Kai),Amla,Local,31/07/2026,6000,6500,6250
Tamil Nadu,Madurai,Usilampatti(Uzhavar Sandhai ),Onion,Bellary,Local,31/07/2026,3800,4000,3900
Tamil Nadu,Madurai,Usilampatti(Uzhavar Sandhai ),Banana - Green,Banana - Green,Local,31/07/2026,2500,3000,2750
Tamil Nadu,Madurai,Usilampatti(Uzhavar Sandhai ),Onion Green,Onion Green,Local,31/07/2026,5500,6500,6000
Tamil Nadu,Nagapattinam,Nagapattinam(Uzhavar Sandhai ),Onion,Bellary,Local,31/07/2026,1800,2800,2300
Tamil Nadu,Nagapattinam,Nagapattinam(Uzhavar Sandhai ),Coriander(Leaves),I Sort,Local,31/07/2026,3500,3500,3500
Tamil Nadu,Nagapattinam,Nagapattinam(Uzhavar Sandhai ),Beans,Beans (Whole),Local,31/07/2026,16100,16100,16100
Tamil Nadu,Nagapattinam,Nagapattinam(Uzhavar Sandhai ),Coconut,Coconut,Local,31/07/2026,4800,4800,4800
Tamil Nadu,Nagapattinam,Nagapattinam(Uzhavar Sandhai ),Cucumbar(Kheera),Cucumbar,Local,31/07/2026,6800,6800,6800
Tamil Nadu,Nagapattinam,Nagapattinam(Uzhavar Sandhai ),Chow Chow,Chow Chow,Local,31/07/2026,2800,3300,3050
Tamil Nadu,Nagapattinam,Sirkali(Uzhavar Sandhai ),Tapioca,Tapioca,Local,31/07/2026,4500,5000,4750
Tamil Nadu,Nagapattinam,Sirkali(Uzhavar Sandhai ),Coconut,Coconut,Local,31/07/2026,3500,4000,3750
Tamil Nadu,Nagapattinam,Sirkali(Uzhavar Sandhai ),Beetroot,Beetroot,Local,31/07/2026,4500,5000,4750
Tamil Nadu,Nagapattinam,Sirkali(Uzhavar Sandhai ),Cucumbar(Kheera),Cucumbar,Local,31/07/2026,2500,3000,2750
Tamil Nadu,Nagapattinam,Sirkali(Uzhavar Sandhai ),Green Avare(W),Green Avare (W),Local,31/07/2026,6500,7000,6750
Tamil Nadu,Nagapattinam,Sirkali(Uzhavar Sandhai ),Guava,Guava Allahabad,Local,31/07/2026,4000,5000,4500
Tamil Nadu,Namakkal,Kumarapalayam(Uzhavar Sandhai ),Pumpkin,Pumpkin,Local,31/07/2026,2500,3000,2750
Tamil Nadu,Namakkal,Kumarapalayam(Uzhavar Sandhai ),Banana - Green,Banana - Green,Local,31/07/2026,3000,3500,3250
Tamil Nadu,Namakkal,Kumarapalayam(Uzhavar Sandhai ),Coconut,Coconut,Local,31/07/2026,4800,5200,5000
Tamil Nadu,Namakkal,Kumarapalayam(Uzhavar Sandhai ),Ridgeguard(Tori),Ridgeguard(Tori),Local,31/07/2026,4500,5000,4750
Tamil Nadu,Namakkal,Kumarapalayam(Uzhavar Sandhai ),Lime,Lime,Local,31/07/2026,3500,3800,3650
Tamil Nadu,Namakkal,Kumarapalayam(Uzhavar Sandhai ),Amla(Nelli Kai),Amla,Local,31/07/2026,7500,8500,8000
Tamil Nadu,Namakkal,Kumarapalayam(Uzhavar Sandhai ),Onion Green,Onion Green,Local,31/07/2026,5500,6500,6000
Tamil Nadu,Namakkal,Mohanur(Uzhavar Sandhai ),Onion,Bellary,Local,31/07/2026,4000,4500,4250
Tamil Nadu,Namakkal,Mohanur(Uzhavar Sandhai ),Cauliflower,Ranchi,Local,31/07/2026,3000,3500,3250
Tamil Nadu,Namakkal,Mohanur(Uzhavar Sandhai ),Coriander(Leaves),I Sort,Local,31/07/2026,7000,8000,7500
Tamil Nadu,Namakkal,Mohanur(Uzhavar Sandhai ),Papaya,Papaya,Local,31/07/2026,2500,3000,2750
Tamil Nadu,Namakkal,Mohanur(Uzhavar Sandhai ),Bitter gourd,Other,Local,31/07/2026,6000,6800,6400
Tamil Nadu,Namakkal,Mohanur(Uzhavar Sandhai ),Bottle gourd,Bottle Gourd,Local,31/07/2026,1500,2000,1750
Tamil Nadu,Namakkal,Mohanur(Uzhavar Sandhai ),Ridgeguard(Tori),Ridgeguard(Tori),Local,31/07/2026,5000,6000,5500
Tamil Nadu,Namakkal,Namakkal(Uzhavar Sandhai ),Onion,Bellary,Local,31/07/2026,3500,3800,3650
Tamil Nadu,Namakkal,Namakkal(Uzhavar Sandhai ),Potato,Other,Local,31/07/2026,2500,2800,2650
Tamil Nadu,Namakkal,Namakkal(Uzhavar Sandhai ),Bhindi(Ladies Finger),Bhindi,Local,31/07/2026,4500,5400,4950
Tamil Nadu,Namakkal,Namakkal(Uzhavar Sandhai ),Green Chilli,Green Chilly,Local,31/07/2026,5000,6000,5500
Tamil Nadu,Namakkal,Namakkal(Uzhavar Sandhai ),Beans,Beans (Whole),Local,31/07/2026,8000,8500,8250
Tamil Nadu,Namakkal,Namakkal(Uzhavar Sandhai ),Cabbage,Cabbage,Local,31/07/2026,3000,3200,3100
Tamil Nadu,Namakkal,Namakkal(Uzhavar Sandhai ),Snakeguard,Snakeguard,Local,31/07/2026,3500,4000,3750
Tamil Nadu,Namakkal,Namakkal(Uzhavar Sandhai ),Thondekai,Thondekai,Local,31/07/2026,4500,5000,4750
Tamil Nadu,Namakkal,Namakkal(Uzhavar Sandhai ),Drumstick,Drumstick,Local,31/07/2026,4000,4500,4250
Tamil Nadu,Namakkal,Namakkal(Uzhavar Sandhai ),Jamun(Narale Hannu),Jamun,Local,31/07/2026,14000,15000,14500
Tamil Nadu,Namakkal,Namakkal(Uzhavar Sandhai ),Guava,Guava Allahabad,Local,31/07/2026,5000,5500,5250
Tamil Nadu,Namakkal,Namakkal(Uzhavar Sandhai ),Onion Green,Onion Green,Local,31/07/2026,3000,4000,3500
Tamil Nadu,Namakkal,Namakkal(Uzhavar Sandhai ),Mint(Pudina),Mint(Pudina),Local,31/07/2026,3500,4000,3750
Tamil Nadu,Namakkal,Namakkal(Uzhavar Sandhai ),Baby Corn,Baby Corn,Grade A,31/07/2026,2000,2600,2300
Tamil Nadu,Namakkal,Paramathivelur(Uzhavar Sandhai ),Banana,Red Banana,Local,31/07/2026,5800,6500,6150
Tamil Nadu,Namakkal,Paramathivelur(Uzhavar Sandhai ),Coriander(Leaves),I Sort,Local,31/07/2026,8200,9000,8600
Tamil Nadu,Namakkal,Paramathivelur(Uzhavar Sandhai ),Cluster beans,Cluster Beans,Local,31/07/2026,3500,4000,3750
Tamil Nadu,Namakkal,Paramathivelur(Uzhavar Sandhai ),Ginger(Green),Green Ginger,Local,31/07/2026,19000,21000,20000
Tamil Nadu,Namakkal,Paramathivelur(Uzhavar Sandhai ),Carrot,Pusakesar,Local,31/07/2026,9800,11000,10400
Tamil Nadu,Namakkal,Paramathivelur(Uzhavar Sandhai ),Cabbage,Cabbage,Local,31/07/2026,2600,3000,2800
Tamil Nadu,Namakkal,Paramathivelur(Uzhavar Sandhai ),Green Avare(W),Other,Local,31/07/2026,8200,9000,8600
Tamil Nadu,Namakkal,Rasipuram(Uzhavar Sandhai ),Papaya,Papaya,Local,31/07/2026,3000,3500,3250
Tamil Nadu,Namakkal,Rasipuram(Uzhavar Sandhai ),Tomato,Other,Local,31/07/2026,1600,2000,1800
Tamil Nadu,Namakkal,Rasipuram(Uzhavar Sandhai ),Bitter gourd,Other,Local,31/07/2026,6900,7500,7200
Tamil Nadu,Namakkal,Rasipuram(Uzhavar Sandhai ),Ashgourd,Gouard,Local,31/07/2026,2800,3000,2900
Tamil Nadu,Namakkal,Rasipuram(Uzhavar Sandhai ),Ginger(Green),Green Ginger,Local,31/07/2026,20000,21000,20500
Tamil Nadu,Namakkal,Rasipuram(Uzhavar Sandhai ),Carrot,Pusakesar,Local,31/07/2026,9500,10000,9750
Tamil Nadu,Namakkal,Rasipuram(Uzhavar Sandhai ),Beetroot,Beetroot,Local,31/07/2026,6000,8000,7000
Tamil Nadu,Namakkal,Rasipuram(Uzhavar Sandhai ),Cucumbar(Kheera),Cucumbar,Local,31/07/2026,8000,9000,8500
Tamil Nadu,Namakkal,Rasipuram(Uzhavar Sandhai ),Green Avare(W),Other,Local,31/07/2026,7000,9000,8000
Tamil Nadu,Namakkal,Rasipuram(Uzhavar Sandhai ),Marigold(Calcutta),Marigold(Calcutta),Local,31/07/2026,30000,32000,31000
Tamil Nadu,Namakkal,Rasipuram(Uzhavar Sandhai ),Elephant Yam(Suran)/Amorphophallus,Elephant Yam (Suran),Local,31/07/2026,3500,4000,3750
Tamil Nadu,Namakkal,Rasipuram(Uzhavar Sandhai ),Onion Green,Onion Green,Local,31/07/2026,4800,6800,5800
Tamil Nadu,Namakkal,Rasipuram(Uzhavar Sandhai ),Rose(Local),Rose (Local),Local,31/07/2026,20000,22000,21000
Tamil Nadu,Madurai,Palanganatham(Uzhavar Sandhai ),Soyabean,Local,Local,31/07/2026,9000,10000,9500
Tamil Nadu,Madurai,Palanganatham(Uzhavar Sandhai ),Apple,American,Local,31/07/2026,20000,27000,23500
Tamil Nadu,Madurai,Palanganatham(Uzhavar Sandhai ),Cauliflower,Ranchi,Local,31/07/2026,2500,3000,2750
Tamil Nadu,Madurai,Palanganatham(Uzhavar Sandhai ),Pumpkin,Pumpkin,Local,31/07/2026,1800,2000,1900
Tamil Nadu,Madurai,Palanganatham(Uzhavar Sandhai ),Green Chilli,Green Chilly,Local,31/07/2026,3500,4500,4000
Tamil Nadu,Madurai,Palanganatham(Uzhavar Sandhai ),Beans,Beans (Whole),Local,31/07/2026,8000,9000,8500
Tamil Nadu,Madurai,Palanganatham(Uzhavar Sandhai ),Thondekai,Thondekai,Local,31/07/2026,4800,6000,5400
Tamil Nadu,Madurai,Palanganatham(Uzhavar Sandhai ),Capsicum,Capsicum,Local,31/07/2026,8000,9000,8500
Tamil Nadu,Madurai,Palanganatham(Uzhavar Sandhai ),Chow Chow,Chow Chow,Local,31/07/2026,2800,3200,3000
Tamil Nadu,Madurai,Palanganatham(Uzhavar Sandhai ),Pomegranate,Pomogranate,Local,31/07/2026,20000,24000,22000
Tamil Nadu,Madurai,Palanganatham(Uzhavar Sandhai ),Elephant Yam(Suran)/Amorphophallus,Elephant Yam (Suran),Local,31/07/2026,4500,5500,5000
Tamil Nadu,Madurai,Anna nagar(Uzhavar Sandhai ),Tomato,Deshi,Local,31/07/2026,1500,2000,1750
Tamil Nadu,Madurai,Anna nagar(Uzhavar Sandhai ),Chikoos(Sapota),Sapota,Local,31/07/2026,5000,6000,5500
Tamil Nadu,Madurai,Anna nagar(Uzhavar Sandhai ),Papaya,Papaya,Local,31/07/2026,4000,4000,4000
Tamil Nadu,Madurai,Anna nagar(Uzhavar Sandhai ),Mousambi(Sweet Lime),Mousambi,Local,31/07/2026,10000,10000,10000
Tamil Nadu,Madurai,Anna nagar(Uzhavar Sandhai ),Bhindi(Ladies Finger),Bhindi,Local,31/07/2026,4400,4400,4400
Tamil Nadu,Madurai,Anna nagar(Uzhavar Sandhai ),Beetroot,Beetroot,Local,31/07/2026,6000,6000,6000
Tamil Nadu,Madurai,Anna nagar(Uzhavar Sandhai ),Ridgeguard(Tori),Ridgeguard(Tori),Local,31/07/2026,5600,5600,5600
Tamil Nadu,Madurai,Anna nagar(Uzhavar Sandhai ),Tender Coconut,Tender Coconut,Local,31/07/2026,4000,4000,4000
Tamil Nadu,Madurai,Anna nagar(Uzhavar Sandhai ),Tamarind Fruit,Tamarind Fruit,Local,31/07/2026,14000,14000,14000
Tamil Nadu,Perambalur,Perambalur(Uzhavar Sandhai ),Cauliflower,Ranchi,Local,31/07/2026,4000,5000,4500
Tamil Nadu,Perambalur,Perambalur(Uzhavar Sandhai ),Papaya,Papaya,Local,31/07/2026,4000,4500,4250
Tamil Nadu,Perambalur,Perambalur(Uzhavar Sandhai ),Mousambi(Sweet Lime),Mousambi,Local,31/07/2026,8000,9000,8500
Tamil Nadu,Perambalur,Perambalur(Uzhavar Sandhai ),Cabbage,Cabbage,Local,31/07/2026,4000,4000,4000
Tamil Nadu,Perambalur,Perambalur(Uzhavar Sandhai ),Ridgeguard(Tori),Ridgeguard(Tori),Local,31/07/2026,6000,6000,6000
Tamil Nadu,Perambalur,Perambalur(Uzhavar Sandhai ),Chow Chow,Chow Chow,Local,31/07/2026,4800,5000,4900
Tamil Nadu,Perambalur,Perambalur(Uzhavar Sandhai ),Drumstick,Drumstick,Local,31/07/2026,4800,5200,5000
Tamil Nadu,Perambalur,Perambalur(Uzhavar Sandhai ),Pomegranate,Pomogranate,Local,31/07/2026,22000,23000,22500
Tamil Nadu,Salem,Mecheri(Uzhavar Sandhai),Brinjal,Round,Local,31/07/2026,4000,4500,4250
Tamil Nadu,Salem,Mecheri(Uzhavar Sandhai),Bitter gourd,Bitter Gourd,Local,31/07/2026,5000,5500,5250
Tamil Nadu,Salem,Mecheri(Uzhavar Sandhai),Coconut,Coconut,Local,31/07/2026,4500,5000,4750
Tamil Nadu,Salem,Mecheri(Uzhavar Sandhai),Onion Green,Onion Green,Local,31/07/2026,4500,5000,4750
Tamil Nadu,Ranipet,Arcot(Uzhavar Sandhai ),Cauliflower,Ranchi,Local,31/07/2026,3000,4000,3500
Tamil Nadu,Ranipet,Arcot(Uzhavar Sandhai ),Tomato,Deshi,Local,31/07/2026,1600,1600,1600
Tamil Nadu,Ranipet,Arcot(Uzhavar Sandhai ),Coconut,Coconut,Local,31/07/2026,4000,5000,4500
Tamil Nadu,Ranipet,Arcot(Uzhavar Sandhai ),Carrot,Pusakesar,Local,31/07/2026,7000,7000,7000
Tamil Nadu,Ranipet,Arcot(Uzhavar Sandhai ),Beetroot,Beetroot,Local,31/07/2026,5000,5000,5000
Tamil Nadu,Ranipet,Arcot(Uzhavar Sandhai ),Ridgeguard(Tori),Ridgeguard(Tori),Local,31/07/2026,5000,5000,5000
Tamil Nadu,Ranipet,Arcot(Uzhavar Sandhai ),Chow Chow,Chow Chow,Local,31/07/2026,4000,4000,4000
Tamil Nadu,Ranipet,Arcot(Uzhavar Sandhai ),Drumstick,Drumstick,Local,31/07/2026,6000,6000,6000
Tamil Nadu,Ranipet,Arcot(Uzhavar Sandhai ),Mango(Raw-Ripe),Mango - Raw-Ripe,Local,31/07/2026,3000,3000,3000
Tamil Nadu,Ranipet,Ranipettai(Uzhavar Sandhai ),Garlic,Garlic,Local,31/07/2026,20000,24000,22000
Tamil Nadu,Ranipet,Ranipettai(Uzhavar Sandhai ),Pumpkin,Pumpkin,Local,31/07/2026,3000,3000,3000
Tamil Nadu,Ranipet,Ranipettai(Uzhavar Sandhai ),Green Chilli,Green Chilly,Local,31/07/2026,5000,6000,5500
Tamil Nadu,Ranipet,Ranipettai(Uzhavar Sandhai ),Banana - Green,Banana - Green,Local,31/07/2026,4000,5000,4500
Tamil Nadu,Ranipet,Ranipettai(Uzhavar Sandhai ),Coconut,Coconut,Local,31/07/2026,4000,5000,4500
Tamil Nadu,Ranipet,Ranipettai(Uzhavar Sandhai ),Thondekai,Thondekai,Local,31/07/2026,4000,4000,4000
Tamil Nadu,Ranipet,Ranipettai(Uzhavar Sandhai ),Green Avare(W),Other,Local,31/07/2026,4800,4800,4800
Tamil Nadu,Ranipet,Ranipettai(Uzhavar Sandhai ),Mint(Pudina),Mint(Pudina),Local,31/07/2026,3000,3000,3000
Tamil Nadu,Salem,Ammapet(Uzhavar Sandhai ),Potato,Other,Local,31/07/2026,2600,2800,2700
Tamil Nadu,Salem,Ammapet(Uzhavar Sandhai ),Chikoos(Sapota),Sapota,Local,31/07/2026,3800,4000,3900
Tamil Nadu,Salem,Ammapet(Uzhavar Sandhai ),Papaya,Papaya,Local,31/07/2026,3000,3500,3250
Tamil Nadu,Salem,Ammapet(Uzhavar Sandhai ),Cluster beans,Cluster Beans,Local,31/07/2026,3200,3500,3350
Tamil Nadu,Salem,Ammapet(Uzhavar Sandhai ),Ashgourd,Gouard,Local,31/07/2026,2200,2400,2300
Tamil Nadu,Salem,Ammapet(Uzhavar Sandhai ),Banana - Green,Banana - Green,Local,31/07/2026,2500,2800,2650
Tamil Nadu,Salem,Ammapet(Uzhavar Sandhai ),Ginger(Green),Green Ginger,Local,31/07/2026,18500,19500,19000
Tamil Nadu,Salem,Ammapet(Uzhavar Sandhai ),Beetroot,Beetroot,Local,31/07/2026,5000,5500,5250
Tamil Nadu,Salem,Ammapet(Uzhavar Sandhai ),Ridgeguard(Tori),Ridgeguard(Tori),Local,31/07/2026,3800,4000,3900
Tamil Nadu,Salem,Ammapet(Uzhavar Sandhai ),Raddish,Raddish,Local,31/07/2026,2800,3000,2900
Tamil Nadu,Salem,Ammapet(Uzhavar Sandhai ),Drumstick,Drumstick,Local,31/07/2026,4600,5000,4800
Tamil Nadu,Salem,Ammapet(Uzhavar Sandhai ),Tamarind Fruit,Tamarind Fruit,Local,31/07/2026,14000,15000,14500
Tamil Nadu,Salem,Mettur(Uzhavar Sandhai ),Banana,Red Banana,Local,31/07/2026,6500,7000,6750
Tamil Nadu,Salem,Mettur(Uzhavar Sandhai ),Cauliflower,Ranchi,Local,31/07/2026,3500,4000,3750
Tamil Nadu,Salem,Mettur(Uzhavar Sandhai ),Cabbage,Cabbage,Local,31/07/2026,3000,3500,3250
Tamil Nadu,Salem,Mettur(Uzhavar Sandhai ),Snakeguard,Snakeguard,Local,31/07/2026,3500,4000,3750
Tamil Nadu,Salem,Mettur(Uzhavar Sandhai ),Beetroot,Beetroot,Local,31/07/2026,7000,8000,7500
Tamil Nadu,Salem,Mettur(Uzhavar Sandhai ),Ridgeguard(Tori),Ridgeguard(Tori),Local,31/07/2026,4000,4500,4250
Tamil Nadu,Salem,Sooramangalam(Uzhavar Sandhai ),Groundnut,Big (With Shell),Local,31/07/2026,6000,7000,6500
Tamil Nadu,Salem,Sooramangalam(Uzhavar Sandhai ),Green Chilli,Green Chilly,Local,31/07/2026,4200,4500,4350
Tamil Nadu,Salem,Sooramangalam(Uzhavar Sandhai ),Ginger(Green),Green Ginger,Local,31/07/2026,19000,20000,19500
Tamil Nadu,Salem,Sooramangalam(Uzhavar Sandhai ),Green Avare(W),Other,Local,31/07/2026,5600,6000,5800
Tamil Nadu,Salem,Sooramangalam(Uzhavar Sandhai ),Drumstick,Drumstick,Local,31/07/2026,3500,4000,3750
Tamil Nadu,Salem,Sooramangalam(Uzhavar Sandhai ),Elephant Yam(Suran)/Amorphophallus,Elephant Yam (Suran),Local,31/07/2026,4500,5000,4750
Tamil Nadu,Salem,Sooramangalam(Uzhavar Sandhai ),Indian Beans(Seam),Indian Beans (Seam),Local,31/07/2026,5500,6000,5750
Tamil Nadu,Salem,Sooramangalam(Uzhavar Sandhai ),Mint(Pudina),Mint(Pudina),Local,31/07/2026,4000,4200,4100
Tamil Nadu,Salem,Thammampatti (Uzhavar Sandhai ),Ashgourd,Gouard,Local,31/07/2026,2000,2000,2000
Tamil Nadu,Salem,Thammampatti (Uzhavar Sandhai ),Amaranthus,Amaranthus,Local,31/07/2026,2000,2500,2250
Tamil Nadu,Salem,Thammampatti (Uzhavar Sandhai ),Carrot,Pusakesar,Local,31/07/2026,10000,10500,10250
Tamil Nadu,Salem,Thammampatti (Uzhavar Sandhai ),Capsicum,Capsicum,Local,31/07/2026,8000,8000,8000
Tamil Nadu,Salem,Thammampatti (Uzhavar Sandhai ),Green Avare(W),Green Avare (W),Local,31/07/2026,7000,7500,7250
Tamil Nadu,Salem,Thammampatti (Uzhavar Sandhai ),Knool Khol,Knool Khol,Local,31/07/2026,5000,5500,5250
Tamil Nadu,Salem,Thammampatti (Uzhavar Sandhai ),Tamarind Fruit,Tamarind Fruit,Local,31/07/2026,13000,14000,13500
Tamil Nadu,Salem,Thammampatti (Uzhavar Sandhai ),Yam(Ratalu),Yam (Ratalu),Local,31/07/2026,3000,4000,3500
Tamil Nadu,Salem,Thammampatti (Uzhavar Sandhai ),Lemon,Lemon,Local,31/07/2026,3000,4000,3500
Tamil Nadu,Salem,Thammampatti (Uzhavar Sandhai ),Mint(Pudina),Mint(Pudina),Local,31/07/2026,3500,4000,3750
Tamil Nadu,Salem,Thathakapatti(Uzhavar Sandhai ),Mango,Safeda,Local,31/07/2026,4000,5000,4500
Tamil Nadu,Salem,Thathakapatti(Uzhavar Sandhai ),Chikoos(Sapota),Sapota,Local,31/07/2026,3500,4000,3750
Tamil Nadu,Salem,Thathakapatti(Uzhavar Sandhai ),Water Melon,Water Melon,Local,31/07/2026,1800,2000,1900
Tamil Nadu,Salem,Thathakapatti(Uzhavar Sandhai ),Amaranthus,Amaranthus,Local,31/07/2026,2400,2400,2400
Tamil Nadu,Salem,Thathakapatti(Uzhavar Sandhai ),Banana - Green,Banana - Green,Local,31/07/2026,3500,4000,3750
Tamil Nadu,Salem,Thathakapatti(Uzhavar Sandhai ),Snakeguard,Snakeguard,Local,31/07/2026,3800,4000,3900
Tamil Nadu,Salem,Thathakapatti(Uzhavar Sandhai ),Capsicum,Capsicum,Local,31/07/2026,6000,7000,6500
Tamil Nadu,Salem,Thathakapatti(Uzhavar Sandhai ),Marigold(Calcutta),Marigold(Calcutta),Local,31/07/2026,18000,20000,19000
Tamil Nadu,Salem,Thathakapatti(Uzhavar Sandhai ),Colacasia,Colacasia,Local,31/07/2026,5000,6000,5500
Tamil Nadu,Tenkasi,Sankarankoil(Uzhavar Sandhai ),Banana - Green,Banana - Green,Local,31/07/2026,3000,3500,3250
Tamil Nadu,Tenkasi,Sankarankoil(Uzhavar Sandhai ),Ridgeguard(Tori),Ridgeguard(Tori),Local,31/07/2026,3500,3500,3500
Tamil Nadu,Tenkasi,Sankarankoil(Uzhavar Sandhai ),Colacasia,Colacasia,Local,31/07/2026,5000,5000,5000
Tamil Nadu,Tenkasi,Tenkasi(Uzhavar Sandhai ),Mango,Neelam,Local,31/07/2026,5000,5000,5000
Tamil Nadu,Tenkasi,Tenkasi(Uzhavar Sandhai ),Onion,Bellary,Local,31/07/2026,3500,4000,3750
Tamil Nadu,Tenkasi,Tenkasi(Uzhavar Sandhai ),Papaya,Papaya,Local,31/07/2026,3000,3000,3000
Tamil Nadu,Tenkasi,Tenkasi(Uzhavar Sandhai ),Tomato,Local,Local,31/07/2026,2000,2000,2000
Tamil Nadu,Tenkasi,Tenkasi(Uzhavar Sandhai ),Cluster beans,Cluster Beans,Local,31/07/2026,4000,4000,4000
Tamil Nadu,Tenkasi,Tenkasi(Uzhavar Sandhai ),Pumpkin,Pumpkin,Local,31/07/2026,1500,1500,1500
Tamil Nadu,Tenkasi,Tenkasi(Uzhavar Sandhai ),Raddish,Raddish,Local,31/07/2026,4000,4000,4000
Tamil Nadu,Tenkasi,Tenkasi(Uzhavar Sandhai ),Yam(Ratalu),Yam (Ratalu),Local,31/07/2026,8000,8000,8000
Tamil Nadu,Pudukkottai,Pudukottai(Uzhavar Sandhai ),Banana,Red Banana,Local,31/07/2026,7000,8000,7500
Tamil Nadu,Pudukkottai,Pudukottai(Uzhavar Sandhai ),Onion,Bellary,Local,31/07/2026,4000,5000,4500
Tamil Nadu,Pudukkottai,Pudukottai(Uzhavar Sandhai ),Potato,Other,Local,31/07/2026,6000,7000,6500
Tamil Nadu,Pudukkottai,Pudukottai(Uzhavar Sandhai ),Garlic,Garlic,Local,31/07/2026,28000,30000,29000
Tamil Nadu,Pudukkottai,Pudukottai(Uzhavar Sandhai ),Brinjal,Round,Local,31/07/2026,7000,7500,7250
Tamil Nadu,Pudukkottai,Pudukottai(Uzhavar Sandhai ),Bhindi(Ladies Finger),Bhindi,Local,31/07/2026,3000,4000,3500
Tamil Nadu,Pudukkottai,Pudukottai(Uzhavar Sandhai ),Amaranthus,Amaranthus,Local,31/07/2026,1500,2000,1750
Tamil Nadu,Pudukkottai,Pudukottai(Uzhavar Sandhai ),Cowpea(Veg),Cowpea (Veg),Local,31/07/2026,1500,2000,1750
Tamil Nadu,Pudukkottai,Pudukottai(Uzhavar Sandhai ),Tapioca,Tapioca,Local,31/07/2026,3000,4000,3500
Tamil Nadu,Pudukkottai,Pudukottai(Uzhavar Sandhai ),Knool Khol,Knool Khol,Local,31/07/2026,4000,4500,4250
Tamil Nadu,Pudukkottai,Pudukottai(Uzhavar Sandhai ),Tender Coconut,Tender Coconut,Local,31/07/2026,5000,6000,5500
Tamil Nadu,Pudukkottai,Pudukottai(Uzhavar Sandhai ),Colacasia,Colacasia,Local,31/07/2026,5000,6000,5500
Tamil Nadu,Thanjavur,Kumbakonam (Uzhavar Sandhai ),Banana,Besrai,Local,31/07/2026,4000,4000,4000
Tamil Nadu,Thanjavur,Kumbakonam (Uzhavar Sandhai ),Brinjal,Round,Local,31/07/2026,4800,7200,6000
Tamil Nadu,Thanjavur,Kumbakonam (Uzhavar Sandhai ),Ashgourd,Gouard,Local,31/07/2026,2400,2400,2400
Tamil Nadu,Thanjavur,Kumbakonam (Uzhavar Sandhai ),Amaranthus,Amaranthus,Local,31/07/2026,2000,2000,2000
Tamil Nadu,Thanjavur,Kumbakonam (Uzhavar Sandhai ),Carrot,Pusakesar,Local,31/07/2026,7800,10200,9000
Tamil Nadu,Thanjavur,Kumbakonam (Uzhavar Sandhai ),Chow Chow,Chow Chow,Local,31/07/2026,4200,4200,4200
Tamil Nadu,Thanjavur,Kumbakonam (Uzhavar Sandhai ),Mango(Raw-Ripe),Mango - Raw-Ripe,Local,31/07/2026,3000,4200,3600
Tamil Nadu,Thanjavur,Kumbakonam (Uzhavar Sandhai ),Jack Fruit(Ripe),Jack Fruit,Local,31/07/2026,3000,3000,3000
Tamil Nadu,The Nilgiris,Udhagamandalam(Uzhavar Sandhai ),Coriander(Leaves),I Sort,Local,31/07/2026,6500,7000,6750
Tamil Nadu,The Nilgiris,Udhagamandalam(Uzhavar Sandhai ),Amaranthus,Amaranthus,Local,31/07/2026,5000,6000,5500
Tamil Nadu,The Nilgiris,Udhagamandalam(Uzhavar Sandhai ),Tapioca,Tapioca,Local,31/07/2026,3500,4000,3750
Tamil Nadu,The Nilgiris,Udhagamandalam(Uzhavar Sandhai ),Sweet Potato,Hosur Red,Local,31/07/2026,4500,5000,4750
Tamil Nadu,The Nilgiris,Udhagamandalam(Uzhavar Sandhai ),Beetroot,Beetroot,Local,31/07/2026,5500,6000,5750
Tamil Nadu,The Nilgiris,Udhagamandalam(Uzhavar Sandhai ),Raddish,Raddish,Local,31/07/2026,2500,3000,2750
Tamil Nadu,The Nilgiris,Udhagamandalam(Uzhavar Sandhai ),Capsicum,Capsicum,Local,31/07/2026,7000,8000,7500
Tamil Nadu,The Nilgiris,Udhagamandalam(Uzhavar Sandhai ),Chow Chow,Chow Chow,Local,31/07/2026,2000,2500,2250
Tamil Nadu,The Nilgiris,Udhagamandalam(Uzhavar Sandhai ),Elephant Yam(Suran)/Amorphophallus,Elephant Yam (Suran),Local,31/07/2026,3500,4000,3750
Tamil Nadu,Theni,Andipatti(Uzhavar Sandhai ),Potato,Other,Local,31/07/2026,1800,2000,1900
Tamil Nadu,Theni,Andipatti(Uzhavar Sandhai ),Cauliflower,Ranchi,Local,31/07/2026,2000,2500,2250
Tamil Nadu,Theni,Andipatti(Uzhavar Sandhai ),Bitter gourd,Other,Local,31/07/2026,4600,4800,4700
Tamil Nadu,Theni,Andipatti(Uzhavar Sandhai ),Banana - Green,Banana - Green,Local,31/07/2026,2500,3000,2750
Tamil Nadu,Theni,Andipatti(Uzhavar Sandhai ),Coconut,Coconut,Local,31/07/2026,5200,5400,5300
Tamil Nadu,Theni,Andipatti(Uzhavar Sandhai ),Carrot,Pusakesar,Local,31/07/2026,8300,8500,8400
Tamil Nadu,Theni,Andipatti(Uzhavar Sandhai ),Knool Khol,Knool Khol,Local,31/07/2026,4200,4400,4300
Tamil Nadu,Theni,Andipatti(Uzhavar Sandhai ),Elephant Yam(Suran)/Amorphophallus,Elephant Yam (Suran),Local,31/07/2026,3800,4000,3900
Tamil Nadu,Theni,Bodinayakanur(Uzhavar Sandhai ),Banana,Poovan,Local,31/07/2026,6000,6000,6000
Tamil Nadu,Theni,Bodinayakanur(Uzhavar Sandhai ),Cauliflower,Ranchi,Local,31/07/2026,3000,3000,3000
Tamil Nadu,Theni,Bodinayakanur(Uzhavar Sandhai ),Brinjal,Round,Local,31/07/2026,4000,4000,4000
Tamil Nadu,Theni,Bodinayakanur(Uzhavar Sandhai ),Papaya,Papaya,Local,31/07/2026,3000,3000,3000
Tamil Nadu,Theni,Bodinayakanur(Uzhavar Sandhai ),Tomato,Other,Local,31/07/2026,2000,2000,2000
Tamil Nadu,Theni,Bodinayakanur(Uzhavar Sandhai ),Banana - Green,Banana - Green,Local,31/07/2026,3400,3400,3400
Tamil Nadu,Theni,Bodinayakanur(Uzhavar Sandhai ),Snakeguard,Snakeguard,Local,31/07/2026,4200,4200,4200
Tamil Nadu,Theni,Bodinayakanur(Uzhavar Sandhai ),Ridgeguard(Tori),Ridgeguard(Tori),Local,31/07/2026,4800,4800,4800
Tamil Nadu,Theni,Bodinayakanur(Uzhavar Sandhai ),Raddish,Raddish,Local,31/07/2026,2600,2600,2600
Tamil Nadu,Theni,Bodinayakanur(Uzhavar Sandhai ),Elephant Yam(Suran)/Amorphophallus,Elephant Yam (Suran),Local,31/07/2026,4000,4000,4000
Tamil Nadu,Theni,Chinnamanur(Uzhavar Sandhai ),Onion,Bellary,Local,31/07/2026,3800,3800,3800
Tamil Nadu,Theni,Chinnamanur(Uzhavar Sandhai ),Potato,Other,Local,31/07/2026,2600,2600,2600
Tamil Nadu,Theni,Chinnamanur(Uzhavar Sandhai ),Bhindi(Ladies Finger),Bhindi,Local,31/07/2026,3400,3600,3500
Tamil Nadu,Theni,Chinnamanur(Uzhavar Sandhai ),Beans,Beans (Whole),Local,31/07/2026,8400,9000,8700
Tamil Nadu,Theni,Chinnamanur(Uzhavar Sandhai ),Ginger(Green),Green Ginger,Local,31/07/2026,18000,18000,18000
Tamil Nadu,Theni,Chinnamanur(Uzhavar Sandhai ),Carrot,Pusakesar,Local,31/07/2026,8600,8600,8600
Tamil Nadu,Theni,Chinnamanur(Uzhavar Sandhai ),Capsicum,Capsicum,Local,31/07/2026,6000,6000,6000
Tamil Nadu,Theni,Chinnamanur(Uzhavar Sandhai ),Chow Chow,Chow Chow,Local,31/07/2026,2800,2800,2800
Tamil Nadu,Theni,Chinnamanur(Uzhavar Sandhai ),Drumstick,Drumstick,Local,31/07/2026,3400,3400,3400
Tamil Nadu,Theni,Chinnamanur(Uzhavar Sandhai ),Lime,Lime,Local,31/07/2026,10000,13000,11500
Tamil Nadu,Theni,Chinnamanur(Uzhavar Sandhai ),Elephant Yam(Suran)/Amorphophallus,Elephant Yam (Suran),Local,31/07/2026,4400,4400,4400
Tamil Nadu,Theni,Chinnamanur(Uzhavar Sandhai ),Mint(Pudina),Mint(Pudina),Local,31/07/2026,6000,6000,6000
Tamil Nadu,Theni,Kambam(Uzhavar Sandhai ),Cluster beans,Cluster Beans,Local,31/07/2026,3500,3500,3500
Tamil Nadu,Theni,Kambam(Uzhavar Sandhai ),Betal Leaves,Mysore,Local,31/07/2026,20000,20000,20000
Tamil Nadu,Theni,Kambam(Uzhavar Sandhai ),Ridgeguard(Tori),Ridgeguard(Tori),Local,31/07/2026,4800,4800,4800
Tamil Nadu,Theni,Kambam(Uzhavar Sandhai ),Raddish,Raddish,Local,31/07/2026,2500,2500,2500
Tamil Nadu,Theni,Kambam(Uzhavar Sandhai ),Thondekai,Thondekai,Local,31/07/2026,4800,4800,4800
Tamil Nadu,Theni,Kambam(Uzhavar Sandhai ),Chow Chow,Chow Chow,Local,31/07/2026,2800,2800,2800
Tamil Nadu,Theni,Kambam(Uzhavar Sandhai ),Knool Khol,Knool Khol,Local,31/07/2026,4200,4200,4200
Tamil Nadu,Theni,Kambam(Uzhavar Sandhai ),Lime,Lime,Local,31/07/2026,12000,13000,12500
Tamil Nadu,Theni,Kambam(Uzhavar Sandhai ),Mashrooms,Mashrooms,Local,31/07/2026,25000,25000,25000
Tamil Nadu,Theni,Kambam(Uzhavar Sandhai ),Onion Green,Onion Green,Local,31/07/2026,4500,5000,4750
Tamil Nadu,Theni,Theni(Uzhavar Sandhai ),Banana,Red Banana,Local,31/07/2026,6000,6000,6000
Tamil Nadu,Theni,Theni(Uzhavar Sandhai ),Cauliflower,Ranchi,Local,31/07/2026,2000,2500,2250
Tamil Nadu,Theni,Theni(Uzhavar Sandhai ),Green Peas,Green Peas,Local,31/07/2026,16000,16000,16000
Tamil Nadu,Theni,Theni(Uzhavar Sandhai ),Bitter gourd,Other,Local,31/07/2026,4800,4800,4800
Tamil Nadu,Thirunelveli,Ambasamudram(Uzhavar Sandhai ),Brinjal,Round,Local,31/07/2026,3300,4000,3650
Tamil Nadu,Thirunelveli,Ambasamudram(Uzhavar Sandhai ),Bhindi(Ladies Finger),Bhindi,Local,31/07/2026,3300,4000,3650
Tamil Nadu,Thirunelveli,Kandiyaperi(Uzhavar Sandhai ),Bottle gourd,Bottle Gourd,Local,31/07/2026,1000,1200,1100
Tamil Nadu,Thirunelveli,Melapalayam(Uzhavar Sandhai ),Tomato,Other,Local,31/07/2026,2000,2500,2250
Tamil Nadu,Thirunelveli,Melapalayam(Uzhavar Sandhai ),Pumpkin,Pumpkin,Local,31/07/2026,1200,1400,1300
Tamil Nadu,Thirunelveli,Melapalayam(Uzhavar Sandhai ),Bhindi(Ladies Finger),Bhindi,Local,31/07/2026,3600,4000,3800
Tamil Nadu,Thirunelveli,Melapalayam(Uzhavar Sandhai ),Amaranthus,Amaranthus,Local,31/07/2026,1200,1500,1350
Tamil Nadu,Thirunelveli,Melapalayam(Uzhavar Sandhai ),Ginger(Green),Green Ginger,Local,31/07/2026,20000,20500,20250
Tamil Nadu,Thirunelveli,Melapalayam(Uzhavar Sandhai ),Coconut,Coconut,Local,31/07/2026,5900,6200,6050
Tamil Nadu,Thirunelveli,Melapalayam(Uzhavar Sandhai ),Snakeguard,Snakeguard,Local,31/07/2026,1600,1800,1700
Tamil Nadu,Thirunelveli,Melapalayam(Uzhavar Sandhai ),Thondekai,Thondekai,Local,31/07/2026,5000,5500,5250
Tamil Nadu,Thirunelveli,Melapalayam(Uzhavar Sandhai ),Lemon,Lemon,Local,31/07/2026,6000,7000,6500
Tamil Nadu,Thirunelveli,NGO Colony(Uzhavar Sandhai ),Potato,Red Nanital,Local,31/07/2026,2400,2600,2500
Tamil Nadu,Thirunelveli,NGO Colony(Uzhavar Sandhai ),Cauliflower,Ranchi,Local,31/07/2026,4200,4400,4300
Tamil Nadu,Thirunelveli,NGO Colony(Uzhavar Sandhai ),Tomato,Deshi,Local,31/07/2026,2000,2500,2250
Tamil Nadu,Thirunelveli,NGO Colony(Uzhavar Sandhai ),Pumpkin,Pumpkin,Local,31/07/2026,1200,1400,1300
Tamil Nadu,Thirunelveli,NGO Colony(Uzhavar Sandhai ),Green Chilli,Green Chilly,Local,31/07/2026,3200,3800,3500
Tamil Nadu,Thirunelveli,NGO Colony(Uzhavar Sandhai ),Ginger(Green),Green Ginger,Local,31/07/2026,20000,20500,20250
Tamil Nadu,Thirunelveli,NGO Colony(Uzhavar Sandhai ),Cabbage,Cabbage,Local,31/07/2026,3800,4000,3900
Tamil Nadu,Thirunelveli,NGO Colony(Uzhavar Sandhai ),Amla(Nelli Kai),Amla,Local,31/07/2026,4000,5000,4500
Tamil Nadu,Thirunelveli,NGO Colony(Uzhavar Sandhai ),Onion Green,Onion Green,Local,31/07/2026,6000,6500,6250
Tamil Nadu,Thirunelveli,Palayamkottai(Uzhavar Sandhai ),Onion,Bellary,Local,31/07/2026,3400,3800,3600
Tamil Nadu,Thirunelveli,Palayamkottai(Uzhavar Sandhai ),Tomato,Deshi,Local,31/07/2026,2000,2500,2250
Tamil Nadu,Thirunelveli,Palayamkottai(Uzhavar Sandhai ),Cluster beans,Cluster Beans,Local,31/07/2026,2600,2800,2700
Tamil Nadu,Thirunelveli,Palayamkottai(Uzhavar Sandhai ),Green Chilli,Green Chilly,Local,31/07/2026,3200,3800,3500
Tamil Nadu,Thirunelveli,Palayamkottai(Uzhavar Sandhai ),Sweet Potato,Hosur Red,Local,31/07/2026,4000,4500,4250
Tamil Nadu,Thirunelveli,Palayamkottai(Uzhavar Sandhai ),Snakeguard,Snakeguard,Local,31/07/2026,1600,1800,1700
Tamil Nadu,Thirunelveli,Palayamkottai(Uzhavar Sandhai ),Cucumbar(Kheera),Cucumbar,Local,31/07/2026,4000,5500,4750
Tamil Nadu,Thirunelveli,Palayamkottai(Uzhavar Sandhai ),Thondekai,Thondekai,Local,31/07/2026,5000,5500,5250
Tamil Nadu,Thirunelveli,Palayamkottai(Uzhavar Sandhai ),Lime,Lime,Local,31/07/2026,16000,17000,16500
Tamil Nadu,Thirunelveli,Palayamkottai(Uzhavar Sandhai ),Lemon,Lemon,Local,31/07/2026,6000,7000,6500
Tamil Nadu,Thirunelveli,Palayamkottai(Uzhavar Sandhai ),Colacasia,Colacasia,Local,31/07/2026,4000,5000,4500
Tamil Nadu,Thanjavur,Budalur APMC,Paddy(Common),B P T,Local,31/07/2026,1450,1990,1720
Tamil Nadu,Thirupur,Kangayam(Uzhavar Sandhai ),Onion,Bellary,Local,31/07/2026,3000,3500,3250
Tamil Nadu,Thirupur,Kangayam(Uzhavar Sandhai ),Coriander(Leaves),I Sort,Local,31/07/2026,3500,4000,3750
Tamil Nadu,Thirupur,Kangayam(Uzhavar Sandhai ),Cluster beans,Cluster Beans,Local,31/07/2026,3500,4000,3750
Tamil Nadu,Thirupur,Kangayam(Uzhavar Sandhai ),Ashgourd,Gouard,Local,31/07/2026,3000,3200,3100
Tamil Nadu,Thirupur,Kangayam(Uzhavar Sandhai ),Pumpkin,Pumpkin,Local,31/07/2026,2000,2200,2100
Tamil Nadu,Thirupur,Kangayam(Uzhavar Sandhai ),Amaranthus,Amaranthus,Local,31/07/2026,2400,2700,2550
Tamil Nadu,Thirupur,Kangayam(Uzhavar Sandhai ),Ridgeguard(Tori),Ridgeguard(Tori),Local,31/07/2026,5000,6000,5500
Tamil Nadu,Thirupur,Kangayam(Uzhavar Sandhai ),Raddish,Raddish,Local,31/07/2026,3000,3500,3250
Tamil Nadu,Thirupur,Kangayam(Uzhavar Sandhai ),Green Avare(W),Green Avare (W),Local,31/07/2026,6500,7000,6750
Tamil Nadu,Thirupur,Kangayam(Uzhavar Sandhai ),Onion Green,Onion Green,Local,31/07/2026,5000,5500,5250
Tamil Nadu,Thirupur,Tiruppur (North) (Uzhavar Sandhai ),Groundnut,Big (With Shell),Local,31/07/2026,4500,5000,4750
Tamil Nadu,Thirupur,Tiruppur (North) (Uzhavar Sandhai ),Potato,Other,Local,31/07/2026,5000,6000,5500
Tamil Nadu,Thirupur,Tiruppur (North) (Uzhavar Sandhai ),Coriander(Leaves),I Sort,Local,31/07/2026,4000,5000,4500
Tamil Nadu,Thirupur,Tiruppur (North) (Uzhavar Sandhai ),Beans,Beans (Whole),Local,31/07/2026,7000,8000,7500
Tamil Nadu,Thirupur,Tiruppur (North) (Uzhavar Sandhai ),Snakeguard,Snakeguard,Local,31/07/2026,3000,3600,3300
Tamil Nadu,Thirupur,Tiruppur (North) (Uzhavar Sandhai ),Beetroot,Beetroot,Local,31/07/2026,8000,9000,8500
Tamil Nadu,Thirupur,Tiruppur (North) (Uzhavar Sandhai ),Raddish,Raddish,Local,31/07/2026,3000,3500,3250
Tamil Nadu,Thirupur,Tiruppur (North) (Uzhavar Sandhai ),Mango(Raw-Ripe),Mango - Raw-Ripe,Local,31/07/2026,3000,3500,3250
Tamil Nadu,Thirupur,Tiruppur (North) (Uzhavar Sandhai ),Tender Coconut,Tender Coconut,Local,31/07/2026,3000,3500,3250
Tamil Nadu,Thiruvannamalai,Chengam(Uzhavar Sandhai ),Cauliflower,Ranchi,Local,31/07/2026,2500,3000,2750
Tamil Nadu,Thiruvannamalai,Chengam(Uzhavar Sandhai ),Brinjal,Round,Local,31/07/2026,3300,4000,3650
Tamil Nadu,Thiruvannamalai,Chengam(Uzhavar Sandhai ),Sweet Potato,Hosur Red,Local,31/07/2026,3300,4000,3650
Tamil Nadu,Thiruvannamalai,Chengam(Uzhavar Sandhai ),Cabbage,Cabbage,Local,31/07/2026,3300,4000,3650
Tamil Nadu,Thiruvannamalai,Chengam(Uzhavar Sandhai ),Green Avare(W),Green Avare (W),Local,31/07/2026,5000,6000,5500
Tamil Nadu,Thiruvannamalai,Chengam(Uzhavar Sandhai ),Chow Chow,Chow Chow,Local,31/07/2026,3300,4000,3650
Tamil Nadu,Thiruvannamalai,Chengam(Uzhavar Sandhai ),Drumstick,Drumstick,Local,31/07/2026,5000,6000,5500
Tamil Nadu,Thiruvannamalai,Chengam(Uzhavar Sandhai ),Guava,Guava Allahabad,Local,31/07/2026,5000,6000,5500
Tamil Nadu,Thiruvannamalai,Tamarainagar(Uzhavar Sandhai ),Coriander(Leaves),I Sort,Local,31/07/2026,4000,5000,4500
Tamil Nadu,Thiruvannamalai,Tamarainagar(Uzhavar Sandhai ),Bottle gourd,Bottle Gourd,Local,31/07/2026,2000,2500,2250
Tamil Nadu,Thiruvannamalai,Tamarainagar(Uzhavar Sandhai ),Sweet Potato,Hosur Red,Local,31/07/2026,4000,5000,4500
Tamil Nadu,Thiruvannamalai,Tamarainagar(Uzhavar Sandhai ),Raddish,Raddish,Local,31/07/2026,2500,3000,2750
Tamil Nadu,Thiruvannamalai,Tamarainagar(Uzhavar Sandhai ),Mango(Raw-Ripe),Mango - Raw-Ripe,Local,31/07/2026,2000,2500,2250
Tamil Nadu,Thiruvannamalai,Tamarainagar(Uzhavar Sandhai ),Guava,Guava Allahabad,Local,31/07/2026,5000,6000,5500
Tamil Nadu,Thiruvannamalai,Vandavasi(Uzhavar Sandhai ),Onion,Bellary,Local,31/07/2026,3000,3500,3250
Tamil Nadu,Thiruvannamalai,Vandavasi(Uzhavar Sandhai ),Tomato,Local,Local,31/07/2026,1600,2000,1800
Tamil Nadu,Thiruvannamalai,Vandavasi(Uzhavar Sandhai ),Pumpkin,Pumpkin,Local,31/07/2026,2500,3000,2750
Tamil Nadu,Thiruvannamalai,Vandavasi(Uzhavar Sandhai ),Bhindi(Ladies Finger),Bhindi,Local,31/07/2026,3000,3600,3300
Tamil Nadu,Thiruvannamalai,Vandavasi(Uzhavar Sandhai ),Banana - Green,Banana - Green,Local,31/07/2026,1600,2000,1800
Tamil Nadu,Thiruvannamalai,Vandavasi(Uzhavar Sandhai ),Thondekai,Thondekai,Local,31/07/2026,3500,4000,3750
Tamil Nadu,Thiruvannamalai,Vandavasi(Uzhavar Sandhai ),Chow Chow,Chow Chow,Local,31/07/2026,4000,4800,4400
Tamil Nadu,Thiruvannamalai,Vandavasi(Uzhavar Sandhai ),Onion Green,Onion Green,Local,31/07/2026,4000,5000,4500
Tamil Nadu,Thiruvarur,Muthupettai(Uzhavar Sandhai ),Coriander(Leaves),I Sort,Local,31/07/2026,5000,5000,5000
Tamil Nadu,Thiruvarur,Muthupettai(Uzhavar Sandhai ),Bottle gourd,Bottle Gourd,Local,31/07/2026,3400,3400,3400
Tamil Nadu,Thiruvarur,Muthupettai(Uzhavar Sandhai ),Bhindi(Ladies Finger),Bhindi,Local,31/07/2026,3600,3600,3600
Tamil Nadu,Thiruvarur,Muthupettai(Uzhavar Sandhai ),Green Chilli,Green Chilly,Local,31/07/2026,5000,5000,5000
Tamil Nadu,Thiruvarur,Muthupettai(Uzhavar Sandhai ),Coconut,Coconut,Local,31/07/2026,4000,4000,4000
Tamil Nadu,Thiruvarur,Muthupettai(Uzhavar Sandhai ),Mango(Raw-Ripe),Mango - Raw-Ripe,Local,31/07/2026,2500,2500,2500
Tamil Nadu,Thiruvarur,Muthupettai(Uzhavar Sandhai ),Onion Green,Onion Green,Local,31/07/2026,6000,6000,6000
Tamil Nadu,Thiruvarur,Needamangalam(Uzhavar Sandhai ),Pumpkin,Pumpkin,Local,31/07/2026,2600,2600,2600
Tamil Nadu,Thiruvarur,Needamangalam(Uzhavar Sandhai ),Bhindi(Ladies Finger),Bhindi,Local,31/07/2026,4000,4000,4000
Tamil Nadu,Thiruvarur,Needamangalam(Uzhavar Sandhai ),Amaranthus,Amaranthus,Local,31/07/2026,2000,2000,2000
Tamil Nadu,Thiruvarur,Needamangalam(Uzhavar Sandhai ),Green Chilli,Green Chilly,Local,31/07/2026,5000,5000,5000
Tamil Nadu,Thiruvarur,Needamangalam(Uzhavar Sandhai ),Snakeguard,Snakeguard,Local,31/07/2026,3800,3800,3800
Tamil Nadu,Thiruvarur,Needamangalam(Uzhavar Sandhai ),Green Avare(W),Green Avare (W),Local,31/07/2026,6200,6200,6200
Tamil Nadu,Thiruvarur,Tiruvarur(Uzhavar Sandhai ),Brinjal,Round,Local,31/07/2026,4000,4000,4000
Tamil Nadu,Thiruvarur,Tiruvarur(Uzhavar Sandhai ),Cluster beans,Cluster Beans,Local,31/07/2026,4500,4500,4500
Tamil Nadu,Thiruvarur,Tiruvarur(Uzhavar Sandhai ),Ashgourd,Gouard,Local,31/07/2026,2500,2500,2500
Tamil Nadu,Thiruvarur,Tiruvarur(Uzhavar Sandhai ),Amaranthus,Amaranthus,Local,31/07/2026,1000,1000,1000
Tamil Nadu,Virudhunagar,Aruppukottai(Uzhavar Sandhai ),Mango,Safeda,Local,31/07/2026,5000,6000,5500
Tamil Nadu,Virudhunagar,Aruppukottai(Uzhavar Sandhai ),Onion,Bellary,Local,31/07/2026,3000,4000,3500
Tamil Nadu,Virudhunagar,Aruppukottai(Uzhavar Sandhai ),Garlic,Garlic,Local,31/07/2026,22000,24000,23000
Tamil Nadu,Virudhunagar,Aruppukottai(Uzhavar Sandhai ),Brinjal,Round,Local,31/07/2026,4000,5000,4500
Tamil Nadu,Virudhunagar,Aruppukottai(Uzhavar Sandhai ),Papaya,Papaya,Local,31/07/2026,3000,3500,3250
Tamil Nadu,Virudhunagar,Aruppukottai(Uzhavar Sandhai ),Tomato,Deshi,Local,31/07/2026,2000,2500,2250
Tamil Nadu,Virudhunagar,Aruppukottai(Uzhavar Sandhai ),Pumpkin,Pumpkin,Local,31/07/2026,2500,3000,2750
Tamil Nadu,Virudhunagar,Aruppukottai(Uzhavar Sandhai ),Green Chilli,Green Chilly,Local,31/07/2026,5000,6000,5500
Tamil Nadu,Virudhunagar,Aruppukottai(Uzhavar Sandhai ),Banana - Green,Banana - Green,Local,31/07/2026,3000,3500,3250
Tamil Nadu,Virudhunagar,Aruppukottai(Uzhavar Sandhai ),Raddish,Raddish,Local,31/07/2026,3000,3500,3250
Tamil Nadu,Virudhunagar,Aruppukottai(Uzhavar Sandhai ),Onion Green,Onion Green,Local,31/07/2026,6000,6500,6250
Tamil Nadu,Villupuram,Gingee(Uzhavar Sandhai ),Potato,Red Nanital,Local,31/07/2026,3500,3500,3500
Tamil Nadu,Villupuram,Gingee(Uzhavar Sandhai ),Coriander(Leaves),I Sort,Local,31/07/2026,4000,4000,4000
Tamil Nadu,Villupuram,Gingee(Uzhavar Sandhai ),Cluster beans,Cluster Beans,Local,31/07/2026,3500,3500,3500
Tamil Nadu,Villupuram,Gingee(Uzhavar Sandhai ),Banana - Green,Banana - Green,Local,31/07/2026,4000,4000,4000
Tamil Nadu,Villupuram,Gingee(Uzhavar Sandhai ),Ginger(Green),Green Ginger,Local,31/07/2026,13000,13000,13000
Tamil Nadu,Villupuram,Gingee(Uzhavar Sandhai ),Coconut,Coconut,Local,31/07/2026,6000,6000,6000
Tamil Nadu,Villupuram,Gingee(Uzhavar Sandhai ),Carrot,Pusakesar,Local,31/07/2026,7500,7500,7500
Tamil Nadu,Villupuram,Gingee(Uzhavar Sandhai ),Thondekai,Thondekai,Local,31/07/2026,3500,4500,4000
Tamil Nadu,Villupuram,Gingee(Uzhavar Sandhai ),Onion Green,Onion Green,Local,31/07/2026,7000,7000,7000
Tamil Nadu,Thiruvarur,Valangaiman APMC,Brinjal,Round,Local,31/07/2026,4000,5000,4500
Tamil Nadu,Thiruvarur,Valangaiman APMC,Bhindi(Ladies Finger),Bhindi,Local,31/07/2026,4000,4000,4000
Tamil Nadu,Thiruvarur,Valangaiman APMC,Onion Green,Onion Green,Local,31/07/2026,7000,7000,7000
Tamil Nadu,Thiruvellore,Tiruthani(Uzhavar Sandhai ),Cluster beans,Cluster Beans,Local,31/07/2026,5000,5000,5000
Tamil Nadu,Thiruvellore,Tiruthani(Uzhavar Sandhai ),Snakeguard,Snakeguard,Local,31/07/2026,4000,4000,4000
Tamil Nadu,Thiruvellore,Tiruthani(Uzhavar Sandhai ),Green Avare(W),Green Avare (W),Local,31/07/2026,6000,6000,6000
Tamil Nadu,Thiruvellore,Tiruthani(Uzhavar Sandhai ),Mango(Raw-Ripe),Mango - Raw-Ripe,Local,31/07/2026,2000,2000,2000
Tamil Nadu,Virudhunagar,Kariyapatti(Uzhavar Sandhai ),Tomato,Deshi,Local,31/07/2026,1800,2000,1900
Tamil Nadu,Virudhunagar,Kariyapatti(Uzhavar Sandhai ),Onion,Bellary,Local,31/07/2026,3500,4000,3750
Tamil Nadu,Virudhunagar,Kariyapatti(Uzhavar Sandhai ),Bottle gourd,Bottle Gourd,Local,31/07/2026,2500,3000,2750
Tamil Nadu,Virudhunagar,Kariyapatti(Uzhavar Sandhai ),Pumpkin,Pumpkin,Local,31/07/2026,2500,3000,2750
Tamil Nadu,Virudhunagar,Kariyapatti(Uzhavar Sandhai ),Amaranthus,Amaranthus,Local,31/07/2026,3000,3500,3250
Tamil Nadu,Virudhunagar,Kariyapatti(Uzhavar Sandhai ),Green Chilli,Green Chilly,Local,31/07/2026,5500,6000,5750
Tamil Nadu,Virudhunagar,Kariyapatti(Uzhavar Sandhai ),Coconut,Coconut,Local,31/07/2026,5500,6000,5750
Tamil Nadu,Virudhunagar,Kariyapatti(Uzhavar Sandhai ),Raddish,Raddish,Local,31/07/2026,3000,3500,3250
Tamil Nadu,Virudhunagar,Kariyapatti(Uzhavar Sandhai ),Green Avare(W),Green Avare (W),Local,31/07/2026,6500,7000,6750
Tamil Nadu,Virudhunagar,Kariyapatti(Uzhavar Sandhai ),Guava,Guava Allahabad,Local,31/07/2026,3500,4000,3750
Tamil Nadu,Thiruvellore,Tiruvallur(Uzhavar Sandhai ),Tomato,Deshi,Local,31/07/2026,2500,2500,2500
Tamil Nadu,Thiruvellore,Tiruvallur(Uzhavar Sandhai ),Colacasia,Colacasia,Local,31/07/2026,5000,5000,5000
Tamil Nadu,Vellore,Katpadi (Uzhavar Sandhai ),Tomato,Deshi,Local,31/07/2026,1500,2000,1750
Tamil Nadu,Vellore,Katpadi (Uzhavar Sandhai ),Cluster beans,Cluster Beans,Local,31/07/2026,4000,4000,4000
Tamil Nadu,Vellore,Katpadi (Uzhavar Sandhai ),Pumpkin,Pumpkin,Local,31/07/2026,3000,3000,3000
Tamil Nadu,Vellore,Katpadi (Uzhavar Sandhai ),Sweet Potato,Hosur Red,Local,31/07/2026,3000,3000,3000
Tamil Nadu,Vellore,Katpadi (Uzhavar Sandhai ),Carrot,Pusakesar,Local,31/07/2026,6000,6000,6000
Tamil Nadu,Vellore,Katpadi (Uzhavar Sandhai ),Thondekai,Thondekai,Local,31/07/2026,4000,4000,4000
Tamil Nadu,Vellore,Katpadi (Uzhavar Sandhai ),Capsicum,Capsicum,Local,31/07/2026,6000,6000,6000
Tamil Nadu,Vellore,Katpadi (Uzhavar Sandhai ),Lemon,Lemon,Local,31/07/2026,10000,10000,10000
Tamil Nadu,Vellore,Katpadi (Uzhavar Sandhai ),Sweet Corn ,Sweet Corn ,Local,31/07/2026,3000,3000,3000
Tamil Nadu,Madurai,Thirumangalam(Uzhavar Sandhai ),Chikoos(Sapota),Sapota,Local,31/07/2026,4000,6000,5000
Tamil Nadu,Madurai,Thirumangalam(Uzhavar Sandhai ),Elephant Yam(Suran)/Amorphophallus,Elephant Yam (Suran),Local,31/07/2026,4000,4500,4250
Tamil Nadu,Madurai,Melur(Uzhavar Sandhai ),Papaya,Papaya,Local,31/07/2026,4000,4500,4250
Tamil Nadu,Madurai,Melur(Uzhavar Sandhai ),Banana - Green,Banana - Green,Local,31/07/2026,2000,2400,2200
Tamil Nadu,Madurai,Melur(Uzhavar Sandhai ),Elephant Yam(Suran)/Amorphophallus,Elephant Yam (Suran),Local,31/07/2026,4000,4500,4250
Tamil Nadu,Salem,Vazhapadi(Uzhavar Sandhai),Banana,Red Banana,Local,31/07/2026,7000,7000,7000
Tamil Nadu,Salem,Vazhapadi(Uzhavar Sandhai),Cauliflower,Ranchi,Local,31/07/2026,2500,2500,2500
Tamil Nadu,Salem,Vazhapadi(Uzhavar Sandhai),Ashgourd,Gouard,Local,31/07/2026,2400,2400,2400
Tamil Nadu,Salem,Vazhapadi(Uzhavar Sandhai),Pumpkin,Pumpkin,Local,31/07/2026,2000,2400,2200
Tamil Nadu,Salem,Vazhapadi(Uzhavar Sandhai),Bhindi(Ladies Finger),Bhindi,Local,31/07/2026,4000,4000,4000
Tamil Nadu,Salem,Vazhapadi(Uzhavar Sandhai),Cucumbar(Kheera),Cucumbar,Local,31/07/2026,5000,5000,5000
Tamil Nadu,Salem,Vazhapadi(Uzhavar Sandhai),Jack Fruit(Ripe),Jack Fruit,Local,31/07/2026,2000,2000,2000
Tamil Nadu,Salem,Vazhapadi(Uzhavar Sandhai),Kakada,Kakada,Local,31/07/2026,25000,25000,25000
Tamil Nadu,Karur,Gandhigramam(Uzhavar Sandhai),Mango,Neelam,Local,31/07/2026,5000,8000,6500
Tamil Nadu,Karur,Gandhigramam(Uzhavar Sandhai),Potato,Other,Local,31/07/2026,4000,6000,5000
Tamil Nadu,Karur,Gandhigramam(Uzhavar Sandhai),Brinjal,Other,Local,31/07/2026,4500,5000,4750
Tamil Nadu,Karur,Gandhigramam(Uzhavar Sandhai),Sweet Potato,Hosur Red,Local,31/07/2026,3500,4000,3750
Tamil Nadu,Karur,Gandhigramam(Uzhavar Sandhai),Carrot,Pusakesar,Local,31/07/2026,10500,11000,10750
Tamil Nadu,Karur,Gandhigramam(Uzhavar Sandhai),Cabbage,Cabbage,Local,31/07/2026,5500,6000,5750
Tamil Nadu,Karur,Gandhigramam(Uzhavar Sandhai),Snakeguard,Snakeguard,Local,31/07/2026,3500,4000,3750
Tamil Nadu,Karur,Gandhigramam(Uzhavar Sandhai),Ridgeguard(Tori),Ridgeguard(Tori),Local,31/07/2026,5500,6000,5750
Tamil Nadu,Karur,Gandhigramam(Uzhavar Sandhai),Lemon,Lemon,Local,31/07/2026,5000,9000,7000
Tamil Nadu,Pudukkottai,Aranthangi(Uzhavar Sandhai ),Banana,Poovan,Local,31/07/2026,4500,5000,4750
Tamil Nadu,Pudukkottai,Aranthangi(Uzhavar Sandhai ),Papaya,Papaya,Local,31/07/2026,2500,3000,2750
Tamil Nadu,Pudukkottai,Aranthangi(Uzhavar Sandhai ),Bhindi(Ladies Finger),Bhindi,Local,31/07/2026,3500,4000,3750
Tamil Nadu,Pudukkottai,Aranthangi(Uzhavar Sandhai ),Green Chilli,Green Chilly,Local,31/07/2026,4500,5000,4750
Tamil Nadu,Pudukkottai,Aranthangi(Uzhavar Sandhai ),Raddish,Raddish,Local,31/07/2026,3500,4000,3750
Tamil Nadu,Coimbatore,Sulur(Uzhavar Sandhai ),Potato,Other,Local,31/07/2026,4500,6000,5250
Tamil Nadu,Coimbatore,Sulur(Uzhavar Sandhai ),Garlic,Garlic,Local,31/07/2026,20000,24000,22000
Tamil Nadu,Coimbatore,Sulur(Uzhavar Sandhai ),Papaya,Papaya,Local,31/07/2026,3500,4200,3850
Tamil Nadu,Coimbatore,Sulur(Uzhavar Sandhai ),Bhindi(Ladies Finger),Bhindi,Local,31/07/2026,5000,5500,5250
Tamil Nadu,Coimbatore,Sulur(Uzhavar Sandhai ),Coconut,Coconut,Local,31/07/2026,5500,5800,5650
Tamil Nadu,Coimbatore,Sulur(Uzhavar Sandhai ),Snakeguard,Snakeguard,Local,31/07/2026,3200,3500,3350
Tamil Nadu,Coimbatore,Sulur(Uzhavar Sandhai ),Capsicum,Capsicum,Local,31/07/2026,5500,6000,5750
Tamil Nadu,Coimbatore,Sulur(Uzhavar Sandhai ),Drumstick,Drumstick,Local,31/07/2026,3200,3800,3500
Tamil Nadu,Coimbatore,Sulur(Uzhavar Sandhai ),Mint(Pudina),Mint(Pudina),Local,31/07/2026,5500,6000,5750
Tamil Nadu,Pudukkottai,Gandarvakottai(Uzhavar Sandhai ),Bottle gourd,Bottle Gourd,Local,31/07/2026,2000,2500,2250
Tamil Nadu,Pudukkottai,Gandarvakottai(Uzhavar Sandhai ),Pumpkin,Pumpkin,Local,31/07/2026,1200,1500,1350
Tamil Nadu,Pudukkottai,Gandarvakottai(Uzhavar Sandhai ),Banana - Green,Banana - Green,Local,31/07/2026,2500,3000,2750
Tamil Nadu,Pudukkottai,Gandarvakottai(Uzhavar Sandhai ),Mango(Raw-Ripe),Mango - Raw-Ripe,Local,31/07/2026,3000,4000,3500
Tamil Nadu,Pudukkottai,Gandarvakottai(Uzhavar Sandhai ),Onion Green,Onion Green,Local,31/07/2026,6000,7000,6500
Tamil Nadu,Pudukkottai,Gandarvakottai(Uzhavar Sandhai ),Mint(Pudina),Mint(Pudina),Local,31/07/2026,4500,5000,4750
Tamil Nadu,Cuddalore,Panruti(Uzhavar Sandhai ),Banana,Besrai,Local,31/07/2026,4000,7000,5500
Tamil Nadu,Cuddalore,Panruti(Uzhavar Sandhai ),Potato,Red Nanital,Local,31/07/2026,3000,3000,3000
Tamil Nadu,Cuddalore,Panruti(Uzhavar Sandhai ),Papaya,Papaya,Local,31/07/2026,4000,4000,4000
Tamil Nadu,Cuddalore,Panruti(Uzhavar Sandhai ),Bitter gourd,Bitter Gourd,Local,31/07/2026,6000,6000,6000
Tamil Nadu,Cuddalore,Panruti(Uzhavar Sandhai ),Onion Green,Onion Green,Local,31/07/2026,7000,7000,7000
Tamil Nadu,Cuddalore,Vadalur(Uzhavar Sandhai ),Potato,Other,Local,31/07/2026,4000,4000,4000
Tamil Nadu,Cuddalore,Vadalur(Uzhavar Sandhai ),Pumpkin,Pumpkin,Local,31/07/2026,3000,3000,3000
Tamil Nadu,Cuddalore,Vadalur(Uzhavar Sandhai ),Green Chilli,Green Chilly,Local,31/07/2026,4500,5000,4750
Tamil Nadu,Cuddalore,Vadalur(Uzhavar Sandhai ),Ginger(Green),Green Ginger,Local,31/07/2026,12000,12000,12000
Tamil Nadu,Cuddalore,Vadalur(Uzhavar Sandhai ),Pomegranate,Pomogranate,Local,31/07/2026,10000,10000,10000
Tamil Nadu,Dharmapuri,AJattihalli(Uzhavar Sandhai ),Potato,Red Nanital,Local,31/07/2026,2800,3000,2900
Tamil Nadu,Dharmapuri,AJattihalli(Uzhavar Sandhai ),Cauliflower,Ranchi,Local,31/07/2026,3200,3500,3350
Tamil Nadu,Dharmapuri,AJattihalli(Uzhavar Sandhai ),Papaya,Papaya,Local,31/07/2026,3200,3500,3350
Tamil Nadu,Dharmapuri,AJattihalli(Uzhavar Sandhai ),Bottle gourd,Bottle Gourd,Local,31/07/2026,1200,1500,1350
Tamil Nadu,Dharmapuri,AJattihalli(Uzhavar Sandhai ),Bhindi(Ladies Finger),Bhindi,Local,31/07/2026,1800,2000,1900
Tamil Nadu,Dharmapuri,AJattihalli(Uzhavar Sandhai ),Banana - Green,Banana - Green,Local,31/07/2026,2500,3000,2750
Tamil Nadu,Dharmapuri,AJattihalli(Uzhavar Sandhai ),Snakeguard,Snakeguard,Local,31/07/2026,2800,3000,2900
Tamil Nadu,Dharmapuri,AJattihalli(Uzhavar Sandhai ),Capsicum,Capsicum,Local,31/07/2026,8400,8800,8600
Tamil Nadu,Dharmapuri,AJattihalli(Uzhavar Sandhai ),Guava,Guava Allahabad,Local,31/07/2026,4000,4500,4250
Tamil Nadu,Dharmapuri,AJattihalli(Uzhavar Sandhai ),Tamarind Fruit,Tamarind Fruit,Local,31/07/2026,11500,12000,11750
Tamil Nadu,Dharmapuri,AJattihalli(Uzhavar Sandhai ),Colacasia,Colacasia,Local,31/07/2026,6400,6600,6500
Tamil Nadu,Dharmapuri,AJattihalli(Uzhavar Sandhai ),Onion Green,Onion Green,Local,31/07/2026,5500,6000,5750
Tamil Nadu,Nagapattinam,Vedaranyam(Uzhavar Sandhai),Pumpkin,Pumpkin,Local,31/07/2026,2600,2800,2700
Tamil Nadu,Nagapattinam,Vedaranyam(Uzhavar Sandhai),Snakeguard,Snakeguard,Local,31/07/2026,3800,4000,3900
Tamil Nadu,Nagapattinam,Vedaranyam(Uzhavar Sandhai),Mango(Raw-Ripe),Mango - Raw-Ripe,Local,31/07/2026,3800,4000,3900
Tamil Nadu,Tenkasi,Pavoorchatram APMC,Paddy(Common),Ponni,Local,31/07/2026,2200,2600,2400
Tamil Nadu,Vellore,Perampet(Uzhavar Sandhai),Banana,Karpura,Local,31/07/2026,5000,5000,5000
Tamil Nadu,Vellore,Perampet(Uzhavar Sandhai),Garlic,Garlic,Local,31/07/2026,24000,24000,24000
Tamil Nadu,Vellore,Perampet(Uzhavar Sandhai),Bottle gourd,Bottle Gourd,Local,31/07/2026,2500,2500,2500
Tamil Nadu,Vellore,Perampet(Uzhavar Sandhai),Knool Khol,Knool Khol,Local,31/07/2026,4600,4600,4600
Tamil Nadu,Vellore,Perampet(Uzhavar Sandhai),Tender Coconut,Tender Coconut,Local,31/07/2026,3500,3500,3500
Tamil Nadu,Vellore,Perampet(Uzhavar Sandhai),Lemon,Lemon,Local,31/07/2026,5000,5000,5000
Tamil Nadu,Karur,Kulithalai(Uzhavar Sandhai ),Coriander(Leaves),I Sort,Local,31/07/2026,6300,6800,6550
Tamil Nadu,Karur,Kulithalai(Uzhavar Sandhai ),Water Melon,Water Melon,Local,31/07/2026,2500,3000,2750
Tamil Nadu,Karur,Kulithalai(Uzhavar Sandhai ),Tomato,Deshi,Local,31/07/2026,2000,2400,2200
Tamil Nadu,Karur,Kulithalai(Uzhavar Sandhai ),Bitter gourd,Other,Local,31/07/2026,5000,5600,5300
Tamil Nadu,Karur,Kulithalai(Uzhavar Sandhai ),Green Chilli,Green Chilly,Local,31/07/2026,4500,5000,4750
Tamil Nadu,Karur,Kulithalai(Uzhavar Sandhai ),Thondekai,Thondekai,Local,31/07/2026,4500,5000,4750
Tamil Nadu,Karur,Kulithalai(Uzhavar Sandhai ),Lemon,Lemon,Local,31/07/2026,5500,6000,5750
Tamil Nadu,Karur,Kulithalai(Uzhavar Sandhai ),Turnip,Turnip,Local,31/07/2026,4000,5000,4500
Tamil Nadu,Karur,Kulithalai(Uzhavar Sandhai ),Sweet Corn ,Sweet Corn ,Local,31/07/2026,4500,5000,4750
Tamil Nadu,Karur,Pallapatti (Uzhavar Sandhai ),Mango,Safeda,Local,31/07/2026,4500,5000,4750
Tamil Nadu,Karur,Pallapatti (Uzhavar Sandhai ),Ridgeguard(Tori),Ridgeguard(Tori),Local,31/07/2026,6500,7000,6750
Tamil Nadu,Karur,Pallapatti (Uzhavar Sandhai ),Lemon,Lemon,Local,31/07/2026,5500,6000,5750
Tamil Nadu,Karur,Velayuthampalayam(Uzhavar Sandhai ),Cluster beans,Cluster Beans,Local,31/07/2026,3200,4000,3600
Tamil Nadu,Karur,Velayuthampalayam(Uzhavar Sandhai ),Bottle gourd,Bottle Gourd,Local,31/07/2026,2400,3000,2700
Tamil Nadu,Karur,Velayuthampalayam(Uzhavar Sandhai ),Amaranthus,Amaranthus,Local,31/07/2026,2000,2500,2250
Tamil Nadu,Karur,Velayuthampalayam(Uzhavar Sandhai ),Snakeguard,Snakeguard,Local,31/07/2026,3200,4000,3600
Tamil Nadu,Karur,Velayuthampalayam(Uzhavar Sandhai ),Lemon,Lemon,Local,31/07/2026,8000,9000,8500
Tamil Nadu,Karur,Vengamedu(Uzhavar Sandhai ),Banana,Red Banana,Local,31/07/2026,5000,6000,5500
Tamil Nadu,Karur,Vengamedu(Uzhavar Sandhai ),Tomato,Deshi,Local,31/07/2026,1500,2000,1750
Tamil Nadu,Karur,Vengamedu(Uzhavar Sandhai ),Bhindi(Ladies Finger),Bhindi,Local,31/07/2026,3500,4000,3750
Tamil Nadu,Karur,Vengamedu(Uzhavar Sandhai ),Green Chilli,Green Chilly,Local,31/07/2026,4000,5000,4500
Tamil Nadu,Theni,Devaram(Uzhavar Sandhai ),Bottle gourd,Bottle Gourd,Local,31/07/2026,1600,1600,1600
Tamil Nadu,Theni,Devaram(Uzhavar Sandhai ),Ashgourd,Gouard,Local,31/07/2026,1500,1500,1500
Tamil Nadu,Theni,Devaram(Uzhavar Sandhai ),Green Chilli,Green Chilly,Local,31/07/2026,4500,4500,4500
Tamil Nadu,Theni,Devaram(Uzhavar Sandhai ),Banana - Green,Banana - Green,Local,31/07/2026,3000,3000,3000
Tamil Nadu,Theni,Devaram(Uzhavar Sandhai ),Sweet Potato,Hosur Red,Local,31/07/2026,3000,3000,3000
Tamil Nadu,Theni,Devaram(Uzhavar Sandhai ),Cabbage,Cabbage,Local,31/07/2026,4000,4000,4000
Tamil Nadu,Theni,Devaram(Uzhavar Sandhai ),Chow Chow,Chow Chow,Local,31/07/2026,2800,2800,2800
Tamil Nadu,Salem,Attayampatti(Uzhavar Sandhai ),Banana,Red Banana,Local,31/07/2026,6000,7500,6750
Tamil Nadu,Salem,Attayampatti(Uzhavar Sandhai ),Coriander(Leaves),I Sort,Local,31/07/2026,3000,3800,3400
Tamil Nadu,Salem,Attayampatti(Uzhavar Sandhai ),Bottle gourd,Bottle Gourd,Local,31/07/2026,3000,3000,3000
Tamil Nadu,Salem,Attayampatti(Uzhavar Sandhai ),Pumpkin,Pumpkin,Local,31/07/2026,2400,2800,2600
Tamil Nadu,Salem,Attayampatti(Uzhavar Sandhai ),Bhindi(Ladies Finger),Bhindi,Local,31/07/2026,3500,3500,3500
Tamil Nadu,Salem,Attayampatti(Uzhavar Sandhai ),Green Chilli,Green Chilly,Local,31/07/2026,4200,4800,4500
Tamil Nadu,Salem,Attayampatti(Uzhavar Sandhai ),Drumstick,Drumstick,Local,31/07/2026,5500,6000,5750
Tamil Nadu,Sivaganga,Sivagangai (Uzhavar Sandhai ),Brinjal,Other,Local,31/07/2026,4200,4600,4400
Tamil Nadu,Sivaganga,Sivagangai (Uzhavar Sandhai ),Chikoos(Sapota),Sapota,Local,31/07/2026,4200,6200,5200
Tamil Nadu,Sivaganga,Sivagangai (Uzhavar Sandhai ),Carrot,Pusakesar,Local,31/07/2026,6200,8200,7200
Tamil Nadu,Sivaganga,Sivagangai (Uzhavar Sandhai ),Snakeguard,Snakeguard,Local,31/07/2026,3400,3800,3600
Tamil Nadu,Sivaganga,Sivagangai (Uzhavar Sandhai ),Raddish,Raddish,Local,31/07/2026,2600,3200,2900
Tamil Nadu,Sivaganga,Sivagangai (Uzhavar Sandhai ),Green Avare(W),Other,Local,31/07/2026,6200,7200,6700
Tamil Nadu,Sivaganga,Sivagangai (Uzhavar Sandhai ),Guava,Guava Allahabad,Local,31/07/2026,7200,8200,7700
Tamil Nadu,Sivaganga,Sivagangai (Uzhavar Sandhai ),Colacasia,Colacasia,Local,31/07/2026,4200,5200,4700
Tamil Nadu,Sivaganga,Devakottai (Uzhavar Sandhai ),Cauliflower,Ranchi,Local,31/07/2026,3000,3400,3200
Tamil Nadu,Sivaganga,Devakottai (Uzhavar Sandhai ),Chikoos(Sapota),Sapota,Local,31/07/2026,4400,6200,5300
Tamil Nadu,Sivaganga,Devakottai (Uzhavar Sandhai ),Ashgourd,Gouard,Local,31/07/2026,2200,2800,2500
Tamil Nadu,Sivaganga,Devakottai (Uzhavar Sandhai ),Banana - Green,Banana - Green,Local,31/07/2026,2500,3000,2750
Tamil Nadu,Sivaganga,Devakottai (Uzhavar Sandhai ),Coconut,Coconut,Local,31/07/2026,6200,7000,6600
Tamil Nadu,Sivaganga,Devakottai (Uzhavar Sandhai ),Raddish,Raddish,Local,31/07/2026,3200,3500,3350
Tamil Nadu,Sivaganga,Devakottai (Uzhavar Sandhai ),Mango(Raw-Ripe),Mango - Raw-Ripe,Local,31/07/2026,3500,4000,3750
Tamil Nadu,Salem,Edapadi (Uzhavar Sandhai ),Coriander(Leaves),I Sort,Local,31/07/2026,2500,2500,2500
Tamil Nadu,Salem,Edapadi (Uzhavar Sandhai ),Beans,Beans (Whole),Local,31/07/2026,9000,10000,9500
Tamil Nadu,Salem,Edapadi (Uzhavar Sandhai ),Carrot,Pusakesar,Local,31/07/2026,9000,10000,9500
Tamil Nadu,Salem,Edapadi (Uzhavar Sandhai ),Cabbage,Cabbage,Local,31/07/2026,3500,4000,3750
Tamil Nadu,Salem,Edapadi (Uzhavar Sandhai ),Lemon,Lemon,Local,31/07/2026,6000,7000,6500
Tamil Nadu,Salem,Elampillai(Uzhavar Sandhai ),Bitter gourd,Other,Local,31/07/2026,5000,5500,5250
Tamil Nadu,Salem,Elampillai(Uzhavar Sandhai ),Banana - Green,Banana - Green,Local,31/07/2026,2000,2400,2200
Tamil Nadu,Salem,Elampillai(Uzhavar Sandhai ),Ginger(Green),Green Ginger,Local,31/07/2026,19000,20000,19500
Tamil Nadu,Salem,Elampillai(Uzhavar Sandhai ),Ridgeguard(Tori),Ridgeguard(Tori),Local,31/07/2026,3500,4000,3750
Tamil Nadu,Salem,Elampillai(Uzhavar Sandhai ),Capsicum,Capsicum,Local,31/07/2026,6500,7000,6750
Tamil Nadu,Salem,Elampillai(Uzhavar Sandhai ),Green Avare(W),Other,Local,31/07/2026,5000,5500,5250
Tamil Nadu,Salem,Elampillai(Uzhavar Sandhai ),Guava,Guava Allahabad,Local,31/07/2026,3000,4000,3500
Tamil Nadu,Salem,Elampillai(Uzhavar Sandhai ),Mint(Pudina),Mint(Pudina),Local,31/07/2026,3500,4000,3750
Tamil Nadu,Salem,Hasthampatti(Uzhavar Sandhai ),Potato,Other,Local,31/07/2026,4000,4500,4250
Tamil Nadu,Salem,Hasthampatti(Uzhavar Sandhai ),Brinjal,Round,Local,31/07/2026,4000,4500,4250
Tamil Nadu,Salem,Hasthampatti(Uzhavar Sandhai ),Papaya,Papaya,Local,31/07/2026,3000,3500,3250
Tamil Nadu,Salem,Hasthampatti(Uzhavar Sandhai ),Bottle gourd,Bottle Gourd,Local,31/07/2026,2500,3000,2750
Tamil Nadu,Salem,Hasthampatti(Uzhavar Sandhai ),Cabbage,Cabbage,Local,31/07/2026,3500,4000,3750
Tamil Nadu,Salem,Hasthampatti(Uzhavar Sandhai ),Beetroot,Beetroot,Local,31/07/2026,6500,7000,6750
Tamil Nadu,Salem,Hasthampatti(Uzhavar Sandhai ),Thondekai,Thondekai,Local,31/07/2026,4500,5000,4750
Tamil Nadu,Salem,Hasthampatti(Uzhavar Sandhai ),Knool Khol,Knool Khol,Local,31/07/2026,5000,5400,5200
Tamil Nadu,Salem,Hasthampatti(Uzhavar Sandhai ),Guava,Guava Allahabad,Local,31/07/2026,4000,5000,4500
Tamil Nadu,Salem,Hasthampatti(Uzhavar Sandhai ),Tamarind Fruit,Tamarind Fruit,Local,31/07/2026,14000,15000,14500
Tamil Nadu,Salem,Hasthampatti(Uzhavar Sandhai ),Mint(Pudina),Mint(Pudina),Local,31/07/2026,3500,4000,3750
Tamil Nadu,Salem,Jalagandapuram(Uzhavar Sandhai ),Banana,Red Banana,Local,31/07/2026,6000,6500,6250
Tamil Nadu,Salem,Jalagandapuram(Uzhavar Sandhai ),Cauliflower,Ranchi,Local,31/07/2026,2500,3000,2750
Tamil Nadu,Salem,Jalagandapuram(Uzhavar Sandhai ),Tomato,Other,Local,31/07/2026,1500,1800,1650
Tamil Nadu,Salem,Jalagandapuram(Uzhavar Sandhai ),Ashgourd,Gouard,Local,31/07/2026,2000,2400,2200
Tamil Nadu,Salem,Jalagandapuram(Uzhavar Sandhai ),Banana - Green,Banana - Green,Local,31/07/2026,2000,2400,2200
Tamil Nadu,Salem,Jalagandapuram(Uzhavar Sandhai ),Carrot,Pusakesar,Local,31/07/2026,9000,9500,9250
Tamil Nadu,Salem,Jalagandapuram(Uzhavar Sandhai ),Raddish,Raddish,Local,31/07/2026,2500,3000,2750
Tamil Nadu,Salem,Jalagandapuram(Uzhavar Sandhai ),Tender Coconut,Tender Coconut,Local,31/07/2026,3000,3500,3250
Tamil Nadu,Sivaganga,Singampunari(Uzhavar Sandhai ),Brinjal,Other,Local,31/07/2026,4200,4600,4400
Tamil Nadu,Sivaganga,Singampunari(Uzhavar Sandhai ),Bitter gourd,Other,Local,31/07/2026,5600,6200,5900
Tamil Nadu,Sivaganga,Singampunari(Uzhavar Sandhai ),Bottle gourd,Bottle Gourd,Local,31/07/2026,3000,3400,3200
Tamil Nadu,Sivaganga,Singampunari(Uzhavar Sandhai ),Bhindi(Ladies Finger),Bhindi,Local,31/07/2026,3200,3800,3500
Tamil Nadu,Sivaganga,Singampunari(Uzhavar Sandhai ),Ginger(Green),Green Ginger,Local,31/07/2026,15000,22000,18500
Tamil Nadu,Sivaganga,Singampunari(Uzhavar Sandhai ),Raddish,Raddish,Local,31/07/2026,2600,3200,2900
Tamil Nadu,Sivaganga,Singampunari(Uzhavar Sandhai ),Green Avare(W),Other,Local,31/07/2026,6400,7200,6800
Tamil Nadu,Sivaganga,Singampunari(Uzhavar Sandhai ),Chow Chow,Chow Chow,Local,31/07/2026,3000,3400,3200
Tamil Nadu,Sivaganga,Karaikudi(Uzhavar Sandhai ),Bottle gourd,Bottle Gourd,Local,31/07/2026,3400,3600,3500
Tamil Nadu,Sivaganga,Karaikudi(Uzhavar Sandhai ),Beetroot,Beetroot,Local,31/07/2026,5500,6000,5750
Tamil Nadu,Sivaganga,Tirupatthur(Uzhavar Sandhai ),Brinjal,Other,Local,31/07/2026,4500,5000,4750
Tamil Nadu,Sivaganga,Tirupatthur(Uzhavar Sandhai ),Amaranthus,Amaranthus,Local,31/07/2026,3500,4000,3750
Tamil Nadu,Sivaganga,Tirupatthur(Uzhavar Sandhai ),Snakeguard,Snakeguard,Local,31/07/2026,3200,3500,3350
Tamil Nadu,Sivaganga,Tirupatthur(Uzhavar Sandhai ),Elephant Yam(Suran)/Amorphophallus,Elephant Yam (Suran),Local,31/07/2026,4500,5000,4750
Tamil Nadu,Thanjavur,Pattukottai(Uzhavar Sandhai ),Potato,Red Nanital,Local,31/07/2026,3000,3000,3000
Tamil Nadu,Thanjavur,Pattukottai(Uzhavar Sandhai ),Coriander(Leaves),I Sort,Local,31/07/2026,3500,3500,3500
Tamil Nadu,Thanjavur,Pattukottai(Uzhavar Sandhai ),Ashgourd,Gouard,Local,31/07/2026,3000,3000,3000
Tamil Nadu,Thanjavur,Pattukottai(Uzhavar Sandhai ),Banana - Green,Banana - Green,Local,31/07/2026,3000,3000,3000
Tamil Nadu,Thanjavur,Pattukottai(Uzhavar Sandhai ),Ginger(Green),Green Ginger,Local,31/07/2026,14000,14000,14000
Tamil Nadu,Thanjavur,Pattukottai(Uzhavar Sandhai ),Capsicum,Capsicum,Local,31/07/2026,6000,6000,6000
Tamil Nadu,Thanjavur,Pattukottai(Uzhavar Sandhai ),Green Avare(W),Green Avare (W),Local,31/07/2026,6400,6400,6400
Tamil Nadu,Thanjavur,Pattukottai(Uzhavar Sandhai ),Elephant Yam(Suran)/Amorphophallus,Elephant Yam (Suran),Local,31/07/2026,4500,4500,4500
Tamil Nadu,Thanjavur,Thanjavur(Uzhavar Sandhai ),Onion,Bellary,Local,31/07/2026,4000,4000,4000
Tamil Nadu,Thanjavur,Thanjavur(Uzhavar Sandhai ),Cauliflower,Ranchi,Local,31/07/2026,5000,5000,5000
Tamil Nadu,Thanjavur,Thanjavur(Uzhavar Sandhai ),Coriander(Leaves),I Sort,Local,31/07/2026,5000,5000,5000
Tamil Nadu,Thanjavur,Thanjavur(Uzhavar Sandhai ),Bottle gourd,Bottle Gourd,Local,31/07/2026,3200,3200,3200
Tamil Nadu,Thanjavur,Thanjavur(Uzhavar Sandhai ),Banana - Green,Banana - Green,Local,31/07/2026,4000,4000,4000
Tamil Nadu,Thanjavur,Thanjavur(Uzhavar Sandhai ),Beans,Beans (Whole),Local,31/07/2026,9000,9000,9000
Tamil Nadu,Thanjavur,Thanjavur(Uzhavar Sandhai ),Coconut,Coconut,Local,31/07/2026,6000,6000,6000
Tamil Nadu,Thanjavur,Thanjavur(Uzhavar Sandhai ),Cabbage,Cabbage,Local,31/07/2026,4000,4000,4000
Tamil Nadu,Thanjavur,Thanjavur(Uzhavar Sandhai ),Raddish,Raddish,Local,31/07/2026,3600,3600,3600
Tamil Nadu,Thanjavur,Thanjavur(Uzhavar Sandhai ),Thondekai,Thondekai,Local,31/07/2026,5400,5400,5400
Tamil Nadu,Thanjavur,Thanjavur(Uzhavar Sandhai ),Onion Green,Onion Green,Local,31/07/2026,6000,6000,6000
Tamil Nadu,Thiruchirappalli,KKNagar(Uzhavar Sandhai ),Onion,Bellary,Local,31/07/2026,4400,4400,4400
Tamil Nadu,Thiruchirappalli,KKNagar(Uzhavar Sandhai ),Green Peas,Green Peas,Local,31/07/2026,19000,19000,19000
Tamil Nadu,Thiruchirappalli,KKNagar(Uzhavar Sandhai ),Papaya,Papaya,Local,31/07/2026,4000,5000,4500
Tamil Nadu,Thiruchirappalli,KKNagar(Uzhavar Sandhai ),Cluster beans,Cluster Beans,Local,31/07/2026,4000,4000,4000
Tamil Nadu,Thiruchirappalli,KKNagar(Uzhavar Sandhai ),Ashgourd,Gouard,Local,31/07/2026,2600,2600,2600
Tamil Nadu,Thiruchirappalli,KKNagar(Uzhavar Sandhai ),Green Chilli,Green Chilly,Local,31/07/2026,4600,4600,4600
Tamil Nadu,Thiruchirappalli,KKNagar(Uzhavar Sandhai ),Beans,Beans (Whole),Local,31/07/2026,10000,10000,10000
Tamil Nadu,Thiruchirappalli,KKNagar(Uzhavar Sandhai ),Coconut,Coconut,Local,31/07/2026,6400,6400,6400
Tamil Nadu,Thiruchirappalli,KKNagar(Uzhavar Sandhai ),Sweet Potato,Hosur Red,Local,31/07/2026,5600,5600,5600
Tamil Nadu,Thiruchirappalli,KKNagar(Uzhavar Sandhai ),Cabbage,Cabbage,Local,31/07/2026,4400,4400,4400
Tamil Nadu,Thiruchirappalli,KKNagar(Uzhavar Sandhai ),Raddish,Raddish,Local,31/07/2026,3600,3600,3600
Tamil Nadu,Thiruchirappalli,KKNagar(Uzhavar Sandhai ),Thondekai,Thondekai,Local,31/07/2026,6000,6000,6000
Tamil Nadu,Thiruchirappalli,KKNagar(Uzhavar Sandhai ),Capsicum,Capsicum,Local,31/07/2026,6000,6000,6000
Tamil Nadu,Thiruchirappalli,KKNagar(Uzhavar Sandhai ),Tamarind Fruit,Tamarind Fruit,Local,31/07/2026,15000,15000,15000
Tamil Nadu,Thiruchirappalli,KKNagar(Uzhavar Sandhai ),Onion Green,Onion Green,Local,31/07/2026,7000,8000,7500
Tamil Nadu,Thiruchirappalli,Lalgudi(Uzhavar Sandhai ),Onion,Bellary,Local,31/07/2026,3500,4200,3850
Tamil Nadu,Thiruchirappalli,Lalgudi(Uzhavar Sandhai ),Potato,Other,Local,31/07/2026,3000,3000,3000
Tamil Nadu,Thiruchirappalli,Lalgudi(Uzhavar Sandhai ),Bitter gourd,Other,Local,31/07/2026,6600,6600,6600
Tamil Nadu,Thiruchirappalli,Lalgudi(Uzhavar Sandhai ),Bottle gourd,Bottle Gourd,Local,31/07/2026,3000,3000,3000
Tamil Nadu,Thiruchirappalli,Lalgudi(Uzhavar Sandhai ),Cowpea(Veg),Cowpea (Veg),Local,31/07/2026,3600,3600,3600
Tamil Nadu,Thiruchirappalli,Lalgudi(Uzhavar Sandhai ),Ginger(Green),Green Ginger,Local,31/07/2026,20000,20000,20000
Tamil Nadu,Thiruchirappalli,Lalgudi(Uzhavar Sandhai ),Carrot,Pusakesar,Local,31/07/2026,10000,10000,10000
Tamil Nadu,Thiruchirappalli,Lalgudi(Uzhavar Sandhai ),Cabbage,Cabbage,Local,31/07/2026,4600,4600,4600
Tamil Nadu,Thiruchirappalli,Lalgudi(Uzhavar Sandhai ),Cucumbar(Kheera),Cucumbar,Local,31/07/2026,4600,4600,4600
Tamil Nadu,Thiruchirappalli,Lalgudi(Uzhavar Sandhai ),Knool Khol,Knool Khol,Local,31/07/2026,4000,4000,4000
Tamil Nadu,Thiruchirappalli,Lalgudi(Uzhavar Sandhai ),Mint(Pudina),Mint(Pudina),Local,31/07/2026,6000,6000,6000
Tamil Nadu,Thiruchirappalli,Manachanallur(Uzhavar Sandhai ),Garlic,Garlic,Local,31/07/2026,18000,20000,19000
Tamil Nadu,Thiruchirappalli,Manachanallur(Uzhavar Sandhai ),Green Chilli,Green Chilly,Local,31/07/2026,4600,4600,4600
Tamil Nadu,Thiruchirappalli,Manachanallur(Uzhavar Sandhai ),Ginger(Green),Green Ginger,Local,31/07/2026,20000,20000,20000
Tamil Nadu,Thiruchirappalli,Manachanallur(Uzhavar Sandhai ),Green Avare(W),Other,Local,31/07/2026,6000,7000,6500
Tamil Nadu,Thiruchirappalli,Manachanallur(Uzhavar Sandhai ),Knool Khol,Knool Khol,Local,31/07/2026,4000,4000,4000
Tamil Nadu,Thiruchirappalli,Manapparai(Uzhavar Sandhai ),Garlic,Garlic,Local,31/07/2026,20000,20000,20000
Tamil Nadu,Thiruchirappalli,Manapparai(Uzhavar Sandhai ),Tomato,Local,Local,31/07/2026,2000,2000,2000
Tamil Nadu,Thiruchirappalli,Manapparai(Uzhavar Sandhai ),Ginger(Green),Green Ginger,Local,31/07/2026,22000,22000,22000
Tamil Nadu,Thiruchirappalli,Musiri(Uzhavar Sandhai ),Cauliflower,Ranchi,Local,31/07/2026,3000,3500,3250
Tamil Nadu,Thiruchirappalli,Musiri(Uzhavar Sandhai ),Brinjal,Other,Local,31/07/2026,3500,4000,3750
Tamil Nadu,Thiruchirappalli,Musiri(Uzhavar Sandhai ),Coriander(Leaves),I Sort,Local,31/07/2026,2600,3000,2800
Tamil Nadu,Thiruchirappalli,Musiri(Uzhavar Sandhai ),Papaya,Papaya,Local,31/07/2026,3500,4000,3750
Tamil Nadu,Thiruchirappalli,Musiri(Uzhavar Sandhai ),Tapioca,Tapioca,Local,31/07/2026,3000,3600,3300
Tamil Nadu,Thiruchirappalli,Musiri(Uzhavar Sandhai ),Ginger(Green),Green Ginger,Local,31/07/2026,16000,17500,16750
Tamil Nadu,Thiruchirappalli,Musiri(Uzhavar Sandhai ),Coconut,Coconut,Local,31/07/2026,5000,5600,5300
Tamil Nadu,Thiruchirappalli,Musiri(Uzhavar Sandhai ),Betal Leaves,Mysore,Local,31/07/2026,7000,8000,7500
Tamil Nadu,Thiruchirappalli,Musiri(Uzhavar Sandhai ),Sweet Potato,Hosur Red,Local,31/07/2026,4000,4600,4300
Tamil Nadu,Thiruchirappalli,Musiri(Uzhavar Sandhai ),Chow Chow,Chow Chow,Local,31/07/2026,3500,4000,3750
Tamil Nadu,Thiruchirappalli,Musiri(Uzhavar Sandhai ),Colacasia,Colacasia,Local,31/07/2026,4000,4600,4300
Tamil Nadu,Thiruchirappalli,Musiri(Uzhavar Sandhai ),Sweet Corn ,Sweet Corn ,Local,31/07/2026,2500,3000,2750
Tamil Nadu,Thiruchirappalli,Thiruverumbur(Uzhavar Sandhai ),Garlic,Garlic,Local,31/07/2026,18000,18000,18000
Tamil Nadu,Thiruchirappalli,Thiruverumbur(Uzhavar Sandhai ),Bottle gourd,Bottle Gourd,Local,31/07/2026,3000,3000,3000
Tamil Nadu,Thiruchirappalli,Thiruverumbur(Uzhavar Sandhai ),Banana - Green,Banana - Green,Local,31/07/2026,2500,2500,2500
Tamil Nadu,Thiruchirappalli,Thiruverumbur(Uzhavar Sandhai ),Beans,Beans (Whole),Local,31/07/2026,10000,10000,10000
Tamil Nadu,Thiruchirappalli,Thiruverumbur(Uzhavar Sandhai ),Coconut,Coconut,Local,31/07/2026,6000,6000,6000
Tamil Nadu,Thiruchirappalli,Thiruverumbur(Uzhavar Sandhai ),Snakeguard,Snakeguard,Local,31/07/2026,4000,4000,4000
Tamil Nadu,Thiruchirappalli,Thiruverumbur(Uzhavar Sandhai ),Ridgeguard(Tori),Ridgeguard(Tori),Local,31/07/2026,5600,5600,5600
Tamil Nadu,Thiruchirappalli,Thiruverumbur(Uzhavar Sandhai ),Green Avare(W),Other,Local,31/07/2026,7000,7000,7000
Tamil Nadu,Thiruchirappalli,Thiruverumbur(Uzhavar Sandhai ),Onion Green,Onion Green,Local,31/07/2026,7000,7000,7000
Tamil Nadu,Cuddalore,Veppur APMC,Maize,Other,Local,31/07/2026,2565,2565,2565
Tamil Nadu,Virudhunagar,Rajapalayam(Uzhavar Sandhai ),Brinjal,Round,Local,31/07/2026,3500,4000,3750
Tamil Nadu,Virudhunagar,Rajapalayam(Uzhavar Sandhai ),Tomato,Deshi,Local,31/07/2026,1500,1800,1650
Tamil Nadu,Virudhunagar,Rajapalayam(Uzhavar Sandhai ),Cabbage,Cabbage,Local,31/07/2026,4000,4500,4250
Tamil Nadu,Virudhunagar,Rajapalayam(Uzhavar Sandhai ),Raddish,Raddish,Local,31/07/2026,3500,4000,3750
Tamil Nadu,Virudhunagar,Rajapalayam(Uzhavar Sandhai ),Green Avare(W),Green Avare (W),Local,31/07/2026,6000,7000,6500
Tamil Nadu,Virudhunagar,Rajapalayam(Uzhavar Sandhai ),Drumstick,Drumstick,Local,31/07/2026,4500,5000,4750
Tamil Nadu,Virudhunagar,Rajapalayam(Uzhavar Sandhai ),Knool Khol,Knool Khol,Local,31/07/2026,6000,7000,6500
Tamil Nadu,Virudhunagar,Rajapalayam(Uzhavar Sandhai ),Mint(Pudina),Mint(Pudina),Local,31/07/2026,5000,6000,5500
Tamil Nadu,Virudhunagar,Sivakasi(Uzhavar Sandhai ),Onion,Bellary,Local,31/07/2026,3500,4000,3750
Tamil Nadu,Virudhunagar,Sivakasi(Uzhavar Sandhai ),Brinjal,Round,Local,31/07/2026,3500,4000,3750
Tamil Nadu,Virudhunagar,Sivakasi(Uzhavar Sandhai ),Chikoos(Sapota),Sapota,Local,31/07/2026,2500,3000,2750
Tamil Nadu,Virudhunagar,Sivakasi(Uzhavar Sandhai ),Mint(Pudina),Mint(Pudina),Local,31/07/2026,4000,5000,4500
Tamil Nadu,Virudhunagar,Thalavaipuram(Uzhavar Sandhai ),Banana,Besrai,Local,31/07/2026,3200,4000,3600
Tamil Nadu,Virudhunagar,Thalavaipuram(Uzhavar Sandhai ),Bottle gourd,Bottle Gourd,Local,31/07/2026,1600,2000,1800
Tamil Nadu,Virudhunagar,Thalavaipuram(Uzhavar Sandhai ),Beans,Beans (Whole),Local,31/07/2026,8000,10000,9000
Tamil Nadu,Virudhunagar,Thalavaipuram(Uzhavar Sandhai ),Drumstick,Drumstick,Local,31/07/2026,4000,5000,4500
Tamil Nadu,Virudhunagar,Thalavaipuram(Uzhavar Sandhai ),Lime,Lime,Local,31/07/2026,13000,16000,14500
Tamil Nadu,Virudhunagar,Thalavaipuram(Uzhavar Sandhai ),Yam(Ratalu),Yam (Ratalu),Local,31/07/2026,8000,10000,9000
Tamil Nadu,Virudhunagar,Thalavaipuram(Uzhavar Sandhai ),Lemon,Lemon,Local,31/07/2026,6500,8000,7250
Tamil Nadu,Virudhunagar,Virudhunagar(Uzhavar Sandhai ),Cauliflower,Ranchi,Local,31/07/2026,3000,3500,3250
Tamil Nadu,Virudhunagar,Virudhunagar(Uzhavar Sandhai ),Brinjal,Round,Local,31/07/2026,4500,5000,4750
Tamil Nadu,Virudhunagar,Virudhunagar(Uzhavar Sandhai ),Bottle gourd,Bottle Gourd,Local,31/07/2026,2500,3000,2750
Tamil Nadu,Virudhunagar,Virudhunagar(Uzhavar Sandhai ),Pumpkin,Pumpkin,Local,31/07/2026,2000,2500,2250
Tamil Nadu,Virudhunagar,Virudhunagar(Uzhavar Sandhai ),Cabbage,Cabbage,Local,31/07/2026,4500,5000,4750
Tamil Nadu,Virudhunagar,Virudhunagar(Uzhavar Sandhai ),Chow Chow,Chow Chow,Local,31/07/2026,3500,4000,3750
Tamil Nadu,Virudhunagar,Virudhunagar(Uzhavar Sandhai ),Yam(Ratalu),Yam (Ratalu),Local,31/07/2026,8400,9000,8700
Tamil Nadu,Virudhunagar,Virudhunagar(Uzhavar Sandhai ),Onion Green,Onion Green,Local,31/07/2026,4500,5000,4750
Tamil Nadu,Chengalpattu,Madhuranthagam(Uzhavar Sandhai ),Ashgourd,Gouard,Local,31/07/2026,2000,2000,2000
Tamil Nadu,Chengalpattu,Madhuranthagam(Uzhavar Sandhai ),Ridgeguard(Tori),Ridgeguard(Tori),Local,31/07/2026,4000,4000,4000
Tamil Nadu,Chengalpattu,Medavakkam(Uzhavar Sandhai ),Banana,Karpura,Local,31/07/2026,5000,5000,5000
Tamil Nadu,Chengalpattu,Medavakkam(Uzhavar Sandhai ),Onion,Bellary,Local,31/07/2026,4000,4000,4000
Tamil Nadu,Chengalpattu,Medavakkam(Uzhavar Sandhai ),Brinjal,Round,Local,31/07/2026,4000,5000,4500
Tamil Nadu,Chengalpattu,Medavakkam(Uzhavar Sandhai ),Coriander(Leaves),I Sort,Local,31/07/2026,5000,5000,5000
Tamil Nadu,Chengalpattu,Medavakkam(Uzhavar Sandhai ),Papaya,Papaya,Local,31/07/2026,4000,4000,4000
Tamil Nadu,Chengalpattu,Medavakkam(Uzhavar Sandhai ),Tomato,Other,Local,31/07/2026,2000,2500,2250
Tamil Nadu,Chengalpattu,Medavakkam(Uzhavar Sandhai ),Lemon,Lemon,Local,31/07/2026,6000,8000,7000
Tamil Nadu,Chengalpattu,Medavakkam(Uzhavar Sandhai ),Mint(Pudina),Mint(Pudina),Local,31/07/2026,4000,4000,4000
Tamil Nadu,Chengalpattu,Medavakkam(Uzhavar Sandhai ),Rose(Local),Rose (Local),Local,31/07/2026,12000,12000,12000
Tamil Nadu,Chengalpattu,Pallavaram(Uzhavar Sandhai ),Garlic,Garlic,Local,31/07/2026,18000,22000,20000
Tamil Nadu,Chengalpattu,Pallavaram(Uzhavar Sandhai ),Bitter gourd,Other,Local,31/07/2026,6000,7000,6500
Tamil Nadu,Chengalpattu,Pallavaram(Uzhavar Sandhai ),Ginger(Green),Green Ginger,Local,31/07/2026,20000,22000,21000
Tamil Nadu,Chengalpattu,Pallavaram(Uzhavar Sandhai ),Coconut,Coconut,Local,31/07/2026,6000,7000,6500
Tamil Nadu,Chengalpattu,Pallavaram(Uzhavar Sandhai ),Green Avare(W),Other,Local,31/07/2026,6000,7000,6500
Tamil Nadu,Chengalpattu,Pallavaram(Uzhavar Sandhai ),Mango(Raw-Ripe),Mango - Raw-Ripe,Local,31/07/2026,4000,5000,4500
Tamil Nadu,Chengalpattu,Pallavaram(Uzhavar Sandhai ),Knool Khol,Knool Khol,Local,31/07/2026,6000,7000,6500
Tamil Nadu,Chengalpattu,Pallavaram(Uzhavar Sandhai ),Elephant Yam(Suran)/Amorphophallus,Elephant Yam (Suran),Local,31/07/2026,6000,7000,6500
Tamil Nadu,Chengalpattu,Pallavaram(Uzhavar Sandhai ),Mint(Pudina),Mint(Pudina),Local,31/07/2026,4000,5000,4500
Tamil Nadu,Chengalpattu,Pallavaram(Uzhavar Sandhai ),Sweet Corn ,Sweet Corn ,Local,31/07/2026,4000,5000,4500
Tamil Nadu,Nagercoil (Kannyiakumari),Myladi(Uzhavar Sandhai ),Banana,Besrai,Local,31/07/2026,4500,5000,4750
Tamil Nadu,Nagercoil (Kannyiakumari),Myladi(Uzhavar Sandhai ),Onion,Bellary,Local,31/07/2026,3500,4000,3750
Tamil Nadu,Nagercoil (Kannyiakumari),Myladi(Uzhavar Sandhai ),Brinjal,Round,Local,31/07/2026,4500,5000,4750
Tamil Nadu,Nagercoil (Kannyiakumari),Myladi(Uzhavar Sandhai ),Papaya,Papaya,Local,31/07/2026,2500,3000,2750
Tamil Nadu,Nagercoil (Kannyiakumari),Myladi(Uzhavar Sandhai ),Beans,Beans (Whole),Local,31/07/2026,13000,14000,13500
Tamil Nadu,Nagercoil (Kannyiakumari),Myladi(Uzhavar Sandhai ),Tapioca,Tapioca,Local,31/07/2026,3500,4000,3750
Tamil Nadu,Nagercoil (Kannyiakumari),Myladi(Uzhavar Sandhai ),Ginger(Green),Green Ginger,Local,31/07/2026,23000,24000,23500
Tamil Nadu,Nagercoil (Kannyiakumari),Myladi(Uzhavar Sandhai ),Cabbage,Cabbage,Local,31/07/2026,5000,5500,5250
Tamil Nadu,Nagercoil (Kannyiakumari),Myladi(Uzhavar Sandhai ),Snakeguard,Snakeguard,Local,31/07/2026,3500,4000,3750
Tamil Nadu,Chengalpattu,Jameenrayapettai(Uzhavar Sandhai ),Cauliflower,Ranchi,Local,31/07/2026,2500,3000,2750
Tamil Nadu,Chengalpattu,Jameenrayapettai(Uzhavar Sandhai ),Brinjal,Round,Local,31/07/2026,4000,5000,4500
Tamil Nadu,Chengalpattu,Jameenrayapettai(Uzhavar Sandhai ),Mousambi(Sweet Lime),Mousambi,Local,31/07/2026,7000,8000,7500
Tamil Nadu,Chengalpattu,Jameenrayapettai(Uzhavar Sandhai ),Cluster beans,Cluster Beans,Local,31/07/2026,4000,5000,4500
Tamil Nadu,Chengalpattu,Jameenrayapettai(Uzhavar Sandhai ),Coconut,Coconut,Local,31/07/2026,6000,7000,6500
Tamil Nadu,Chengalpattu,Jameenrayapettai(Uzhavar Sandhai ),Snakeguard,Snakeguard,Local,31/07/2026,4000,5000,4500
Tamil Nadu,Chengalpattu,Jameenrayapettai(Uzhavar Sandhai ),Cucumbar(Kheera),Cucumbar,Local,31/07/2026,5000,6000,5500
Tamil Nadu,Chengalpattu,Jameenrayapettai(Uzhavar Sandhai ),Thondekai,Thondekai,Local,31/07/2026,5000,6000,5500
Tamil Nadu,Chengalpattu,Jameenrayapettai(Uzhavar Sandhai ),Knool Khol,Knool Khol,Local,31/07/2026,6000,7000,6500
Tamil Nadu,Chengalpattu,Jameenrayapettai(Uzhavar Sandhai ),Rose(Local),Rose (Local),Local,31/07/2026,11000,12000,11500
Tamil Nadu,Chengalpattu,Guduvancheri(Uzhavar Sandhai ),Bhindi(Ladies Finger),Bhindi,Local,31/07/2026,3500,4000,3750
Tamil Nadu,Chengalpattu,Guduvancheri(Uzhavar Sandhai ),Tapioca,Tapioca,Local,31/07/2026,3500,4000,3750
Tamil Nadu,Chengalpattu,Guduvancheri(Uzhavar Sandhai ),Cabbage,Cabbage,Local,31/07/2026,3000,3500,3250
Tamil Nadu,Chengalpattu,Guduvancheri(Uzhavar Sandhai ),Snakeguard,Snakeguard,Local,31/07/2026,4000,5000,4500
Tamil Nadu,Chengalpattu,Guduvancheri(Uzhavar Sandhai ),Capsicum,Capsicum,Local,31/07/2026,6000,7000,6500
Tamil Nadu,Chengalpattu,Guduvancheri(Uzhavar Sandhai ),Pomegranate,Pomogranate,Local,31/07/2026,14000,15000,14500
Tamil Nadu,Chengalpattu,Guduvancheri(Uzhavar Sandhai ),Lemon,Lemon,Local,31/07/2026,12000,13000,12500
Tamil Nadu,Chengalpattu,Guduvancheri(Uzhavar Sandhai ),Tube Rose(Loose),Tube Rose (Loose),Local,31/07/2026,15000,16000,15500
Tamil Nadu,Thirupathur,Vaniyampadi(Uzhavar Sandhai ),Potato,Red Nanital,Local,31/07/2026,3000,3000,3000
Tamil Nadu,Thirupathur,Vaniyampadi(Uzhavar Sandhai ),Coriander(Leaves),I Sort,Local,31/07/2026,6000,6000,6000
Tamil Nadu,Thirupathur,Vaniyampadi(Uzhavar Sandhai ),Papaya,Papaya,Local,31/07/2026,4000,4000,4000
Tamil Nadu,Thirupathur,Vaniyampadi(Uzhavar Sandhai ),Bhindi(Ladies Finger),Bhindi,Local,31/07/2026,3000,3000,3000
Tamil Nadu,Thirupathur,Vaniyampadi(Uzhavar Sandhai ),Amaranthus,Amaranthus,Local,31/07/2026,3000,3000,3000
Tamil Nadu,Thirupathur,Vaniyampadi(Uzhavar Sandhai ),Green Chilli,Green Chilly,Local,31/07/2026,6000,6000,6000
Tamil Nadu,Thirupathur,Vaniyampadi(Uzhavar Sandhai ),Tapioca,Tapioca,Local,31/07/2026,3000,3000,3000
Tamil Nadu,Thirupathur,Vaniyampadi(Uzhavar Sandhai ),Cabbage,Cabbage,Local,31/07/2026,5000,5000,5000
Tamil Nadu,Thirupathur,Vaniyampadi(Uzhavar Sandhai ),Raddish,Raddish,Local,31/07/2026,4000,4000,4000
Tamil Nadu,Thirupathur,Vaniyampadi(Uzhavar Sandhai ),Green Avare(W),Green Avare (W),Local,31/07/2026,6000,6000,6000
Tamil Nadu,Thirupathur,Vaniyampadi(Uzhavar Sandhai ),Mint(Pudina),Mint(Pudina),Local,31/07/2026,3000,3000,3000
Tamil Nadu,Thirupur,Dharapuram(Uzhavar Sandhai ),Onion,Bellary,Local,31/07/2026,3500,4000,3750
Tamil Nadu,Thirupur,Dharapuram(Uzhavar Sandhai ),Cluster beans,Cluster Beans,Local,31/07/2026,4000,4500,4250
Tamil Nadu,Thirupur,Dharapuram(Uzhavar Sandhai ),Ashgourd,Gouard,Local,31/07/2026,1500,2000,1750
Tamil Nadu,Thirupur,Dharapuram(Uzhavar Sandhai ),Amaranthus,Amaranthus,Local,31/07/2026,2000,2500,2250
Tamil Nadu,Thirupur,Dharapuram(Uzhavar Sandhai ),Beans,Beans (Whole),Local,31/07/2026,10000,11000,10500
Tamil Nadu,Thirupur,Dharapuram(Uzhavar Sandhai ),Green Avare(W),Green Avare (W),Local,31/07/2026,5500,6000,5750
Tamil Nadu,Thirupur,Dharapuram(Uzhavar Sandhai ),Drumstick,Drumstick,Local,31/07/2026,4500,5000,4750
Tamil Nadu,Thirupur,Palladam(Uzhavar Sandhai ),Potato,Other,Local,31/07/2026,2500,3000,2750
Tamil Nadu,Thirupur,Palladam(Uzhavar Sandhai ),Cauliflower,Ranchi,Local,31/07/2026,3500,4000,3750
Tamil Nadu,Thirupur,Palladam(Uzhavar Sandhai ),Bitter gourd,Other,Local,31/07/2026,5000,6000,5500
Tamil Nadu,Thirupur,Palladam(Uzhavar Sandhai ),Ashgourd,Gouard,Local,31/07/2026,1500,2000,1750
Tamil Nadu,Thirupur,Palladam(Uzhavar Sandhai ),Bhindi(Ladies Finger),Bhindi,Local,31/07/2026,3500,4000,3750
Tamil Nadu,Thirupur,Palladam(Uzhavar Sandhai ),Green Avare(W),Other,Local,31/07/2026,6000,7000,6500
Tamil Nadu,Thirupur,Palladam(Uzhavar Sandhai ),Lemon,Lemon,Local,31/07/2026,7000,8000,7500
Tamil Nadu,Kallakuruchi,Kallakurichi(Uzhavar Sandhai ),Pumpkin,Pumpkin,Local,31/07/2026,2500,2500,2500
Tamil Nadu,Kallakuruchi,Kallakurichi(Uzhavar Sandhai ),Amaranthus,Amaranthus,Local,31/07/2026,3000,3000,3000
Tamil Nadu,Kallakuruchi,Kallakurichi(Uzhavar Sandhai ),Tapioca,Tapioca,Local,31/07/2026,3000,3000,3000
Tamil Nadu,Kallakuruchi,Kallakurichi(Uzhavar Sandhai ),Carrot,Pusakesar,Local,31/07/2026,10000,10000,10000
Tamil Nadu,Kallakuruchi,Kallakurichi(Uzhavar Sandhai ),Cabbage,Cabbage,Local,31/07/2026,5000,5000,5000
Tamil Nadu,Kallakuruchi,Kallakurichi(Uzhavar Sandhai ),Thondekai,Thondekai,Local,31/07/2026,5000,5000,5000
Tamil Nadu,Kallakuruchi,Kallakurichi(Uzhavar Sandhai ),Capsicum,Capsicum,Local,31/07/2026,10000,10000,10000
Tamil Nadu,Kallakuruchi,Kallakurichi(Uzhavar Sandhai ),Mango(Raw-Ripe),Mango - Raw-Ripe,Local,31/07/2026,3000,3000,3000
Tamil Nadu,Kallakuruchi,Kallakurichi(Uzhavar Sandhai ),Marigold(Calcutta),Marigold(Calcutta),Local,31/07/2026,45000,45000,45000
Tamil Nadu,Kallakuruchi,Kallakurichi(Uzhavar Sandhai ),Mint(Pudina),Mint(Pudina),Local,31/07/2026,3000,3000,3000
Tamil Nadu,Thirupathur,Natrampalli(Uzhavar Sandhai ),Papaya,Papaya,Local,31/07/2026,2500,3000,2750
Tamil Nadu,Thirupathur,Natrampalli(Uzhavar Sandhai ),Beans,Beans (Whole),Local,31/07/2026,8000,10000,9000
Tamil Nadu,Thirupathur,Natrampalli(Uzhavar Sandhai ),Ginger(Green),Green Ginger,Local,31/07/2026,18000,20000,19000
Tamil Nadu,Thirupathur,Natrampalli(Uzhavar Sandhai ),Coconut,Coconut,Local,31/07/2026,2500,3000,2750
Tamil Nadu,Thirupathur,Natrampalli(Uzhavar Sandhai ),Beetroot,Beetroot,Local,31/07/2026,5000,6000,5500
Tamil Nadu,Thirupathur,Natrampalli(Uzhavar Sandhai ),Ridgeguard(Tori),Ridgeguard(Tori),Local,31/07/2026,3000,4000,3500
Tamil Nadu,Salem,Athur(Uzhavar Sandhai ),Ridgeguard(Tori),Ridgeguard(Tori),Local,31/07/2026,3500,4000,3750
Tamil Nadu,Salem,Athur(Uzhavar Sandhai ),Bottle gourd,Bottle Gourd,Local,31/07/2026,2200,2500,2350
Tamil Nadu,Salem,Athur(Uzhavar Sandhai ),Tapioca,Tapioca,Local,31/07/2026,2500,3000,2750
Tamil Nadu,Salem,Athur(Uzhavar Sandhai ),Carrot,Pusakesar,Local,31/07/2026,8500,10800,9650
Tamil Nadu,Salem,Athur(Uzhavar Sandhai ),Mango(Raw-Ripe),Mango - Raw-Ripe,Local,31/07/2026,3000,4000,3500
Tamil Nadu,Salem,Athur(Uzhavar Sandhai ),Knool Khol,Knool Khol,Local,31/07/2026,5500,6000,5750
Tamil Nadu,Salem,Athur(Uzhavar Sandhai ),Jack Fruit(Ripe),Jack Fruit,Local,31/07/2026,2500,3000,2750
Tamil Nadu,Salem,Athur(Uzhavar Sandhai ),Marigold(Calcutta),Marigold(Calcutta),Local,31/07/2026,30000,35000,32500
Tamil Nadu,Salem,Athur(Uzhavar Sandhai ),Yam(Ratalu),Yam (Ratalu),Local,31/07/2026,3500,4000,3750
Tamil Nadu,Salem,Athur(Uzhavar Sandhai ),Rose(Local),Rose (Local),Local,31/07/2026,18000,20000,19000
Tamil Nadu,Salem,Athur(Uzhavar Sandhai ),Tube Rose(Loose),Tube Rose (Loose),Local,31/07/2026,16000,20000,18000
Tamil Nadu,Theni,Periyakulam(Uzhavar Sandhai ),Onion,Bellary,Local,31/07/2026,3600,3800,3700
Tamil Nadu,Theni,Periyakulam(Uzhavar Sandhai ),Coriander(Leaves),I Sort,Local,31/07/2026,4400,4600,4500
Tamil Nadu,Theni,Periyakulam(Uzhavar Sandhai ),Papaya,Papaya,Local,31/07/2026,2500,3000,2750
Tamil Nadu,Theni,Periyakulam(Uzhavar Sandhai ),Coconut,Coconut,Local,31/07/2026,5200,5400,5300
Tamil Nadu,Theni,Periyakulam(Uzhavar Sandhai ),Carrot,Pusakesar,Local,31/07/2026,8200,8500,8350
Tamil Nadu,Theni,Periyakulam(Uzhavar Sandhai ),Chow Chow,Chow Chow,Local,31/07/2026,2600,2800,2700
Tamil Nadu,Theni,Periyakulam(Uzhavar Sandhai ),Yam(Ratalu),Yam (Ratalu),Local,31/07/2026,7400,7800,7600
Tamil Nadu,Virudhunagar,Srivilliputhur(Uzhavar Sandhai ),Onion,Bellary,Local,31/07/2026,3500,4000,3750
Tamil Nadu,Virudhunagar,Srivilliputhur(Uzhavar Sandhai ),Bitter gourd,Bitter Gourd,Local,31/07/2026,6500,8000,7250
Tamil Nadu,Virudhunagar,Srivilliputhur(Uzhavar Sandhai ),Bottle gourd,Bottle Gourd,Local,31/07/2026,1500,2000,1750
Tamil Nadu,Virudhunagar,Srivilliputhur(Uzhavar Sandhai ),Bhindi(Ladies Finger),Bhindi,Local,31/07/2026,2500,3000,2750
Tamil Nadu,Virudhunagar,Srivilliputhur(Uzhavar Sandhai ),Beans,Beans (Whole),Local,31/07/2026,6500,8000,7250
Tamil Nadu,Virudhunagar,Srivilliputhur(Uzhavar Sandhai ),Beetroot,Beetroot,Local,31/07/2026,4000,5000,4500
Tamil Nadu,Virudhunagar,Srivilliputhur(Uzhavar Sandhai ),Ridgeguard(Tori),Ridgeguard(Tori),Local,31/07/2026,4000,5000,4500
Tamil Nadu,Virudhunagar,Srivilliputhur(Uzhavar Sandhai ),Thondekai,Thondekai,Local,31/07/2026,4000,5000,4500
Tamil Nadu,Virudhunagar,Srivilliputhur(Uzhavar Sandhai ),Colacasia,Colacasia,Local,31/07/2026,5000,6000,5500
Tamil Nadu,Virudhunagar,Srivilliputhur(Uzhavar Sandhai ),Onion Green,Onion Green,Local,31/07/2026,5000,6000,5500
Tamil Nadu,Coimbatore,Vadavalli(Uzhavar Sandhai ),Orange,Darjeeling,Local,31/07/2026,12000,14000,13000
Tamil Nadu,Coimbatore,Vadavalli(Uzhavar Sandhai ),Potato,Other,Local,31/07/2026,5000,5500,5250
Tamil Nadu,Coimbatore,Vadavalli(Uzhavar Sandhai ),Water Melon,Water Melon,Local,31/07/2026,2500,2800,2650
Tamil Nadu,Coimbatore,Vadavalli(Uzhavar Sandhai ),Mousambi(Sweet Lime),Mousambi,Local,31/07/2026,8000,9000,8500
Tamil Nadu,Coimbatore,Vadavalli(Uzhavar Sandhai ),Bitter gourd,Bitter Gourd,Local,31/07/2026,6000,6500,6250
Tamil Nadu,Coimbatore,Vadavalli(Uzhavar Sandhai ),Pumpkin,Pumpkin,Local,31/07/2026,1800,2200,2000
Tamil Nadu,Coimbatore,Vadavalli(Uzhavar Sandhai ),Bhindi(Ladies Finger),Bhindi,Local,31/07/2026,5200,5600,5400
Tamil Nadu,Coimbatore,Vadavalli(Uzhavar Sandhai ),Amaranthus,Amaranthus,Local,31/07/2026,2500,4000,3250
Tamil Nadu,Coimbatore,Vadavalli(Uzhavar Sandhai ),Sweet Potato,Hosur Red,Local,31/07/2026,3500,4000,3750
Tamil Nadu,Coimbatore,Vadavalli(Uzhavar Sandhai ),Cucumbar(Kheera),Cucumbar,Local,31/07/2026,3600,4200,3900
Tamil Nadu,Coimbatore,Vadavalli(Uzhavar Sandhai ),Raddish,Raddish,Local,31/07/2026,3800,4200,4000
Tamil Nadu,Coimbatore,Vadavalli(Uzhavar Sandhai ),Thondekai,Thondekai,Local,31/07/2026,4400,4800,4600
Tamil Nadu,Coimbatore,Vadavalli(Uzhavar Sandhai ),Green Avare(W),Green Avare (W),Local,31/07/2026,6200,6800,6500
Tamil Nadu,Coimbatore,Vadavalli(Uzhavar Sandhai ),Drumstick,Drumstick,Local,31/07/2026,3800,4200,4000
Tamil Nadu,Coimbatore,Vadavalli(Uzhavar Sandhai ),Jack Fruit(Ripe),Jack Fruit,Local,31/07/2026,4000,4500,4250
Tamil Nadu,Coimbatore,Vadavalli(Uzhavar Sandhai ),Indian Beans(Seam),Indian Beans (Seam),Local,31/07/2026,4500,5000,4750
Tamil Nadu,Coimbatore,Vadavalli(Uzhavar Sandhai ),Sweet Corn ,Sweet Corn ,Local,31/07/2026,3500,4000,3750
Tamil Nadu,Dindigul,Vedasanthur(Uzhavar Sandhai ),Bhindi(Ladies Finger),Bhindi,Local,31/07/2026,3000,3500,3250
Tamil Nadu,Dindigul,Vedasanthur(Uzhavar Sandhai ),Green Chilli,Green Chilly,Local,31/07/2026,3600,4000,3800
Tamil Nadu,Dindigul,Vedasanthur(Uzhavar Sandhai ),Coconut,Coconut,Local,31/07/2026,4800,5200,5000
Tamil Nadu,Dindigul,Vedasanthur(Uzhavar Sandhai ),Ridgeguard(Tori),Ridgeguard(Tori),Local,31/07/2026,4000,5500,4750
Tamil Nadu,Ramanathapuram,Ramanathapuram APMC,Paddy(Common),Other,Local,31/07/2026,1818,2424,2121
Tamil Nadu,Coimbatore,Udumalpet APMC,Coriander(Leaves),I Sort,Local,31/07/2026,6000,7500,6750
Tamil Nadu,Coimbatore,Udumalpet APMC,Ashgourd,Gouard,Local,31/07/2026,1500,2000,1750
Tamil Nadu,Coimbatore,Udumalpet APMC,Bhindi(Ladies Finger),Bhindi,Local,31/07/2026,3500,4400,3950
Tamil Nadu,Coimbatore,Udumalpet APMC,Tapioca,Tapioca,Local,31/07/2026,3500,4000,3750
Tamil Nadu,Coimbatore,Udumalpet APMC,Snakeguard,Snakeguard,Local,31/07/2026,2500,3500,3000
Tamil Nadu,Coimbatore,Udumalpet APMC,Beetroot,Beetroot,Local,31/07/2026,4000,9500,6750
Tamil Nadu,Coimbatore,Udumalpet APMC,Chow Chow,Chow Chow,Local,31/07/2026,4000,4500,4250
Tamil Nadu,Erode,Gobichettipalayam(Uzhavar Sandhai ),Potato,Red Nanital,Local,31/07/2026,3800,4000,3900
Tamil Nadu,Erode,Gobichettipalayam(Uzhavar Sandhai ),Brinjal,Round,Local,31/07/2026,4000,4200,4100
Tamil Nadu,Erode,Gobichettipalayam(Uzhavar Sandhai ),Coriander(Leaves),I Sort,Local,31/07/2026,6200,6500,6350
Tamil Nadu,Erode,Gobichettipalayam(Uzhavar Sandhai ),Chikoos(Sapota),Sapota,Local,31/07/2026,3500,4000,3750
Tamil Nadu,Erode,Gobichettipalayam(Uzhavar Sandhai ),Amaranthus,Amaranthus,Local,31/07/2026,4200,4500,4350
Tamil Nadu,Erode,Gobichettipalayam(Uzhavar Sandhai ),Tapioca,Tapioca,Local,31/07/2026,2000,2500,2250
Tamil Nadu,Erode,Gobichettipalayam(Uzhavar Sandhai ),Carrot,Pusakesar,Local,31/07/2026,9400,9600,9500
Tamil Nadu,Erode,Gobichettipalayam(Uzhavar Sandhai ),Guava,Guava Allahabad,Local,31/07/2026,5500,6000,5750
Tamil Nadu,Erode,Gobichettipalayam(Uzhavar Sandhai ),Elephant Yam(Suran)/Amorphophallus,Elephant Yam (Suran),Local,31/07/2026,3400,3600,3500
Tamil Nadu,Erode,Gobichettipalayam(Uzhavar Sandhai ),Lemon,Lemon,Local,31/07/2026,4200,4500,4350
Tamil Nadu,Erode,Sampath Nagar(Uzhavar Sandhai ),Groundnut,Big (With Shell),Local,31/07/2026,5500,6000,5750
Tamil Nadu,Erode,Sampath Nagar(Uzhavar Sandhai ),Onion,Bellary,Local,31/07/2026,4000,4200,4100
Tamil Nadu,Erode,Sampath Nagar(Uzhavar Sandhai ),Mousambi(Sweet Lime),Mousambi,Local,31/07/2026,6000,6600,6300
Tamil Nadu,Erode,Sampath Nagar(Uzhavar Sandhai ),Tomato,Other,Local,31/07/2026,1500,1700,1600
Tamil Nadu,Erode,Sampath Nagar(Uzhavar Sandhai ),Bhindi(Ladies Finger),Bhindi,Local,31/07/2026,3000,3400,3200
Tamil Nadu,Erode,Sampath Nagar(Uzhavar Sandhai ),Ginger(Green),Green Ginger,Local,31/07/2026,18000,18500,18250
Tamil Nadu,Erode,Sampath Nagar(Uzhavar Sandhai ),Coconut,Coconut,Local,31/07/2026,5000,5400,5200
Tamil Nadu,Erode,Sampath Nagar(Uzhavar Sandhai ),Ridgeguard(Tori),Ridgeguard(Tori),Local,31/07/2026,3000,3200,3100
Tamil Nadu,Erode,Sampath Nagar(Uzhavar Sandhai ),Tender Coconut,Tender Coconut,Local,31/07/2026,3500,4000,3750
Tamil Nadu,Erode,Sampath Nagar(Uzhavar Sandhai ),Pear(Marasebu),Pears,Local,31/07/2026,10000,11000,10500
Tamil Nadu,Vellore,Pallikonda(Uzhavar Sandhai),Coriander(Leaves),I Sort,Local,31/07/2026,4000,4000,4000
Tamil Nadu,Vellore,Pallikonda(Uzhavar Sandhai),Papaya,Papaya,Local,31/07/2026,3000,3500,3250
Tamil Nadu,Vellore,Pallikonda(Uzhavar Sandhai),Cluster beans,Cluster Beans,Local,31/07/2026,4000,4000,4000
Tamil Nadu,Vellore,Pallikonda(Uzhavar Sandhai),Bitter gourd,Bitter Gourd,Local,31/07/2026,5000,6000,5500
Tamil Nadu,Vellore,Pallikonda(Uzhavar Sandhai),Beetroot,Beetroot,Local,31/07/2026,4000,4000,4000
Tamil Nadu,Vellore,Pallikonda(Uzhavar Sandhai),Ridgeguard(Tori),Ridgeguard(Tori),Local,31/07/2026,3500,4000,3750
Tamil Nadu,Pudukkottai,Ponnamaravathi(Uzhavar Sandhai),Papaya,Papaya,Local,31/07/2026,2500,3000,2750
Tamil Nadu,Pudukkottai,Ponnamaravathi(Uzhavar Sandhai),Bottle gourd,Bottle Gourd,Local,31/07/2026,2500,3000,2750
Tamil Nadu,Pudukkottai,Ponnamaravathi(Uzhavar Sandhai),Cowpea(Veg),Cowpea (Veg),Local,31/07/2026,1500,2000,1750
Tamil Nadu,Pudukkottai,Ponnamaravathi(Uzhavar Sandhai),Raddish,Raddish,Local,31/07/2026,3500,4000,3750
Tamil Nadu,Pudukkottai,Ponnamaravathi(Uzhavar Sandhai),Green Avare(W),Green Avare (W),Local,31/07/2026,6500,7000,6750
Tamil Nadu,Pudukkottai,Ponnamaravathi(Uzhavar Sandhai),Mango(Raw-Ripe),Mango - Raw-Ripe,Local,31/07/2026,3500,4000,3750
Tamil Nadu,Pudukkottai,Ponnamaravathi(Uzhavar Sandhai),Jack Fruit(Ripe),Jack Fruit,Local,31/07/2026,1500,2000,1750
Tamil Nadu,Nagapattinam,Mayiladuthurai(Uzhavar Sandhai ),Onion,Bellary,Local,31/07/2026,2500,3000,2750
Tamil Nadu,Nagapattinam,Mayiladuthurai(Uzhavar Sandhai ),Potato,Red Nanital,Local,31/07/2026,3000,3000,3000
Tamil Nadu,Nagapattinam,Mayiladuthurai(Uzhavar Sandhai ),Coriander(Leaves),I Sort,Local,31/07/2026,3500,4000,3750
Tamil Nadu,Nagapattinam,Mayiladuthurai(Uzhavar Sandhai ),Green Chilli,Green Chilly,Local,31/07/2026,5500,6000,5750
Tamil Nadu,Nagapattinam,Mayiladuthurai(Uzhavar Sandhai ),Cabbage,Cabbage,Local,31/07/2026,4500,4500,4500
Tamil Nadu,Nagapattinam,Mayiladuthurai(Uzhavar Sandhai ),Green Avare(W),Green Avare (W),Local,31/07/2026,6000,7000,6500
Tamil Nadu,Pudukkottai,Viralimalai(Uzhavar Sandhai ),Bitter gourd,Bitter Gourd,Local,31/07/2026,6500,7000,6750
Tamil Nadu,Pudukkottai,Viralimalai(Uzhavar Sandhai ),Bottle gourd,Bottle Gourd,Local,31/07/2026,2500,3000,2750
Tamil Nadu,Pudukkottai,Viralimalai(Uzhavar Sandhai ),Bhindi(Ladies Finger),Bhindi,Local,31/07/2026,3500,4000,3750
Tamil Nadu,Pudukkottai,Viralimalai(Uzhavar Sandhai ),Amaranthus,Amaranthus,Local,31/07/2026,1500,2000,1750
Tamil Nadu,Ramanathapuram,Paramakudi(Uzhavar Sandhai ),Onion,Bellary,Local,31/07/2026,4000,4500,4250
Tamil Nadu,Ramanathapuram,Paramakudi(Uzhavar Sandhai ),Amaranthus,Amaranthus,Local,31/07/2026,4500,5000,4750
Tamil Nadu,Ramanathapuram,Paramakudi(Uzhavar Sandhai ),Beetroot,Beetroot,Local,31/07/2026,4500,4800,4650
Tamil Nadu,Ramanathapuram,Paramakudi(Uzhavar Sandhai ),Knool Khol,Knool Khol,Local,31/07/2026,5000,5500,5250
Tamil Nadu,Ramanathapuram,Paramakudi(Uzhavar Sandhai ),Marigold(Calcutta),Marigold(Calcutta),Local,31/07/2026,9000,10000,9500
Tamil Nadu,Ramanathapuram,Paramakudi(Uzhavar Sandhai ),Onion Green,Onion Green,Local,31/07/2026,6000,6500,6250
Tamil Nadu,Ramanathapuram,Ramanathapuram(Uzhavar Sandhai ),Soyabean,Local,Local,31/07/2026,8500,9000,8750
Tamil Nadu,Ramanathapuram,Ramanathapuram(Uzhavar Sandhai ),Bitter gourd,Other,Local,31/07/2026,5500,5800,5650
Tamil Nadu,Ramanathapuram,Ramanathapuram(Uzhavar Sandhai ),Pumpkin,Pumpkin,Local,31/07/2026,2200,2400,2300
Tamil Nadu,Ramanathapuram,Ramanathapuram(Uzhavar Sandhai ),Bhindi(Ladies Finger),Bhindi,Local,31/07/2026,5500,5800,5650
Tamil Nadu,Ramanathapuram,Ramanathapuram(Uzhavar Sandhai ),Beans,Beans (Whole),Local,31/07/2026,8500,9000,8750
Tamil Nadu,Ramanathapuram,Ramanathapuram(Uzhavar Sandhai ),Green Avare(W),Green Avare (W),Local,31/07/2026,7500,8000,7750
Tamil Nadu,Ramanathapuram,Ramanathapuram(Uzhavar Sandhai ),Knool Khol,Knool Khol,Local,31/07/2026,4500,5000,4750
Tamil Nadu,Ramanathapuram,Ramanathapuram(Uzhavar Sandhai ),Jasmine,Jasmine,Local,31/07/2026,55000,60000,57500
Tamil Nadu,Ramanathapuram,Ramanathapuram(Uzhavar Sandhai ),Tube Flower,Tube Flower,Local,31/07/2026,85000,90000,87500
Tamil Nadu,Pudukkottai,Alangudi(Uzhavar Sandhai ),Banana,Karpura,Local,31/07/2026,4500,5000,4750
Tamil Nadu,Pudukkottai,Alangudi(Uzhavar Sandhai ),Brinjal,Other,Local,31/07/2026,5500,6000,5750
Tamil Nadu,Pudukkottai,Alangudi(Uzhavar Sandhai ),Papaya,Papaya,Local,31/07/2026,2500,3000,2750
Tamil Nadu,Pudukkottai,Alangudi(Uzhavar Sandhai ),Tomato,Other,Local,31/07/2026,2000,2500,2250
Tamil Nadu,Pudukkottai,Alangudi(Uzhavar Sandhai ),Cluster beans,Cluster Beans,Local,31/07/2026,4500,5000,4750
Tamil Nadu,Pudukkottai,Alangudi(Uzhavar Sandhai ),Amaranthus,Amaranthus,Local,31/07/2026,1500,2000,1750
Tamil Nadu,Pudukkottai,Alangudi(Uzhavar Sandhai ),Green Chilli,Green Chilly,Local,31/07/2026,4500,5000,4750
Tamil Nadu,Thiruvannamalai,Arani(Uzhavar Sandhai ),Onion,Bellary,Local,31/07/2026,3000,3500,3250
Tamil Nadu,Thiruvannamalai,Arani(Uzhavar Sandhai ),Green Chilli,Green Chilly,Local,31/07/2026,5000,6000,5500
Tamil Nadu,Thiruvannamalai,Arani(Uzhavar Sandhai ),Coconut,Coconut,Local,31/07/2026,3800,4500,4150
Tamil Nadu,Thiruvannamalai,Arani(Uzhavar Sandhai ),Thondekai,Thondekai,Local,31/07/2026,3500,4000,3750
Tamil Nadu,Thiruvannamalai,Arani(Uzhavar Sandhai ),Lemon,Lemon,Local,31/07/2026,7000,8000,7500
Tamil Nadu,Thiruvannamalai,Arani(Uzhavar Sandhai ),Mint(Pudina),Mint(Pudina),Local,31/07/2026,3500,4000,3750
Tamil Nadu,Thiruvannamalai,Polur(Uzhavar Sandhai ),Papaya,Papaya,Local,31/07/2026,2500,3000,2750
Tamil Nadu,Thiruvannamalai,Polur(Uzhavar Sandhai ),Bitter gourd,Bitter Gourd,Local,31/07/2026,4000,4800,4400
Tamil Nadu,Thiruvannamalai,Polur(Uzhavar Sandhai ),Bottle gourd,Bottle Gourd,Local,31/07/2026,2000,2400,2200
Tamil Nadu,Thiruvannamalai,Polur(Uzhavar Sandhai ),Banana - Green,Banana - Green,Local,31/07/2026,1600,2000,1800
Tamil Nadu,Thiruvannamalai,Polur(Uzhavar Sandhai ),Cucumbar(Kheera),Cucumbar,Local,31/07/2026,3300,4000,3650
Tamil Nadu,Thiruvannamalai,Polur(Uzhavar Sandhai ),Raddish,Raddish,Local,31/07/2026,2500,3000,2750
Tamil Nadu,Thiruvannamalai,Polur(Uzhavar Sandhai ),Thondekai,Thondekai,Local,31/07/2026,4200,5000,4600
Tamil Nadu,Thiruvannamalai,Polur(Uzhavar Sandhai ),Jack Fruit(Ripe),Jack Fruit,Local,31/07/2026,1600,2000,1800
Tamil Nadu,Thiruvannamalai,Polur(Uzhavar Sandhai ),Guava,Guava Allahabad,Local,31/07/2026,3300,4000,3650
Tamil Nadu,Thiruvannamalai,Tiruvannamalai(Uzhavar Sandhai ),Potato,Red Nanital,Local,31/07/2026,3000,3600,3300
Tamil Nadu,Thiruvannamalai,Tiruvannamalai(Uzhavar Sandhai ),Chikoos(Sapota),Sapota,Local,31/07/2026,4000,5000,4500
Tamil Nadu,Thiruvannamalai,Tiruvannamalai(Uzhavar Sandhai ),Mousambi(Sweet Lime),Mousambi,Local,31/07/2026,7000,8000,7500
Tamil Nadu,Thiruvannamalai,Tiruvannamalai(Uzhavar Sandhai ),Pumpkin,Pumpkin,Local,31/07/2026,2000,2500,2250
Tamil Nadu,Thiruvannamalai,Tiruvannamalai(Uzhavar Sandhai ),Banana - Green,Banana - Green,Local,31/07/2026,2500,3000,2750
Tamil Nadu,Thiruvannamalai,Tiruvannamalai(Uzhavar Sandhai ),Cabbage,Cabbage,Local,31/07/2026,3500,4000,3750
Tamil Nadu,Thiruvannamalai,Tiruvannamalai(Uzhavar Sandhai ),Snakeguard,Snakeguard,Local,31/07/2026,4000,4500,4250
Tamil Nadu,Thiruvannamalai,Tiruvannamalai(Uzhavar Sandhai ),Beetroot,Beetroot,Local,31/07/2026,3600,4000,3800
Tamil Nadu,Thiruvannamalai,Tiruvannamalai(Uzhavar Sandhai ),Ridgeguard(Tori),Ridgeguard(Tori),Local,31/07/2026,5000,6000,5500
Tamil Nadu,Thiruvannamalai,Tiruvannamalai(Uzhavar Sandhai ),Chow Chow,Chow Chow,Local,31/07/2026,3600,4000,3800
Tamil Nadu,Thiruvannamalai,Tiruvannamalai(Uzhavar Sandhai ),Drumstick,Drumstick,Local,31/07/2026,5000,6000,5500
Tamil Nadu,Thiruvannamalai,Tiruvannamalai(Uzhavar Sandhai ),Knool Khol,Knool Khol,Local,31/07/2026,4000,4800,4400
Tamil Nadu,Thiruvannamalai,Tiruvannamalai(Uzhavar Sandhai ),Lemon,Lemon,Local,31/07/2026,7000,8000,7500
Tamil Nadu,Thiruvannamalai,Tiruvannamalai(Uzhavar Sandhai ),Sweet Corn ,Sweet Corn ,Local,31/07/2026,3500,4000,3750
Tamil Nadu,Thiruvarur,Mannargudi I(Uzhavar Sandhai ),Mango,Safeda,Local,31/07/2026,5000,5000,5000
Tamil Nadu,Thiruvarur,Mannargudi I(Uzhavar Sandhai ),Potato,Red Nanital,Local,31/07/2026,3200,3200,3200
Tamil Nadu,Thiruvarur,Mannargudi I(Uzhavar Sandhai ),Onion Green,Onion Green,Local,31/07/2026,7400,7400,7400
Tamil Nadu,Thiruvarur,Mannargudi II(Uzhavar Sandhai ),Banana,Other,Local,31/07/2026,6000,6000,6000
Tamil Nadu,Thiruvarur,Mannargudi II(Uzhavar Sandhai ),Onion,Bellary,Local,31/07/2026,4600,4600,4600
Tamil Nadu,Thiruvarur,Mannargudi II(Uzhavar Sandhai ),Amaranthus,Amaranthus,Local,31/07/2026,2000,2000,2000
Tamil Nadu,Thiruvarur,Mannargudi II(Uzhavar Sandhai ),Beetroot,Beetroot,Local,31/07/2026,5800,5800,5800
Tamil Nadu,Thiruvarur,Mannargudi II(Uzhavar Sandhai ),Drumstick,Drumstick,Local,31/07/2026,4400,4400,4400
Tamil Nadu,Thiruvarur,Mannargudi II(Uzhavar Sandhai ),Lemon,Lemon,Local,31/07/2026,6400,6400,6400
Tamil Nadu,Thiruvarur,Mannargudi II(Uzhavar Sandhai ),Onion Green,Onion Green,Local,31/07/2026,7400,7400,7400
Tamil Nadu,Thiruvarur,Tiruthuraipoondi(Uzhavar Sandhai ),Mango,Safeda,Local,31/07/2026,4000,7000,5500
Tamil Nadu,Thiruvarur,Tiruthuraipoondi(Uzhavar Sandhai ),Cluster beans,Cluster Beans,Local,31/07/2026,4000,4000,4000
Tamil Nadu,Thiruvarur,Tiruthuraipoondi(Uzhavar Sandhai ),Bitter gourd,Bitter Gourd,Local,31/07/2026,6000,6000,6000
Tamil Nadu,Thiruvarur,Tiruthuraipoondi(Uzhavar Sandhai ),Ashgourd,Gouard,Local,31/07/2026,2500,2500,2500
Tamil Nadu,Thiruvarur,Tiruthuraipoondi(Uzhavar Sandhai ),Bhindi(Ladies Finger),Bhindi,Local,31/07/2026,4000,4000,4000
Tamil Nadu,Thiruvarur,Tiruthuraipoondi(Uzhavar Sandhai ),Coconut,Coconut,Local,31/07/2026,4000,4000,4000
Tamil Nadu,Thiruvarur,Tiruthuraipoondi(Uzhavar Sandhai ),Tamarind Fruit,Tamarind Fruit,Local,31/07/2026,15000,15000,15000
Tamil Nadu,Thiruvellore,Ambattur(Uzhavar Sandhai ),Tomato,Deshi,Local,31/07/2026,2500,2500,2500
Tamil Nadu,Thiruvellore,Ambattur(Uzhavar Sandhai ),Green Chilli,Green Chilly,Local,31/07/2026,5000,5000,5000
Tamil Nadu,Thiruvellore,Naravarikuppam(Uzhavar Sandhai ),Onion,Bellary,Local,31/07/2026,3000,3000,3000
Tamil Nadu,Thiruvellore,Naravarikuppam(Uzhavar Sandhai ),Green Chilli,Green Chilly,Local,31/07/2026,5000,5000,5000
Tamil Nadu,Thiruvellore,Naravarikuppam(Uzhavar Sandhai ),Coconut,Coconut,Local,31/07/2026,6000,6000,6000
Tamil Nadu,Thiruvellore,Paruthipattu(Uzhavar Sandhai ),Tomato,Deshi,Local,31/07/2026,2500,2500,2500
Tamil Nadu,Thiruvellore,Paruthipattu(Uzhavar Sandhai ),Bitter gourd,Bitter Gourd,Local,31/07/2026,5000,5000,5000
Tamil Nadu,Thiruvellore,Paruthipattu(Uzhavar Sandhai ),Cabbage,Cabbage,Local,31/07/2026,4000,4000,4000
Tamil Nadu,Thiruvellore,Paruthipattu(Uzhavar Sandhai ),Raddish,Raddish,Local,31/07/2026,4000,4000,4000
Tamil Nadu,Thiruvellore,Perambakkam(Uzhavar Sandhai ),Ridgeguard(Tori),Ridgeguard(Tori),Local,31/07/2026,4500,4500,4500
Tamil Nadu,Tuticorin,Kovilpatti(Uzhavar Sandhai ),Banana,Other,Local,31/07/2026,2500,3000,2750
Tamil Nadu,Tuticorin,Kovilpatti(Uzhavar Sandhai ),Coriander(Leaves),I Sort,Local,31/07/2026,5000,5500,5250
Tamil Nadu,Tuticorin,Kovilpatti(Uzhavar Sandhai ),Papaya,Papaya,Local,31/07/2026,2500,3000,2750
Tamil Nadu,Tuticorin,Kovilpatti(Uzhavar Sandhai ),Bitter gourd,Other,Local,31/07/2026,16000,17000,16500
Tamil Nadu,Tuticorin,Kovilpatti(Uzhavar Sandhai ),Capsicum,Capsicum,Local,31/07/2026,6500,7000,6750
Tamil Nadu,Tuticorin,Kovilpatti(Uzhavar Sandhai ),Drumstick,Drumstick,Local,31/07/2026,4000,4500,4250
Tamil Nadu,Tuticorin,Kovilpatti(Uzhavar Sandhai ),Lime,Lime,Local,31/07/2026,14000,15000,14500
Tamil Nadu,Tuticorin,Kovilpatti(Uzhavar Sandhai ),Guava,Guava Allahabad,Local,31/07/2026,5000,5500,5250
Tamil Nadu,Tuticorin,Kovilpatti(Uzhavar Sandhai ),Elephant Yam(Suran)/Amorphophallus,Elephant Yam (Suran),Local,31/07/2026,4000,4500,4250
Tamil Nadu,Tuticorin,Kovilpatti(Uzhavar Sandhai ),Lemon,Lemon,Local,31/07/2026,8000,8500,8250
Tamil Nadu,Vellore,Gudiyatham(Uzhavar Sandhai ),Potato,Red Nanital,Local,31/07/2026,3000,3000,3000
Tamil Nadu,Vellore,Gudiyatham(Uzhavar Sandhai ),Drumstick,Drumstick,Local,31/07/2026,4600,4600,4600
Tamil Nadu,Vellore,Gudiyatham(Uzhavar Sandhai ),Tender Coconut,Tender Coconut,Local,31/07/2026,3000,3000,3000
Tamil Nadu,Vellore,Kahithapattarai(Uzhavar Sandhai ),Apple,American,Local,31/07/2026,26000,26000,26000
Tamil Nadu,Vellore,Kahithapattarai(Uzhavar Sandhai ),Onion,Bellary,Local,31/07/2026,3800,3800,3800
Tamil Nadu,Vellore,Kahithapattarai(Uzhavar Sandhai ),Potato,Other,Local,31/07/2026,2200,2200,2200
Tamil Nadu,Vellore,Kahithapattarai(Uzhavar Sandhai ),Garlic,Garlic,Local,31/07/2026,22000,22000,22000
Tamil Nadu,Vellore,Kahithapattarai(Uzhavar Sandhai ),Coriander(Leaves),I Sort,Local,31/07/2026,3500,3500,3500
Tamil Nadu,Vellore,Kahithapattarai(Uzhavar Sandhai ),Cluster beans,Cluster Beans,Local,31/07/2026,4500,4500,4500
Tamil Nadu,Vellore,Kahithapattarai(Uzhavar Sandhai ),Ashgourd,Gouard,Local,31/07/2026,2000,2000,2000
Tamil Nadu,Vellore,Kahithapattarai(Uzhavar Sandhai ),Capsicum,Capsicum,Local,31/07/2026,6000,6000,6000
Tamil Nadu,Vellore,Kahithapattarai(Uzhavar Sandhai ),Lemon,Lemon,Local,31/07/2026,3000,3000,3000
Tamil Nadu,Vellore,Kahithapattarai(Uzhavar Sandhai ),Colacasia,Colacasia,Local,31/07/2026,4000,4000,4000
Tamil Nadu,Villupuram,Villupuram(Uzhavar Sandhai ),Groundnut,Big (With Shell),Local,31/07/2026,9000,9000,9000
Tamil Nadu,Villupuram,Villupuram(Uzhavar Sandhai ),Banana,Besrai,Local,31/07/2026,4000,10000,7000
Tamil Nadu,Villupuram,Villupuram(Uzhavar Sandhai ),Potato,Red Nanital,Local,31/07/2026,3500,3500,3500
Tamil Nadu,Villupuram,Villupuram(Uzhavar Sandhai ),Coriander(Leaves),I Sort,Local,31/07/2026,5000,5000,5000
Tamil Nadu,Villupuram,Villupuram(Uzhavar Sandhai ),Papaya,Papaya,Local,31/07/2026,5000,5000,5000
Tamil Nadu,Villupuram,Villupuram(Uzhavar Sandhai ),Bitter gourd,Bitter Gourd,Local,31/07/2026,6000,6000,6000
Tamil Nadu,Villupuram,Villupuram(Uzhavar Sandhai ),Bhindi(Ladies Finger),Bhindi,Local,31/07/2026,3500,3500,3500
Tamil Nadu,Villupuram,Villupuram(Uzhavar Sandhai ),Green Chilli,Green Chilly,Local,31/07/2026,5000,5000,5000
Tamil Nadu,Villupuram,Villupuram(Uzhavar Sandhai ),Banana - Green,Banana - Green,Local,31/07/2026,3000,3000,3000
Tamil Nadu,Villupuram,Villupuram(Uzhavar Sandhai ),Tapioca,Tapioca,Local,31/07/2026,5000,5000,5000
Tamil Nadu,Villupuram,Villupuram(Uzhavar Sandhai ),Carrot,Pusakesar,Local,31/07/2026,7000,7000,7000
Tamil Nadu,Villupuram,Villupuram(Uzhavar Sandhai ),Cabbage,Cabbage,Local,31/07/2026,5000,5000,5000
Tamil Nadu,Villupuram,Villupuram(Uzhavar Sandhai ),Ridgeguard(Tori),Ridgeguard(Tori),Local,31/07/2026,6000,6000,6000
Tamil Nadu,Villupuram,Villupuram(Uzhavar Sandhai ),Green Avare(W),Green Avare (W),Local,31/07/2026,6000,6000,6000
Tamil Nadu,Villupuram,Villupuram(Uzhavar Sandhai ),Lemon,Lemon,Local,31/07/2026,8000,8000,8000
Tamil Nadu,Thiruvannamalai,Cheyyar(Uzhavar Sandhai ),Potato,Other,Local,31/07/2026,2500,3000,2750
Tamil Nadu,Thiruvannamalai,Cheyyar(Uzhavar Sandhai ),Coriander(Leaves),I Sort,Local,31/07/2026,4000,5000,4500
Tamil Nadu,Thiruvannamalai,Cheyyar(Uzhavar Sandhai ),Cluster beans,Cluster Beans,Local,31/07/2026,4800,6000,5400
Tamil Nadu,Thiruvannamalai,Cheyyar(Uzhavar Sandhai ),Bottle gourd,Bottle Gourd,Local,31/07/2026,2000,2400,2200
Tamil Nadu,Thiruvannamalai,Cheyyar(Uzhavar Sandhai ),Beans,Beans (Whole),Local,31/07/2026,8500,10000,9250
Tamil Nadu,Thiruvannamalai,Cheyyar(Uzhavar Sandhai ),Coconut,Coconut,Local,31/07/2026,4000,5000,4500
Tamil Nadu,Thiruvannamalai,Cheyyar(Uzhavar Sandhai ),Snakeguard,Snakeguard,Local,31/07/2026,2500,3000,2750
Tamil Nadu,Thiruvannamalai,Cheyyar(Uzhavar Sandhai ),Beetroot,Beetroot,Local,31/07/2026,4000,4800,4400
Tamil Nadu,Thiruvannamalai,Cheyyar(Uzhavar Sandhai ),Ridgeguard(Tori),Ridgeguard(Tori),Local,31/07/2026,3000,3600,3300
Tamil Nadu,Thiruvannamalai,Cheyyar(Uzhavar Sandhai ),Tender Coconut,Tender Coconut,Local,31/07/2026,2000,2500,2250
Tamil Nadu,Thanjavur,Papanasam(Uzhavar Sandhai ),Mango(Raw-Ripe),Mango - Raw-Ripe,Local,31/07/2026,4200,4200,4200
Tamil Nadu,Thanjavur,Papanasam(Uzhavar Sandhai ),Coriander(Leaves),I Sort,Local,31/07/2026,4200,4200,4200
Tamil Nadu,Thanjavur,Papanasam(Uzhavar Sandhai ),Tomato,Deshi,Local,31/07/2026,2000,2600,2300
Tamil Nadu,Thanjavur,Papanasam(Uzhavar Sandhai ),Ashgourd,Gouard,Local,31/07/2026,2400,2400,2400
Tamil Nadu,Thanjavur,Papanasam(Uzhavar Sandhai ),Pumpkin,Pumpkin,Local,31/07/2026,2400,2400,2400
Tamil Nadu,Thanjavur,Papanasam(Uzhavar Sandhai ),Beans,Beans (Whole),Local,31/07/2026,8400,10800,9600
Tamil Nadu,Thanjavur,Papanasam(Uzhavar Sandhai ),Coconut,Coconut,Local,31/07/2026,6000,6000,6000
Tamil Nadu,Ariyalur,Ariyalur(Uzhavar Sandhai),Onion,Bellary,Local,31/07/2026,3500,4000,3750
Tamil Nadu,Ariyalur,Ariyalur(Uzhavar Sandhai),Snakeguard,Snakeguard,Local,31/07/2026,3500,4000,3750
Tamil Nadu,Ariyalur,Ariyalur(Uzhavar Sandhai),Drumstick,Drumstick,Local,31/07/2026,3500,4000,3750
Tamil Nadu,Coimbatore,Sundarapuram(Uzhavar Sandhai ),Potato,Other,Local,31/07/2026,6500,7000,6750
Tamil Nadu,Coimbatore,Sundarapuram(Uzhavar Sandhai ),Cauliflower,Ranchi,Local,31/07/2026,4000,4500,4250
Tamil Nadu,Coimbatore,Sundarapuram(Uzhavar Sandhai ),Brinjal,Other,Local,31/07/2026,4500,5000,4750
Tamil Nadu,Coimbatore,Sundarapuram(Uzhavar Sandhai ),Tomato,Local,Local,31/07/2026,1500,2000,1750
Tamil Nadu,Coimbatore,Sundarapuram(Uzhavar Sandhai ),Bitter gourd,Other,Local,31/07/2026,6000,6500,6250
Tamil Nadu,Coimbatore,Sundarapuram(Uzhavar Sandhai ),Tapioca,Tapioca,Local,31/07/2026,3000,3500,3250
Tamil Nadu,Coimbatore,Sundarapuram(Uzhavar Sandhai ),Ginger(Green),Green Ginger,Local,31/07/2026,18000,19000,18500
Tamil Nadu,Coimbatore,Sundarapuram(Uzhavar Sandhai ),Carrot,Pusakesar,Local,31/07/2026,10000,11000,10500
Tamil Nadu,Coimbatore,Sundarapuram(Uzhavar Sandhai ),Cabbage,Cabbage,Local,31/07/2026,3000,3500,3250
Tamil Nadu,Coimbatore,Sundarapuram(Uzhavar Sandhai ),Beetroot,Beetroot,Local,31/07/2026,8000,8500,8250
Tamil Nadu,Coimbatore,Sundarapuram(Uzhavar Sandhai ),Raddish,Raddish,Local,31/07/2026,3800,4200,4000
Tamil Nadu,Coimbatore,Sundarapuram(Uzhavar Sandhai ),Chow Chow,Chow Chow,Local,31/07/2026,3200,3800,3500
Tamil Nadu,Coimbatore,Sundarapuram(Uzhavar Sandhai ),Elephant Yam(Suran)/Amorphophallus,Elephant Yam (Suran),Local,31/07/2026,3800,4200,4000
Tamil Nadu,Coimbatore,Sundarapuram(Uzhavar Sandhai ),Amla(Nelli Kai),Amla,Local,31/07/2026,8000,9000,8500
Tamil Nadu,Coimbatore,Sundarapuram(Uzhavar Sandhai ),Onion Green,Onion Green,Local,31/07/2026,5500,6000,5750
Tamil Nadu,Erode,Sathiyamagalam(Uzhavar Sandhai ),Cauliflower,Ranchi,Local,31/07/2026,2500,3000,2750
Tamil Nadu,Erode,Sathiyamagalam(Uzhavar Sandhai ),Coriander(Leaves),I Sort,Local,31/07/2026,4500,5000,4750
Tamil Nadu,Erode,Sathiyamagalam(Uzhavar Sandhai ),Amaranthus,Amaranthus,Local,31/07/2026,3500,4000,3750
Tamil Nadu,Erode,Sathiyamagalam(Uzhavar Sandhai ),Cowpea(Veg),Cowpea (Veg),Local,31/07/2026,2400,2800,2600
Tamil Nadu,Erode,Sathiyamagalam(Uzhavar Sandhai ),Drumstick,Drumstick,Local,31/07/2026,6000,6500,6250
Tamil Nadu,Coimbatore,Mettupalayam(Uzhavar Sandhai ),Mango,Safeda,Local,31/07/2026,6000,10000,8000
Tamil Nadu,Coimbatore,Mettupalayam(Uzhavar Sandhai ),Brinjal,Round,Local,31/07/2026,3000,3500,3250
Tamil Nadu,Coimbatore,Mettupalayam(Uzhavar Sandhai ),Chikoos(Sapota),Sapota,Local,31/07/2026,4500,5000,4750
Tamil Nadu,Coimbatore,Mettupalayam(Uzhavar Sandhai ),Beans,Beans (Whole),Local,31/07/2026,8000,9000,8500
Tamil Nadu,Coimbatore,Mettupalayam(Uzhavar Sandhai ),Tapioca,Tapioca,Local,31/07/2026,3000,3500,3250
Tamil Nadu,Coimbatore,Mettupalayam(Uzhavar Sandhai ),Raddish,Raddish,Local,31/07/2026,3500,3800,3650
Tamil Nadu,Coimbatore,Mettupalayam(Uzhavar Sandhai ),Thondekai,Thondekai,Local,31/07/2026,4500,5400,4950
Tamil Nadu,Coimbatore,Mettupalayam(Uzhavar Sandhai ),Knool Khol,Knool Khol,Local,31/07/2026,4500,5000,4750
Tamil Nadu,Coimbatore,Mettupalayam(Uzhavar Sandhai ),Guava,Guava Allahabad,Local,31/07/2026,5000,6000,5500
Tamil Nadu,Coimbatore,Mettupalayam(Uzhavar Sandhai ),Mint(Pudina),Mint(Pudina),Local,31/07/2026,5000,6000,5500
Tamil Nadu,Namakkal,Tiruchengode APMC,Bitter gourd,Bitter Gourd,Local,31/07/2026,5500,6000,5750
Tamil Nadu,Namakkal,Tiruchengode APMC,Bottle gourd,Bottle Gourd,Local,31/07/2026,1000,1500,1250
Tamil Nadu,Namakkal,Tiruchengode APMC,Carrot,Pusakesar,Local,31/07/2026,9000,10000,9500
Tamil Nadu,Namakkal,Tiruchengode APMC,Drumstick,Drumstick,Local,31/07/2026,4500,5000,4750
Tamil Nadu,Namakkal,Tiruchengode APMC,Elephant Yam(Suran)/Amorphophallus,Elephant Yam (Suran),Local,31/07/2026,3000,3500,3250
Tamil Nadu,Namakkal,Tiruchengode APMC,Lemon,Lemon,Local,31/07/2026,4500,5000,4750
Tamil Nadu,Ariyalur,Jeyankondam (Uzhavar Sandhai ),Onion,Bellary,Local,31/07/2026,3500,4000,3750
Tamil Nadu,Ariyalur,Jeyankondam (Uzhavar Sandhai ),Raddish,Raddish,Local,31/07/2026,3600,4000,3800
Tamil Nadu,Coimbatore,RSPuram(Uzhavar Sandhai ),Mango,Neelam,Local,31/07/2026,6000,7000,6500
Tamil Nadu,Coimbatore,RSPuram(Uzhavar Sandhai ),Bottle gourd,Bottle Gourd,Local,31/07/2026,2200,2800,2500
Tamil Nadu,Coimbatore,RSPuram(Uzhavar Sandhai ),Banana - Green,Banana - Green,Local,31/07/2026,3500,4000,3750
Tamil Nadu,Coimbatore,RSPuram(Uzhavar Sandhai ),Coconut,Coconut,Local,31/07/2026,5400,5700,5550
Tamil Nadu,Coimbatore,RSPuram(Uzhavar Sandhai ),Carrot,Pusakesar,Local,31/07/2026,9500,10500,10000
Tamil Nadu,Coimbatore,RSPuram(Uzhavar Sandhai ),Snakeguard,Snakeguard,Local,31/07/2026,3000,3400,3200
Tamil Nadu,Coimbatore,RSPuram(Uzhavar Sandhai ),Beetroot,Beetroot,Local,31/07/2026,7000,7800,7400
Tamil Nadu,Coimbatore,RSPuram(Uzhavar Sandhai ),Thondekai,Thondekai,Local,31/07/2026,4000,4500,4250
Tamil Nadu,Coimbatore,RSPuram(Uzhavar Sandhai ),Pomegranate,Pomogranate,Local,31/07/2026,14000,19000,16500
Tamil Nadu,Coimbatore,RSPuram(Uzhavar Sandhai ),Elephant Yam(Suran)/Amorphophallus,Elephant Yam (Suran),Local,31/07/2026,3800,4200,4000
Tamil Nadu,Coimbatore,RSPuram(Uzhavar Sandhai ),Colacasia,Colacasia,Local,31/07/2026,4500,5000,4750
Tamil Nadu,Coimbatore,RSPuram(Uzhavar Sandhai ),Pear(Marasebu),Pears,Local,31/07/2026,14000,15000,14500
Tamil Nadu,Coimbatore,Singanallur(Uzhavar Sandhai ),Onion,Bellary,Local,31/07/2026,3200,3600,3400
Tamil Nadu,Coimbatore,Singanallur(Uzhavar Sandhai ),Tomato,Local,Local,31/07/2026,1500,2000,1750
Tamil Nadu,Coimbatore,Singanallur(Uzhavar Sandhai ),Tapioca,Tapioca,Local,31/07/2026,3000,3600,3300
Tamil Nadu,Coimbatore,Singanallur(Uzhavar Sandhai ),Coconut,Coconut,Local,31/07/2026,5500,5800,5650
Tamil Nadu,Coimbatore,Singanallur(Uzhavar Sandhai ),Cabbage,Cabbage,Local,31/07/2026,3200,3800,3500
Tamil Nadu,Coimbatore,Singanallur(Uzhavar Sandhai ),Snakeguard,Snakeguard,Local,31/07/2026,3000,3500,3250
Tamil Nadu,Coimbatore,Singanallur(Uzhavar Sandhai ),Thondekai,Thondekai,Local,31/07/2026,4500,5000,4750
Tamil Nadu,Coimbatore,Singanallur(Uzhavar Sandhai ),Drumstick,Drumstick,Local,31/07/2026,3200,3800,3500
Tamil Nadu,Coimbatore,Singanallur(Uzhavar Sandhai ),Lemon,Lemon,Local,31/07/2026,8500,9500,9000
Tamil Nadu,Coimbatore,Pollachi(Uzhavar Sandhai ),Banana,Red Banana,Local,31/07/2026,7000,8000,7500
Tamil Nadu,Coimbatore,Pollachi(Uzhavar Sandhai ),Cauliflower,Ranchi,Local,31/07/2026,5000,5500,5250
Tamil Nadu,Coimbatore,Pollachi(Uzhavar Sandhai ),Amaranthus,Amaranthus,Local,31/07/2026,3000,4000,3500
Tamil Nadu,Coimbatore,Pollachi(Uzhavar Sandhai ),Banana - Green,Banana - Green,Local,31/07/2026,4000,4500,4250
Tamil Nadu,Coimbatore,Pollachi(Uzhavar Sandhai ),Cabbage,Cabbage,Local,31/07/2026,3500,4200,3850
Tamil Nadu,Coimbatore,Pollachi(Uzhavar Sandhai ),Drumstick,Drumstick,Local,31/07/2026,5000,6000,5500
Tamil Nadu,Coimbatore,Pollachi(Uzhavar Sandhai ),Yam(Ratalu),Yam (Ratalu),Local,31/07/2026,5000,6000,5500
Tamil Nadu,Coimbatore,Pollachi(Uzhavar Sandhai ),Mashrooms,Mashrooms,Local,31/07/2026,18000,20000,19000
Tamil Nadu,Coimbatore,Pollachi(Uzhavar Sandhai ),Onion Green,Onion Green,Local,31/07/2026,5500,6000,5750
Tamil Nadu,Coimbatore,Pollachi(Uzhavar Sandhai ),Mint(Pudina),Mint(Pudina),Local,31/07/2026,6000,7000,6500
Tamil Nadu,Karur,Karur(Uzhavar Sandhai ),Potato,Other,Local,31/07/2026,5500,6000,5750
Tamil Nadu,Karur,Karur(Uzhavar Sandhai ),Cauliflower,Ranchi,Local,31/07/2026,4000,4500,4250
Tamil Nadu,Karur,Karur(Uzhavar Sandhai ),Papaya,Papaya,Local,31/07/2026,3000,3500,3250
Tamil Nadu,Karur,Karur(Uzhavar Sandhai ),Bitter gourd,Other,Local,31/07/2026,5500,6000,5750
Tamil Nadu,Karur,Karur(Uzhavar Sandhai ),Pumpkin,Pumpkin,Local,31/07/2026,2300,2800,2550
Tamil Nadu,Karur,Karur(Uzhavar Sandhai ),Coconut,Coconut,Local,31/07/2026,5500,6000,5750
Tamil Nadu,Karur,Karur(Uzhavar Sandhai ),Beetroot,Beetroot,Local,31/07/2026,8500,9000,8750
Tamil Nadu,Karur,Karur(Uzhavar Sandhai ),Guava,Guava Allahabad,Local,31/07/2026,6500,7000,6750
Tamil Nadu,Karur,Karur(Uzhavar Sandhai ),Onion Green,Onion Green,Local,31/07/2026,6000,6500,6250
Tamil Nadu,Karur,Karur(Uzhavar Sandhai ),Sweet Corn ,Sweet Corn ,Local,31/07/2026,3500,4000,3750
Tamil Nadu,Coimbatore,Kurichi(Uzhavar Sandhai ),Banana,Red Banana,Local,31/07/2026,7500,8000,7750
Tamil Nadu,Coimbatore,Kurichi(Uzhavar Sandhai ),Papaya,Papaya,Local,31/07/2026,3800,4200,4000
Tamil Nadu,Coimbatore,Kurichi(Uzhavar Sandhai ),Cluster beans,Cluster Beans,Local,31/07/2026,3500,4000,3750
Tamil Nadu,Coimbatore,Kurichi(Uzhavar Sandhai ),Green Chilli,Green Chilly,Local,31/07/2026,4500,5000,4750
Tamil Nadu,Coimbatore,Kurichi(Uzhavar Sandhai ),Raddish,Raddish,Local,31/07/2026,4000,4500,4250
Tamil Nadu,Coimbatore,Kurichi(Uzhavar Sandhai ),Thondekai,Thondekai,Local,31/07/2026,4500,5000,4750
Tamil Nadu,Coimbatore,Kurichi(Uzhavar Sandhai ),Mango(Raw-Ripe),Mango - Raw-Ripe,Local,31/07/2026,4000,4500,4250
Tamil Nadu,Coimbatore,Kurichi(Uzhavar Sandhai ),Elephant Yam(Suran)/Amorphophallus,Elephant Yam (Suran),Local,31/07/2026,3800,4200,4000
Tamil Nadu,Cuddalore,Chidambaram(Uzhavar Sandhai ),Tomato,Local,Local,31/07/2026,2000,2000,2000
Tamil Nadu,Cuddalore,Cuddalore(Uzhavar Sandhai ),Coriander(Leaves),I Sort,Local,31/07/2026,6000,6000,6000
Tamil Nadu,Cuddalore,Cuddalore(Uzhavar Sandhai ),Green Chilli,Green Chilly,Local,31/07/2026,5000,6000,5500
Tamil Nadu,Cuddalore,Cuddalore(Uzhavar Sandhai ),Banana - Green,Banana - Green,Local,31/07/2026,2000,3000,2500
Tamil Nadu,Cuddalore,Cuddalore(Uzhavar Sandhai ),Carrot,Pusakesar,Local,31/07/2026,7000,7000,7000
Tamil Nadu,Cuddalore,Cuddalore(Uzhavar Sandhai ),Snakeguard,Snakeguard,Local,31/07/2026,4500,4500,4500
Tamil Nadu,Cuddalore,Cuddalore(Uzhavar Sandhai ),Drumstick,Drumstick,Local,31/07/2026,6000,6000,6000
Tamil Nadu,Cuddalore,Cuddalore(Uzhavar Sandhai ),Mango(Raw-Ripe),Mango - Raw-Ripe,Local,31/07/2026,3000,3500,3250
Tamil Nadu,Cuddalore,Cuddalore(Uzhavar Sandhai ),Lemon,Lemon,Local,31/07/2026,5000,6000,5500
Tamil Nadu,Chengalpattu,Thirukalukundram(Uzhavar Sandhai ),Beetroot,Beetroot,Local,31/07/2026,4800,5500,5150
Tamil Nadu,Chengalpattu,Thirukalukundram(Uzhavar Sandhai ),Raddish,Raddish,Local,31/07/2026,3500,4000,3750
Tamil Nadu,Chengalpattu,Thirukalukundram(Uzhavar Sandhai ),Green Avare(W),Other,Local,31/07/2026,4600,5500,5050
Tamil Nadu,Chengalpattu,Thirukalukundram(Uzhavar Sandhai ),Onion Green,Onion Green,Local,31/07/2026,5700,6500,6100
Tamil Nadu,Tuticorin,Tuticorin(Uzhavar Sandhai ),Apple,American,Local,31/07/2026,25000,26000,25500
Tamil Nadu,Tuticorin,Tuticorin(Uzhavar Sandhai ),Mango,Safeda,Local,31/07/2026,4500,5000,4750
Tamil Nadu,Tuticorin,Tuticorin(Uzhavar Sandhai ),Brinjal,Round,Local,31/07/2026,5000,5500,5250
Tamil Nadu,Tuticorin,Tuticorin(Uzhavar Sandhai ),Pumpkin,Pumpkin,Local,31/07/2026,1500,2000,1750
Tamil Nadu,Tuticorin,Tuticorin(Uzhavar Sandhai ),Coconut,Coconut,Local,31/07/2026,6500,7000,6750
Tamil Nadu,Tuticorin,Tuticorin(Uzhavar Sandhai ),Carrot,Pusakesar,Local,31/07/2026,10000,11000,10500
Tamil Nadu,Tuticorin,Tuticorin(Uzhavar Sandhai ),Capsicum,Capsicum,Local,31/07/2026,7500,8000,7750
Tamil Nadu,Tuticorin,Tuticorin(Uzhavar Sandhai ),Guava,Guava Allahabad,Local,31/07/2026,5000,6000,5500
Tamil Nadu,Tuticorin,Tuticorin(Uzhavar Sandhai ),Colacasia,Colacasia,Local,31/07/2026,6500,7000,6750
Tamil Nadu,Tuticorin,Tuticorin(Uzhavar Sandhai ),Mashrooms,Mashrooms,Local,31/07/2026,24000,25000,24500
Tamil Nadu,Nagercoil (Kannyiakumari),Vadaseri APMC,Mango,Safeda,Local,31/07/2026,6500,7000,6750
Tamil Nadu,Nagercoil (Kannyiakumari),Vadaseri APMC,Amaranthus,Amaranthus,Local,31/07/2026,1500,2000,1750
Tamil Nadu,Nagercoil (Kannyiakumari),Vadaseri APMC,Ginger(Green),Green Ginger,Local,31/07/2026,20000,22000,21000
Tamil Nadu,Nagercoil (Kannyiakumari),Vadaseri APMC,Coconut,Coconut,Local,31/07/2026,5800,6000,5900
Tamil Nadu,Nagercoil (Kannyiakumari),Vadaseri APMC,Cabbage,Cabbage,Local,31/07/2026,5000,5500,5250
Tamil Nadu,Nagercoil (Kannyiakumari),Vadaseri APMC,Snakeguard,Snakeguard,Local,31/07/2026,4000,4500,4250
Tamil Nadu,Nagercoil (Kannyiakumari),Vadaseri APMC,Beetroot,Beetroot,Local,31/07/2026,5000,5800,5400
Tamil Nadu,Nagercoil (Kannyiakumari),Vadaseri APMC,Mango(Raw-Ripe),Mango - Raw-Ripe,Local,31/07/2026,4500,5000,4750
Tamil Nadu,Nagercoil (Kannyiakumari),Vadaseri APMC,Jack Fruit(Ripe),Jack Fruit,Local,31/07/2026,2200,2500,2350
Tamil Nadu,Nagercoil (Kannyiakumari),Vadaseri APMC,Elephant Yam(Suran)/Amorphophallus,Elephant Yam (Suran),Local,31/07/2026,4500,5000,4750
Tamil Nadu,Pudukkottai,Karambakkudi(Uzhavar Sandhai ),Ashgourd,Gouard,Local,31/07/2026,1200,1500,1350
Tamil Nadu,Pudukkottai,Karambakkudi(Uzhavar Sandhai ),Pumpkin,Pumpkin,Local,31/07/2026,1200,1500,1350
Tamil Nadu,Pudukkottai,Karambakkudi(Uzhavar Sandhai ),Banana - Green,Banana - Green,Local,31/07/2026,2500,3000,2750
Tamil Nadu,Pudukkottai,Karambakkudi(Uzhavar Sandhai ),Drumstick,Drumstick,Local,31/07/2026,4500,5000,4750
Tamil Nadu,Pudukkottai,Karambakkudi(Uzhavar Sandhai ),Onion Green,Onion Green,Local,31/07/2026,6000,7000,6500
Tamil Nadu,Thiruvellore,Tiruvellore APMC,Paddy(Common),Other,Local,31/07/2026,1750,2100,1925
Tamil Nadu,Vellore,Thirupathur APMC,Groundnut,Big (With Shell),Local,31/07/2026,6000,6000,6000
Tamil Nadu,Vellore,Thirupathur APMC,Onion,Bellary,Local,31/07/2026,4000,4000,4000
Tamil Nadu,Vellore,Thirupathur APMC,Papaya,Papaya,Local,31/07/2026,4000,4000,4000
Tamil Nadu,Vellore,Thirupathur APMC,Bitter gourd,Bitter Gourd,Local,31/07/2026,5000,5000,5000
Tamil Nadu,Vellore,Thirupathur APMC,Amaranthus,Amaranthus,Local,31/07/2026,2000,2000,2000
Tamil Nadu,Vellore,Thirupathur APMC,Tapioca,Tapioca,Local,31/07/2026,3000,3000,3000
Tamil Nadu,Vellore,Thirupathur APMC,Ginger(Green),Green Ginger,Local,31/07/2026,22000,22000,22000
Tamil Nadu,Vellore,Thirupathur APMC,Carrot,Pusakesar,Local,31/07/2026,7000,7000,7000
Tamil Nadu,Vellore,Thirupathur APMC,Snakeguard,Snakeguard,Local,31/07/2026,3000,3000,3000
Tamil Nadu,Vellore,Thirupathur APMC,Thondekai,Thondekai,Local,31/07/2026,4000,4000,4000
Tamil Nadu,Vellore,Thirupathur APMC,Drumstick,Drumstick,Local,31/07/2026,7000,7000,7000
Tamil Nadu,Vellore,Thirupathur APMC,Jack Fruit(Ripe),Jack Fruit,Local,31/07/2026,3000,3000,3000
Tamil Nadu,Vellore,Thirupathur APMC,Tender Coconut,Tender Coconut,Local,31/07/2026,3000,3000,3000
Tamil Nadu,Vellore,Vellore APMC,Apple,American,Local,31/07/2026,25000,25000,25000
Tamil Nadu,Vellore,Vellore APMC,Banana,Red Banana,Local,31/07/2026,9000,9000,9000
Tamil Nadu,Vellore,Vellore APMC,Mango,Neelam,Local,31/07/2026,5000,6000,5500
Tamil Nadu,Vellore,Vellore APMC,Onion,Bellary,Local,31/07/2026,3400,3600,3500
Tamil Nadu,Vellore,Vellore APMC,Garlic,Garlic,Local,31/07/2026,21000,21000,21000
Tamil Nadu,Vellore,Vellore APMC,Papaya,Papaya,Local,31/07/2026,3500,4000,3750
Tamil Nadu,Vellore,Vellore APMC,Bottle gourd,Bottle Gourd,Local,31/07/2026,2000,2000,2000
Tamil Nadu,Vellore,Vellore APMC,Beans,Beans (Whole),Local,31/07/2026,5500,6500,6000
Tamil Nadu,Vellore,Vellore APMC,Ginger(Green),Green Ginger,Local,31/07/2026,16000,17000,16500
Tamil Nadu,Vellore,Vellore APMC,Carrot,Pusakesar,Local,31/07/2026,5500,5500,5500
Tamil Nadu,Vellore,Vellore APMC,Snakeguard,Snakeguard,Local,31/07/2026,2500,3000,2750
Tamil Nadu,Vellore,Vellore APMC,Beetroot,Beetroot,Local,31/07/2026,3500,4000,3750
Tamil Nadu,Vellore,Vellore APMC,Mango(Raw-Ripe),Mango - Raw-Ripe,Local,31/07/2026,3500,4000,3750
Tamil Nadu,Vellore,Vellore APMC,Marigold(Calcutta),Marigold(Calcutta),Local,31/07/2026,25000,28000,26500
Tamil Nadu,Vellore,Vellore APMC,Indian Beans(Seam),Indian Beans (Seam),Local,31/07/2026,4500,4800,4650
Tamil Nadu,Vellore,Vellore APMC,Amla(Nelli Kai),Amla,Local,31/07/2026,9000,10000,9500
Tamil Nadu,Vellore,Vellore APMC,Mint(Pudina),Mint(Pudina),Local,31/07/2026,4500,4500,4500
Tamil Nadu,Dharmapuri,Harur(Uzhavar Sandhai ),Onion,Bellary,Local,31/07/2026,3000,3500,3250
Tamil Nadu,Dharmapuri,Harur(Uzhavar Sandhai ),Garlic,Garlic,Local,31/07/2026,20000,22000,21000
Tamil Nadu,Dharmapuri,Harur(Uzhavar Sandhai ),Coriander(Leaves),I Sort,Local,31/07/2026,3500,4000,3750
Tamil Nadu,Dharmapuri,Harur(Uzhavar Sandhai ),Papaya,Papaya,Local,31/07/2026,2000,2500,2250
Tamil Nadu,Dharmapuri,Harur(Uzhavar Sandhai ),Tomato,Local,Local,31/07/2026,1500,1800,1650
Tamil Nadu,Dharmapuri,Harur(Uzhavar Sandhai ),Cluster beans,Cluster Beans,Local,31/07/2026,3500,4000,3750
Tamil Nadu,Dharmapuri,Harur(Uzhavar Sandhai ),Amaranthus,Amaranthus,Local,31/07/2026,2500,3000,2750
Tamil Nadu,Dharmapuri,Harur(Uzhavar Sandhai ),Carrot,Pusakesar,Local,31/07/2026,7000,7500,7250
Tamil Nadu,Dharmapuri,Harur(Uzhavar Sandhai ),Cucumbar(Kheera),Cucumbar,Local,31/07/2026,4500,5000,4750
Tamil Nadu,Dharmapuri,Harur(Uzhavar Sandhai ),Capsicum,Capsicum,Local,31/07/2026,7000,8000,7500
Tamil Nadu,Dharmapuri,Harur(Uzhavar Sandhai ),Chow Chow,Chow Chow,Local,31/07/2026,4500,5000,4750
Tamil Nadu,Dharmapuri,Harur(Uzhavar Sandhai ),Amla(Nelli Kai),Amla,Local,31/07/2026,5500,6000,5750
Tamil Nadu,Krishnagiri,Kaveripattinam(Uzhavar Sandhai ),Banana,Besrai,Local,31/07/2026,4000,7000,5500
Tamil Nadu,Krishnagiri,Kaveripattinam(Uzhavar Sandhai ),Coriander(Leaves),I Sort,Local,31/07/2026,6000,7000,6500
Tamil Nadu,Krishnagiri,Kaveripattinam(Uzhavar Sandhai ),Cluster beans,Cluster Beans,Local,31/07/2026,4000,4000,4000
Tamil Nadu,Krishnagiri,Kaveripattinam(Uzhavar Sandhai ),Ashgourd,Gouard,Local,31/07/2026,3500,3500,3500
Tamil Nadu,Krishnagiri,Kaveripattinam(Uzhavar Sandhai ),Onion Green,Onion Green,Local,31/07/2026,6000,7000,6500
Tamil Nadu,The Nilgiris,Coonoor(Uzhavar Sandhai ),Brinjal,Other,Local,31/07/2026,3500,4000,3750
Tamil Nadu,The Nilgiris,Coonoor(Uzhavar Sandhai ),Coriander(Leaves),I Sort,Local,31/07/2026,6500,7000,6750
Tamil Nadu,The Nilgiris,Coonoor(Uzhavar Sandhai ),Cluster beans,Cluster Beans,Local,31/07/2026,3500,3800,3650
Tamil Nadu,The Nilgiris,Coonoor(Uzhavar Sandhai ),Cowpea(Veg),Cowpea (Veg),Local,31/07/2026,3500,3800,3650
Tamil Nadu,The Nilgiris,Coonoor(Uzhavar Sandhai ),Banana - Green,Banana - Green,Local,31/07/2026,4500,5000,4750
Tamil Nadu,The Nilgiris,Coonoor(Uzhavar Sandhai ),Tapioca,Tapioca,Local,31/07/2026,3500,4000,3750
Tamil Nadu,The Nilgiris,Coonoor(Uzhavar Sandhai ),Snakeguard,Snakeguard,Local,31/07/2026,3500,3700,3600
Tamil Nadu,The Nilgiris,Coonoor(Uzhavar Sandhai ),Thondekai,Thondekai,Local,31/07/2026,4500,5000,4750
Tamil Nadu,The Nilgiris,Coonoor(Uzhavar Sandhai ),Lime,Lime,Local,31/07/2026,13000,14000,13500
Tamil Nadu,The Nilgiris,Coonoor(Uzhavar Sandhai ),Elephant Yam(Suran)/Amorphophallus,Elephant Yam (Suran),Local,31/07/2026,3500,4000,3750
Tamil Nadu,The Nilgiris,Coonoor(Uzhavar Sandhai ),Mint(Pudina),Mint(Pudina),Local,31/07/2026,5500,6000,5750
Tamil Nadu,The Nilgiris,Gudalur(Uzhavar Sandhai ),Potato,Other,Local,31/07/2026,5500,6000,5750
Tamil Nadu,The Nilgiris,Gudalur(Uzhavar Sandhai ),Green Chilli,Green Chilly,Local,31/07/2026,5000,5500,5250
Tamil Nadu,The Nilgiris,Gudalur(Uzhavar Sandhai ),Ginger(Green),Green Ginger,Local,31/07/2026,15000,19000,17000
Tamil Nadu,The Nilgiris,Gudalur(Uzhavar Sandhai ),Carrot,Pusakesar,Local,31/07/2026,5500,6000,5750
Tamil Nadu,The Nilgiris,Gudalur(Uzhavar Sandhai ),Beetroot,Beetroot,Local,31/07/2026,5500,6000,5750
Tamil Nadu,The Nilgiris,Gudalur(Uzhavar Sandhai ),Knool Khol,Knool Khol,Local,31/07/2026,3500,4000,3750
Tamil Nadu,The Nilgiris,Gudalur(Uzhavar Sandhai ),Onion Green,Onion Green,Local,31/07/2026,6000,6500,6250
Tamil Nadu,Thirupur,Tiruppur (South) (Uzhavar Sandhai ),Water Melon,Water Melon,Local,31/07/2026,1000,1500,1250
Tamil Nadu,Thirupur,Tiruppur (South) (Uzhavar Sandhai ),Bitter gourd,Other,Local,31/07/2026,5000,6000,5500
Tamil Nadu,Thirupur,Tiruppur (South) (Uzhavar Sandhai ),Ashgourd,Gouard,Local,31/07/2026,1500,2000,1750
Tamil Nadu,Thirupur,Tiruppur (South) (Uzhavar Sandhai ),Pumpkin,Pumpkin,Local,31/07/2026,1500,2000,1750
Tamil Nadu,Thirupur,Tiruppur (South) (Uzhavar Sandhai ),Bhindi(Ladies Finger),Bhindi,Local,31/07/2026,3000,4000,3500
Tamil Nadu,Thirupur,Tiruppur (South) (Uzhavar Sandhai ),Beans,Beans (Whole),Local,31/07/2026,8000,10000,9000
Tamil Nadu,Thirupur,Tiruppur (South) (Uzhavar Sandhai ),Coconut,Coconut,Local,31/07/2026,4000,5000,4500
Tamil Nadu,Thirupur,Tiruppur (South) (Uzhavar Sandhai ),Beetroot,Beetroot,Local,31/07/2026,4000,8000,6000
Tamil Nadu,Thirupur,Tiruppur (South) (Uzhavar Sandhai ),Drumstick,Drumstick,Local,31/07/2026,4000,5000,4500
Tamil Nadu,Thanjavur,Tirukattupalli(Uzhavar Sandhai ),Carrot,Pusakesar,Local,31/07/2026,10400,10400,10400
Tamil Nadu,Thiruchirappalli,Thuraiyur APMC,Onion,Bellary,Local,31/07/2026,3000,4000,3500
Tamil Nadu,Thiruchirappalli,Thuraiyur APMC,Potato,Other,Local,31/07/2026,2500,3000,2750
Tamil Nadu,Thiruchirappalli,Thuraiyur APMC,Papaya,Papaya,Local,31/07/2026,3500,4000,3750
Tamil Nadu,Thiruchirappalli,Thuraiyur APMC,Tomato,Other,Local,31/07/2026,1600,2000,1800
Tamil Nadu,Thiruchirappalli,Thuraiyur APMC,Cluster beans,Cluster Beans,Local,31/07/2026,3000,3500,3250
Tamil Nadu,Thiruchirappalli,Thuraiyur APMC,Bottle gourd,Bottle Gourd,Local,31/07/2026,2500,3000,2750
Tamil Nadu,Thiruchirappalli,Thuraiyur APMC,Pumpkin,Pumpkin,Local,31/07/2026,1600,2000,1800
Tamil Nadu,Thiruchirappalli,Thuraiyur APMC,Lime,Lime,Local,31/07/2026,4200,4800,4500
Tamil Nadu,Thiruchirappalli,Thuraiyur APMC,Indian Beans(Seam),Indian Beans (Seam),Local,31/07/2026,5600,6600,6100
Tamil Nadu,Thiruchirappalli,Thuraiyur APMC,Onion Green,Onion Green,Local,31/07/2026,6000,7000,6500
Tamil Nadu,Villupuram,Tindivanam APMC,Papaya,Papaya,Local,31/07/2026,4000,4000,4000
Tamil Nadu,Villupuram,Tindivanam APMC,Bitter gourd,Other,Local,31/07/2026,5000,5000,5000
Tamil Nadu,Villupuram,Tindivanam APMC,Beans,Beans (Whole),Local,31/07/2026,11000,11000,11000
Tamil Nadu,Villupuram,Tindivanam APMC,Cucumbar(Kheera),Cucumbar,Local,31/07/2026,4000,4000,4000
Tamil Nadu,Villupuram,Tindivanam APMC,Thondekai,Thondekai,Local,31/07/2026,3500,3500,3500
Tamil Nadu,Villupuram,Tindivanam APMC,Amla(Nelli Kai),Amla,Local,31/07/2026,8000,8000,8000
Tamil Nadu,Villupuram,Ulundurpettai APMC,Brinjal,Round,Local,31/07/2026,8000,8000,8000
Tamil Nadu,Villupuram,Ulundurpettai APMC,Coriander(Leaves),I Sort,Local,31/07/2026,6000,6000,6000
Tamil Nadu,Villupuram,Ulundurpettai APMC,Bottle gourd,Bottle Gourd,Local,31/07/2026,2000,2000,2000
Tamil Nadu,Villupuram,Ulundurpettai APMC,Bhindi(Ladies Finger),Bhindi,Local,31/07/2026,3000,3000,3000
Tamil Nadu,Villupuram,Ulundurpettai APMC,Green Chilli,Green Chilly,Local,31/07/2026,6000,6000,6000
Tamil Nadu,Villupuram,Ulundurpettai APMC,Ginger(Green),Green Ginger,Local,31/07/2026,13000,13000,13000
Tamil Nadu,Villupuram,Ulundurpettai APMC,Mango(Raw-Ripe),Mango - Raw-Ripe,Local,31/07/2026,2000,2000,2000
Tamil Nadu,Villupuram,Vikkiravandi APMC,Ragi(Finger Millet),Other,Local,31/07/2026,3549,3792,3670.5
Tamil Nadu,Madurai,Chokkikulam(Uzhavar Sandhai ),Pineapple,Pine Apple,Local,31/07/2026,6000,7000,6500
Tamil Nadu,Madurai,Chokkikulam(Uzhavar Sandhai ),Brinjal,Round,Local,31/07/2026,4500,5000,4750
Tamil Nadu,Madurai,Chokkikulam(Uzhavar Sandhai ),Cluster beans,Cluster Beans,Local,31/07/2026,3000,3600,3300
Tamil Nadu,Madurai,Chokkikulam(Uzhavar Sandhai ),Bottle gourd,Bottle Gourd,Local,31/07/2026,2800,3200,3000
Tamil Nadu,Madurai,Chokkikulam(Uzhavar Sandhai ),Pumpkin,Pumpkin,Local,31/07/2026,1800,2000,1900
Tamil Nadu,Madurai,Chokkikulam(Uzhavar Sandhai ),Beans,Beans (Whole),Local,31/07/2026,8000,9000,8500
Tamil Nadu,Madurai,Chokkikulam(Uzhavar Sandhai ),Betal Leaves,Mysore,Local,31/07/2026,20000,27000,23500
Tamil Nadu,Madurai,Chokkikulam(Uzhavar Sandhai ),Snakeguard,Snakeguard,Local,31/07/2026,3200,3600,3400
Tamil Nadu,Madurai,Chokkikulam(Uzhavar Sandhai ),Cucumbar(Kheera),Cucumbar,Local,31/07/2026,4000,5000,4500
Tamil Nadu,Madurai,Chokkikulam(Uzhavar Sandhai ),Thondekai,Thondekai,Local,31/07/2026,4800,6000,5400
Tamil Nadu,Madurai,Chokkikulam(Uzhavar Sandhai ),Guava,Guava Allahabad,Local,31/07/2026,7000,8000,7500
Tamil Nadu,Madurai,Chokkikulam(Uzhavar Sandhai ),Pomegranate,Pomogranate,Local,31/07/2026,20000,24000,22000
Tamil Nadu,Madurai,Chokkikulam(Uzhavar Sandhai ),Elephant Yam(Suran)/Amorphophallus,Elephant Yam (Suran),Local,31/07/2026,4500,5500,5000
Tamil Nadu,Madurai,Chokkikulam(Uzhavar Sandhai ),Yam(Ratalu),Yam (Ratalu),Local,31/07/2026,7000,8000,7500
Tamil Nadu,Madurai,Chokkikulam(Uzhavar Sandhai ),Mashrooms,Mashrooms,Local,31/07/2026,22500,25000,23750
Tamil Nadu,Madurai,Chokkikulam(Uzhavar Sandhai ),Mint(Pudina),Mint(Pudina),Local,31/07/2026,4000,4500,4250
Tamil Nadu,Cuddalore,Viruthachalam(Uzhavar Sandhai ),Brinjal,Round,Local,31/07/2026,5000,6000,5500
Tamil Nadu,Cuddalore,Viruthachalam(Uzhavar Sandhai ),Bitter gourd,Bitter Gourd,Local,31/07/2026,6000,6000,6000
Tamil Nadu,Cuddalore,Viruthachalam(Uzhavar Sandhai ),Banana - Green,Banana - Green,Local,31/07/2026,2500,2500,2500
Tamil Nadu,Cuddalore,Viruthachalam(Uzhavar Sandhai ),Snakeguard,Snakeguard,Local,31/07/2026,3000,3000,3000
Tamil Nadu,Cuddalore,Viruthachalam(Uzhavar Sandhai ),Raddish,Raddish,Local,31/07/2026,4000,4000,4000
Tamil Nadu,Dharmapuri,Dharmapuri(Uzhavar Sandhai ),Papaya,Papaya,Local,31/07/2026,3300,3500,3400
Tamil Nadu,Dharmapuri,Dharmapuri(Uzhavar Sandhai ),Green Chilli,Green Chilly,Local,31/07/2026,4200,4500,4350
Tamil Nadu,Dharmapuri,Dharmapuri(Uzhavar Sandhai ),Ginger(Green),Green Ginger,Local,31/07/2026,23000,23600,23300
Tamil Nadu,Dharmapuri,Dharmapuri(Uzhavar Sandhai ),Sweet Potato,Hosur Red,Local,31/07/2026,2400,2500,2450
Tamil Nadu,Dharmapuri,Dharmapuri(Uzhavar Sandhai ),Carrot,Pusakesar,Local,31/07/2026,7500,8000,7750
Tamil Nadu,Dharmapuri,Dharmapuri(Uzhavar Sandhai ),Cabbage,Cabbage,Local,31/07/2026,4200,4400,4300
Tamil Nadu,Dharmapuri,Dharmapuri(Uzhavar Sandhai ),Beetroot,Beetroot,Local,31/07/2026,5000,5200,5100
Tamil Nadu,Dharmapuri,Dharmapuri(Uzhavar Sandhai ),Capsicum,Capsicum,Local,31/07/2026,8400,8800,8600
Tamil Nadu,Dharmapuri,Dharmapuri(Uzhavar Sandhai ),Green Avare(W),Green Avare (W),Local,31/07/2026,4600,5000,4800
Tamil Nadu,Dharmapuri,Dharmapuri(Uzhavar Sandhai ),Drumstick,Drumstick,Local,31/07/2026,5500,6000,5750
Tamil Nadu,Dharmapuri,Dharmapuri(Uzhavar Sandhai ),Tender Coconut,Tender Coconut,Local,31/07/2026,2600,3000,2800
Tamil Nadu,Dharmapuri,Dharmapuri(Uzhavar Sandhai ),Indian Beans(Seam),Indian Beans (Seam),Local,31/07/2026,5500,6000,5750
Tamil Nadu,Dharmapuri,Dharmapuri(Uzhavar Sandhai ),Amla(Nelli Kai),Amla,Local,31/07/2026,5500,6000,5750
Tamil Nadu,Dharmapuri,Dharmapuri(Uzhavar Sandhai ),Onion Green,Onion Green,Local,31/07/2026,5500,6000,5750
Tamil Nadu,Dharmapuri,Palacode(Uzhavar Sandhai ),Cauliflower,Ranchi,Local,31/07/2026,2800,3000,2900
Tamil Nadu,Dharmapuri,Palacode(Uzhavar Sandhai ),Tomato,Deshi,Local,31/07/2026,1400,1800,1600
Tamil Nadu,Dharmapuri,Palacode(Uzhavar Sandhai ),Bottle gourd,Bottle Gourd,Local,31/07/2026,1600,1800,1700
Tamil Nadu,Dharmapuri,Palacode(Uzhavar Sandhai ),Ashgourd,Gouard,Local,31/07/2026,1800,2000,1900
Tamil Nadu,Dharmapuri,Palacode(Uzhavar Sandhai ),Bhindi(Ladies Finger),Bhindi,Local,31/07/2026,2000,2400,2200
Tamil Nadu,Dharmapuri,Palacode(Uzhavar Sandhai ),Ridgeguard(Tori),Ridgeguard(Tori),Local,31/07/2026,3400,3800,3600
Tamil Nadu,Dharmapuri,Palacode(Uzhavar Sandhai ),Drumstick,Drumstick,Local,31/07/2026,5600,6000,5800
Tamil Nadu,Dharmapuri,Palacode(Uzhavar Sandhai ),Guava,Guava Allahabad,Local,31/07/2026,5600,6000,5800
Tamil Nadu,Dharmapuri,Palacode(Uzhavar Sandhai ),Lemon,Lemon,Local,31/07/2026,9500,10500,10000
Tamil Nadu,Dharmapuri,Palacode(Uzhavar Sandhai ),Onion Green,Onion Green,Local,31/07/2026,5000,5400,5200
Tamil Nadu,Dharmapuri,Pennagaram(Uzhavar Sandhai ),Coriander(Leaves),I Sort,Local,31/07/2026,6600,7000,6800
Tamil Nadu,Dharmapuri,Pennagaram(Uzhavar Sandhai ),Cluster beans,Cluster Beans,Local,31/07/2026,3600,4000,3800
Tamil Nadu,Dharmapuri,Pennagaram(Uzhavar Sandhai ),Bhindi(Ladies Finger),Bhindi,Local,31/07/2026,2600,2800,2700
Tamil Nadu,Dharmapuri,Pennagaram(Uzhavar Sandhai ),Beans,Beans (Whole),Local,31/07/2026,10000,11000,10500
Tamil Nadu,Dharmapuri,Pennagaram(Uzhavar Sandhai ),Tapioca,Tapioca,Local,31/07/2026,2800,3000,2900
Tamil Nadu,Dharmapuri,Pennagaram(Uzhavar Sandhai ),Cabbage,Cabbage,Local,31/07/2026,4200,4500,4350
Tamil Nadu,Dharmapuri,Pennagaram(Uzhavar Sandhai ),Ridgeguard(Tori),Ridgeguard(Tori),Local,31/07/2026,3300,3500,3400
Tamil Nadu,Dharmapuri,Pennagaram(Uzhavar Sandhai ),Capsicum,Capsicum,Local,31/07/2026,6600,7000,6800
Tamil Nadu,Dharmapuri,Pennagaram(Uzhavar Sandhai ),Guava,Guava Allahabad,Local,31/07/2026,5600,6000,5800
Tamil Nadu,Dharmapuri,Pennagaram(Uzhavar Sandhai ),Onion Green,Onion Green,Local,31/07/2026,4700,5000,4850
Tamil Nadu,Dindigul,Chinnalapatti(Uzhavar Sandhai ),Cabbage,Cabbage,Local,31/07/2026,4500,5000,4750
Tamil Nadu,Dindigul,Chinnalapatti(Uzhavar Sandhai ),Snakeguard,Snakeguard,Local,31/07/2026,4000,6000,5000
Tamil Nadu,Dindigul,Chinnalapatti(Uzhavar Sandhai ),Raddish,Raddish,Local,31/07/2026,3600,4000,3800
Tamil Nadu,Dindigul,Chinnalapatti(Uzhavar Sandhai ),Mango(Raw-Ripe),Mango - Raw-Ripe,Local,31/07/2026,4000,5000,4500
Tamil Nadu,Dindigul,Chinnalapatti(Uzhavar Sandhai ),Yam(Ratalu),Yam (Ratalu),Local,31/07/2026,7000,8000,7500
Tamil Nadu,Dindigul,Chinnalapatti(Uzhavar Sandhai ),Indian Beans(Seam),Indian Beans (Seam),Local,31/07/2026,4800,5000,4900
Tamil Nadu,Dindigul,Dindigul(Uzhavar Sandhai ),Banana,Besrai,Local,31/07/2026,4000,6000,5000
Tamil Nadu,Dindigul,Dindigul(Uzhavar Sandhai ),Garlic,Garlic,Local,31/07/2026,16000,24000,20000
Tamil Nadu,Dindigul,Dindigul(Uzhavar Sandhai ),Cauliflower,Ranchi,Local,31/07/2026,4000,5000,4500
Tamil Nadu,Dindigul,Dindigul(Uzhavar Sandhai ),Cluster beans,Cluster Beans,Local,31/07/2026,3000,4000,3500
Tamil Nadu,Dindigul,Dindigul(Uzhavar Sandhai ),Bottle gourd,Bottle Gourd,Local,31/07/2026,2500,3000,2750
Tamil Nadu,Dindigul,Dindigul(Uzhavar Sandhai ),Beans,Beans (Whole),Local,31/07/2026,8000,10000,9000
Tamil Nadu,Dindigul,Dindigul(Uzhavar Sandhai ),Coconut,Coconut,Local,31/07/2026,5500,6500,6000
Tamil Nadu,Dindigul,Dindigul(Uzhavar Sandhai ),Ridgeguard(Tori),Ridgeguard(Tori),Local,31/07/2026,6000,7000,6500
Tamil Nadu,Dindigul,Dindigul(Uzhavar Sandhai ),Capsicum,Capsicum,Local,31/07/2026,7000,8000,7500
Tamil Nadu,Dindigul,Dindigul(Uzhavar Sandhai ),Mango(Raw-Ripe),Mango - Raw-Ripe,Local,31/07/2026,4000,5000,4500
Tamil Nadu,Dindigul,Dindigul(Uzhavar Sandhai ),Knool Khol,Knool Khol,Local,31/07/2026,5000,5000,5000
Tamil Nadu,Dindigul,Dindigul(Uzhavar Sandhai ),Elephant Yam(Suran)/Amorphophallus,Elephant Yam (Suran),Local,31/07/2026,4000,5000,4500
Tamil Nadu,Dindigul,Palani(Uzhavar Sandhai ),Mango,Neelam,Local,31/07/2026,2500,4000,3250
Tamil Nadu,Dindigul,Palani(Uzhavar Sandhai ),Onion,Bellary,Local,31/07/2026,3000,4000,3500
Tamil Nadu,Dindigul,Palani(Uzhavar Sandhai ),Coriander(Leaves),I Sort,Local,31/07/2026,3500,4000,3750
Tamil Nadu,Dindigul,Palani(Uzhavar Sandhai ),Tomato,Deshi,Local,31/07/2026,1200,1600,1400
Tamil Nadu,Dindigul,Palani(Uzhavar Sandhai ),Cluster beans,Cluster Beans,Local,31/07/2026,3000,3400,3200
Tamil Nadu,Dindigul,Palani(Uzhavar Sandhai ),Bitter gourd,Other,Local,31/07/2026,4000,5000,4500
Tamil Nadu,Dindigul,Palani(Uzhavar Sandhai ),Amaranthus,Amaranthus,Local,31/07/2026,3000,3500,3250
Tamil Nadu,Dindigul,Palani(Uzhavar Sandhai ),Ridgeguard(Tori),Ridgeguard(Tori),Local,31/07/2026,4000,5500,4750
Tamil Nadu,Erode,Periyar Nagar(Uzhavar Sandhai ),Groundnut,Big (With Shell),Local,31/07/2026,5500,6000,5750
Tamil Nadu,Erode,Periyar Nagar(Uzhavar Sandhai ),Coriander(Leaves),I Sort,Local,31/07/2026,4500,5000,4750
Tamil Nadu,Erode,Periyar Nagar(Uzhavar Sandhai ),Papaya,Papaya,Local,31/07/2026,2600,3000,2800
Tamil Nadu,Erode,Periyar Nagar(Uzhavar Sandhai ),Amaranthus,Amaranthus,Local,31/07/2026,3000,3500,3250
Tamil Nadu,Erode,Periyar Nagar(Uzhavar Sandhai ),Mango(Raw-Ripe),Mango - Raw-Ripe,Local,31/07/2026,2600,3000,2800
Tamil Nadu,Erode,Perundurai(Uzhavar Sandhai ),Drumstick,Drumstick,Local,31/07/2026,5000,5400,5200
Tamil Nadu,Erode,Perundurai(Uzhavar Sandhai ),Banana,Red Banana,Local,31/07/2026,5000,5500,5250
Tamil Nadu,Erode,Perundurai(Uzhavar Sandhai ),Coriander(Leaves),I Sort,Local,31/07/2026,4500,5000,4750
Tamil Nadu,Erode,Perundurai(Uzhavar Sandhai ),Tomato,Other,Local,31/07/2026,1300,1600,1450
Tamil Nadu,Erode,Perundurai(Uzhavar Sandhai ),Ashgourd,Gouard,Local,31/07/2026,2200,2400,2300
Tamil Nadu,Erode,Perundurai(Uzhavar Sandhai ),Pumpkin,Pumpkin,Local,31/07/2026,2200,2500,2350
Tamil Nadu,Erode,Perundurai(Uzhavar Sandhai ),Tapioca,Tapioca,Local,31/07/2026,2000,2400,2200
Tamil Nadu,Erode,Perundurai(Uzhavar Sandhai ),Chow Chow,Chow Chow,Local,31/07/2026,2500,3000,2750
Tamil Nadu,Erode,Thalavadi(Uzhavar Sandhai ),Potato,Red Nanital,Local,31/07/2026,3400,3800,3600
Tamil Nadu,Erode,Thalavadi(Uzhavar Sandhai ),Banana,Red Banana,Local,31/07/2026,5500,6000,5750
Tamil Nadu,Erode,Thalavadi(Uzhavar Sandhai ),Sweet Potato,Hosur Red,Local,31/07/2026,2500,3000,2750
Tamil Nadu,Erode,Thalavadi(Uzhavar Sandhai ),Cabbage,Cabbage,Local,31/07/2026,2000,2500,2250
Tamil Nadu,Erode,Thalavadi(Uzhavar Sandhai ),Green Avare(W),Other,Local,31/07/2026,5000,5500,5250
Tamil Nadu,Erode,Thalavadi(Uzhavar Sandhai ),Guava,Guava Allahabad,Local,31/07/2026,5000,5500,5250
Tamil Nadu,Kallakuruchi,Sankarapuram(Uzhavar Sandhai ),Groundnut,Big (With Shell),Local,31/07/2026,7000,7000,7000
Tamil Nadu,Kallakuruchi,Sankarapuram(Uzhavar Sandhai ),Banana,Besrai,Local,31/07/2026,4000,4000,4000
Tamil Nadu,Kallakuruchi,Sankarapuram(Uzhavar Sandhai ),Bottle gourd,Bottle Gourd,Local,31/07/2026,2500,2500,2500
Tamil Nadu,Kallakuruchi,Sankarapuram(Uzhavar Sandhai ),Amaranthus,Amaranthus,Local,31/07/2026,4000,4000,4000
Tamil Nadu,Kallakuruchi,Sankarapuram(Uzhavar Sandhai ),Tapioca,Tapioca,Local,31/07/2026,3000,3000,3000
Tamil Nadu,Kallakuruchi,Sankarapuram(Uzhavar Sandhai ),Sweet Potato,Hosur Red,Local,31/07/2026,4000,4000,4000
Tamil Nadu,Kallakuruchi,Sankarapuram(Uzhavar Sandhai ),Snakeguard,Snakeguard,Local,31/07/2026,5000,5000,5000
Tamil Nadu,Kallakuruchi,Sankarapuram(Uzhavar Sandhai ),Raddish,Raddish,Local,31/07/2026,4000,4000,4000
Tamil Nadu,Kallakuruchi,Sankarapuram(Uzhavar Sandhai ),Thondekai,Thondekai,Local,31/07/2026,5000,5000,5000
Tamil Nadu,Kallakuruchi,Sankarapuram(Uzhavar Sandhai ),Elephant Yam(Suran)/Amorphophallus,Elephant Yam (Suran),Local,31/07/2026,4000,4000,4000
Tamil Nadu,Kallakuruchi,Sankarapuram(Uzhavar Sandhai ),Amla(Nelli Kai),Amla,Local,31/07/2026,7000,7000,7000
Tamil Nadu,Kallakuruchi,Sankarapuram(Uzhavar Sandhai ),Baby Corn,Baby Corn,Grade A,31/07/2026,3000,3000,3000
Tamil Nadu,Kancheepuram,Kancheepuram(Uzhavar Sandhai ),Ashgourd,Gouard,Local,31/07/2026,2500,3000,2750
Tamil Nadu,Kancheepuram,Kancheepuram(Uzhavar Sandhai ),Bhindi(Ladies Finger),Bhindi,Local,31/07/2026,3000,4000,3500
Tamil Nadu,Kancheepuram,Kancheepuram(Uzhavar Sandhai ),Mango(Raw-Ripe),Mango - Raw-Ripe,Local,31/07/2026,3000,3500,3250
Tamil Nadu,Kancheepuram,Kancheepuram(Uzhavar Sandhai ),Onion Green,Onion Green,Local,31/07/2026,6000,7000,6500
Tamil Nadu,Kancheepuram,Kundrathur(Uzhavar Sandhai ),Onion,Bellary,Local,31/07/2026,3000,3500,3250
Tamil Nadu,Kancheepuram,Kundrathur(Uzhavar Sandhai ),Mousambi(Sweet Lime),Mousambi,Local,31/07/2026,8000,8000,8000
Tamil Nadu,Kancheepuram,Kundrathur(Uzhavar Sandhai ),Tomato,Other,Local,31/07/2026,2000,2200,2100
Tamil Nadu,Kancheepuram,Kundrathur(Uzhavar Sandhai ),Bitter gourd,Bitter Gourd,Local,31/07/2026,4000,4000,4000
Tamil Nadu,Kancheepuram,Kundrathur(Uzhavar Sandhai ),Pumpkin,Pumpkin,Local,31/07/2026,2000,2000,2000
Tamil Nadu,Kancheepuram,Kundrathur(Uzhavar Sandhai ),Coconut,Coconut,Local,31/07/2026,5000,6000,5500
Tamil Nadu,Kancheepuram,Kundrathur(Uzhavar Sandhai ),Snakeguard,Snakeguard,Local,31/07/2026,3500,3500,3500
Tamil Nadu,Kancheepuram,Kundrathur(Uzhavar Sandhai ),Mango(Raw-Ripe),Mango - Raw-Ripe,Local,31/07/2026,2000,2500,2250
Tamil Nadu,Kancheepuram,Kundrathur(Uzhavar Sandhai ),Pomegranate,Pomogranate,Local,31/07/2026,16000,16000,16000
Tamil Nadu,Kancheepuram,Kundrathur(Uzhavar Sandhai ),Colacasia,Colacasia,Local,31/07/2026,3000,3000,3000
Tamil Nadu,Kancheepuram,Padappai(Uzhavar Sandhai ),Potato,Other,Local,31/07/2026,2800,3500,3150
Tamil Nadu,Kancheepuram,Padappai(Uzhavar Sandhai ),Coriander(Leaves),I Sort,Local,31/07/2026,4000,5000,4500
Tamil Nadu,Kancheepuram,Padappai(Uzhavar Sandhai ),Bottle gourd,Bottle Gourd,Local,31/07/2026,2000,3000,2500
Tamil Nadu,Kancheepuram,Padappai(Uzhavar Sandhai ),Coconut,Coconut,Local,31/07/2026,5500,6000,5750
Tamil Nadu,Kancheepuram,Padappai(Uzhavar Sandhai ),Cabbage,Cabbage,Local,31/07/2026,2500,3000,2750
Tamil Nadu,Kancheepuram,Padappai(Uzhavar Sandhai ),Guava,Guava Allahabad,Local,31/07/2026,5000,6000,5500
Tamil Nadu,Kancheepuram,Padappai(Uzhavar Sandhai ),Onion Green,Onion Green,Local,31/07/2026,6000,7000,6500
Tamil Nadu,Kancheepuram,Padappai(Uzhavar Sandhai ),Mint(Pudina),Mint(Pudina),Local,31/07/2026,3500,4500,4000
Tamil Nadu,Kancheepuram,Sunguvarchatram(Uzhavar Sandhai ),Tomato,Other,Local,31/07/2026,2000,2200,2100
Tamil Nadu,Kancheepuram,Sunguvarchatram(Uzhavar Sandhai ),Cluster beans,Cluster Beans,Local,31/07/2026,4000,4000,4000
Tamil Nadu,Kancheepuram,Sunguvarchatram(Uzhavar Sandhai ),Ashgourd,Gouard,Local,31/07/2026,2000,2000,2000
Tamil Nadu,Kancheepuram,Sunguvarchatram(Uzhavar Sandhai ),Green Chilli,Green Chilly,Local,31/07/2026,5000,6000,5500
Tamil Nadu,Kancheepuram,Sunguvarchatram(Uzhavar Sandhai ),Cabbage,Cabbage,Local,31/07/2026,3000,3000,3000
Tamil Nadu,Krishnagiri,Avallapalli(Uzhavar Sandhai ),Garlic,Garlic,Local,31/07/2026,22000,24000,23000
Tamil Nadu,Krishnagiri,Avallapalli(Uzhavar Sandhai ),Tomato,Deshi,Local,31/07/2026,1500,1700,1600
Tamil Nadu,Krishnagiri,Avallapalli(Uzhavar Sandhai ),Ashgourd,Gouard,Local,31/07/2026,2000,2500,2250
Tamil Nadu,Krishnagiri,Avallapalli(Uzhavar Sandhai ),Cowpea(Veg),Cowpea (Veg),Local,31/07/2026,5500,6000,5750
Tamil Nadu,Krishnagiri,Avallapalli(Uzhavar Sandhai ),Banana - Green,Banana - Green,Local,31/07/2026,3500,4000,3750
Tamil Nadu,Krishnagiri,Avallapalli(Uzhavar Sandhai ),Beans,Beans (Whole),Local,31/07/2026,9000,10000,9500
Tamil Nadu,Krishnagiri,Avallapalli(Uzhavar Sandhai ),Tapioca,Tapioca,Local,31/07/2026,3500,4000,3750
Tamil Nadu,Krishnagiri,Avallapalli(Uzhavar Sandhai ),Sweet Potato,Hosur Red,Local,31/07/2026,4500,5000,4750
Tamil Nadu,Krishnagiri,Avallapalli(Uzhavar Sandhai ),Snakeguard,Snakeguard,Local,31/07/2026,3000,3500,3250
Tamil Nadu,Krishnagiri,Avallapalli(Uzhavar Sandhai ),Thondekai,Thondekai,Local,31/07/2026,2500,3000,2750
Tamil Nadu,Krishnagiri,Avallapalli(Uzhavar Sandhai ),Green Avare(W),Green Avare (W),Local,31/07/2026,5500,6000,5750
Tamil Nadu,Krishnagiri,Avallapalli(Uzhavar Sandhai ),Elephant Yam(Suran)/Amorphophallus,Elephant Yam (Suran),Local,31/07/2026,4500,5000,4750
Tamil Nadu,Dharmapuri,Karimangalam(Uzhavar Sandhai),Onion,Bellary,Local,31/07/2026,3600,3800,3700
Tamil Nadu,Dharmapuri,Karimangalam(Uzhavar Sandhai),Cauliflower,Ranchi,Local,31/07/2026,3800,4000,3900
Tamil Nadu,Dharmapuri,Karimangalam(Uzhavar Sandhai),Brinjal,Other,Local,31/07/2026,2800,3000,2900
Tamil Nadu,Dharmapuri,Karimangalam(Uzhavar Sandhai),Green Peas,Green Peas,Local,31/07/2026,16000,17000,16500
Tamil Nadu,Dharmapuri,Karimangalam(Uzhavar Sandhai),Pumpkin,Pumpkin,Local,31/07/2026,1800,2000,1900
Tamil Nadu,Dharmapuri,Karimangalam(Uzhavar Sandhai),Amaranthus,Amaranthus,Local,31/07/2026,2300,2500,2400
Tamil Nadu,Dharmapuri,Karimangalam(Uzhavar Sandhai),Cabbage,Cabbage,Local,31/07/2026,4000,4500,4250
Tamil Nadu,Dharmapuri,Karimangalam(Uzhavar Sandhai),Raddish,Raddish,Local,31/07/2026,1800,2000,1900
Tamil Nadu,Krishnagiri,Denkanikottai(Uzhavar Sandhai ),Coriander(Leaves),I Sort,Local,31/07/2026,6000,7000,6500
Tamil Nadu,Krishnagiri,Denkanikottai(Uzhavar Sandhai ),Carrot,Pusakesar,Local,31/07/2026,6000,7000,6500
Tamil Nadu,Krishnagiri,Denkanikottai(Uzhavar Sandhai ),Chow Chow,Chow Chow,Local,31/07/2026,3000,3500,3250
Tamil Nadu,Krishnagiri,Hosur(Uzhavar Sandhai ),Orange,Darjeeling,Local,31/07/2026,14000,16000,15000
Tamil Nadu,Krishnagiri,Hosur(Uzhavar Sandhai ),Pineapple,Pine Apple,Local,31/07/2026,7000,8000,7500
Tamil Nadu,Krishnagiri,Hosur(Uzhavar Sandhai ),Cauliflower,Ranchi,Local,31/07/2026,3500,4000,3750
Tamil Nadu,Krishnagiri,Hosur(Uzhavar Sandhai ),Brinjal,Round,Local,31/07/2026,3500,4000,3750
Tamil Nadu,Krishnagiri,Hosur(Uzhavar Sandhai ),Green Peas,Green Peas,Local,31/07/2026,12000,14000,13000
Tamil Nadu,Krishnagiri,Hosur(Uzhavar Sandhai ),Tomato,Deshi,Local,31/07/2026,1000,1500,1250
Tamil Nadu,Krishnagiri,Hosur(Uzhavar Sandhai ),Bottle gourd,Bottle Gourd,Local,31/07/2026,2500,3000,2750
Tamil Nadu,Krishnagiri,Hosur(Uzhavar Sandhai ),Ashgourd,Gouard,Local,31/07/2026,2000,2500,2250
Tamil Nadu,Krishnagiri,Hosur(Uzhavar Sandhai ),Green Chilli,Green Chilly,Local,31/07/2026,5000,6000,5500
Tamil Nadu,Krishnagiri,Hosur(Uzhavar Sandhai ),Tapioca,Tapioca,Local,31/07/2026,3500,4000,3750
Tamil Nadu,Krishnagiri,Hosur(Uzhavar Sandhai ),Betal Leaves,Mysore,Local,31/07/2026,10000,12000,11000
Tamil Nadu,Krishnagiri,Hosur(Uzhavar Sandhai ),Sweet Potato,Hosur Red,Local,31/07/2026,4500,5000,4750
Tamil Nadu,Krishnagiri,Hosur(Uzhavar Sandhai ),Beetroot,Beetroot,Local,31/07/2026,3000,3500,3250
Tamil Nadu,Krishnagiri,Hosur(Uzhavar Sandhai ),Raddish,Raddish,Local,31/07/2026,2000,2500,2250
Tamil Nadu,Krishnagiri,Hosur(Uzhavar Sandhai ),Green Avare(W),Green Avare (W),Local,31/07/2026,5000,6000,5500
Tamil Nadu,Krishnagiri,Hosur(Uzhavar Sandhai ),Knool Khol,Knool Khol,Local,31/07/2026,3500,4000,3750
Tamil Nadu,Krishnagiri,Hosur(Uzhavar Sandhai ),Pomegranate,Pomogranate,Local,31/07/2026,15000,18000,16500
Tamil Nadu,Krishnagiri,Hosur(Uzhavar Sandhai ),Elephant Yam(Suran)/Amorphophallus,Elephant Yam (Suran),Local,31/07/2026,4500,5000,4750
Tamil Nadu,Krishnagiri,Hosur(Uzhavar Sandhai ),Yam(Ratalu),Yam (Ratalu),Local,31/07/2026,4500,5000,4750
Tamil Nadu,Krishnagiri,Hosur(Uzhavar Sandhai ),Indian Beans(Seam),Indian Beans (Seam),Local,31/07/2026,5000,6000,5500
Tamil Nadu,Krishnagiri,Hosur(Uzhavar Sandhai ),Onion Green,Onion Green,Local,31/07/2026,7000,8000,7500
Tamil Nadu,Krishnagiri,Krishnagiri(Uzhavar Sandhai ),Onion,Bellary,Local,31/07/2026,3000,3500,3250
Tamil Nadu,Krishnagiri,Krishnagiri(Uzhavar Sandhai ),Coriander(Leaves),I Sort,Local,31/07/2026,2500,3000,2750
Tamil Nadu,Krishnagiri,Krishnagiri(Uzhavar Sandhai ),Bhindi(Ladies Finger),Bhindi,Local,31/07/2026,2500,3000,2750
Tamil Nadu,Krishnagiri,Krishnagiri(Uzhavar Sandhai ),Snakeguard,Snakeguard,Local,31/07/2026,3400,3600,3500
Tamil Nadu,Krishnagiri,Krishnagiri(Uzhavar Sandhai ),Green Avare(W),Green Avare (W),Local,31/07/2026,4500,5000,4750
Tamil Nadu,Krishnagiri,Krishnagiri(Uzhavar Sandhai ),Drumstick,Drumstick,Local,31/07/2026,6500,7000,6750
Tamil Nadu,Krishnagiri,Krishnagiri(Uzhavar Sandhai ),Tamarind Fruit,Tamarind Fruit,Local,31/07/2026,10000,12000,11000
Tamil Nadu,Madurai,Anaiyur(Uzhavar Sandhai ),Coriander(Leaves),I Sort,Local,31/07/2026,4500,5000,4750
Tamil Nadu,Madurai,Anaiyur(Uzhavar Sandhai ),Papaya,Papaya,Local,31/07/2026,4000,4500,4250
Tamil Nadu,Madurai,Anaiyur(Uzhavar Sandhai ),Cluster beans,Cluster Beans,Local,31/07/2026,3000,3600,3300
Tamil Nadu,Madurai,Anaiyur(Uzhavar Sandhai ),Bhindi(Ladies Finger),Bhindi,Local,31/07/2026,3000,3600,3300
Tamil Nadu,Madurai,Anaiyur(Uzhavar Sandhai ),Coconut,Coconut,Local,31/07/2026,6000,6500,6250
Tamil Nadu,Madurai,Anaiyur(Uzhavar Sandhai ),Carrot,Pusakesar,Local,31/07/2026,6000,8000,7000
Tamil Nadu,Madurai,Anaiyur(Uzhavar Sandhai ),Capsicum,Capsicum,Local,31/07/2026,8000,9000,8500
Tamil Nadu,Madurai,Anaiyur(Uzhavar Sandhai ),Pomegranate,Pomogranate,Local,31/07/2026,20000,24000,22000
Tamil Nadu,Madurai,Anaiyur(Uzhavar Sandhai ),Lemon,Lemon,Local,31/07/2026,6000,7000,6500
Tamil Nadu,Madurai,Usilampatti(Uzhavar Sandhai ),Brinjal,Round,Local,31/07/2026,4000,4500,4250
Tamil Nadu,Madurai,Usilampatti(Uzhavar Sandhai ),Tapioca,Tapioca,Local,31/07/2026,3000,4000,3500
Tamil Nadu,Madurai,Usilampatti(Uzhavar Sandhai ),Coconut,Coconut,Local,31/07/2026,6000,6500,6250
Tamil Nadu,Nagapattinam,Nagapattinam(Uzhavar Sandhai ),Garlic,Garlic,Local,31/07/2026,17300,17300,17300
Tamil Nadu,Nagapattinam,Nagapattinam(Uzhavar Sandhai ),Papaya,Papaya,Local,31/07/2026,4100,4100,4100
Tamil Nadu,Nagapattinam,Nagapattinam(Uzhavar Sandhai ),Bitter gourd,Other,Local,31/07/2026,3800,4500,4150
Tamil Nadu,Nagapattinam,Nagapattinam(Uzhavar Sandhai ),Ashgourd,Gouard,Local,31/07/2026,2900,3300,3100
Tamil Nadu,Nagapattinam,Nagapattinam(Uzhavar Sandhai ),Pumpkin,Pumpkin,Local,31/07/2026,3500,3500,3500
Tamil Nadu,Nagapattinam,Nagapattinam(Uzhavar Sandhai ),Cabbage,Cabbage,Local,31/07/2026,3500,4000,3750
Tamil Nadu,Nagapattinam,Nagapattinam(Uzhavar Sandhai ),Beetroot,Beetroot,Local,31/07/2026,4000,5000,4500
Tamil Nadu,Nagapattinam,Nagapattinam(Uzhavar Sandhai ),Yam(Ratalu),Yam (Ratalu),Local,31/07/2026,7100,7100,7100
Tamil Nadu,Nagapattinam,Nagapattinam(Uzhavar Sandhai ),Lemon,Lemon,Local,31/07/2026,3500,4000,3750
Tamil Nadu,Nagapattinam,Nagapattinam(Uzhavar Sandhai ),Onion Green,Onion Green,Local,31/07/2026,5000,6400,5700
Tamil Nadu,Nagapattinam,Sirkali(Uzhavar Sandhai ),Brinjal,Round,Local,31/07/2026,5000,5500,5250
Tamil Nadu,Nagapattinam,Sirkali(Uzhavar Sandhai ),Papaya,Papaya,Local,31/07/2026,2500,3000,2750
Tamil Nadu,Nagapattinam,Sirkali(Uzhavar Sandhai ),Tomato,Deshi,Local,31/07/2026,2000,2500,2250
Tamil Nadu,Nagapattinam,Sirkali(Uzhavar Sandhai ),Bitter gourd,Bitter Gourd,Local,31/07/2026,5500,6000,5750
Tamil Nadu,Nagapattinam,Sirkali(Uzhavar Sandhai ),Carrot,Pusakesar,Local,31/07/2026,8000,8000,8000
Tamil Nadu,Nagapattinam,Sirkali(Uzhavar Sandhai ),Cabbage,Cabbage,Local,31/07/2026,2500,3000,2750
Tamil Nadu,Nagapattinam,Sirkali(Uzhavar Sandhai ),Ridgeguard(Tori),Ridgeguard(Tori),Local,31/07/2026,5500,6000,5750
Tamil Nadu,Nagapattinam,Sirkali(Uzhavar Sandhai ),Raddish,Raddish,Local,31/07/2026,4000,4500,4250
Tamil Nadu,Nagapattinam,Sirkali(Uzhavar Sandhai ),Chow Chow,Chow Chow,Local,31/07/2026,2500,3000,2750
Tamil Nadu,Nagapattinam,Sirkali(Uzhavar Sandhai ),Tamarind Fruit,Tamarind Fruit,Local,31/07/2026,15000,15000,15000
Tamil Nadu,Nagapattinam,Sirkali(Uzhavar Sandhai ),Lemon,Lemon,Local,31/07/2026,6500,7000,6750
Tamil Nadu,Namakkal,Kumarapalayam(Uzhavar Sandhai ),Cauliflower,Ranchi,Local,31/07/2026,3000,3500,3250
Tamil Nadu,Namakkal,Kumarapalayam(Uzhavar Sandhai ),Ashgourd,Gouard,Local,31/07/2026,2500,3000,2750
Tamil Nadu,Namakkal,Kumarapalayam(Uzhavar Sandhai ),Amaranthus,Amaranthus,Local,31/07/2026,3500,4000,3750
Tamil Nadu,Namakkal,Kumarapalayam(Uzhavar Sandhai ),Beetroot,Beetroot,Local,31/07/2026,7000,8000,7500
Tamil Nadu,Namakkal,Kumarapalayam(Uzhavar Sandhai ),Drumstick,Drumstick,Local,31/07/2026,4500,5000,4750
Tamil Nadu,Namakkal,Kumarapalayam(Uzhavar Sandhai ),Tender Coconut,Tender Coconut,Local,31/07/2026,3000,3500,3250
Tamil Nadu,Namakkal,Kumarapalayam(Uzhavar Sandhai ),Elephant Yam(Suran)/Amorphophallus,Elephant Yam (Suran),Local,31/07/2026,4000,4500,4250
Tamil Nadu,Namakkal,Mohanur(Uzhavar Sandhai ),Green Chilli,Green Chilly,Local,31/07/2026,6000,7000,6500
Tamil Nadu,Namakkal,Mohanur(Uzhavar Sandhai ),Coconut,Coconut,Local,31/07/2026,5500,6000,5750
Tamil Nadu,Namakkal,Mohanur(Uzhavar Sandhai ),Green Avare(W),Other,Local,31/07/2026,9000,10000,9500
Tamil Nadu,Namakkal,Mohanur(Uzhavar Sandhai ),Mango(Raw-Ripe),Mango - Raw-Ripe,Local,31/07/2026,2500,3000,2750
Tamil Nadu,Namakkal,Mohanur(Uzhavar Sandhai ),Mint(Pudina),Mint(Pudina),Local,31/07/2026,5000,6000,5500
Tamil Nadu,Namakkal,Namakkal(Uzhavar Sandhai ),Pineapple,Pine Apple,Local,31/07/2026,2500,3500,3000
Tamil Nadu,Namakkal,Namakkal(Uzhavar Sandhai ),Garlic,Garlic,Local,31/07/2026,25000,28000,26500
Tamil Nadu,Namakkal,Namakkal(Uzhavar Sandhai ),Green Peas,Green Peas,Local,31/07/2026,18000,20000,19000
Tamil Nadu,Namakkal,Namakkal(Uzhavar Sandhai ),Papaya,Papaya,Local,31/07/2026,2500,3200,2850
Tamil Nadu,Namakkal,Namakkal(Uzhavar Sandhai ),Tapioca,Tapioca,Local,31/07/2026,2500,3000,2750
Tamil Nadu,Namakkal,Namakkal(Uzhavar Sandhai ),Coconut,Coconut,Local,31/07/2026,5500,6000,5750
Tamil Nadu,Namakkal,Namakkal(Uzhavar Sandhai ),Betal Leaves,Mysore,Local,31/07/2026,12000,13000,12500
Tamil Nadu,Namakkal,Namakkal(Uzhavar Sandhai ),Mango(Raw-Ripe),Mango - Raw-Ripe,Local,31/07/2026,3000,3500,3250
Tamil Nadu,Namakkal,Namakkal(Uzhavar Sandhai ),Jack Fruit(Ripe),Jack Fruit,Local,31/07/2026,2000,2500,2250
Tamil Nadu,Namakkal,Namakkal(Uzhavar Sandhai ),Elephant Yam(Suran)/Amorphophallus,Elephant Yam (Suran),Local,31/07/2026,3500,4000,3750
Tamil Nadu,Namakkal,Paramathivelur(Uzhavar Sandhai ),Potato,Other,Local,31/07/2026,2600,3000,2800
Tamil Nadu,Namakkal,Paramathivelur(Uzhavar Sandhai ),Bottle gourd,Bottle Gourd,Local,31/07/2026,1700,2000,1850
Tamil Nadu,Namakkal,Paramathivelur(Uzhavar Sandhai ),Beans,Beans (Whole),Local,31/07/2026,8500,9500,9000
Tamil Nadu,Namakkal,Paramathivelur(Uzhavar Sandhai ),Raddish,Raddish,Local,31/07/2026,3900,4500,4200
Tamil Nadu,Namakkal,Paramathivelur(Uzhavar Sandhai ),Tender Coconut,Tender Coconut,Local,31/07/2026,3500,4000,3750
Tamil Nadu,Namakkal,Paramathivelur(Uzhavar Sandhai ),Mint(Pudina),Mint(Pudina),Local,31/07/2026,4900,5500,5200
Tamil Nadu,Namakkal,Rasipuram(Uzhavar Sandhai ),Groundnut,Big (With Shell),Local,31/07/2026,6500,7000,6750
Tamil Nadu,Namakkal,Rasipuram(Uzhavar Sandhai ),Cauliflower,Ranchi,Local,31/07/2026,3000,4000,3500
Tamil Nadu,Namakkal,Rasipuram(Uzhavar Sandhai ),Brinjal,Other,Local,31/07/2026,6600,7500,7050
Tamil Nadu,Namakkal,Rasipuram(Uzhavar Sandhai ),Cluster beans,Cluster Beans,Local,31/07/2026,3800,4400,4100
Tamil Nadu,Namakkal,Rasipuram(Uzhavar Sandhai ),Bhindi(Ladies Finger),Bhindi,Local,31/07/2026,3800,4200,4000
Tamil Nadu,Namakkal,Rasipuram(Uzhavar Sandhai ),Green Chilli,Green Chilly,Local,31/07/2026,6400,7000,6700
Tamil Nadu,Namakkal,Rasipuram(Uzhavar Sandhai ),Tapioca,Tapioca,Local,31/07/2026,3400,4000,3700
Tamil Nadu,Namakkal,Rasipuram(Uzhavar Sandhai ),Coconut,Coconut,Local,31/07/2026,5600,6200,5900
Tamil Nadu,Namakkal,Rasipuram(Uzhavar Sandhai ),Snakeguard,Snakeguard,Local,31/07/2026,4000,4500,4250
Tamil Nadu,Namakkal,Rasipuram(Uzhavar Sandhai ),Ridgeguard(Tori),Ridgeguard(Tori),Local,31/07/2026,4800,5500,5150
Tamil Nadu,Namakkal,Rasipuram(Uzhavar Sandhai ),Chow Chow,Chow Chow,Local,31/07/2026,2000,2500,2250
Tamil Nadu,Namakkal,Rasipuram(Uzhavar Sandhai ),Tender Coconut,Tender Coconut,Local,31/07/2026,3500,4000,3750
Tamil Nadu,Namakkal,Rasipuram(Uzhavar Sandhai ),Yam(Ratalu),Yam (Ratalu),Local,31/07/2026,6500,7000,6750
Tamil Nadu,Namakkal,Rasipuram(Uzhavar Sandhai ),Lemon,Lemon,Local,31/07/2026,3000,5000,4000
Tamil Nadu,Madurai,Palanganatham(Uzhavar Sandhai ),Grapes,Annabesahai,Local,31/07/2026,11000,12000,11500
Tamil Nadu,Madurai,Palanganatham(Uzhavar Sandhai ),Garlic,Garlic,Local,31/07/2026,26000,27000,26500
Tamil Nadu,Madurai,Palanganatham(Uzhavar Sandhai ),Brinjal,Other,Local,31/07/2026,4000,4500,4250
Tamil Nadu,Madurai,Palanganatham(Uzhavar Sandhai ),Mousambi(Sweet Lime),Mousambi,Local,31/07/2026,9000,10000,9500
Tamil Nadu,Madurai,Palanganatham(Uzhavar Sandhai ),Tomato,Deshi,Local,31/07/2026,1800,2000,1900
Tamil Nadu,Madurai,Palanganatham(Uzhavar Sandhai ),Bottle gourd,Bottle Gourd,Local,31/07/2026,2800,3200,3000
Tamil Nadu,Madurai,Palanganatham(Uzhavar Sandhai ),Ashgourd,Gouard,Local,31/07/2026,2000,2400,2200
Tamil Nadu,Madurai,Palanganatham(Uzhavar Sandhai ),Beetroot,Beetroot,Local,31/07/2026,5000,5500,5250
Tamil Nadu,Madurai,Palanganatham(Uzhavar Sandhai ),Ridgeguard(Tori),Ridgeguard(Tori),Local,31/07/2026,4000,6000,5000
Tamil Nadu,Madurai,Palanganatham(Uzhavar Sandhai ),Colacasia,Colacasia,Local,31/07/2026,4000,5000,4500
Tamil Nadu,Madurai,Palanganatham(Uzhavar Sandhai ),Mashrooms,Mashrooms,Local,31/07/2026,22500,25000,23750
Tamil Nadu,Madurai,Palanganatham(Uzhavar Sandhai ),Amla(Nelli Kai),Amla,Local,31/07/2026,6000,6500,6250
Tamil Nadu,Madurai,Palanganatham(Uzhavar Sandhai ),Onion Green,Onion Green,Local,31/07/2026,5500,6500,6000
Tamil Nadu,Madurai,Anna nagar(Uzhavar Sandhai ),Groundnut,Big (With Shell),Local,31/07/2026,8000,8000,8000
Tamil Nadu,Madurai,Anna nagar(Uzhavar Sandhai ),Apple,American,Local,31/07/2026,20000,21000,20500
Tamil Nadu,Madurai,Anna nagar(Uzhavar Sandhai ),Orange,Darjeeling,Local,31/07/2026,12000,12000,12000
Tamil Nadu,Madurai,Anna nagar(Uzhavar Sandhai ),Banana,Red Banana,Local,31/07/2026,8000,8000,8000
Tamil Nadu,Madurai,Anna nagar(Uzhavar Sandhai ),Pineapple,Pine Apple,Local,31/07/2026,8000,8000,8000
Tamil Nadu,Madurai,Anna nagar(Uzhavar Sandhai ),Grapes,Annabesahai,Local,31/07/2026,10000,10000,10000
Tamil Nadu,Madurai,Anna nagar(Uzhavar Sandhai ),Onion,Bellary,Local,31/07/2026,3600,4400,4000
Tamil Nadu,Madurai,Anna nagar(Uzhavar Sandhai ),Potato,Other,Local,31/07/2026,7200,7200,7200
Tamil Nadu,Madurai,Anna nagar(Uzhavar Sandhai ),Chili Red,Bold,Local,31/07/2026,20000,22000,21000
Tamil Nadu,Madurai,Anna nagar(Uzhavar Sandhai ),Tomato,Other,Local,31/07/2026,2000,2000,2000
Tamil Nadu,Madurai,Anna nagar(Uzhavar Sandhai ),Cluster beans,Cluster Beans,Local,31/07/2026,3600,3600,3600
Tamil Nadu,Madurai,Anna nagar(Uzhavar Sandhai ),Bitter gourd,Bitter Gourd,Local,31/07/2026,6600,6600,6600
Tamil Nadu,Madurai,Anna nagar(Uzhavar Sandhai ),Amaranthus,Amaranthus,Local,31/07/2026,2000,2000,2000
Tamil Nadu,Madurai,Anna nagar(Uzhavar Sandhai ),Cowpea(Veg),Cowpea (Veg),Local,31/07/2026,4200,4200,4200
Tamil Nadu,Madurai,Anna nagar(Uzhavar Sandhai ),Beans,Beans (Whole),Local,31/07/2026,10000,10000,10000
Tamil Nadu,Madurai,Anna nagar(Uzhavar Sandhai ),Tapioca,Tapioca,Local,31/07/2026,3600,3600,3600
Tamil Nadu,Madurai,Anna nagar(Uzhavar Sandhai ),Ginger(Green),Green Ginger,Local,31/07/2026,20000,20000,20000
Tamil Nadu,Madurai,Anna nagar(Uzhavar Sandhai ),Coconut,Coconut,Local,31/07/2026,6200,6200,6200
Tamil Nadu,Madurai,Anna nagar(Uzhavar Sandhai ),Carrot,Pusakesar,Local,31/07/2026,10000,10000,10000
Tamil Nadu,Madurai,Anna nagar(Uzhavar Sandhai ),Cucumbar(Kheera),Cucumbar,Local,31/07/2026,4600,4600,4600
Tamil Nadu,Madurai,Anna nagar(Uzhavar Sandhai ),Thondekai,Thondekai,Local,31/07/2026,5600,5600,5600
Tamil Nadu,Madurai,Anna nagar(Uzhavar Sandhai ),Jasmine,Jasmine,Local,31/07/2026,35000,35000,35000
Tamil Nadu,Madurai,Anna nagar(Uzhavar Sandhai ),Elephant Yam(Suran)/Amorphophallus,Elephant Yam (Suran),Local,31/07/2026,5000,5000,5000
Tamil Nadu,Madurai,Anna nagar(Uzhavar Sandhai ),Indian Beans(Seam),Indian Beans (Seam),Local,31/07/2026,6600,6600,6600
Tamil Nadu,Madurai,Anna nagar(Uzhavar Sandhai ),Lemon,Lemon,Local,31/07/2026,7000,7000,7000
Tamil Nadu,Madurai,Anna nagar(Uzhavar Sandhai ),Mashrooms,Mashrooms,Local,31/07/2026,22000,22000,22000
Tamil Nadu,Perambalur,Perambalur(Uzhavar Sandhai ),Apple,American,Local,31/07/2026,23000,25000,24000
Tamil Nadu,Perambalur,Perambalur(Uzhavar Sandhai ),Banana,Red Banana,Local,31/07/2026,7000,8000,7500
Tamil Nadu,Perambalur,Perambalur(Uzhavar Sandhai ),Mango,Neelam,Local,31/07/2026,5000,6000,5500
Tamil Nadu,Perambalur,Perambalur(Uzhavar Sandhai ),Garlic,Garlic,Local,31/07/2026,18000,19000,18500
Tamil Nadu,Perambalur,Perambalur(Uzhavar Sandhai ),Brinjal,Other,Local,31/07/2026,4800,5000,4900
Tamil Nadu,Perambalur,Perambalur(Uzhavar Sandhai ),Coriander(Leaves),I Sort,Local,31/07/2026,3600,4000,3800
Tamil Nadu,Perambalur,Perambalur(Uzhavar Sandhai ),Bitter gourd,Bitter Gourd,Local,31/07/2026,6000,6400,6200
Tamil Nadu,Perambalur,Perambalur(Uzhavar Sandhai ),Pumpkin,Pumpkin,Local,31/07/2026,2000,2400,2200
Tamil Nadu,Perambalur,Perambalur(Uzhavar Sandhai ),Bhindi(Ladies Finger),Bhindi,Local,31/07/2026,4000,4400,4200
Tamil Nadu,Perambalur,Perambalur(Uzhavar Sandhai ),Amaranthus,Amaranthus,Local,31/07/2026,2000,3000,2500
Tamil Nadu,Perambalur,Perambalur(Uzhavar Sandhai ),Cowpea(Veg),Cowpea (Veg),Local,31/07/2026,5200,5200,5200
Tamil Nadu,Perambalur,Perambalur(Uzhavar Sandhai ),Banana - Green,Banana - Green,Local,31/07/2026,3000,4000,3500
Tamil Nadu,Perambalur,Perambalur(Uzhavar Sandhai ),Beetroot,Beetroot,Local,31/07/2026,5000,5400,5200
Tamil Nadu,Perambalur,Perambalur(Uzhavar Sandhai ),Mango(Raw-Ripe),Mango - Raw-Ripe,Local,31/07/2026,4800,5600,5200
Tamil Nadu,Perambalur,Perambalur(Uzhavar Sandhai ),Elephant Yam(Suran)/Amorphophallus,Elephant Yam (Suran),Local,31/07/2026,5600,6000,5800
Tamil Nadu,Salem,Mecheri(Uzhavar Sandhai),Banana,Karpura,Local,31/07/2026,3500,4000,3750
Tamil Nadu,Salem,Mecheri(Uzhavar Sandhai),Bottle gourd,Bottle Gourd,Local,31/07/2026,2000,2500,2250
Tamil Nadu,Salem,Mecheri(Uzhavar Sandhai),Amaranthus,Amaranthus,Local,31/07/2026,2000,2500,2250
Tamil Nadu,Salem,Mecheri(Uzhavar Sandhai),Banana - Green,Banana - Green,Local,31/07/2026,2000,2500,2250
Tamil Nadu,Salem,Mecheri(Uzhavar Sandhai),Snakeguard,Snakeguard,Local,31/07/2026,3500,4000,3750
Tamil Nadu,Salem,Mecheri(Uzhavar Sandhai),Ridgeguard(Tori),Ridgeguard(Tori),Local,31/07/2026,4000,4500,4250
Tamil Nadu,Ranipet,Arcot(Uzhavar Sandhai ),Mango,Neelam,Local,31/07/2026,6000,6000,6000
Tamil Nadu,Ranipet,Arcot(Uzhavar Sandhai ),Onion,Bellary,Local,31/07/2026,3600,3600,3600
Tamil Nadu,Ranipet,Arcot(Uzhavar Sandhai ),Ashgourd,Gouard,Local,31/07/2026,3000,3000,3000
Tamil Nadu,Ranipet,Arcot(Uzhavar Sandhai ),Amaranthus,Amaranthus,Local,31/07/2026,2500,3000,2750
Tamil Nadu,Ranipet,Arcot(Uzhavar Sandhai ),Beans,Beans (Whole),Local,31/07/2026,8000,8000,8000
Tamil Nadu,Ranipet,Arcot(Uzhavar Sandhai ),Ginger(Green),Green Ginger,Local,31/07/2026,18000,18000,18000
Tamil Nadu,Ranipet,Arcot(Uzhavar Sandhai ),Snakeguard,Snakeguard,Local,31/07/2026,4000,4000,4000
Tamil Nadu,Ranipet,Arcot(Uzhavar Sandhai ),Green Avare(W),Green Avare (W),Local,31/07/2026,6000,6000,6000
Tamil Nadu,Ranipet,Arcot(Uzhavar Sandhai ),Lemon,Lemon,Local,31/07/2026,6000,6000,6000
Tamil Nadu,Ranipet,Arcot(Uzhavar Sandhai ),Mint(Pudina),Mint(Pudina),Local,31/07/2026,3000,3000,3000
Tamil Nadu,Ranipet,Arcot(Uzhavar Sandhai ),Sweet Corn ,Sweet Corn ,Local,31/07/2026,4000,4000,4000
Tamil Nadu,Ranipet,Ranipettai(Uzhavar Sandhai ),Groundnut,Big (With Shell),Local,31/07/2026,7000,7000,7000
Tamil Nadu,Ranipet,Ranipettai(Uzhavar Sandhai ),Potato,Other,Local,31/07/2026,3500,3500,3500
Tamil Nadu,Ranipet,Ranipettai(Uzhavar Sandhai ),Papaya,Papaya,Local,31/07/2026,4000,4000,4000
Tamil Nadu,Ranipet,Ranipettai(Uzhavar Sandhai ),Cluster beans,Cluster Beans,Local,31/07/2026,4400,4400,4400
Tamil Nadu,Ranipet,Ranipettai(Uzhavar Sandhai ),Ginger(Green),Green Ginger,Local,31/07/2026,15000,19000,17000
Tamil Nadu,Ranipet,Ranipettai(Uzhavar Sandhai ),Carrot,Pusakesar,Local,31/07/2026,6500,6500,6500
Tamil Nadu,Ranipet,Ranipettai(Uzhavar Sandhai ),Beetroot,Beetroot,Local,31/07/2026,5000,5000,5000
Tamil Nadu,Ranipet,Ranipettai(Uzhavar Sandhai ),Cucumbar(Kheera),Cucumbar,Local,31/07/2026,4000,4000,4000
Tamil Nadu,Ranipet,Ranipettai(Uzhavar Sandhai ),Raddish,Raddish,Local,31/07/2026,3000,3000,3000
Tamil Nadu,Ranipet,Ranipettai(Uzhavar Sandhai ),Jasmine,Jasmine,Local,31/07/2026,72000,72000,72000
Tamil Nadu,Ranipet,Ranipettai(Uzhavar Sandhai ),Elephant Yam(Suran)/Amorphophallus,Elephant Yam (Suran),Local,31/07/2026,5000,6000,5500
Tamil Nadu,Ranipet,Ranipettai(Uzhavar Sandhai ),Colacasia,Colacasia,Local,31/07/2026,4000,4000,4000
Tamil Nadu,Ranipet,Ranipettai(Uzhavar Sandhai ),Custard Apple(Sharifa),Custard Apple(Sharifa),Local,31/07/2026,6000,8000,7000
Tamil Nadu,Salem,Ammapet(Uzhavar Sandhai ),Banana,Red Banana,Local,31/07/2026,7000,7500,7250
Tamil Nadu,Salem,Ammapet(Uzhavar Sandhai ),Onion,Bellary,Local,31/07/2026,3600,4000,3800
Tamil Nadu,Salem,Ammapet(Uzhavar Sandhai ),Brinjal,Round,Local,31/07/2026,4200,4500,4350
Tamil Nadu,Salem,Ammapet(Uzhavar Sandhai ),Coriander(Leaves),I Sort,Local,31/07/2026,3800,4000,3900
Tamil Nadu,Salem,Ammapet(Uzhavar Sandhai ),Bitter gourd,Other,Local,31/07/2026,4600,5000,4800
Tamil Nadu,Salem,Ammapet(Uzhavar Sandhai ),Bottle gourd,Bottle Gourd,Local,31/07/2026,2000,3000,2500
Tamil Nadu,Salem,Ammapet(Uzhavar Sandhai ),Pumpkin,Pumpkin,Local,31/07/2026,2200,2400,2300
Tamil Nadu,Salem,Ammapet(Uzhavar Sandhai ),Beans,Beans (Whole),Local,31/07/2026,6000,9000,7500
Tamil Nadu,Salem,Ammapet(Uzhavar Sandhai ),Coconut,Coconut,Local,31/07/2026,5600,6000,5800
Tamil Nadu,Salem,Ammapet(Uzhavar Sandhai ),Cabbage,Cabbage,Local,31/07/2026,3600,4000,3800
Tamil Nadu,Salem,Ammapet(Uzhavar Sandhai ),Knool Khol,Knool Khol,Local,31/07/2026,4600,5000,4800
Tamil Nadu,Salem,Ammapet(Uzhavar Sandhai ),Tender Coconut,Tender Coconut,Local,31/07/2026,2000,4000,3000
Tamil Nadu,Salem,Ammapet(Uzhavar Sandhai ),Amla(Nelli Kai),Amla,Local,31/07/2026,7000,7500,7250
Tamil Nadu,Salem,Mettur(Uzhavar Sandhai ),Potato,Other,Local,31/07/2026,3500,4000,3750
Tamil Nadu,Salem,Mettur(Uzhavar Sandhai ),Garlic,Garlic,Local,31/07/2026,24000,26000,25000
Tamil Nadu,Salem,Mettur(Uzhavar Sandhai ),Bitter gourd,Other,Local,31/07/2026,4500,5000,4750
Tamil Nadu,Salem,Mettur(Uzhavar Sandhai ),Bottle gourd,Bottle Gourd,Local,31/07/2026,1500,2000,1750
Tamil Nadu,Salem,Mettur(Uzhavar Sandhai ),Pumpkin,Pumpkin,Local,31/07/2026,2000,2500,2250
Tamil Nadu,Salem,Mettur(Uzhavar Sandhai ),Bhindi(Ladies Finger),Bhindi,Local,31/07/2026,2500,3000,2750
Tamil Nadu,Salem,Mettur(Uzhavar Sandhai ),Banana - Green,Banana - Green,Local,31/07/2026,3500,4000,3750
Tamil Nadu,Salem,Mettur(Uzhavar Sandhai ),Cucumbar(Kheera),Cucumbar,Local,31/07/2026,3500,4000,3750
Tamil Nadu,Salem,Mettur(Uzhavar Sandhai ),Green Avare(W),Other,Local,31/07/2026,5500,6000,5750
Tamil Nadu,Salem,Mettur(Uzhavar Sandhai ),Chow Chow,Chow Chow,Local,31/07/2026,3500,4000,3750
Tamil Nadu,Salem,Mettur(Uzhavar Sandhai ),Marigold(Calcutta),Marigold(Calcutta),Local,31/07/2026,22000,24000,23000
Tamil Nadu,Salem,Mettur(Uzhavar Sandhai ),Indian Beans(Seam),Indian Beans (Seam),Local,31/07/2026,6000,6500,6250
Tamil Nadu,Salem,Mettur(Uzhavar Sandhai ),Mint(Pudina),Mint(Pudina),Local,31/07/2026,2500,3000,2750
Tamil Nadu,Salem,Sooramangalam(Uzhavar Sandhai ),Banana,Red Banana,Local,31/07/2026,7000,7500,7250
Tamil Nadu,Salem,Sooramangalam(Uzhavar Sandhai ),Mango,Neelam,Local,31/07/2026,4000,5000,4500
Tamil Nadu,Salem,Sooramangalam(Uzhavar Sandhai ),Coriander(Leaves),I Sort,Local,31/07/2026,3400,3600,3500
Tamil Nadu,Salem,Sooramangalam(Uzhavar Sandhai ),Green Peas,Green Peas,Local,31/07/2026,13500,14000,13750
Tamil Nadu,Salem,Sooramangalam(Uzhavar Sandhai ),Papaya,Papaya,Local,31/07/2026,3500,4000,3750
Tamil Nadu,Salem,Sooramangalam(Uzhavar Sandhai ),Cluster beans,Cluster Beans,Local,31/07/2026,3000,3400,3200
Tamil Nadu,Salem,Sooramangalam(Uzhavar Sandhai ),Bitter gourd,Other,Local,31/07/2026,5000,5500,5250
Tamil Nadu,Salem,Sooramangalam(Uzhavar Sandhai ),Amaranthus,Amaranthus,Local,31/07/2026,1800,2000,1900
Tamil Nadu,Salem,Sooramangalam(Uzhavar Sandhai ),Cowpea(Veg),Cowpea (Veg),Local,31/07/2026,4000,4500,4250
Tamil Nadu,Salem,Sooramangalam(Uzhavar Sandhai ),Coconut,Coconut,Local,31/07/2026,5500,6000,5750
Tamil Nadu,Salem,Sooramangalam(Uzhavar Sandhai ),Sweet Potato,Hosur Red,Local,31/07/2026,4000,4500,4250
Tamil Nadu,Salem,Sooramangalam(Uzhavar Sandhai ),Snakeguard,Snakeguard,Local,31/07/2026,3800,4000,3900
Tamil Nadu,Salem,Sooramangalam(Uzhavar Sandhai ),Ridgeguard(Tori),Ridgeguard(Tori),Local,31/07/2026,3000,4000,3500
Tamil Nadu,Salem,Sooramangalam(Uzhavar Sandhai ),Capsicum,Capsicum,Local,31/07/2026,6500,7000,6750
Tamil Nadu,Salem,Sooramangalam(Uzhavar Sandhai ),Tender Coconut,Tender Coconut,Local,31/07/2026,3500,4000,3750
Tamil Nadu,Salem,Sooramangalam(Uzhavar Sandhai ),Yam(Ratalu),Yam (Ratalu),Local,31/07/2026,8000,8500,8250
Tamil Nadu,Salem,Sooramangalam(Uzhavar Sandhai ),Custard Apple(Sharifa),Custard Apple(Sharifa),Local,31/07/2026,3500,4000,3750
Tamil Nadu,Salem,Sooramangalam(Uzhavar Sandhai ),Sweet Corn ,Sweet Corn ,Local,31/07/2026,3000,3500,3250
Tamil Nadu,Salem,Thammampatti (Uzhavar Sandhai ),Banana,Red Banana,Local,31/07/2026,6000,6500,6250
Tamil Nadu,Salem,Thammampatti (Uzhavar Sandhai ),Garlic,Garlic,Local,31/07/2026,20000,24000,22000
Tamil Nadu,Salem,Thammampatti (Uzhavar Sandhai ),Cabbage,Cabbage,Local,31/07/2026,3500,4000,3750
Tamil Nadu,Salem,Thammampatti (Uzhavar Sandhai ),Beetroot,Beetroot,Local,31/07/2026,6000,6500,6250
Tamil Nadu,Salem,Thammampatti (Uzhavar Sandhai ),Thondekai,Thondekai,Local,31/07/2026,4500,5000,4750
Tamil Nadu,Salem,Thammampatti (Uzhavar Sandhai ),Drumstick,Drumstick,Local,31/07/2026,4000,5000,4500
Tamil Nadu,Salem,Thathakapatti(Uzhavar Sandhai ),Papaya,Papaya,Local,31/07/2026,3500,4000,3750
Tamil Nadu,Salem,Thathakapatti(Uzhavar Sandhai ),Green Chilli,Green Chilly,Local,31/07/2026,4500,4500,4500
Tamil Nadu,Salem,Thathakapatti(Uzhavar Sandhai ),Coconut,Coconut,Local,31/07/2026,5000,6000,5500
Tamil Nadu,Salem,Thathakapatti(Uzhavar Sandhai ),Sweet Potato,Hosur Red,Local,31/07/2026,3500,4000,3750
Tamil Nadu,Salem,Thathakapatti(Uzhavar Sandhai ),Cabbage,Cabbage,Local,31/07/2026,3000,4000,3500
Tamil Nadu,Salem,Thathakapatti(Uzhavar Sandhai ),Beetroot,Beetroot,Local,31/07/2026,6500,7500,7000
Tamil Nadu,Salem,Thathakapatti(Uzhavar Sandhai ),Chow Chow,Chow Chow,Local,31/07/2026,3000,3400,3200
Tamil Nadu,Salem,Thathakapatti(Uzhavar Sandhai ),Mango(Raw-Ripe),Mango - Raw-Ripe,Local,31/07/2026,3500,4000,3750
Tamil Nadu,Salem,Thathakapatti(Uzhavar Sandhai ),Guava,Guava Allahabad,Local,31/07/2026,5000,6000,5500
Tamil Nadu,Salem,Thathakapatti(Uzhavar Sandhai ),Jasmine,Jasmine,Local,31/07/2026,40000,45000,42500
Tamil Nadu,Salem,Thathakapatti(Uzhavar Sandhai ),Onion Green,Onion Green,Local,31/07/2026,4500,5400,4950
Tamil Nadu,Salem,Thathakapatti(Uzhavar Sandhai ),Tube Rose(Loose),Tube Rose (Loose),Local,31/07/2026,15000,16000,15500
Tamil Nadu,Tenkasi,Sankarankoil(Uzhavar Sandhai ),Papaya,Papaya,Local,31/07/2026,3000,3500,3250
Tamil Nadu,Tenkasi,Sankarankoil(Uzhavar Sandhai ),Cluster beans,Cluster Beans,Local,31/07/2026,6000,6000,6000
Tamil Nadu,Tenkasi,Sankarankoil(Uzhavar Sandhai ),Bitter gourd,Bitter Gourd,Local,31/07/2026,11000,11000,11000
Tamil Nadu,Tenkasi,Sankarankoil(Uzhavar Sandhai ),Ashgourd,Gouard,Local,31/07/2026,2500,2500,2500
Tamil Nadu,Tenkasi,Sankarankoil(Uzhavar Sandhai ),Pumpkin,Pumpkin,Local,31/07/2026,2000,2000,2000
Tamil Nadu,Tenkasi,Sankarankoil(Uzhavar Sandhai ),Bhindi(Ladies Finger),Bhindi,Local,31/07/2026,4000,4000,4000
Tamil Nadu,Tenkasi,Sankarankoil(Uzhavar Sandhai ),Beans,Beans (Whole),Local,31/07/2026,12000,12000,12000
Tamil Nadu,Tenkasi,Sankarankoil(Uzhavar Sandhai ),Snakeguard,Snakeguard,Local,31/07/2026,3000,3000,3000
Tamil Nadu,Tenkasi,Sankarankoil(Uzhavar Sandhai ),Green Avare(W),Green Avare (W),Local,31/07/2026,8000,8000,8000
Tamil Nadu,Tenkasi,Sankarankoil(Uzhavar Sandhai ),Drumstick,Drumstick,Local,31/07/2026,5000,5000,5000
Tamil Nadu,Tenkasi,Sankarankoil(Uzhavar Sandhai ),Mint(Pudina),Mint(Pudina),Local,31/07/2026,7000,7000,7000
Tamil Nadu,Tenkasi,Tenkasi(Uzhavar Sandhai ),Garlic,Garlic,Local,31/07/2026,15000,15000,15000
Tamil Nadu,Tenkasi,Tenkasi(Uzhavar Sandhai ),Beans,Beans (Whole),Local,31/07/2026,10000,10000,10000
Tamil Nadu,Tenkasi,Tenkasi(Uzhavar Sandhai ),Beetroot,Beetroot,Local,31/07/2026,5000,5000,5000
Tamil Nadu,Tenkasi,Tenkasi(Uzhavar Sandhai ),Ridgeguard(Tori),Ridgeguard(Tori),Local,31/07/2026,4000,4000,4000
Tamil Nadu,Tenkasi,Tenkasi(Uzhavar Sandhai ),Mango(Raw-Ripe),Mango - Raw-Ripe,Local,31/07/2026,5000,5000,5000
Tamil Nadu,Tenkasi,Tenkasi(Uzhavar Sandhai ),Lime,Lime,Local,31/07/2026,4000,4000,4000
Tamil Nadu,Tenkasi,Tenkasi(Uzhavar Sandhai ),Tender Coconut,Tender Coconut,Local,31/07/2026,4000,4000,4000
Tamil Nadu,Tenkasi,Tenkasi(Uzhavar Sandhai ),Onion Green,Onion Green,Local,31/07/2026,5000,6000,5500
Tamil Nadu,Tenkasi,Tenkasi(Uzhavar Sandhai ),Mint(Pudina),Mint(Pudina),Local,31/07/2026,6000,6000,6000
Tamil Nadu,Pudukkottai,Pudukottai(Uzhavar Sandhai ),Groundnut,Big (With Shell),Local,31/07/2026,6000,7000,6500
Tamil Nadu,Pudukkottai,Pudukottai(Uzhavar Sandhai ),Pineapple,Pine Apple,Local,31/07/2026,3000,4000,3500
Tamil Nadu,Pudukkottai,Pudukottai(Uzhavar Sandhai ),Tomato,Deshi,Local,31/07/2026,2000,2500,2250
Tamil Nadu,Pudukkottai,Pudukottai(Uzhavar Sandhai ),Bottle gourd,Bottle Gourd,Local,31/07/2026,2500,3000,2750
Tamil Nadu,Pudukkottai,Pudukottai(Uzhavar Sandhai ),Ashgourd,Gouard,Local,31/07/2026,1000,1500,1250
Tamil Nadu,Pudukkottai,Pudukottai(Uzhavar Sandhai ),Snakeguard,Snakeguard,Local,31/07/2026,3000,3500,3250
Tamil Nadu,Pudukkottai,Pudukottai(Uzhavar Sandhai ),Ridgeguard(Tori),Ridgeguard(Tori),Local,31/07/2026,6000,7000,6500
Tamil Nadu,Pudukkottai,Pudukottai(Uzhavar Sandhai ),Raddish,Raddish,Local,31/07/2026,3000,4000,3500
Tamil Nadu,Pudukkottai,Pudukottai(Uzhavar Sandhai ),Thondekai,Thondekai,Local,31/07/2026,4000,5000,4500
Tamil Nadu,Pudukkottai,Pudukottai(Uzhavar Sandhai ),Chow Chow,Chow Chow,Local,31/07/2026,4000,4500,4250
Tamil Nadu,Pudukkottai,Pudukottai(Uzhavar Sandhai ),Drumstick,Drumstick,Local,31/07/2026,6000,7000,6500
Tamil Nadu,Pudukkottai,Pudukottai(Uzhavar Sandhai ),Lime,Lime,Local,31/07/2026,1500,2000,1750
Tamil Nadu,Pudukkottai,Pudukottai(Uzhavar Sandhai ),Pomegranate,Pomogranate,Local,31/07/2026,24000,25000,24500
Tamil Nadu,Pudukkottai,Pudukottai(Uzhavar Sandhai ),Elephant Yam(Suran)/Amorphophallus,Elephant Yam (Suran),Local,31/07/2026,5000,6000,5500
Tamil Nadu,Pudukkottai,Pudukottai(Uzhavar Sandhai ),Onion Green,Onion Green,Local,31/07/2026,6500,7000,6750
Tamil Nadu,Pudukkottai,Pudukottai(Uzhavar Sandhai ),Mint(Pudina),Mint(Pudina),Local,31/07/2026,4000,5000,4500
Tamil Nadu,Thanjavur,Kumbakonam (Uzhavar Sandhai ),Garlic,Garlic,Local,31/07/2026,20000,20000,20000
Tamil Nadu,Thanjavur,Kumbakonam (Uzhavar Sandhai ),Cauliflower,Ranchi,Local,31/07/2026,4800,4800,4800
Tamil Nadu,Thanjavur,Kumbakonam (Uzhavar Sandhai ),Tomato,Deshi,Local,31/07/2026,2000,2500,2250
Tamil Nadu,Thanjavur,Kumbakonam (Uzhavar Sandhai ),Bhindi(Ladies Finger),Bhindi,Local,31/07/2026,4800,4800,4800
Tamil Nadu,Thanjavur,Kumbakonam (Uzhavar Sandhai ),Banana - Green,Banana - Green,Local,31/07/2026,4800,4800,4800
Tamil Nadu,Thanjavur,Kumbakonam (Uzhavar Sandhai ),Coconut,Coconut,Local,31/07/2026,6000,6000,6000
Tamil Nadu,Thanjavur,Kumbakonam (Uzhavar Sandhai ),Cabbage,Cabbage,Local,31/07/2026,4200,4200,4200
Tamil Nadu,Thanjavur,Kumbakonam (Uzhavar Sandhai ),Snakeguard,Snakeguard,Local,31/07/2026,4800,4800,4800
Tamil Nadu,Thanjavur,Kumbakonam (Uzhavar Sandhai ),Green Avare(W),Green Avare (W),Local,31/07/2026,8400,8400,8400
Tamil Nadu,Thanjavur,Kumbakonam (Uzhavar Sandhai ),Yam(Ratalu),Yam (Ratalu),Local,31/07/2026,9600,9600,9600
Tamil Nadu,The Nilgiris,Udhagamandalam(Uzhavar Sandhai ),Apple,American,Local,31/07/2026,20000,25000,22500
Tamil Nadu,The Nilgiris,Udhagamandalam(Uzhavar Sandhai ),Banana,Besrai,Local,31/07/2026,3500,5000,4250
Tamil Nadu,The Nilgiris,Udhagamandalam(Uzhavar Sandhai ),Grapes,Annabesahai,Local,31/07/2026,8000,10000,9000
Tamil Nadu,The Nilgiris,Udhagamandalam(Uzhavar Sandhai ),Green Peas,Green Peas,Local,31/07/2026,10000,13000,11500
Tamil Nadu,The Nilgiris,Udhagamandalam(Uzhavar Sandhai ),Papaya,Papaya,Local,31/07/2026,4000,4500,4250
Tamil Nadu,The Nilgiris,Udhagamandalam(Uzhavar Sandhai ),Ashgourd,Gouard,Local,31/07/2026,1500,2000,1750
Tamil Nadu,The Nilgiris,Udhagamandalam(Uzhavar Sandhai ),Bhindi(Ladies Finger),Bhindi,Local,31/07/2026,4500,5000,4750
Tamil Nadu,The Nilgiris,Udhagamandalam(Uzhavar Sandhai ),Cowpea(Veg),Cowpea (Veg),Local,31/07/2026,3000,3500,3250
Tamil Nadu,The Nilgiris,Udhagamandalam(Uzhavar Sandhai ),Banana - Green,Banana - Green,Local,31/07/2026,4000,4500,4250
Tamil Nadu,The Nilgiris,Udhagamandalam(Uzhavar Sandhai ),Cabbage,Cabbage,Local,31/07/2026,2500,3000,2750
Tamil Nadu,The Nilgiris,Udhagamandalam(Uzhavar Sandhai ),Snakeguard,Snakeguard,Local,31/07/2026,3500,3800,3650
Tamil Nadu,The Nilgiris,Udhagamandalam(Uzhavar Sandhai ),Ridgeguard(Tori),Ridgeguard(Tori),Local,31/07/2026,5000,5400,5200
Tamil Nadu,The Nilgiris,Udhagamandalam(Uzhavar Sandhai ),Thondekai,Thondekai,Local,31/07/2026,4500,5000,4750
Tamil Nadu,The Nilgiris,Udhagamandalam(Uzhavar Sandhai ),Mango(Raw-Ripe),Mango - Raw-Ripe,Local,31/07/2026,4500,5000,4750
Tamil Nadu,The Nilgiris,Udhagamandalam(Uzhavar Sandhai ),Knool Khol,Knool Khol,Local,31/07/2026,3500,4000,3750
Tamil Nadu,The Nilgiris,Udhagamandalam(Uzhavar Sandhai ),Onion Green,Onion Green,Local,31/07/2026,6000,6500,6250
Tamil Nadu,Theni,Andipatti(Uzhavar Sandhai ),Banana,Karpura,Local,31/07/2026,4500,5000,4750
Tamil Nadu,Theni,Andipatti(Uzhavar Sandhai ),Coriander(Leaves),I Sort,Local,31/07/2026,3800,3800,3800
Tamil Nadu,Theni,Andipatti(Uzhavar Sandhai ),Tomato,Other,Local,31/07/2026,1800,2000,1900
Tamil Nadu,Theni,Andipatti(Uzhavar Sandhai ),Pumpkin,Pumpkin,Local,31/07/2026,1600,1800,1700
Tamil Nadu,Theni,Andipatti(Uzhavar Sandhai ),Green Chilli,Green Chilly,Local,31/07/2026,4000,4500,4250
Tamil Nadu,Theni,Andipatti(Uzhavar Sandhai ),Ginger(Green),Green Ginger,Local,31/07/2026,10000,18000,14000
Tamil Nadu,Theni,Andipatti(Uzhavar Sandhai ),Raddish,Raddish,Local,31/07/2026,2400,2600,2500
Tamil Nadu,Theni,Andipatti(Uzhavar Sandhai ),Lime,Lime,Local,31/07/2026,12500,13000,12750
Tamil Nadu,Theni,Andipatti(Uzhavar Sandhai ),Indian Beans(Seam),Indian Beans (Seam),Local,31/07/2026,5400,5800,5600
Tamil Nadu,Theni,Bodinayakanur(Uzhavar Sandhai ),Potato,Other,Local,31/07/2026,2600,2600,2600
Tamil Nadu,Theni,Bodinayakanur(Uzhavar Sandhai ),Cluster beans,Cluster Beans,Local,31/07/2026,3500,3500,3500
Tamil Nadu,Theni,Bodinayakanur(Uzhavar Sandhai ),Bottle gourd,Bottle Gourd,Local,31/07/2026,1600,1600,1600
Tamil Nadu,Theni,Bodinayakanur(Uzhavar Sandhai ),Bhindi(Ladies Finger),Bhindi,Local,31/07/2026,3800,3800,3800
Tamil Nadu,Theni,Chinnamanur(Uzhavar Sandhai ),Brinjal,Other,Local,31/07/2026,2400,3600,3000
Tamil Nadu,Theni,Chinnamanur(Uzhavar Sandhai ),Cluster beans,Cluster Beans,Local,31/07/2026,3400,3400,3400
Tamil Nadu,Theni,Chinnamanur(Uzhavar Sandhai ),Cabbage,Cabbage,Local,31/07/2026,4000,4000,4000
Tamil Nadu,Theni,Chinnamanur(Uzhavar Sandhai ),Ridgeguard(Tori),Ridgeguard(Tori),Local,31/07/2026,4800,4800,4800
Tamil Nadu,Theni,Chinnamanur(Uzhavar Sandhai ),Green Avare(W),Other,Local,31/07/2026,5500,5500,5500
Tamil Nadu,Theni,Chinnamanur(Uzhavar Sandhai ),Mango(Raw-Ripe),Mango - Raw-Ripe,Local,31/07/2026,4000,4000,4000
Tamil Nadu,Theni,Chinnamanur(Uzhavar Sandhai ),Knool Khol,Knool Khol,Local,31/07/2026,4400,4400,4400
Tamil Nadu,Theni,Chinnamanur(Uzhavar Sandhai ),Colacasia,Colacasia,Local,31/07/2026,5000,5000,5000
Tamil Nadu,Theni,Kambam(Uzhavar Sandhai ),Banana,Besrai,Local,31/07/2026,2500,6000,4250
Tamil Nadu,Theni,Kambam(Uzhavar Sandhai ),Brinjal,Round,Local,31/07/2026,3500,4000,3750
Tamil Nadu,Theni,Kambam(Uzhavar Sandhai ),Papaya,Papaya,Local,31/07/2026,3000,3000,3000
Tamil Nadu,Theni,Kambam(Uzhavar Sandhai ),Tomato,Deshi,Local,31/07/2026,2000,2000,2000
Tamil Nadu,Theni,Kambam(Uzhavar Sandhai ),Amaranthus,Amaranthus,Local,31/07/2026,2000,2500,2250
Tamil Nadu,Theni,Kambam(Uzhavar Sandhai ),Banana - Green,Banana - Green,Local,31/07/2026,3000,3200,3100
Tamil Nadu,Theni,Kambam(Uzhavar Sandhai ),Cabbage,Cabbage,Local,31/07/2026,4000,4000,4000
Tamil Nadu,Theni,Kambam(Uzhavar Sandhai ),Snakeguard,Snakeguard,Local,31/07/2026,3000,4200,3600
Tamil Nadu,Theni,Theni(Uzhavar Sandhai ),Raddish,Raddish,Local,31/07/2026,2600,2600,2600
Tamil Nadu,Theni,Theni(Uzhavar Sandhai ),Soyabean,Local,Local,31/07/2026,10000,10000,10000
Tamil Nadu,Theni,Theni(Uzhavar Sandhai ),Apple,American,Local,31/07/2026,14000,26000,20000
Tamil Nadu,Theni,Theni(Uzhavar Sandhai ),Garlic,Garlic,Local,31/07/2026,10000,20000,15000
Tamil Nadu,Theni,Theni(Uzhavar Sandhai ),Brinjal,Other,Local,31/07/2026,3500,3800,3650
Tamil Nadu,Theni,Theni(Uzhavar Sandhai ),Tomato,Local,Local,31/07/2026,1500,1800,1650
Tamil Nadu,Theni,Theni(Uzhavar Sandhai ),Cluster beans,Cluster Beans,Local,31/07/2026,3400,3400,3400
Tamil Nadu,Theni,Theni(Uzhavar Sandhai ),Knool Khol,Knool Khol,Local,31/07/2026,4400,4400,4400
Tamil Nadu,Theni,Theni(Uzhavar Sandhai ),Pomegranate,Pomogranate,Local,31/07/2026,14000,26000,20000
Tamil Nadu,Thirunelveli,Ambasamudram(Uzhavar Sandhai ),Tomato,Other,Local,31/07/2026,1700,2000,1850
Tamil Nadu,Thirunelveli,Ambasamudram(Uzhavar Sandhai ),Banana - Green,Banana - Green,Local,31/07/2026,2500,3000,2750
Tamil Nadu,Thirunelveli,Kandiyaperi(Uzhavar Sandhai ),Tomato,Other,Local,31/07/2026,2000,2500,2250
Tamil Nadu,Thirunelveli,Kandiyaperi(Uzhavar Sandhai ),Green Chilli,Green Chilly,Local,31/07/2026,3200,3800,3500
Tamil Nadu,Thirunelveli,Kandiyaperi(Uzhavar Sandhai ),Onion Green,Onion Green,Local,31/07/2026,4500,6500,5500
Tamil Nadu,Thirunelveli,Melapalayam(Uzhavar Sandhai ),Cauliflower,Ranchi,Local,31/07/2026,4200,4400,4300
Tamil Nadu,Thirunelveli,Melapalayam(Uzhavar Sandhai ),Brinjal,Other,Local,31/07/2026,2500,3000,2750
Tamil Nadu,Thirunelveli,Melapalayam(Uzhavar Sandhai ),Chikoos(Sapota),Sapota,Local,31/07/2026,4000,5000,4500
Tamil Nadu,Thirunelveli,Melapalayam(Uzhavar Sandhai ),Bottle gourd,Bottle Gourd,Local,31/07/2026,1000,1200,1100
Tamil Nadu,Thirunelveli,Melapalayam(Uzhavar Sandhai ),Banana - Green,Banana - Green,Local,31/07/2026,2500,3000,2750
Tamil Nadu,Thirunelveli,Melapalayam(Uzhavar Sandhai ),Cabbage,Cabbage,Local,31/07/2026,3800,4000,3900
Tamil Nadu,Thirunelveli,Melapalayam(Uzhavar Sandhai ),Beetroot,Beetroot,Local,31/07/2026,4800,8000,6400
Tamil Nadu,Thirunelveli,Melapalayam(Uzhavar Sandhai ),Capsicum,Capsicum,Local,31/07/2026,5000,5500,5250
Tamil Nadu,Thirunelveli,Melapalayam(Uzhavar Sandhai ),Chow Chow,Chow Chow,Local,31/07/2026,3000,3600,3300
Tamil Nadu,Thirunelveli,NGO Colony(Uzhavar Sandhai ),Onion,Bellary,Local,31/07/2026,3400,3800,3600
Tamil Nadu,Thirunelveli,NGO Colony(Uzhavar Sandhai ),Bitter gourd,Bitter Gourd,Local,31/07/2026,5500,6500,6000
Tamil Nadu,Thirunelveli,NGO Colony(Uzhavar Sandhai ),Ashgourd,Gouard,Local,31/07/2026,1400,1600,1500
Tamil Nadu,Thirunelveli,NGO Colony(Uzhavar Sandhai ),Banana - Green,Banana - Green,Local,31/07/2026,2500,3000,2750
Tamil Nadu,Thirunelveli,Palayamkottai(Uzhavar Sandhai ),Apple,American,Local,31/07/2026,24000,26000,25000
Tamil Nadu,Thirunelveli,Palayamkottai(Uzhavar Sandhai ),Banana,Red Banana,Local,31/07/2026,9000,10000,9500
Tamil Nadu,Thirunelveli,Palayamkottai(Uzhavar Sandhai ),Grapes,Annabesahai,Local,31/07/2026,11000,12000,11500
Tamil Nadu,Thirunelveli,Palayamkottai(Uzhavar Sandhai ),Garlic,Garlic,Local,31/07/2026,28000,33000,30500
Tamil Nadu,Thirunelveli,Palayamkottai(Uzhavar Sandhai ),Mousambi(Sweet Lime),Mousambi,Local,31/07/2026,7000,8000,7500
Tamil Nadu,Thirunelveli,Palayamkottai(Uzhavar Sandhai ),Pumpkin,Pumpkin,Local,31/07/2026,1200,1400,1300
Tamil Nadu,Thirunelveli,Palayamkottai(Uzhavar Sandhai ),Amaranthus,Amaranthus,Local,31/07/2026,1000,1500,1250
Tamil Nadu,Thirunelveli,Palayamkottai(Uzhavar Sandhai ),Banana - Green,Banana - Green,Local,31/07/2026,2500,3000,2750
Tamil Nadu,Thirunelveli,Palayamkottai(Uzhavar Sandhai ),Green Avare(W),Other,Local,31/07/2026,7500,8000,7750
Tamil Nadu,Thirunelveli,Palayamkottai(Uzhavar Sandhai ),Chow Chow,Chow Chow,Local,31/07/2026,3400,3600,3500
Tamil Nadu,Thirunelveli,Palayamkottai(Uzhavar Sandhai ),Drumstick,Drumstick,Local,31/07/2026,2000,2400,2200
Tamil Nadu,Thirupur,Kangayam(Uzhavar Sandhai ),Papaya,Papaya,Local,31/07/2026,2500,3000,2750
Tamil Nadu,Thirupur,Kangayam(Uzhavar Sandhai ),Tomato,Local,Local,31/07/2026,1200,1600,1400
Tamil Nadu,Thirupur,Kangayam(Uzhavar Sandhai ),Bitter gourd,Bitter Gourd,Local,31/07/2026,6000,6500,6250
Tamil Nadu,Thirupur,Kangayam(Uzhavar Sandhai ),Coconut,Coconut,Local,31/07/2026,4500,5000,4750
Tamil Nadu,Thirupur,Kangayam(Uzhavar Sandhai ),Snakeguard,Snakeguard,Local,31/07/2026,4500,5000,4750
Tamil Nadu,Thirupur,Kangayam(Uzhavar Sandhai ),Mint(Pudina),Mint(Pudina),Local,31/07/2026,1500,2000,1750
Tamil Nadu,Thirupur,Tiruppur (North) (Uzhavar Sandhai ),Brinjal,Other,Local,31/07/2026,6000,7000,6500
Tamil Nadu,Thirupur,Tiruppur (North) (Uzhavar Sandhai ),Papaya,Papaya,Local,31/07/2026,2500,3000,2750
Tamil Nadu,Thirupur,Tiruppur (North) (Uzhavar Sandhai ),Sweet Potato,Hosur Red,Local,31/07/2026,3000,4000,3500
Tamil Nadu,Thirupur,Tiruppur (North) (Uzhavar Sandhai ),Carrot,Pusakesar,Local,31/07/2026,8000,9000,8500
Tamil Nadu,Thirupur,Tiruppur (North) (Uzhavar Sandhai ),Ridgeguard(Tori),Ridgeguard(Tori),Local,31/07/2026,4000,5000,4500
Tamil Nadu,Thirupur,Tiruppur (North) (Uzhavar Sandhai ),Chow Chow,Chow Chow,Local,31/07/2026,2500,3000,2750
Tamil Nadu,Thiruvannamalai,Chengam(Uzhavar Sandhai ),Groundnut,Big (With Shell),Local,31/07/2026,7000,8000,7500
Tamil Nadu,Thiruvannamalai,Chengam(Uzhavar Sandhai ),Potato,Red Nanital,Local,31/07/2026,3300,4000,3650
Tamil Nadu,Thiruvannamalai,Chengam(Uzhavar Sandhai ),Garlic,Garlic,Local,31/07/2026,22000,26000,24000
Tamil Nadu,Thiruvannamalai,Chengam(Uzhavar Sandhai ),Tomato,Deshi,Local,31/07/2026,1200,1500,1350
Tamil Nadu,Thiruvannamalai,Chengam(Uzhavar Sandhai ),Bottle gourd,Bottle Gourd,Local,31/07/2026,1600,2000,1800
Tamil Nadu,Thiruvannamalai,Chengam(Uzhavar Sandhai ),Pumpkin,Pumpkin,Local,31/07/2026,2000,2500,2250
Tamil Nadu,Thiruvannamalai,Chengam(Uzhavar Sandhai ),Green Chilli,Green Chilly,Local,31/07/2026,5000,6000,5500
Tamil Nadu,Thiruvannamalai,Chengam(Uzhavar Sandhai ),Beans,Beans (Whole),Local,31/07/2026,7000,8000,7500
Tamil Nadu,Thiruvannamalai,Chengam(Uzhavar Sandhai ),Coconut,Coconut,Local,31/07/2026,4200,5000,4600
Tamil Nadu,Thiruvannamalai,Chengam(Uzhavar Sandhai ),Snakeguard,Snakeguard,Local,31/07/2026,3300,4000,3650
Tamil Nadu,Thiruvannamalai,Chengam(Uzhavar Sandhai ),Thondekai,Thondekai,Local,31/07/2026,5000,6000,5500
Tamil Nadu,Thiruvannamalai,Chengam(Uzhavar Sandhai ),Yam(Ratalu),Yam (Ratalu),Local,31/07/2026,3300,4000,3650
Tamil Nadu,Thiruvannamalai,Chengam(Uzhavar Sandhai ),Lemon,Lemon,Local,31/07/2026,4200,5000,4600
Tamil Nadu,Thiruvannamalai,Chengam(Uzhavar Sandhai ),Custard Apple(Sharifa),Custard Apple(Sharifa),Local,31/07/2026,4200,5000,4600
Tamil Nadu,Thiruvannamalai,Chengam(Uzhavar Sandhai ),Sweet Corn ,Sweet Corn ,Local,31/07/2026,1600,2000,1800
Tamil Nadu,Thiruvannamalai,Tamarainagar(Uzhavar Sandhai ),Groundnut,Big (With Shell),Local,31/07/2026,7000,8000,7500
Tamil Nadu,Thiruvannamalai,Tamarainagar(Uzhavar Sandhai ),Papaya,Papaya,Local,31/07/2026,3000,3600,3300
Tamil Nadu,Thiruvannamalai,Tamarainagar(Uzhavar Sandhai ),Bitter gourd,Bitter Gourd,Local,31/07/2026,5000,6000,5500
Tamil Nadu,Thiruvannamalai,Tamarainagar(Uzhavar Sandhai ),Amaranthus,Amaranthus,Local,31/07/2026,3400,4400,3900
Tamil Nadu,Thiruvannamalai,Tamarainagar(Uzhavar Sandhai ),Green Chilli,Green Chilly,Local,31/07/2026,5000,6000,5500
Tamil Nadu,Thiruvannamalai,Tamarainagar(Uzhavar Sandhai ),Tapioca,Tapioca,Local,31/07/2026,2000,2500,2250
Tamil Nadu,Thiruvannamalai,Tamarainagar(Uzhavar Sandhai ),Snakeguard,Snakeguard,Local,31/07/2026,3500,4000,3750
Tamil Nadu,Thiruvannamalai,Tamarainagar(Uzhavar Sandhai ),Cucumbar(Kheera),Cucumbar,Local,31/07/2026,4000,5000,4500
Tamil Nadu,Thiruvannamalai,Tamarainagar(Uzhavar Sandhai ),Lime,Lime,Local,31/07/2026,4000,5000,4500
Tamil Nadu,Thiruvannamalai,Vandavasi(Uzhavar Sandhai ),Banana,Karpura,Local,31/07/2026,4000,5000,4500
Tamil Nadu,Thiruvannamalai,Vandavasi(Uzhavar Sandhai ),Potato,Other,Local,31/07/2026,2500,3000,2750
Tamil Nadu,Thiruvannamalai,Vandavasi(Uzhavar Sandhai ),Coriander(Leaves),I Sort,Local,31/07/2026,4000,5000,4500
Tamil Nadu,Thiruvarur,Muthupettai(Uzhavar Sandhai ),Snakeguard,Snakeguard,Local,31/07/2026,4000,4000,4000
Tamil Nadu,Thiruvarur,Muthupettai(Uzhavar Sandhai ),Lime,Lime,Local,31/07/2026,3000,3000,3000
Tamil Nadu,Thiruvarur,Muthupettai(Uzhavar Sandhai ),Lemon,Lemon,Local,31/07/2026,5000,5000,5000
Tamil Nadu,Thiruvarur,Needamangalam(Uzhavar Sandhai ),Drumstick,Drumstick,Local,31/07/2026,4200,4200,4200
Tamil Nadu,Thiruvarur,Needamangalam(Uzhavar Sandhai ),Mint(Pudina),Mint(Pudina),Local,31/07/2026,6500,6500,6500
Tamil Nadu,Thiruvarur,Tiruvarur(Uzhavar Sandhai ),Coconut,Coconut,Local,31/07/2026,4500,4500,4500
Tamil Nadu,Thiruvarur,Tiruvarur(Uzhavar Sandhai ),Snakeguard,Snakeguard,Local,31/07/2026,4000,4000,4000
Tamil Nadu,Thiruvarur,Tiruvarur(Uzhavar Sandhai ),Mint(Pudina),Mint(Pudina),Local,31/07/2026,6000,6000,6000
Tamil Nadu,Virudhunagar,Aruppukottai(Uzhavar Sandhai ),Potato,Red Nanital,Local,31/07/2026,3000,3500,3250
Tamil Nadu,Virudhunagar,Aruppukottai(Uzhavar Sandhai ),Bitter gourd,Bitter Gourd,Local,31/07/2026,6000,8000,7000
Tamil Nadu,Virudhunagar,Aruppukottai(Uzhavar Sandhai ),Thondekai,Thondekai,Local,31/07/2026,3000,4000,3500
Tamil Nadu,Villupuram,Gingee(Uzhavar Sandhai ),Bottle gourd,Bottle Gourd,Local,31/07/2026,2500,2500,2500
Tamil Nadu,Villupuram,Gingee(Uzhavar Sandhai ),Ashgourd,Gouard,Local,31/07/2026,2000,2000,2000
Tamil Nadu,Villupuram,Gingee(Uzhavar Sandhai ),Pumpkin,Pumpkin,Local,31/07/2026,2000,2000,2000
Tamil Nadu,Villupuram,Gingee(Uzhavar Sandhai ),Amaranthus,Amaranthus,Local,31/07/2026,4000,5000,4500
Tamil Nadu,Villupuram,Gingee(Uzhavar Sandhai ),Beans,Beans (Whole),Local,31/07/2026,11000,11000,11000
Tamil Nadu,Villupuram,Gingee(Uzhavar Sandhai ),Cabbage,Cabbage,Local,31/07/2026,4000,4000,4000
Tamil Nadu,Villupuram,Gingee(Uzhavar Sandhai ),Snakeguard,Snakeguard,Local,31/07/2026,5000,5000,5000
Tamil Nadu,Thiruvarur,Valangaiman APMC,Tomato,Deshi,Local,31/07/2026,1800,1800,1800
Tamil Nadu,Thiruvarur,Valangaiman APMC,Bitter gourd,Bitter Gourd,Local,31/07/2026,6000,6000,6000
Tamil Nadu,Thiruvarur,Valangaiman APMC,Green Chilli,Green Chilly,Local,31/07/2026,5000,5000,5000
Tamil Nadu,Thiruvarur,Valangaiman APMC,Snakeguard,Snakeguard,Local,31/07/2026,4000,4000,4000
Tamil Nadu,Thiruvarur,Valangaiman APMC,Green Avare(W),Green Avare (W),Local,31/07/2026,6000,6000,6000
Tamil Nadu,Thiruvellore,Tiruthani(Uzhavar Sandhai ),Garlic,Garlic,Local,31/07/2026,24000,24000,24000
Tamil Nadu,Thiruvellore,Tiruthani(Uzhavar Sandhai ),Coriander(Leaves),I Sort,Local,31/07/2026,5000,5000,5000
Tamil Nadu,Thiruvellore,Tiruthani(Uzhavar Sandhai ),Red gram/Arhar/Tur(whole),Arhar (Whole),Local,31/07/2026,5000,5000,5000
Tamil Nadu,Thiruvellore,Tiruthani(Uzhavar Sandhai ),Raddish,Raddish,Local,31/07/2026,4000,4000,4000
Tamil Nadu,Thiruvellore,Tiruthani(Uzhavar Sandhai ),Lemon,Lemon,Local,31/07/2026,7000,7000,7000
Tamil Nadu,Virudhunagar,Kariyapatti(Uzhavar Sandhai ),Banana,Besrai,Local,31/07/2026,3000,3500,3250
Tamil Nadu,Virudhunagar,Kariyapatti(Uzhavar Sandhai ),Potato,Red Nanital,Local,31/07/2026,3000,3500,3250
Tamil Nadu,Virudhunagar,Kariyapatti(Uzhavar Sandhai ),Brinjal,Round,Local,31/07/2026,4500,5000,4750
Tamil Nadu,Virudhunagar,Kariyapatti(Uzhavar Sandhai ),Beans,Beans (Whole),Local,31/07/2026,8500,9000,8750
Tamil Nadu,Virudhunagar,Kariyapatti(Uzhavar Sandhai ),Cabbage,Cabbage,Local,31/07/2026,3500,4000,3750
Tamil Nadu,Virudhunagar,Kariyapatti(Uzhavar Sandhai ),Beetroot,Beetroot,Local,31/07/2026,5500,6000,5750
Tamil Nadu,Virudhunagar,Kariyapatti(Uzhavar Sandhai ),Mango(Raw-Ripe),Mango - Raw-Ripe,Local,31/07/2026,2500,3000,2750
Tamil Nadu,Virudhunagar,Kariyapatti(Uzhavar Sandhai ),Lemon,Lemon,Local,31/07/2026,6500,7000,6750
Tamil Nadu,Thiruvellore,Tiruvallur(Uzhavar Sandhai ),Brinjal,Round,Local,31/07/2026,6000,6000,6000
Tamil Nadu,Thiruvellore,Tiruvallur(Uzhavar Sandhai ),Ashgourd,Gouard,Local,31/07/2026,2500,3000,2750
Tamil Nadu,Thiruvellore,Tiruvallur(Uzhavar Sandhai ),Amaranthus,Amaranthus,Local,31/07/2026,3000,3000,3000
Tamil Nadu,Thiruvellore,Tiruvallur(Uzhavar Sandhai ),Green Avare(W),Green Avare (W),Local,31/07/2026,8000,9000,8500
Tamil Nadu,Thiruvellore,Tiruvallur(Uzhavar Sandhai ),Lemon,Lemon,Local,31/07/2026,8000,8000,8000
Tamil Nadu,Vellore,Katpadi (Uzhavar Sandhai ),Mango,Neelam,Local,31/07/2026,4000,4000,4000
Tamil Nadu,Vellore,Katpadi (Uzhavar Sandhai ),Potato,Red Nanital,Local,31/07/2026,2500,3000,2750
Tamil Nadu,Vellore,Katpadi (Uzhavar Sandhai ),Bitter gourd,Bitter Gourd,Local,31/07/2026,6000,7000,6500
Tamil Nadu,Vellore,Katpadi (Uzhavar Sandhai ),Ashgourd,Gouard,Local,31/07/2026,3000,3000,3000
Tamil Nadu,Vellore,Katpadi (Uzhavar Sandhai ),Amaranthus,Amaranthus,Local,31/07/2026,3000,3000,3000
Tamil Nadu,Vellore,Katpadi (Uzhavar Sandhai ),Banana - Green,Banana - Green,Local,31/07/2026,3000,3000,3000
Tamil Nadu,Vellore,Katpadi (Uzhavar Sandhai ),Ginger(Green),Green Ginger,Local,31/07/2026,20000,20000,20000
Tamil Nadu,Vellore,Katpadi (Uzhavar Sandhai ),Coconut,Coconut,Local,31/07/2026,3000,3500,3250
Tamil Nadu,Vellore,Katpadi (Uzhavar Sandhai ),Snakeguard,Snakeguard,Local,31/07/2026,3000,3000,3000
Tamil Nadu,Vellore,Katpadi (Uzhavar Sandhai ),Chow Chow,Chow Chow,Local,31/07/2026,3500,3500,3500
Tamil Nadu,Vellore,Katpadi (Uzhavar Sandhai ),Knool Khol,Knool Khol,Local,31/07/2026,3500,3500,3500
Tamil Nadu,Vellore,Katpadi (Uzhavar Sandhai ),Onion Green,Onion Green,Local,31/07/2026,5000,5000,5000
Tamil Nadu,Villupuram,Manalurpet APMC,Maize,Other,Local,31/07/2026,2258,2569,2413.5
Tamil Nadu,Madurai,Thirumangalam(Uzhavar Sandhai ),Onion,Bellary,Local,31/07/2026,3800,4000,3900
Tamil Nadu,Madurai,Thirumangalam(Uzhavar Sandhai ),Bhindi(Ladies Finger),Bhindi,Local,31/07/2026,3000,3600,3300
Tamil Nadu,Madurai,Thirumangalam(Uzhavar Sandhai ),Raddish,Raddish,Local,31/07/2026,2500,3000,2750
Tamil Nadu,Madurai,Thirumangalam(Uzhavar Sandhai ),Yam(Ratalu),Yam (Ratalu),Local,31/07/2026,7000,8000,7500
Tamil Nadu,Madurai,Melur(Uzhavar Sandhai ),Mango,Safeda,Local,31/07/2026,6000,6500,6250
Tamil Nadu,Madurai,Melur(Uzhavar Sandhai ),Coriander(Leaves),I Sort,Local,31/07/2026,4500,5000,4750
Tamil Nadu,Madurai,Melur(Uzhavar Sandhai ),Bottle gourd,Bottle Gourd,Local,31/07/2026,2600,2800,2700
Tamil Nadu,Madurai,Melur(Uzhavar Sandhai ),Amaranthus,Amaranthus,Local,31/07/2026,3000,3600,3300
Tamil Nadu,Madurai,Melur(Uzhavar Sandhai ),Ridgeguard(Tori),Ridgeguard(Tori),Local,31/07/2026,5500,6000,5750
Tamil Nadu,Madurai,Melur(Uzhavar Sandhai ),Drumstick,Drumstick,Local,31/07/2026,5000,6000,5500
Tamil Nadu,Madurai,Melur(Uzhavar Sandhai ),Lime,Lime,Local,31/07/2026,2500,4000,3250
Tamil Nadu,Madurai,Melur(Uzhavar Sandhai ),Lemon,Lemon,Local,31/07/2026,7000,8000,7500
Tamil Nadu,Madurai,Melur(Uzhavar Sandhai ),Amla(Nelli Kai),Amla,Local,31/07/2026,6000,6500,6250
Tamil Nadu,Madurai,Melur(Uzhavar Sandhai ),Mint(Pudina),Mint(Pudina),Local,31/07/2026,4000,4500,4250
Tamil Nadu,Salem,Vazhapadi(Uzhavar Sandhai),Potato,Red Nanital,Local,31/07/2026,3000,3400,3200
Tamil Nadu,Salem,Vazhapadi(Uzhavar Sandhai),Brinjal,Other,Local,31/07/2026,3500,3500,3500
Tamil Nadu,Salem,Vazhapadi(Uzhavar Sandhai),Coriander(Leaves),I Sort,Local,31/07/2026,7000,7000,7000
Tamil Nadu,Salem,Vazhapadi(Uzhavar Sandhai),Tomato,Deshi,Local,31/07/2026,1400,2000,1700
Tamil Nadu,Salem,Vazhapadi(Uzhavar Sandhai),Banana - Green,Banana - Green,Local,31/07/2026,2000,2000,2000
Tamil Nadu,Salem,Vazhapadi(Uzhavar Sandhai),Carrot,Pusakesar,Local,31/07/2026,9000,9000,9000
Tamil Nadu,Salem,Vazhapadi(Uzhavar Sandhai),Cabbage,Cabbage,Local,31/07/2026,4800,4800,4800
Tamil Nadu,Salem,Vazhapadi(Uzhavar Sandhai),Tamarind Fruit,Tamarind Fruit,Local,31/07/2026,15000,15000,15000
Tamil Nadu,Salem,Vazhapadi(Uzhavar Sandhai),Lemon,Lemon,Local,31/07/2026,5000,5000,5000
Tamil Nadu,Karur,Gandhigramam(Uzhavar Sandhai),Banana,Other,Local,31/07/2026,5000,6000,5500
Tamil Nadu,Karur,Gandhigramam(Uzhavar Sandhai),Coriander(Leaves),I Sort,Local,31/07/2026,6500,7000,6750
Tamil Nadu,Karur,Gandhigramam(Uzhavar Sandhai),Papaya,Papaya,Local,31/07/2026,3000,3500,3250
Tamil Nadu,Karur,Gandhigramam(Uzhavar Sandhai),Banana - Green,Banana - Green,Local,31/07/2026,2000,3000,2500
Tamil Nadu,Karur,Gandhigramam(Uzhavar Sandhai),Tapioca,Tapioca,Local,31/07/2026,3000,3500,3250
Tamil Nadu,Karur,Gandhigramam(Uzhavar Sandhai),Cucumbar(Kheera),Cucumbar,Local,31/07/2026,4000,8000,6000
Tamil Nadu,Karur,Gandhigramam(Uzhavar Sandhai),Mint(Pudina),Mint(Pudina),Local,31/07/2026,6000,6500,6250
Tamil Nadu,Pudukkottai,Aranthangi(Uzhavar Sandhai ),Ashgourd,Gouard,Local,31/07/2026,1000,1500,1250
Tamil Nadu,Pudukkottai,Aranthangi(Uzhavar Sandhai ),Coconut,Coconut,Local,31/07/2026,3500,4000,3750
Tamil Nadu,Pudukkottai,Aranthangi(Uzhavar Sandhai ),Green Avare(W),Other,Local,31/07/2026,6000,7000,6500
Tamil Nadu,Pudukkottai,Aranthangi(Uzhavar Sandhai ),Drumstick,Drumstick,Local,31/07/2026,5000,6000,5500
Tamil Nadu,Pudukkottai,Aranthangi(Uzhavar Sandhai ),Mango(Raw-Ripe),Mango - Raw-Ripe,Local,31/07/2026,2500,3000,2750
Tamil Nadu,Pudukkottai,Aranthangi(Uzhavar Sandhai ),Onion Green,Onion Green,Local,31/07/2026,6000,7000,6500
Tamil Nadu,Coimbatore,Sulur(Uzhavar Sandhai ),Brinjal,Other,Local,31/07/2026,4500,5000,4750
Tamil Nadu,Coimbatore,Sulur(Uzhavar Sandhai ),Pumpkin,Pumpkin,Local,31/07/2026,1500,2000,1750
Tamil Nadu,Coimbatore,Sulur(Uzhavar Sandhai ),Amaranthus,Amaranthus,Local,31/07/2026,4500,5000,4750
Tamil Nadu,Coimbatore,Sulur(Uzhavar Sandhai ),Ginger(Green),Green Ginger,Local,31/07/2026,15000,18000,16500
Tamil Nadu,Coimbatore,Sulur(Uzhavar Sandhai ),Carrot,Pusakesar,Local,31/07/2026,9500,10500,10000
Tamil Nadu,Coimbatore,Sulur(Uzhavar Sandhai ),Thondekai,Thondekai,Local,31/07/2026,4500,5000,4750
Tamil Nadu,Coimbatore,Sulur(Uzhavar Sandhai ),Lemon,Lemon,Local,31/07/2026,8500,9000,8750
Tamil Nadu,Pudukkottai,Gandarvakottai(Uzhavar Sandhai ),Potato,Other,Local,31/07/2026,4000,5000,4500
Tamil Nadu,Pudukkottai,Gandarvakottai(Uzhavar Sandhai ),Cluster beans,Cluster Beans,Local,31/07/2026,4500,5000,4750
Tamil Nadu,Cuddalore,Panruti(Uzhavar Sandhai ),Coriander(Leaves),I Sort,Local,31/07/2026,7000,7000,7000
Tamil Nadu,Cuddalore,Panruti(Uzhavar Sandhai ),Bottle gourd,Bottle Gourd,Local,31/07/2026,3000,3000,3000
Tamil Nadu,Cuddalore,Panruti(Uzhavar Sandhai ),Green Chilli,Green Chilly,Local,31/07/2026,4000,4000,4000
Tamil Nadu,Cuddalore,Panruti(Uzhavar Sandhai ),Snakeguard,Snakeguard,Local,31/07/2026,3000,3000,3000
Tamil Nadu,Cuddalore,Panruti(Uzhavar Sandhai ),Ridgeguard(Tori),Ridgeguard(Tori),Local,31/07/2026,6000,6000,6000
Tamil Nadu,Cuddalore,Panruti(Uzhavar Sandhai ),Green Avare(W),Green Avare (W),Local,31/07/2026,7000,7000,7000
Tamil Nadu,Cuddalore,Panruti(Uzhavar Sandhai ),Jack Fruit(Ripe),Jack Fruit,Local,31/07/2026,6000,7000,6500
Tamil Nadu,Cuddalore,Vadalur(Uzhavar Sandhai ),Drumstick,Drumstick,Local,31/07/2026,4000,4000,4000
Tamil Nadu,Cuddalore,Vadalur(Uzhavar Sandhai ),Onion,Bellary,Local,31/07/2026,3000,4000,3500
Tamil Nadu,Cuddalore,Vadalur(Uzhavar Sandhai ),Cluster beans,Cluster Beans,Local,31/07/2026,5000,5000,5000
Tamil Nadu,Cuddalore,Vadalur(Uzhavar Sandhai ),Bottle gourd,Bottle Gourd,Local,31/07/2026,3000,3000,3000
Tamil Nadu,Cuddalore,Vadalur(Uzhavar Sandhai ),Amaranthus,Amaranthus,Local,31/07/2026,3000,3500,3250
Tamil Nadu,Cuddalore,Vadalur(Uzhavar Sandhai ),Snakeguard,Snakeguard,Local,31/07/2026,3000,3000,3000
Tamil Nadu,Cuddalore,Vadalur(Uzhavar Sandhai ),Green Avare(W),Other,Local,31/07/2026,7000,7000,7000
Tamil Nadu,Cuddalore,Vadalur(Uzhavar Sandhai ),Mango(Raw-Ripe),Mango - Raw-Ripe,Local,31/07/2026,3000,3000,3000
Tamil Nadu,Cuddalore,Vadalur(Uzhavar Sandhai ),Lemon,Lemon,Local,31/07/2026,4000,5000,4500
Tamil Nadu,Cuddalore,Vadalur(Uzhavar Sandhai ),Onion Green,Onion Green,Local,31/07/2026,6000,6000,6000
Tamil Nadu,Cuddalore,Vadalur(Uzhavar Sandhai ),Mint(Pudina),Mint(Pudina),Local,31/07/2026,5000,5000,5000
Tamil Nadu,Dharmapuri,AJattihalli(Uzhavar Sandhai ),Garlic,Garlic,Local,31/07/2026,23000,23800,23400
Tamil Nadu,Dharmapuri,AJattihalli(Uzhavar Sandhai ),Beetroot,Beetroot,Local,31/07/2026,5000,5200,5100
Tamil Nadu,Dharmapuri,AJattihalli(Uzhavar Sandhai ),Chow Chow,Chow Chow,Local,31/07/2026,4600,4800,4700
Tamil Nadu,Dharmapuri,AJattihalli(Uzhavar Sandhai ),Knool Khol,Knool Khol,Local,31/07/2026,5800,6000,5900
Tamil Nadu,Dharmapuri,AJattihalli(Uzhavar Sandhai ),Custard Apple(Sharifa),Custard Apple(Sharifa),Local,31/07/2026,3500,4000,3750
Tamil Nadu,Dharmapuri,AJattihalli(Uzhavar Sandhai ),Mint(Pudina),Mint(Pudina),Local,31/07/2026,7500,8000,7750
Tamil Nadu,Nagapattinam,Vedaranyam(Uzhavar Sandhai),Onion,Bellary,Local,31/07/2026,3400,3600,3500
Tamil Nadu,Nagapattinam,Vedaranyam(Uzhavar Sandhai),Banana - Green,Banana - Green,Local,31/07/2026,2000,2200,2100
Tamil Nadu,Nagapattinam,Vedaranyam(Uzhavar Sandhai),Ginger(Green),Green Ginger,Local,31/07/2026,11000,12000,11500
Tamil Nadu,Nagapattinam,Vedaranyam(Uzhavar Sandhai),Cabbage,Cabbage,Local,31/07/2026,3000,3200,3100
Tamil Nadu,Nagapattinam,Vedaranyam(Uzhavar Sandhai),Ridgeguard(Tori),Ridgeguard(Tori),Local,31/07/2026,4000,4500,4250
Tamil Nadu,Nagapattinam,Vedaranyam(Uzhavar Sandhai),Green Avare(W),Green Avare (W),Local,31/07/2026,6800,7000,6900
Tamil Nadu,Nagapattinam,Vedaranyam(Uzhavar Sandhai),Drumstick,Drumstick,Local,31/07/2026,3200,3400,3300
Tamil Nadu,Kallakuruchi,Thirunavalur APMC,Paddy(Common),Other,Local,31/07/2026,1907,2093,2000
Tamil Nadu,Vellore,Perampet(Uzhavar Sandhai),Groundnut,Big (With Shell),Local,31/07/2026,8000,8000,8000
Tamil Nadu,Vellore,Perampet(Uzhavar Sandhai),Potato,Red Nanital,Local,31/07/2026,3000,3000,3000
Tamil Nadu,Vellore,Perampet(Uzhavar Sandhai),Papaya,Papaya,Local,31/07/2026,3500,3500,3500
Tamil Nadu,Vellore,Perampet(Uzhavar Sandhai),Pumpkin,Pumpkin,Local,31/07/2026,2500,2500,2500
Tamil Nadu,Vellore,Perampet(Uzhavar Sandhai),Green Chilli,Green Chilly,Local,31/07/2026,6000,6000,6000
Tamil Nadu,Vellore,Perampet(Uzhavar Sandhai),Cabbage,Cabbage,Local,31/07/2026,3600,3600,3600
Tamil Nadu,Vellore,Perampet(Uzhavar Sandhai),Beetroot,Beetroot,Local,31/07/2026,4600,4600,4600
Tamil Nadu,Vellore,Perampet(Uzhavar Sandhai),Raddish,Raddish,Local,31/07/2026,3000,3000,3000
Tamil Nadu,Vellore,Perampet(Uzhavar Sandhai),Drumstick,Drumstick,Local,31/07/2026,5000,5000,5000
Tamil Nadu,Vellore,Perampet(Uzhavar Sandhai),Mango(Raw-Ripe),Mango - Raw-Ripe,Local,31/07/2026,2500,2500,2500
Tamil Nadu,Vellore,Perampet(Uzhavar Sandhai),Yam(Ratalu),Yam (Ratalu),Local,31/07/2026,6000,6000,6000
Tamil Nadu,Vellore,Perampet(Uzhavar Sandhai),Amla(Nelli Kai),Amla,Local,31/07/2026,9000,9000,9000
Tamil Nadu,Karur,Kulithalai(Uzhavar Sandhai ),Cauliflower,Ranchi,Local,31/07/2026,4000,4500,4250
Tamil Nadu,Karur,Kulithalai(Uzhavar Sandhai ),Cluster beans,Cluster Beans,Local,31/07/2026,3600,4000,3800
Tamil Nadu,Karur,Kulithalai(Uzhavar Sandhai ),Cowpea(Veg),Cowpea (Veg),Local,31/07/2026,2500,3000,2750
Tamil Nadu,Karur,Kulithalai(Uzhavar Sandhai ),Banana - Green,Banana - Green,Local,31/07/2026,3500,4000,3750
Tamil Nadu,Karur,Kulithalai(Uzhavar Sandhai ),Cabbage,Cabbage,Local,31/07/2026,4400,5000,4700
Tamil Nadu,Karur,Kulithalai(Uzhavar Sandhai ),Cucumbar(Kheera),Cucumbar,Local,31/07/2026,6000,6500,6250
Tamil Nadu,Karur,Kulithalai(Uzhavar Sandhai ),Chow Chow,Chow Chow,Local,31/07/2026,3600,4000,3800
Tamil Nadu,Karur,Kulithalai(Uzhavar Sandhai ),Elephant Yam(Suran)/Amorphophallus,Elephant Yam (Suran),Local,31/07/2026,5000,5500,5250
Tamil Nadu,Karur,Kulithalai(Uzhavar Sandhai ),Yam(Ratalu),Yam (Ratalu),Local,31/07/2026,7000,8000,7500
Tamil Nadu,Karur,Kulithalai(Uzhavar Sandhai ),Mashrooms,Mashrooms,Local,31/07/2026,16000,20000,18000
Tamil Nadu,Karur,Pallapatti (Uzhavar Sandhai ),Brinjal,Other,Local,31/07/2026,6500,7000,6750
Tamil Nadu,Karur,Pallapatti (Uzhavar Sandhai ),Papaya,Papaya,Local,31/07/2026,2500,3000,2750
Tamil Nadu,Karur,Pallapatti (Uzhavar Sandhai ),Tomato,Other,Local,31/07/2026,2000,2200,2100
Tamil Nadu,Karur,Pallapatti (Uzhavar Sandhai ),Cluster beans,Cluster Beans,Local,31/07/2026,3600,4000,3800
Tamil Nadu,Karur,Pallapatti (Uzhavar Sandhai ),Tapioca,Tapioca,Local,31/07/2026,2500,3000,2750
Tamil Nadu,Karur,Pallapatti (Uzhavar Sandhai ),Coconut,Coconut,Local,31/07/2026,5000,5500,5250
Tamil Nadu,Karur,Pallapatti (Uzhavar Sandhai ),Drumstick,Drumstick,Local,31/07/2026,3000,3500,3250
Tamil Nadu,Karur,Pallapatti (Uzhavar Sandhai ),Jamun(Narale Hannu),Jamun,Local,31/07/2026,13000,15000,14000
Tamil Nadu,Karur,Velayuthampalayam(Uzhavar Sandhai ),Coriander(Leaves),I Sort,Local,31/07/2026,6000,7000,6500
Tamil Nadu,Karur,Velayuthampalayam(Uzhavar Sandhai ),Tomato,Other,Local,31/07/2026,1600,2000,1800
Tamil Nadu,Karur,Velayuthampalayam(Uzhavar Sandhai ),Green Chilli,Green Chilly,Local,31/07/2026,4000,5000,4500
Tamil Nadu,Karur,Vengamedu(Uzhavar Sandhai ),Bitter gourd,Other,Local,31/07/2026,5500,6000,5750
Tamil Nadu,Karur,Vengamedu(Uzhavar Sandhai ),Snakeguard,Snakeguard,Local,31/07/2026,3500,4000,3750
Tamil Nadu,Karur,Vengamedu(Uzhavar Sandhai ),Elephant Yam(Suran)/Amorphophallus,Elephant Yam (Suran),Local,31/07/2026,4500,5000,4750
Tamil Nadu,Theni,Devaram(Uzhavar Sandhai ),Cauliflower,Ranchi,Local,31/07/2026,2500,2500,2500
Tamil Nadu,Theni,Devaram(Uzhavar Sandhai ),Papaya,Papaya,Local,31/07/2026,3000,3000,3000
Tamil Nadu,Theni,Devaram(Uzhavar Sandhai ),Pumpkin,Pumpkin,Local,31/07/2026,1800,1800,1800
Tamil Nadu,Theni,Devaram(Uzhavar Sandhai ),Coconut,Coconut,Local,31/07/2026,5400,5400,5400
Tamil Nadu,Theni,Devaram(Uzhavar Sandhai ),Snakeguard,Snakeguard,Local,31/07/2026,3000,3000,3000
Tamil Nadu,Theni,Devaram(Uzhavar Sandhai ),Beetroot,Beetroot,Local,31/07/2026,4500,4500,4500
Tamil Nadu,Theni,Devaram(Uzhavar Sandhai ),Ridgeguard(Tori),Ridgeguard(Tori),Local,31/07/2026,4800,4800,4800
Tamil Nadu,Theni,Devaram(Uzhavar Sandhai ),Mint(Pudina),Mint(Pudina),Local,31/07/2026,5500,5500,5500
Tamil Nadu,Salem,Attayampatti(Uzhavar Sandhai ),Chikoos(Sapota),Sapota,Local,31/07/2026,4000,4500,4250
Tamil Nadu,Salem,Attayampatti(Uzhavar Sandhai ),Amaranthus,Amaranthus,Local,31/07/2026,2400,2800,2600
Tamil Nadu,Salem,Attayampatti(Uzhavar Sandhai ),Banana - Green,Banana - Green,Local,31/07/2026,2400,2800,2600
Tamil Nadu,Salem,Attayampatti(Uzhavar Sandhai ),Raddish,Raddish,Local,31/07/2026,3400,3800,3600
Tamil Nadu,Sivaganga,Sivagangai (Uzhavar Sandhai ),Potato,Red Nanital,Local,31/07/2026,5800,6200,6000
Tamil Nadu,Sivaganga,Sivagangai (Uzhavar Sandhai ),Coriander(Leaves),I Sort,Local,31/07/2026,4600,5200,4900
Tamil Nadu,Sivaganga,Sivagangai (Uzhavar Sandhai ),Cluster beans,Cluster Beans,Local,31/07/2026,3200,3800,3500
Tamil Nadu,Sivaganga,Sivagangai (Uzhavar Sandhai ),Bottle gourd,Bottle Gourd,Local,31/07/2026,3000,3400,3200
Tamil Nadu,Sivaganga,Sivagangai (Uzhavar Sandhai ),Beans,Beans (Whole),Local,31/07/2026,8200,9200,8700
Tamil Nadu,Sivaganga,Sivagangai (Uzhavar Sandhai ),Ridgeguard(Tori),Ridgeguard(Tori),Local,31/07/2026,4200,6200,5200
Tamil Nadu,Sivaganga,Sivagangai (Uzhavar Sandhai ),Mango(Raw-Ripe),Mango - Raw-Ripe,Local,31/07/2026,3200,4200,3700
Tamil Nadu,Sivaganga,Sivagangai (Uzhavar Sandhai ),Yam(Ratalu),Yam (Ratalu),Local,31/07/2026,7200,8200,7700
Tamil Nadu,Sivaganga,Sivagangai (Uzhavar Sandhai ),Lemon,Lemon,Local,31/07/2026,7200,8200,7700
Tamil Nadu,Sivaganga,Sivagangai (Uzhavar Sandhai ),Onion Green,Onion Green,Local,31/07/2026,5600,6600,6100
Tamil Nadu,Sivaganga,Devakottai (Uzhavar Sandhai ),Tomato,Deshi,Local,31/07/2026,2200,2500,2350
Tamil Nadu,Sivaganga,Devakottai (Uzhavar Sandhai ),Cabbage,Cabbage,Local,31/07/2026,3200,3800,3500
Tamil Nadu,Sivaganga,Devakottai (Uzhavar Sandhai ),Snakeguard,Snakeguard,Local,31/07/2026,3200,3400,3300
Tamil Nadu,Sivaganga,Devakottai (Uzhavar Sandhai ),Green Avare(W),Other,Local,31/07/2026,6000,7200,6600
Tamil Nadu,Sivaganga,Devakottai (Uzhavar Sandhai ),Mint(Pudina),Mint(Pudina),Local,31/07/2026,4000,4800,4400
Tamil Nadu,Salem,Edapadi (Uzhavar Sandhai ),Onion,Bellary,Local,31/07/2026,3000,4000,3500
Tamil Nadu,Salem,Edapadi (Uzhavar Sandhai ),Cauliflower,Ranchi,Local,31/07/2026,2000,3000,2500
Tamil Nadu,Salem,Edapadi (Uzhavar Sandhai ),Bottle gourd,Bottle Gourd,Local,31/07/2026,2500,2800,2650
Tamil Nadu,Salem,Edapadi (Uzhavar Sandhai ),Green Chilli,Green Chilly,Local,31/07/2026,4600,5000,4800
Tamil Nadu,Salem,Edapadi (Uzhavar Sandhai ),Coconut,Coconut,Local,31/07/2026,4000,5000,4500
Tamil Nadu,Salem,Edapadi (Uzhavar Sandhai ),Chow Chow,Chow Chow,Local,31/07/2026,3000,3500,3250
Tamil Nadu,Salem,Edapadi (Uzhavar Sandhai ),Lime,Lime,Local,31/07/2026,2500,3000,2750
Tamil Nadu,Salem,Elampillai(Uzhavar Sandhai ),Cauliflower,Ranchi,Local,31/07/2026,2500,3000,2750
Tamil Nadu,Salem,Elampillai(Uzhavar Sandhai ),Papaya,Papaya,Local,31/07/2026,2500,3000,2750
Tamil Nadu,Salem,Elampillai(Uzhavar Sandhai ),Ashgourd,Gouard,Local,31/07/2026,2000,2400,2200
Tamil Nadu,Salem,Elampillai(Uzhavar Sandhai ),Green Chilli,Green Chilly,Local,31/07/2026,4000,4500,4250
Tamil Nadu,Salem,Elampillai(Uzhavar Sandhai ),Cabbage,Cabbage,Local,31/07/2026,3500,4000,3750
Tamil Nadu,Salem,Elampillai(Uzhavar Sandhai ),Snakeguard,Snakeguard,Local,31/07/2026,3800,4000,3900
Tamil Nadu,Salem,Elampillai(Uzhavar Sandhai ),Chow Chow,Chow Chow,Local,31/07/2026,3000,3200,3100
Tamil Nadu,Salem,Elampillai(Uzhavar Sandhai ),Drumstick,Drumstick,Local,31/07/2026,4000,5000,4500
Tamil Nadu,Salem,Hasthampatti(Uzhavar Sandhai ),Groundnut,Big (With Shell),Local,31/07/2026,7000,7500,7250
Tamil Nadu,Salem,Hasthampatti(Uzhavar Sandhai ),Garlic,Garlic,Local,31/07/2026,17000,18000,17500
Tamil Nadu,Salem,Hasthampatti(Uzhavar Sandhai ),Tomato,Local,Local,31/07/2026,1200,1600,1400
Tamil Nadu,Salem,Hasthampatti(Uzhavar Sandhai ),Carrot,Pusakesar,Local,31/07/2026,9500,10000,9750
Tamil Nadu,Salem,Hasthampatti(Uzhavar Sandhai ),Cucumbar(Kheera),Cucumbar,Local,31/07/2026,4000,5000,4500
Tamil Nadu,Salem,Hasthampatti(Uzhavar Sandhai ),Elephant Yam(Suran)/Amorphophallus,Elephant Yam (Suran),Local,31/07/2026,3500,4000,3750
Tamil Nadu,Salem,Hasthampatti(Uzhavar Sandhai ),Baby Corn,Baby Corn,Grade A,31/07/2026,2000,2500,2250
Tamil Nadu,Salem,Jalagandapuram(Uzhavar Sandhai ),Bhindi(Ladies Finger),Bhindi,Local,31/07/2026,3000,3500,3250
Tamil Nadu,Salem,Jalagandapuram(Uzhavar Sandhai ),Amaranthus,Amaranthus,Local,31/07/2026,2000,2400,2200
Tamil Nadu,Salem,Jalagandapuram(Uzhavar Sandhai ),Green Chilli,Green Chilly,Local,31/07/2026,4000,4500,4250
Tamil Nadu,Salem,Jalagandapuram(Uzhavar Sandhai ),Beans,Beans (Whole),Local,31/07/2026,8000,8500,8250
Tamil Nadu,Salem,Jalagandapuram(Uzhavar Sandhai ),Guava,Guava Allahabad,Local,31/07/2026,5000,6000,5500
Tamil Nadu,Salem,Jalagandapuram(Uzhavar Sandhai ),Lemon,Lemon,Local,31/07/2026,5000,6000,5500
Tamil Nadu,Salem,Jalagandapuram(Uzhavar Sandhai ),Onion Green,Onion Green,Local,31/07/2026,4500,5000,4750
Tamil Nadu,Sivaganga,Singampunari(Uzhavar Sandhai ),Onion,Bellary,Local,31/07/2026,3200,4200,3700
Tamil Nadu,Sivaganga,Singampunari(Uzhavar Sandhai ),Cauliflower,Ranchi,Local,31/07/2026,2600,3200,2900
Tamil Nadu,Sivaganga,Singampunari(Uzhavar Sandhai ),Tomato,Other,Local,31/07/2026,2000,2200,2100
Tamil Nadu,Sivaganga,Singampunari(Uzhavar Sandhai ),Green Chilli,Green Chilly,Local,31/07/2026,3600,4200,3900
Tamil Nadu,Sivaganga,Singampunari(Uzhavar Sandhai ),Banana - Green,Banana - Green,Local,31/07/2026,2500,3000,2750
Tamil Nadu,Sivaganga,Singampunari(Uzhavar Sandhai ),Carrot,Pusakesar,Local,31/07/2026,6400,8200,7300
Tamil Nadu,Sivaganga,Singampunari(Uzhavar Sandhai ),Snakeguard,Snakeguard,Local,31/07/2026,3200,3400,3300
Tamil Nadu,Sivaganga,Singampunari(Uzhavar Sandhai ),Yam(Ratalu),Yam (Ratalu),Local,31/07/2026,7000,8000,7500
Tamil Nadu,Sivaganga,Karaikudi(Uzhavar Sandhai ),Tomato,Deshi,Local,31/07/2026,2200,2400,2300
Tamil Nadu,Sivaganga,Karaikudi(Uzhavar Sandhai ),Brinjal,Round,Local,31/07/2026,4600,5000,4800
Tamil Nadu,Sivaganga,Karaikudi(Uzhavar Sandhai ),Amaranthus,Amaranthus,Local,31/07/2026,3500,4000,3750
Tamil Nadu,Sivaganga,Karaikudi(Uzhavar Sandhai ),Banana - Green,Banana - Green,Local,31/07/2026,3500,4000,3750
Tamil Nadu,Sivaganga,Karaikudi(Uzhavar Sandhai ),Ridgeguard(Tori),Ridgeguard(Tori),Local,31/07/2026,4000,4500,4250
Tamil Nadu,Sivaganga,Karaikudi(Uzhavar Sandhai ),Raddish,Raddish,Local,31/07/2026,3000,3500,3250
Tamil Nadu,Sivaganga,Karaikudi(Uzhavar Sandhai ),Capsicum,Capsicum,Local,31/07/2026,7500,8500,8000
Tamil Nadu,Sivaganga,Karaikudi(Uzhavar Sandhai ),Yam(Ratalu),Yam (Ratalu),Local,31/07/2026,7500,8500,8000
Tamil Nadu,Sivaganga,Karaikudi(Uzhavar Sandhai ),Onion Green,Onion Green,Local,31/07/2026,6000,7000,6500
Tamil Nadu,Sivaganga,Tirupatthur(Uzhavar Sandhai ),Cauliflower,Ranchi,Local,31/07/2026,3000,3500,3250
Tamil Nadu,Sivaganga,Tirupatthur(Uzhavar Sandhai ),Bottle gourd,Bottle Gourd,Local,31/07/2026,3200,3500,3350
Tamil Nadu,Sivaganga,Tirupatthur(Uzhavar Sandhai ),Ginger(Green),Green Ginger,Local,31/07/2026,15400,22500,18950
Tamil Nadu,Sivaganga,Tirupatthur(Uzhavar Sandhai ),Ridgeguard(Tori),Ridgeguard(Tori),Local,31/07/2026,4000,4500,4250
Tamil Nadu,Sivaganga,Tirupatthur(Uzhavar Sandhai ),Green Avare(W),Other,Local,31/07/2026,6400,7500,6950
Tamil Nadu,Sivaganga,Tirupatthur(Uzhavar Sandhai ),Drumstick,Drumstick,Local,31/07/2026,3800,4500,4150
Tamil Nadu,Sivaganga,Tirupatthur(Uzhavar Sandhai ),Mango(Raw-Ripe),Mango - Raw-Ripe,Local,31/07/2026,4000,4500,4250
Tamil Nadu,Sivaganga,Tirupatthur(Uzhavar Sandhai ),Onion Green,Onion Green,Local,31/07/2026,6000,7000,6500
Tamil Nadu,Thanjavur,Pattukottai(Uzhavar Sandhai ),Brinjal,Round,Local,31/07/2026,3400,3400,3400
Tamil Nadu,Thanjavur,Pattukottai(Uzhavar Sandhai ),Tomato,Deshi,Local,31/07/2026,2200,2200,2200
Tamil Nadu,Thanjavur,Pattukottai(Uzhavar Sandhai ),Pumpkin,Pumpkin,Local,31/07/2026,2600,2600,2600
Tamil Nadu,Thanjavur,Pattukottai(Uzhavar Sandhai ),Amaranthus,Amaranthus,Local,31/07/2026,2000,2000,2000
Tamil Nadu,Thanjavur,Pattukottai(Uzhavar Sandhai ),Carrot,Pusakesar,Local,31/07/2026,10400,10400,10400
Tamil Nadu,Thanjavur,Pattukottai(Uzhavar Sandhai ),Drumstick,Drumstick,Local,31/07/2026,6400,6400,6400
Tamil Nadu,Thanjavur,Pattukottai(Uzhavar Sandhai ),Lemon,Lemon,Local,31/07/2026,5400,5400,5400
Tamil Nadu,Thanjavur,Thanjavur(Uzhavar Sandhai ),Banana,Red Banana,Local,31/07/2026,8000,8000,8000
Tamil Nadu,Thanjavur,Thanjavur(Uzhavar Sandhai ),Garlic,Garlic,Local,31/07/2026,21000,21000,21000
Tamil Nadu,Thanjavur,Thanjavur(Uzhavar Sandhai ),Cluster beans,Cluster Beans,Local,31/07/2026,4000,4000,4000
Tamil Nadu,Thanjavur,Thanjavur(Uzhavar Sandhai ),Bitter gourd,Bitter Gourd,Local,31/07/2026,6000,6000,6000
Tamil Nadu,Thanjavur,Thanjavur(Uzhavar Sandhai ),Amaranthus,Amaranthus,Local,31/07/2026,2000,2000,2000
Tamil Nadu,Thanjavur,Thanjavur(Uzhavar Sandhai ),Carrot,Pusakesar,Local,31/07/2026,11000,11000,11000
Tamil Nadu,Thanjavur,Thanjavur(Uzhavar Sandhai ),Beetroot,Beetroot,Local,31/07/2026,6000,6000,6000
Tamil Nadu,Thanjavur,Thanjavur(Uzhavar Sandhai ),Ridgeguard(Tori),Ridgeguard(Tori),Local,31/07/2026,6000,6000,6000
Tamil Nadu,Thanjavur,Thanjavur(Uzhavar Sandhai ),Capsicum,Capsicum,Local,31/07/2026,7600,7600,7600
Tamil Nadu,Thanjavur,Thanjavur(Uzhavar Sandhai ),Mango(Raw-Ripe),Mango - Raw-Ripe,Local,31/07/2026,3000,3600,3300
Tamil Nadu,Thanjavur,Thanjavur(Uzhavar Sandhai ),Marigold(Calcutta),Marigold(Calcutta),Local,31/07/2026,30000,30000,30000
Tamil Nadu,Thanjavur,Thanjavur(Uzhavar Sandhai ),Lemon,Lemon,Local,31/07/2026,4000,4000,4000
Tamil Nadu,Thanjavur,Thanjavur(Uzhavar Sandhai ),Colacasia,Colacasia,Local,31/07/2026,5000,5000,5000
Tamil Nadu,Thanjavur,Thanjavur(Uzhavar Sandhai ),Mashrooms,Mashrooms,Local,31/07/2026,25000,25000,25000
Tamil Nadu,Thanjavur,Thanjavur(Uzhavar Sandhai ),Rose(Local),Rose (Local),Local,31/07/2026,26000,26000,26000
Tamil Nadu,Thiruchirappalli,KKNagar(Uzhavar Sandhai ),Orange,Darjeeling,Local,31/07/2026,17000,17000,17000
Tamil Nadu,Thiruchirappalli,KKNagar(Uzhavar Sandhai ),Banana,Poovan,Local,31/07/2026,6000,6000,6000
Tamil Nadu,Thiruchirappalli,KKNagar(Uzhavar Sandhai ),Bhindi(Ladies Finger),Bhindi,Local,31/07/2026,4000,4000,4000
Tamil Nadu,Thiruchirappalli,KKNagar(Uzhavar Sandhai ),Tapioca,Tapioca,Local,31/07/2026,4800,5000,4900
Tamil Nadu,Thiruchirappalli,KKNagar(Uzhavar Sandhai ),Ginger(Green),Green Ginger,Local,31/07/2026,21000,21000,21000
Tamil Nadu,Thiruchirappalli,KKNagar(Uzhavar Sandhai ),Carrot,Pusakesar,Local,31/07/2026,10000,10000,10000
Tamil Nadu,Thiruchirappalli,KKNagar(Uzhavar Sandhai ),Mango(Raw-Ripe),Mango - Raw-Ripe,Local,31/07/2026,4000,4000,4000
Tamil Nadu,Thiruchirappalli,KKNagar(Uzhavar Sandhai ),Lime,Lime,Local,31/07/2026,4000,5000,4500
Tamil Nadu,Thiruchirappalli,KKNagar(Uzhavar Sandhai ),Guava,Guava Allahabad,Local,31/07/2026,8000,10000,9000
Tamil Nadu,Thiruchirappalli,KKNagar(Uzhavar Sandhai ),Pomegranate,Pomogranate,Local,31/07/2026,24000,24000,24000
Tamil Nadu,Thiruchirappalli,KKNagar(Uzhavar Sandhai ),Tender Coconut,Tender Coconut,Local,31/07/2026,5000,5000,5000
Tamil Nadu,Thiruchirappalli,KKNagar(Uzhavar Sandhai ),Elephant Yam(Suran)/Amorphophallus,Elephant Yam (Suran),Local,31/07/2026,5800,5800,5800
Tamil Nadu,Thiruchirappalli,KKNagar(Uzhavar Sandhai ),Mashrooms,Mashrooms,Local,31/07/2026,22000,22000,22000
Tamil Nadu,Thiruchirappalli,KKNagar(Uzhavar Sandhai ),Mint(Pudina),Mint(Pudina),Local,31/07/2026,5500,5500,5500
Tamil Nadu,Thiruchirappalli,Lalgudi(Uzhavar Sandhai ),Ashgourd,Gouard,Local,31/07/2026,2400,2400,2400
Tamil Nadu,Thiruchirappalli,Lalgudi(Uzhavar Sandhai ),Pumpkin,Pumpkin,Local,31/07/2026,2000,2000,2000
Tamil Nadu,Thiruchirappalli,Lalgudi(Uzhavar Sandhai ),Bhindi(Ladies Finger),Bhindi,Local,31/07/2026,4000,4000,4000
Tamil Nadu,Thiruchirappalli,Lalgudi(Uzhavar Sandhai ),Tapioca,Tapioca,Local,31/07/2026,3600,3600,3600
Tamil Nadu,Thiruchirappalli,Lalgudi(Uzhavar Sandhai ),Raddish,Raddish,Local,31/07/2026,3000,3000,3000
Tamil Nadu,Thiruchirappalli,Lalgudi(Uzhavar Sandhai ),Drumstick,Drumstick,Local,31/07/2026,3600,3600,3600
Tamil Nadu,Thiruchirappalli,Lalgudi(Uzhavar Sandhai ),Indian Beans(Seam),Indian Beans (Seam),Local,31/07/2026,7000,7000,7000
Tamil Nadu,Thiruchirappalli,Lalgudi(Uzhavar Sandhai ),Onion Green,Onion Green,Local,31/07/2026,7000,7000,7000
Tamil Nadu,Thiruchirappalli,Manachanallur(Uzhavar Sandhai ),Potato,Other,Local,31/07/2026,2500,3000,2750
Tamil Nadu,Thiruchirappalli,Manachanallur(Uzhavar Sandhai ),Bitter gourd,Other,Local,31/07/2026,6600,6600,6600
Tamil Nadu,Thiruchirappalli,Manachanallur(Uzhavar Sandhai ),Raddish,Raddish,Local,31/07/2026,3000,3000,3000
Tamil Nadu,Thiruchirappalli,Manachanallur(Uzhavar Sandhai ),Thondekai,Thondekai,Local,31/07/2026,5000,5000,5000
Tamil Nadu,Thiruchirappalli,Manachanallur(Uzhavar Sandhai ),Chow Chow,Chow Chow,Local,31/07/2026,4000,4000,4000
Tamil Nadu,Thiruchirappalli,Manachanallur(Uzhavar Sandhai ),Tender Coconut,Tender Coconut,Local,31/07/2026,3500,4500,4000
Tamil Nadu,Thiruchirappalli,Manapparai(Uzhavar Sandhai ),Banana,Poovan,Local,31/07/2026,5000,5000,5000
Tamil Nadu,Thiruchirappalli,Manapparai(Uzhavar Sandhai ),Grapes,Annabesahai,Local,31/07/2026,8000,8000,8000
Tamil Nadu,Thiruchirappalli,Manapparai(Uzhavar Sandhai ),Cauliflower,Ranchi,Local,31/07/2026,5000,5000,5000
Tamil Nadu,Thiruchirappalli,Manapparai(Uzhavar Sandhai ),Pumpkin,Pumpkin,Local,31/07/2026,2000,2000,2000
Tamil Nadu,Thiruchirappalli,Manapparai(Uzhavar Sandhai ),Amaranthus,Amaranthus,Local,31/07/2026,2000,2000,2000
Tamil Nadu,Thiruchirappalli,Manapparai(Uzhavar Sandhai ),Green Chilli,Green Chilly,Local,31/07/2026,4600,4600,4600
Tamil Nadu,Thiruchirappalli,Manapparai(Uzhavar Sandhai ),Cowpea(Veg),Cowpea (Veg),Local,31/07/2026,3600,3600,3600
Tamil Nadu,Thiruchirappalli,Manapparai(Uzhavar Sandhai ),Carrot,Pusakesar,Local,31/07/2026,10000,10000,10000
Tamil Nadu,Thiruchirappalli,Manapparai(Uzhavar Sandhai ),Snakeguard,Snakeguard,Local,31/07/2026,4000,4000,4000
Tamil Nadu,Thiruchirappalli,Manapparai(Uzhavar Sandhai ),Beetroot,Beetroot,Local,31/07/2026,5000,5000,5000
Tamil Nadu,Thiruchirappalli,Manapparai(Uzhavar Sandhai ),Raddish,Raddish,Local,31/07/2026,3000,3000,3000
Tamil Nadu,Thiruchirappalli,Manapparai(Uzhavar Sandhai ),Green Avare(W),Other,Local,31/07/2026,7000,7000,7000
Tamil Nadu,Thiruchirappalli,Manapparai(Uzhavar Sandhai ),Onion Green,Onion Green,Local,31/07/2026,7000,7000,7000
Tamil Nadu,Thiruchirappalli,Manapparai(Uzhavar Sandhai ),Mint(Pudina),Mint(Pudina),Local,31/07/2026,5400,5400,5400
Tamil Nadu,Thiruchirappalli,Musiri(Uzhavar Sandhai ),Potato,Other,Local,31/07/2026,2500,3000,2750
Tamil Nadu,Thiruchirappalli,Musiri(Uzhavar Sandhai ),Cluster beans,Cluster Beans,Local,31/07/2026,3000,3600,3300
Tamil Nadu,Thiruchirappalli,Musiri(Uzhavar Sandhai ),Pumpkin,Pumpkin,Local,31/07/2026,1500,2000,1750
Tamil Nadu,Thiruchirappalli,Musiri(Uzhavar Sandhai ),Carrot,Pusakesar,Local,31/07/2026,9000,10000,9500
Tamil Nadu,Thiruchirappalli,Musiri(Uzhavar Sandhai ),Cucumbar(Kheera),Cucumbar,Local,31/07/2026,3500,4000,3750
Tamil Nadu,Thiruchirappalli,Musiri(Uzhavar Sandhai ),Thondekai,Thondekai,Local,31/07/2026,4000,5000,4500
Tamil Nadu,Thiruchirappalli,Musiri(Uzhavar Sandhai ),Mango(Raw-Ripe),Mango - Raw-Ripe,Local,31/07/2026,3000,4000,3500
Tamil Nadu,Thiruchirappalli,Musiri(Uzhavar Sandhai ),Lime,Lime,Local,31/07/2026,4000,4000,4000
Tamil Nadu,Thiruchirappalli,Musiri(Uzhavar Sandhai ),Tender Coconut,Tender Coconut,Local,31/07/2026,3500,4000,3750
Tamil Nadu,Thiruchirappalli,Musiri(Uzhavar Sandhai ),Yam(Ratalu),Yam (Ratalu),Local,31/07/2026,8000,8500,8250
Tamil Nadu,Thiruchirappalli,Musiri(Uzhavar Sandhai ),Amla(Nelli Kai),Amla,Local,31/07/2026,6000,7000,6500
Tamil Nadu,Thiruchirappalli,Thiruverumbur(Uzhavar Sandhai ),Onion,Bellary,Local,31/07/2026,4200,4200,4200
Tamil Nadu,Thiruchirappalli,Thiruverumbur(Uzhavar Sandhai ),Coriander(Leaves),I Sort,Local,31/07/2026,3500,3500,3500
Tamil Nadu,Thiruchirappalli,Thiruverumbur(Uzhavar Sandhai ),Bhindi(Ladies Finger),Bhindi,Local,31/07/2026,4000,4000,4000
Tamil Nadu,Thiruchirappalli,Thiruverumbur(Uzhavar Sandhai ),Amaranthus,Amaranthus,Local,31/07/2026,2000,2000,2000
Tamil Nadu,Thiruchirappalli,Thiruverumbur(Uzhavar Sandhai ),Thondekai,Thondekai,Local,31/07/2026,5000,5000,5000
Tamil Nadu,Thiruchirappalli,Thiruverumbur(Uzhavar Sandhai ),Capsicum,Capsicum,Local,31/07/2026,6000,6000,6000
Tamil Nadu,Thiruchirappalli,Thiruverumbur(Uzhavar Sandhai ),Drumstick,Drumstick,Local,31/07/2026,4000,4000,4000
Tamil Nadu,Thiruchirappalli,Thiruverumbur(Uzhavar Sandhai ),Lemon,Lemon,Local,31/07/2026,6000,6000,6000
Tamil Nadu,Thiruchirappalli,Thiruverumbur(Uzhavar Sandhai ),Mint(Pudina),Mint(Pudina),Local,31/07/2026,6000,6000,6000
Tamil Nadu,Virudhunagar,Rajapalayam(Uzhavar Sandhai ),Potato,Red Nanital,Local,31/07/2026,2500,2800,2650
Tamil Nadu,Virudhunagar,Rajapalayam(Uzhavar Sandhai ),Coriander(Leaves),I Sort,Local,31/07/2026,5000,6000,5500
Tamil Nadu,Virudhunagar,Rajapalayam(Uzhavar Sandhai ),Chikoos(Sapota),Sapota,Local,31/07/2026,3000,3500,3250
Tamil Nadu,Virudhunagar,Rajapalayam(Uzhavar Sandhai ),Amaranthus,Amaranthus,Local,31/07/2026,2500,3000,2750
Tamil Nadu,Virudhunagar,Rajapalayam(Uzhavar Sandhai ),Carrot,Pusakesar,Local,31/07/2026,5000,6000,5500
Tamil Nadu,Virudhunagar,Rajapalayam(Uzhavar Sandhai ),Onion Green,Onion Green,Local,31/07/2026,5000,6000,5500
Tamil Nadu,Virudhunagar,Sivakasi(Uzhavar Sandhai ),Coriander(Leaves),I Sort,Local,31/07/2026,6000,7000,6500
Tamil Nadu,Virudhunagar,Sivakasi(Uzhavar Sandhai ),Cluster beans,Cluster Beans,Local,31/07/2026,3500,4000,3750
Tamil Nadu,Virudhunagar,Sivakasi(Uzhavar Sandhai ),Bottle gourd,Bottle Gourd,Local,31/07/2026,1500,2000,1750
Tamil Nadu,Virudhunagar,Sivakasi(Uzhavar Sandhai ),Amaranthus,Amaranthus,Local,31/07/2026,2500,3000,2750
Tamil Nadu,Virudhunagar,Sivakasi(Uzhavar Sandhai ),Banana - Green,Banana - Green,Local,31/07/2026,3500,4000,3750
Tamil Nadu,Virudhunagar,Sivakasi(Uzhavar Sandhai ),Coconut,Coconut,Local,31/07/2026,4000,5000,4500
Tamil Nadu,Virudhunagar,Sivakasi(Uzhavar Sandhai ),Snakeguard,Snakeguard,Local,31/07/2026,3500,4000,3750
Tamil Nadu,Virudhunagar,Sivakasi(Uzhavar Sandhai ),Chow Chow,Chow Chow,Local,31/07/2026,3500,4000,3750
Tamil Nadu,Virudhunagar,Sivakasi(Uzhavar Sandhai ),Elephant Yam(Suran)/Amorphophallus,Elephant Yam (Suran),Local,31/07/2026,3500,4000,3750
Tamil Nadu,Virudhunagar,Thalavaipuram(Uzhavar Sandhai ),Onion,Bellary,Local,31/07/2026,3600,4500,4050
Tamil Nadu,Virudhunagar,Thalavaipuram(Uzhavar Sandhai ),Cauliflower,Ranchi,Local,31/07/2026,2500,3000,2750
Tamil Nadu,Virudhunagar,Thalavaipuram(Uzhavar Sandhai ),Chikoos(Sapota),Sapota,Local,31/07/2026,2800,3500,3150
Tamil Nadu,Virudhunagar,Thalavaipuram(Uzhavar Sandhai ),Pumpkin,Pumpkin,Local,31/07/2026,2500,3000,2750
Tamil Nadu,Virudhunagar,Thalavaipuram(Uzhavar Sandhai ),Amaranthus,Amaranthus,Local,31/07/2026,2800,3500,3150
Tamil Nadu,Virudhunagar,Thalavaipuram(Uzhavar Sandhai ),Banana - Green,Banana - Green,Local,31/07/2026,2800,3500,3150
Tamil Nadu,Virudhunagar,Thalavaipuram(Uzhavar Sandhai ),Ginger(Green),Green Ginger,Local,31/07/2026,16000,22000,19000
Tamil Nadu,Virudhunagar,Thalavaipuram(Uzhavar Sandhai ),Cabbage,Cabbage,Local,31/07/2026,3600,4500,4050
Tamil Nadu,Virudhunagar,Thalavaipuram(Uzhavar Sandhai ),Beetroot,Beetroot,Local,31/07/2026,4500,5500,5000
Tamil Nadu,Virudhunagar,Thalavaipuram(Uzhavar Sandhai ),Ridgeguard(Tori),Ridgeguard(Tori),Local,31/07/2026,4000,5000,4500
Tamil Nadu,Virudhunagar,Thalavaipuram(Uzhavar Sandhai ),Green Avare(W),Green Avare (W),Local,31/07/2026,5500,7000,6250
Tamil Nadu,Virudhunagar,Thalavaipuram(Uzhavar Sandhai ),Guava,Guava Allahabad,Local,31/07/2026,3200,4000,3600
Tamil Nadu,Virudhunagar,Virudhunagar(Uzhavar Sandhai ),Potato,Red Nanital,Local,31/07/2026,4500,5000,4750
Tamil Nadu,Virudhunagar,Virudhunagar(Uzhavar Sandhai ),Bhindi(Ladies Finger),Bhindi,Local,31/07/2026,3500,4000,3750
Tamil Nadu,Virudhunagar,Virudhunagar(Uzhavar Sandhai ),Green Chilli,Green Chilly,Local,31/07/2026,5500,6000,5750
Tamil Nadu,Virudhunagar,Virudhunagar(Uzhavar Sandhai ),Carrot,Pusakesar,Local,31/07/2026,7500,8000,7750
Tamil Nadu,Virudhunagar,Virudhunagar(Uzhavar Sandhai ),Snakeguard,Snakeguard,Local,31/07/2026,4500,5000,4750
Tamil Nadu,Virudhunagar,Virudhunagar(Uzhavar Sandhai ),Green Avare(W),Green Avare (W),Local,31/07/2026,9000,10000,9500
Tamil Nadu,Chengalpattu,Madhuranthagam(Uzhavar Sandhai ),Garlic,Garlic,Local,31/07/2026,16000,16000,16000
Tamil Nadu,Chengalpattu,Madhuranthagam(Uzhavar Sandhai ),Bottle gourd,Bottle Gourd,Local,31/07/2026,3000,3000,3000
Tamil Nadu,Chengalpattu,Madhuranthagam(Uzhavar Sandhai ),Tender Coconut,Tender Coconut,Local,31/07/2026,3000,4000,3500
Tamil Nadu,Chengalpattu,Medavakkam(Uzhavar Sandhai ),Garlic,Garlic,Local,31/07/2026,20000,20000,20000
Tamil Nadu,Chengalpattu,Medavakkam(Uzhavar Sandhai ),Amaranthus,Amaranthus,Local,31/07/2026,2000,2000,2000
Tamil Nadu,Chengalpattu,Medavakkam(Uzhavar Sandhai ),Green Chilli,Green Chilly,Local,31/07/2026,5000,5000,5000
Tamil Nadu,Chengalpattu,Medavakkam(Uzhavar Sandhai ),Mango(Raw-Ripe),Mango - Raw-Ripe,Local,31/07/2026,2500,2500,2500
Tamil Nadu,Chengalpattu,Pallavaram(Uzhavar Sandhai ),Onion,Bellary,Local,31/07/2026,3500,4000,3750
Tamil Nadu,Chengalpattu,Pallavaram(Uzhavar Sandhai ),Brinjal,Round,Local,31/07/2026,4000,5000,4500
Tamil Nadu,Chengalpattu,Pallavaram(Uzhavar Sandhai ),Pumpkin,Pumpkin,Local,31/07/2026,2500,3000,2750
Tamil Nadu,Chengalpattu,Pallavaram(Uzhavar Sandhai ),Cowpea(Veg),Cowpea (Veg),Local,31/07/2026,6000,7000,6500
Tamil Nadu,Chengalpattu,Pallavaram(Uzhavar Sandhai ),Cabbage,Cabbage,Local,31/07/2026,3000,3500,3250
Tamil Nadu,Chengalpattu,Pallavaram(Uzhavar Sandhai ),Snakeguard,Snakeguard,Local,31/07/2026,4000,5000,4500
Tamil Nadu,Chengalpattu,Pallavaram(Uzhavar Sandhai ),Indian Beans(Seam),Indian Beans (Seam),Local,31/07/2026,7000,8000,7500
Tamil Nadu,Chengalpattu,Pallavaram(Uzhavar Sandhai ),Amla(Nelli Kai),Amla,Local,31/07/2026,10000,12000,11000
Tamil Nadu,Chengalpattu,Pallavaram(Uzhavar Sandhai ),Onion Green,Onion Green,Local,31/07/2026,6000,7000,6500
Tamil Nadu,Nagercoil (Kannyiakumari),Myladi(Uzhavar Sandhai ),Potato,Red Nanital,Local,31/07/2026,3000,3500,3250
Tamil Nadu,Nagercoil (Kannyiakumari),Myladi(Uzhavar Sandhai ),Green Chilli,Green Chilly,Local,31/07/2026,5500,6000,5750
Tamil Nadu,Chengalpattu,Jameenrayapettai(Uzhavar Sandhai ),Ridgeguard(Tori),Ridgeguard(Tori),Local,31/07/2026,7000,8000,7500
Tamil Nadu,Chengalpattu,Jameenrayapettai(Uzhavar Sandhai ),Banana,Red Banana,Local,31/07/2026,8000,9000,8500
Tamil Nadu,Chengalpattu,Jameenrayapettai(Uzhavar Sandhai ),Grapes,Annabesahai,Local,31/07/2026,11000,12000,11500
Tamil Nadu,Chengalpattu,Jameenrayapettai(Uzhavar Sandhai ),Garlic,Garlic,Local,31/07/2026,18000,22000,20000
Tamil Nadu,Chengalpattu,Jameenrayapettai(Uzhavar Sandhai ),Bottle gourd,Bottle Gourd,Local,31/07/2026,3500,4000,3750
Tamil Nadu,Chengalpattu,Jameenrayapettai(Uzhavar Sandhai ),Ashgourd,Gouard,Local,31/07/2026,2000,2500,2250
Tamil Nadu,Chengalpattu,Jameenrayapettai(Uzhavar Sandhai ),Bhindi(Ladies Finger),Bhindi,Local,31/07/2026,3500,4000,3750
Tamil Nadu,Chengalpattu,Jameenrayapettai(Uzhavar Sandhai ),Banana - Green,Banana - Green,Local,31/07/2026,3500,4000,3750
Tamil Nadu,Chengalpattu,Jameenrayapettai(Uzhavar Sandhai ),Raddish,Raddish,Local,31/07/2026,4000,5000,4500
Tamil Nadu,Chengalpattu,Jameenrayapettai(Uzhavar Sandhai ),Karbuja(Musk Melon),Karbhuja,Local,31/07/2026,2500,3000,2750
Tamil Nadu,Chengalpattu,Jameenrayapettai(Uzhavar Sandhai ),Pomegranate,Pomogranate,Local,31/07/2026,14000,15000,14500
Tamil Nadu,Chengalpattu,Jameenrayapettai(Uzhavar Sandhai ),Elephant Yam(Suran)/Amorphophallus,Elephant Yam (Suran),Local,31/07/2026,6000,7000,6500
Tamil Nadu,Chengalpattu,Jameenrayapettai(Uzhavar Sandhai ),Amla(Nelli Kai),Amla,Local,31/07/2026,10000,12000,11000
Tamil Nadu,Chengalpattu,Jameenrayapettai(Uzhavar Sandhai ),Mint(Pudina),Mint(Pudina),Local,31/07/2026,4000,5000,4500
Tamil Nadu,Chengalpattu,Guduvancheri(Uzhavar Sandhai ),Potato,Other,Local,31/07/2026,2500,3000,2750
Tamil Nadu,Chengalpattu,Guduvancheri(Uzhavar Sandhai ),Mousambi(Sweet Lime),Mousambi,Local,31/07/2026,7000,8000,7500
Tamil Nadu,Chengalpattu,Guduvancheri(Uzhavar Sandhai ),Bitter gourd,Other,Local,31/07/2026,6000,7000,6500
Tamil Nadu,Chengalpattu,Guduvancheri(Uzhavar Sandhai ),Green Chilli,Green Chilly,Local,31/07/2026,5000,6000,5500
Tamil Nadu,Chengalpattu,Guduvancheri(Uzhavar Sandhai ),Ginger(Green),Green Ginger,Local,31/07/2026,20000,22000,21000
Tamil Nadu,Chengalpattu,Guduvancheri(Uzhavar Sandhai ),Coconut,Coconut,Local,31/07/2026,6000,7000,6500
Tamil Nadu,Chengalpattu,Guduvancheri(Uzhavar Sandhai ),Ridgeguard(Tori),Ridgeguard(Tori),Local,31/07/2026,7000,8000,7500
Tamil Nadu,Thirupathur,Vaniyampadi(Uzhavar Sandhai ),Onion,Bellary,Local,31/07/2026,4000,4000,4000
Tamil Nadu,Thirupathur,Vaniyampadi(Uzhavar Sandhai ),Garlic,Garlic,Local,31/07/2026,28000,28000,28000
Tamil Nadu,Thirupathur,Vaniyampadi(Uzhavar Sandhai ),Banana - Green,Banana - Green,Local,31/07/2026,3000,3000,3000
Tamil Nadu,Thirupathur,Vaniyampadi(Uzhavar Sandhai ),Beans,Beans (Whole),Local,31/07/2026,8000,8000,8000
Tamil Nadu,Thirupathur,Vaniyampadi(Uzhavar Sandhai ),Carrot,Pusakesar,Local,31/07/2026,8000,8000,8000
Tamil Nadu,Thirupathur,Vaniyampadi(Uzhavar Sandhai ),Beetroot,Beetroot,Local,31/07/2026,6000,6000,6000
Tamil Nadu,Thirupathur,Vaniyampadi(Uzhavar Sandhai ),Ridgeguard(Tori),Ridgeguard(Tori),Local,31/07/2026,4000,4000,4000
Tamil Nadu,Thirupathur,Vaniyampadi(Uzhavar Sandhai ),Mango(Raw-Ripe),Mango - Raw-Ripe,Local,31/07/2026,4000,4000,4000
Tamil Nadu,Thirupathur,Vaniyampadi(Uzhavar Sandhai ),Knool Khol,Knool Khol,Local,31/07/2026,6000,6000,6000
Tamil Nadu,Thirupathur,Vaniyampadi(Uzhavar Sandhai ),Guava,Guava Allahabad,Local,31/07/2026,4000,4000,4000
Tamil Nadu,Thirupathur,Vaniyampadi(Uzhavar Sandhai ),Tamarind Fruit,Tamarind Fruit,Local,31/07/2026,8000,8000,8000
Tamil Nadu,Thirupathur,Vaniyampadi(Uzhavar Sandhai ),Lemon,Lemon,Local,31/07/2026,4000,4000,4000
Tamil Nadu,Thirupur,Dharapuram(Uzhavar Sandhai ),Groundnut,Big (With Shell),Local,31/07/2026,5500,6000,5750
Tamil Nadu,Thirupur,Dharapuram(Uzhavar Sandhai ),Brinjal,Round,Local,31/07/2026,5000,5500,5250
Tamil Nadu,Thirupur,Dharapuram(Uzhavar Sandhai ),Coriander(Leaves),I Sort,Local,31/07/2026,5500,6000,5750
Tamil Nadu,Thirupur,Dharapuram(Uzhavar Sandhai ),Tomato,Local,Local,31/07/2026,1500,2000,1750
Tamil Nadu,Thirupur,Dharapuram(Uzhavar Sandhai ),Cowpea(Veg),Cowpea (Veg),Local,31/07/2026,3500,4000,3750
Tamil Nadu,Thirupur,Dharapuram(Uzhavar Sandhai ),Banana - Green,Banana - Green,Local,31/07/2026,2500,3000,2750
Tamil Nadu,Thirupur,Dharapuram(Uzhavar Sandhai ),Ginger(Green),Green Ginger,Local,31/07/2026,19000,20000,19500
Tamil Nadu,Thirupur,Dharapuram(Uzhavar Sandhai ),Carrot,Pusakesar,Local,31/07/2026,10000,11000,10500
Tamil Nadu,Thirupur,Dharapuram(Uzhavar Sandhai ),Lemon,Lemon,Local,31/07/2026,8000,10000,9000
Tamil Nadu,Thirupur,Palladam(Uzhavar Sandhai ),Brinjal,Other,Local,31/07/2026,3500,4000,3750
Tamil Nadu,Thirupur,Palladam(Uzhavar Sandhai ),Chikoos(Sapota),Sapota,Local,31/07/2026,3000,4000,3500
Tamil Nadu,Thirupur,Palladam(Uzhavar Sandhai ),Tomato,Local,Local,31/07/2026,1500,2000,1750
Tamil Nadu,Thirupur,Palladam(Uzhavar Sandhai ),Amaranthus,Amaranthus,Local,31/07/2026,2500,3000,2750
Tamil Nadu,Thirupur,Palladam(Uzhavar Sandhai ),Coconut,Coconut,Local,31/07/2026,5000,5500,5250
Tamil Nadu,Kallakuruchi,Kallakurichi(Uzhavar Sandhai ),Banana,Red Banana,Local,31/07/2026,7000,7000,7000
Tamil Nadu,Kallakuruchi,Kallakurichi(Uzhavar Sandhai ),Potato,Red Nanital,Local,31/07/2026,3500,3500,3500
Tamil Nadu,Kallakuruchi,Kallakurichi(Uzhavar Sandhai ),Cluster beans,Cluster Beans,Local,31/07/2026,4000,4000,4000
Tamil Nadu,Kallakuruchi,Kallakurichi(Uzhavar Sandhai ),Bottle gourd,Bottle Gourd,Local,31/07/2026,2500,2500,2500
Tamil Nadu,Kallakuruchi,Kallakurichi(Uzhavar Sandhai ),Ginger(Green),Green Ginger,Local,31/07/2026,22000,22000,22000
Tamil Nadu,Thirupathur,Natrampalli(Uzhavar Sandhai ),Mango,Safeda,Local,31/07/2026,2500,3000,2750
Tamil Nadu,Thirupathur,Natrampalli(Uzhavar Sandhai ),Cabbage,Cabbage,Local,31/07/2026,3000,3500,3250
Tamil Nadu,Thirupathur,Natrampalli(Uzhavar Sandhai ),Cucumbar(Kheera),Cucumbar,Local,31/07/2026,2500,3000,2750
Tamil Nadu,Thirupathur,Natrampalli(Uzhavar Sandhai ),Raddish,Raddish,Local,31/07/2026,2500,3000,2750
Tamil Nadu,Salem,Athur(Uzhavar Sandhai ),Tomato,Local,Local,31/07/2026,1500,1800,1650
Tamil Nadu,Salem,Athur(Uzhavar Sandhai ),Amaranthus,Amaranthus,Local,31/07/2026,2000,2500,2250
Tamil Nadu,Salem,Athur(Uzhavar Sandhai ),Green Chilli,Green Chilly,Local,31/07/2026,4500,4800,4650
Tamil Nadu,Salem,Athur(Uzhavar Sandhai ),Ginger(Green),Green Ginger,Local,31/07/2026,15000,21000,18000
Tamil Nadu,Salem,Athur(Uzhavar Sandhai ),Cucumbar(Kheera),Cucumbar,Local,31/07/2026,6000,8000,7000
Tamil Nadu,Salem,Athur(Uzhavar Sandhai ),Capsicum,Capsicum,Local,31/07/2026,7000,7000,7000
Tamil Nadu,Salem,Athur(Uzhavar Sandhai ),Chow Chow,Chow Chow,Local,31/07/2026,4000,4500,4250
Tamil Nadu,Salem,Athur(Uzhavar Sandhai ),Guava,Guava Allahabad,Local,31/07/2026,5500,6500,6000
Tamil Nadu,Salem,Athur(Uzhavar Sandhai ),Kakada,Kakada,Local,31/07/2026,28000,30000,29000
Tamil Nadu,Salem,Athur(Uzhavar Sandhai ),Tamarind Fruit,Tamarind Fruit,Local,31/07/2026,12000,13000,12500
Tamil Nadu,Theni,Periyakulam(Uzhavar Sandhai ),Banana,Other,Local,31/07/2026,4500,5000,4750
Tamil Nadu,Theni,Periyakulam(Uzhavar Sandhai ),Potato,Other,Local,31/07/2026,2400,2600,2500
Tamil Nadu,Theni,Periyakulam(Uzhavar Sandhai ),Cauliflower,Ranchi,Local,31/07/2026,2000,2500,2250
Tamil Nadu,Theni,Periyakulam(Uzhavar Sandhai ),Bitter gourd,Other,Local,31/07/2026,4600,4800,4700
Tamil Nadu,Theni,Periyakulam(Uzhavar Sandhai ),Pumpkin,Pumpkin,Local,31/07/2026,1600,1800,1700
Tamil Nadu,Theni,Periyakulam(Uzhavar Sandhai ),Amaranthus,Amaranthus,Local,31/07/2026,2000,2500,2250
Tamil Nadu,Theni,Periyakulam(Uzhavar Sandhai ),Ginger(Green),Green Ginger,Local,31/07/2026,10000,18000,14000
Tamil Nadu,Theni,Periyakulam(Uzhavar Sandhai ),Cabbage,Cabbage,Local,31/07/2026,3800,4000,3900
Tamil Nadu,Theni,Periyakulam(Uzhavar Sandhai ),Elephant Yam(Suran)/Amorphophallus,Elephant Yam (Suran),Local,31/07/2026,3800,4000,3900
Tamil Nadu,Virudhunagar,Srivilliputhur(Uzhavar Sandhai ),Brinjal,Round,Local,31/07/2026,3500,4000,3750
Tamil Nadu,Virudhunagar,Srivilliputhur(Uzhavar Sandhai ),Coriander(Leaves),I Sort,Local,31/07/2026,5000,6000,5500
Tamil Nadu,Virudhunagar,Srivilliputhur(Uzhavar Sandhai ),Papaya,Papaya,Local,31/07/2026,2500,3000,2750
Tamil Nadu,Virudhunagar,Srivilliputhur(Uzhavar Sandhai ),Coconut,Coconut,Local,31/07/2026,5000,6000,5500
Tamil Nadu,Virudhunagar,Srivilliputhur(Uzhavar Sandhai ),Guava,Guava Allahabad,Local,31/07/2026,4000,5000,4500
Tamil Nadu,Coimbatore,Vadavalli(Uzhavar Sandhai ),Karbuja(Musk Melon),Karbhuja,Local,31/07/2026,3000,3500,3250
Tamil Nadu,Coimbatore,Vadavalli(Uzhavar Sandhai ),Apple,American,Local,31/07/2026,25000,27000,26000
Tamil Nadu,Coimbatore,Vadavalli(Uzhavar Sandhai ),Onion,Bellary,Local,31/07/2026,3200,3500,3350
Tamil Nadu,Coimbatore,Vadavalli(Uzhavar Sandhai ),Brinjal,Round,Local,31/07/2026,5000,5500,5250
Tamil Nadu,Coimbatore,Vadavalli(Uzhavar Sandhai ),Ashgourd,Gouard,Local,31/07/2026,1800,2000,1900
Tamil Nadu,Coimbatore,Vadavalli(Uzhavar Sandhai ),Green Chilli,Green Chilly,Local,31/07/2026,4500,5000,4750
Tamil Nadu,Coimbatore,Vadavalli(Uzhavar Sandhai ),Tapioca,Tapioca,Local,31/07/2026,3000,3400,3200
Tamil Nadu,Dindigul,Vedasanthur(Uzhavar Sandhai ),Banana,Besrai,Local,31/07/2026,4000,6000,5000
Tamil Nadu,Dindigul,Vedasanthur(Uzhavar Sandhai ),Tomato,Deshi,Local,31/07/2026,1200,1600,1400
Tamil Nadu,Dindigul,Vedasanthur(Uzhavar Sandhai ),Bitter gourd,Other,Local,31/07/2026,4000,5000,4500
Tamil Nadu,Coimbatore,Udumalpet APMC,Banana,Red Banana,Local,31/07/2026,6000,7000,6500
Tamil Nadu,Coimbatore,Udumalpet APMC,Onion,Bellary,Local,31/07/2026,6000,7000,6500
Tamil Nadu,Coimbatore,Udumalpet APMC,Potato,Red Nanital,Local,31/07/2026,3000,3500,3250
Tamil Nadu,Coimbatore,Udumalpet APMC,Brinjal,Other,Local,31/07/2026,4000,4500,4250
Tamil Nadu,Coimbatore,Udumalpet APMC,Papaya,Papaya,Local,31/07/2026,2500,3000,2750
Tamil Nadu,Coimbatore,Udumalpet APMC,Green Chilli,Green Chilly,Local,31/07/2026,4000,5000,4500
Tamil Nadu,Coimbatore,Udumalpet APMC,Cowpea(Veg),Cowpea (Veg),Local,31/07/2026,3500,4000,3750
Tamil Nadu,Coimbatore,Udumalpet APMC,Cabbage,Cabbage,Local,31/07/2026,3500,4000,3750
Tamil Nadu,Coimbatore,Udumalpet APMC,Ridgeguard(Tori),Ridgeguard(Tori),Local,31/07/2026,4000,4800,4400
Tamil Nadu,Coimbatore,Udumalpet APMC,Green Avare(W),Green Avare (W),Local,31/07/2026,6000,6800,6400
Tamil Nadu,Coimbatore,Udumalpet APMC,Guava,Guava Allahabad,Local,31/07/2026,5000,5500,5250
Tamil Nadu,Coimbatore,Udumalpet APMC,Lemon,Lemon,Local,31/07/2026,7000,8000,7500
Tamil Nadu,Coimbatore,Udumalpet APMC,Onion Green,Onion Green,Local,31/07/2026,3500,4300,3900
Tamil Nadu,Erode,Gobichettipalayam(Uzhavar Sandhai ),Banana,Besrai,Local,31/07/2026,4200,4800,4500
Tamil Nadu,Erode,Gobichettipalayam(Uzhavar Sandhai ),Onion,Bellary,Local,31/07/2026,3600,4000,3800
Tamil Nadu,Erode,Gobichettipalayam(Uzhavar Sandhai ),Cauliflower,Ranchi,Local,31/07/2026,4000,4500,4250
Tamil Nadu,Erode,Gobichettipalayam(Uzhavar Sandhai ),Coconut,Coconut,Local,31/07/2026,4600,5000,4800
Tamil Nadu,Erode,Gobichettipalayam(Uzhavar Sandhai ),Cabbage,Cabbage,Local,31/07/2026,3600,4000,3800
Tamil Nadu,Erode,Gobichettipalayam(Uzhavar Sandhai ),Ridgeguard(Tori),Ridgeguard(Tori),Local,31/07/2026,4000,4200,4100
Tamil Nadu,Erode,Gobichettipalayam(Uzhavar Sandhai ),Chow Chow,Chow Chow,Local,31/07/2026,3500,4000,3750
Tamil Nadu,Erode,Sampath Nagar(Uzhavar Sandhai ),Cluster beans,Cluster Beans,Local,31/07/2026,3000,3400,3200
Tamil Nadu,Erode,Sampath Nagar(Uzhavar Sandhai ),Cucumbar(Kheera),Cucumbar,Local,31/07/2026,4500,5000,4750
Tamil Nadu,Erode,Sampath Nagar(Uzhavar Sandhai ),Mint(Pudina),Mint(Pudina),Local,31/07/2026,4500,5000,4750
Tamil Nadu,Vellore,Pallikonda(Uzhavar Sandhai),Tomato,Deshi,Local,31/07/2026,1600,1800,1700
Tamil Nadu,Vellore,Pallikonda(Uzhavar Sandhai),Banana - Green,Banana - Green,Local,31/07/2026,2500,3000,2750
Tamil Nadu,Vellore,Pallikonda(Uzhavar Sandhai),Beans,Beans (Whole),Local,31/07/2026,5500,6500,6000
Tamil Nadu,Vellore,Pallikonda(Uzhavar Sandhai),Coconut,Coconut,Local,31/07/2026,3500,4000,3750
Tamil Nadu,Vellore,Pallikonda(Uzhavar Sandhai),Carrot,Pusakesar,Local,31/07/2026,5500,5500,5500
Tamil Nadu,Vellore,Pallikonda(Uzhavar Sandhai),Yam(Ratalu),Yam (Ratalu),Local,31/07/2026,3500,4000,3750
Tamil Nadu,Vellore,Pallikonda(Uzhavar Sandhai),Onion Green,Onion Green,Local,31/07/2026,4000,4000,4000
Tamil Nadu,Pudukkottai,Ponnamaravathi(Uzhavar Sandhai),Banana,Besrai,Local,31/07/2026,5500,6000,5750
Tamil Nadu,Pudukkottai,Ponnamaravathi(Uzhavar Sandhai),Bitter gourd,Bitter Gourd,Local,31/07/2026,6500,7000,6750
Tamil Nadu,Pudukkottai,Ponnamaravathi(Uzhavar Sandhai),Coconut,Coconut,Local,31/07/2026,3500,4000,3750
Tamil Nadu,Nagapattinam,Mayiladuthurai(Uzhavar Sandhai ),Pumpkin,Pumpkin,Local,31/07/2026,1500,2000,1750
Tamil Nadu,Nagapattinam,Mayiladuthurai(Uzhavar Sandhai ),Beetroot,Beetroot,Local,31/07/2026,5000,5000,5000
Tamil Nadu,Nagapattinam,Mayiladuthurai(Uzhavar Sandhai ),Raddish,Raddish,Local,31/07/2026,3500,4000,3750
Tamil Nadu,Nagapattinam,Mayiladuthurai(Uzhavar Sandhai ),Mango(Raw-Ripe),Mango - Raw-Ripe,Local,31/07/2026,2500,3000,2750
Tamil Nadu,Nagapattinam,Mayiladuthurai(Uzhavar Sandhai ),Onion Green,Onion Green,Local,31/07/2026,5000,6000,5500
Tamil Nadu,Pudukkottai,Viralimalai(Uzhavar Sandhai ),Mint(Pudina),Mint(Pudina),Local,31/07/2026,4500,5000,4750
Tamil Nadu,Ramanathapuram,Paramakudi(Uzhavar Sandhai ),Cauliflower,Ranchi,Local,31/07/2026,5000,5500,5250
Tamil Nadu,Ramanathapuram,Paramakudi(Uzhavar Sandhai ),Brinjal,Round,Local,31/07/2026,5500,6000,5750
Tamil Nadu,Ramanathapuram,Paramakudi(Uzhavar Sandhai ),Bottle gourd,Bottle Gourd,Local,31/07/2026,2000,2500,2250
Tamil Nadu,Ramanathapuram,Paramakudi(Uzhavar Sandhai ),Pumpkin,Pumpkin,Local,31/07/2026,2000,2400,2200
Tamil Nadu,Ramanathapuram,Paramakudi(Uzhavar Sandhai ),Bhindi(Ladies Finger),Bhindi,Local,31/07/2026,5000,5500,5250
Tamil Nadu,Ramanathapuram,Paramakudi(Uzhavar Sandhai ),Green Chilli,Green Chilly,Local,31/07/2026,7000,8000,7500
Tamil Nadu,Ramanathapuram,Paramakudi(Uzhavar Sandhai ),Carrot,Pusakesar,Local,31/07/2026,5500,6000,5750
Tamil Nadu,Ramanathapuram,Paramakudi(Uzhavar Sandhai ),Raddish,Raddish,Local,31/07/2026,4000,4500,4250
Tamil Nadu,Ramanathapuram,Paramakudi(Uzhavar Sandhai ),Kakada,Kakada,Local,31/07/2026,40000,50000,45000
Tamil Nadu,Ramanathapuram,Paramakudi(Uzhavar Sandhai ),Elephant Yam(Suran)/Amorphophallus,Elephant Yam (Suran),Local,31/07/2026,6800,7000,6900
Tamil Nadu,Ramanathapuram,Paramakudi(Uzhavar Sandhai ),Colacasia,Colacasia,Local,31/07/2026,6500,7000,6750
Tamil Nadu,Ramanathapuram,Ramanathapuram(Uzhavar Sandhai ),Banana,Other,Local,31/07/2026,4500,5000,4750
Tamil Nadu,Ramanathapuram,Ramanathapuram(Uzhavar Sandhai ),Coriander(Leaves),I Sort,Local,31/07/2026,6000,6500,6250
Tamil Nadu,Ramanathapuram,Ramanathapuram(Uzhavar Sandhai ),Tomato,Deshi,Local,31/07/2026,2500,3000,2750
Tamil Nadu,Ramanathapuram,Ramanathapuram(Uzhavar Sandhai ),Amaranthus,Amaranthus,Local,31/07/2026,3500,4000,3750
Tamil Nadu,Ramanathapuram,Ramanathapuram(Uzhavar Sandhai ),Banana - Green,Banana - Green,Local,31/07/2026,3200,3500,3350
Tamil Nadu,Ramanathapuram,Ramanathapuram(Uzhavar Sandhai ),Ginger(Green),Green Ginger,Local,31/07/2026,13000,14000,13500
Tamil Nadu,Ramanathapuram,Ramanathapuram(Uzhavar Sandhai ),Chow Chow,Chow Chow,Local,31/07/2026,4000,4200,4100
Tamil Nadu,Ramanathapuram,Ramanathapuram(Uzhavar Sandhai ),Mango(Raw-Ripe),Mango - Raw-Ripe,Local,31/07/2026,3500,4000,3750
Tamil Nadu,Ramanathapuram,Ramanathapuram(Uzhavar Sandhai ),Marigold(Calcutta),Marigold(Calcutta),Local,31/07/2026,12000,13000,12500
Tamil Nadu,Ramanathapuram,Ramanathapuram(Uzhavar Sandhai ),Lemon,Lemon,Local,31/07/2026,9000,10000,9500
Tamil Nadu,Ramanathapuram,Ramanathapuram(Uzhavar Sandhai ),Mint(Pudina),Mint(Pudina),Local,31/07/2026,7000,7500,7250
Tamil Nadu,Pudukkottai,Alangudi(Uzhavar Sandhai ),Potato,Other,Local,31/07/2026,6000,7000,6500
Tamil Nadu,Pudukkottai,Alangudi(Uzhavar Sandhai ),Ashgourd,Gouard,Local,31/07/2026,1000,1500,1250
Tamil Nadu,Pudukkottai,Alangudi(Uzhavar Sandhai ),Pumpkin,Pumpkin,Local,31/07/2026,1000,1500,1250
Tamil Nadu,Pudukkottai,Alangudi(Uzhavar Sandhai ),Bhindi(Ladies Finger),Bhindi,Local,31/07/2026,3500,4000,3750
Tamil Nadu,Pudukkottai,Alangudi(Uzhavar Sandhai ),Banana - Green,Banana - Green,Local,31/07/2026,2500,3000,2750
Tamil Nadu,Pudukkottai,Alangudi(Uzhavar Sandhai ),Snakeguard,Snakeguard,Local,31/07/2026,3500,4000,3750
Tamil Nadu,Pudukkottai,Alangudi(Uzhavar Sandhai ),Ridgeguard(Tori),Ridgeguard(Tori),Local,31/07/2026,6000,7000,6500
Tamil Nadu,Pudukkottai,Alangudi(Uzhavar Sandhai ),Onion Green,Onion Green,Local,31/07/2026,6000,7000,6500
Tamil Nadu,Thiruvannamalai,Arani(Uzhavar Sandhai ),Potato,Red Nanital,Local,31/07/2026,2500,3000,2750
Tamil Nadu,Thiruvannamalai,Arani(Uzhavar Sandhai ),Garlic,Garlic,Local,31/07/2026,24000,27000,25500
Tamil Nadu,Thiruvannamalai,Arani(Uzhavar Sandhai ),Brinjal,Round,Local,31/07/2026,5000,6000,5500
Tamil Nadu,Thiruvannamalai,Arani(Uzhavar Sandhai ),Chikoos(Sapota),Sapota,Local,31/07/2026,5000,6000,5500
Tamil Nadu,Thiruvannamalai,Arani(Uzhavar Sandhai ),Bitter gourd,Bitter Gourd,Local,31/07/2026,3500,4200,3850
Tamil Nadu,Thiruvannamalai,Arani(Uzhavar Sandhai ),Ashgourd,Gouard,Local,31/07/2026,2000,2500,2250
Tamil Nadu,Thiruvannamalai,Arani(Uzhavar Sandhai ),Cabbage,Cabbage,Local,31/07/2026,3000,3600,3300
Tamil Nadu,Thiruvannamalai,Arani(Uzhavar Sandhai ),Onion Green,Onion Green,Local,31/07/2026,4000,5000,4500
Tamil Nadu,Thiruvannamalai,Polur(Uzhavar Sandhai ),Groundnut,Big (With Shell),Local,31/07/2026,5000,6000,5500
Tamil Nadu,Thiruvannamalai,Polur(Uzhavar Sandhai ),Mango,Safeda,Local,31/07/2026,4200,5000,4600
Tamil Nadu,Thiruvannamalai,Polur(Uzhavar Sandhai ),Potato,Red Nanital,Local,31/07/2026,2500,3000,2750
Tamil Nadu,Thiruvannamalai,Polur(Uzhavar Sandhai ),Garlic,Garlic,Local,31/07/2026,20000,25000,22500
Tamil Nadu,Thiruvannamalai,Polur(Uzhavar Sandhai ),Ashgourd,Gouard,Local,31/07/2026,1600,2000,1800
Tamil Nadu,Thiruvannamalai,Polur(Uzhavar Sandhai ),Pumpkin,Pumpkin,Local,31/07/2026,1600,2000,1800
Tamil Nadu,Thiruvannamalai,Polur(Uzhavar Sandhai ),Sweet Potato,Hosur Red,Local,31/07/2026,3300,4000,3650
Tamil Nadu,Thiruvannamalai,Polur(Uzhavar Sandhai ),Mango(Raw-Ripe),Mango - Raw-Ripe,Local,31/07/2026,2000,2400,2200
Tamil Nadu,Thiruvannamalai,Tiruvannamalai(Uzhavar Sandhai ),Orange,Darjeeling,Local,31/07/2026,14000,16000,15000
Tamil Nadu,Thiruvannamalai,Tiruvannamalai(Uzhavar Sandhai ),Cauliflower,Ranchi,Local,31/07/2026,3500,4000,3750
Tamil Nadu,Thiruvannamalai,Tiruvannamalai(Uzhavar Sandhai ),Coriander(Leaves),I Sort,Local,31/07/2026,5000,6000,5500
Tamil Nadu,Thiruvannamalai,Tiruvannamalai(Uzhavar Sandhai ),Tomato,Deshi,Local,31/07/2026,1200,1500,1350
Tamil Nadu,Thiruvannamalai,Tiruvannamalai(Uzhavar Sandhai ),Tapioca,Tapioca,Local,31/07/2026,2500,3000,2750
Tamil Nadu,Thiruvannamalai,Tiruvannamalai(Uzhavar Sandhai ),Ginger(Green),Green Ginger,Local,31/07/2026,18000,20000,19000
Tamil Nadu,Thiruvannamalai,Tiruvannamalai(Uzhavar Sandhai ),Carrot,Pusakesar,Local,31/07/2026,6400,7200,6800
Tamil Nadu,Thiruvannamalai,Tiruvannamalai(Uzhavar Sandhai ),Raddish,Raddish,Local,31/07/2026,2500,3000,2750
Tamil Nadu,Thiruvannamalai,Tiruvannamalai(Uzhavar Sandhai ),Green Avare(W),Green Avare (W),Local,31/07/2026,5000,6000,5500
Tamil Nadu,Thiruvannamalai,Tiruvannamalai(Uzhavar Sandhai ),Jamun(Narale Hannu),Jamun,Local,31/07/2026,18000,20000,19000
Tamil Nadu,Thiruvannamalai,Tiruvannamalai(Uzhavar Sandhai ),Elephant Yam(Suran)/Amorphophallus,Elephant Yam (Suran),Local,31/07/2026,4000,5000,4500
Tamil Nadu,Thiruvannamalai,Tiruvannamalai(Uzhavar Sandhai ),Colacasia,Colacasia,Local,31/07/2026,3500,4000,3750
Tamil Nadu,Thiruvannamalai,Tiruvannamalai(Uzhavar Sandhai ),Mint(Pudina),Mint(Pudina),Local,31/07/2026,4000,5000,4500
Tamil Nadu,Thiruvannamalai,Tiruvannamalai(Uzhavar Sandhai ),Rose(Local),Rose (Local),Local,31/07/2026,18000,20000,19000
Tamil Nadu,Thiruvarur,Mannargudi I(Uzhavar Sandhai ),Grapes,Annabesahai,Local,31/07/2026,10000,10000,10000
Tamil Nadu,Thiruvarur,Mannargudi I(Uzhavar Sandhai ),Brinjal,Round,Local,31/07/2026,4000,4400,4200
Tamil Nadu,Thiruvarur,Mannargudi I(Uzhavar Sandhai ),Coconut,Coconut,Local,31/07/2026,4000,4000,4000
Tamil Nadu,Thiruvarur,Mannargudi I(Uzhavar Sandhai ),Carrot,Pusakesar,Local,31/07/2026,8000,8000,8000
Tamil Nadu,Thiruvarur,Mannargudi I(Uzhavar Sandhai ),Cabbage,Cabbage,Local,31/07/2026,4800,4800,4800
Tamil Nadu,Thiruvarur,Mannargudi I(Uzhavar Sandhai ),Raddish,Raddish,Local,31/07/2026,3400,3400,3400
Tamil Nadu,Thiruvarur,Mannargudi I(Uzhavar Sandhai ),Chow Chow,Chow Chow,Local,31/07/2026,4200,4200,4200
Tamil Nadu,Thiruvarur,Mannargudi I(Uzhavar Sandhai ),Mango(Raw-Ripe),Mango - Raw-Ripe,Local,31/07/2026,3800,3800,3800
Tamil Nadu,Thiruvarur,Mannargudi I(Uzhavar Sandhai ),Lemon,Lemon,Local,31/07/2026,6400,6400,6400
Tamil Nadu,Thiruvarur,Mannargudi II(Uzhavar Sandhai ),Mango,Safeda,Local,31/07/2026,5000,5000,5000
Tamil Nadu,Thiruvarur,Mannargudi II(Uzhavar Sandhai ),Potato,Red Nanital,Local,31/07/2026,3200,3200,3200
Tamil Nadu,Thiruvarur,Mannargudi II(Uzhavar Sandhai ),Garlic,Garlic,Local,31/07/2026,20000,20000,20000
Tamil Nadu,Thiruvarur,Mannargudi II(Uzhavar Sandhai ),Green Chilli,Green Chilly,Local,31/07/2026,5000,5000,5000
Tamil Nadu,Thiruvarur,Mannargudi II(Uzhavar Sandhai ),Ginger(Green),Green Ginger,Local,31/07/2026,22000,22000,22000
Tamil Nadu,Thiruvarur,Mannargudi II(Uzhavar Sandhai ),Carrot,Pusakesar,Local,31/07/2026,8000,8000,8000
Tamil Nadu,Thiruvarur,Mannargudi II(Uzhavar Sandhai ),Cabbage,Cabbage,Local,31/07/2026,4800,4800,4800
Tamil Nadu,Thiruvarur,Mannargudi II(Uzhavar Sandhai ),Ridgeguard(Tori),Ridgeguard(Tori),Local,31/07/2026,4400,4400,4400
Tamil Nadu,Thiruvarur,Mannargudi II(Uzhavar Sandhai ),Green Avare(W),Green Avare (W),Local,31/07/2026,6400,6400,6400
Tamil Nadu,Thiruvarur,Mannargudi II(Uzhavar Sandhai ),Lime,Lime,Local,31/07/2026,3000,3000,3000
Tamil Nadu,Thiruvarur,Tiruthuraipoondi(Uzhavar Sandhai ),Groundnut,Big (With Shell),Local,31/07/2026,6000,6000,6000
Tamil Nadu,Thiruvarur,Tiruthuraipoondi(Uzhavar Sandhai ),Snakeguard,Snakeguard,Local,31/07/2026,4000,4000,4000
Tamil Nadu,Thiruvellore,Naravarikuppam(Uzhavar Sandhai ),Potato,Red Nanital,Local,31/07/2026,4000,4000,4000
Tamil Nadu,Thiruvellore,Naravarikuppam(Uzhavar Sandhai ),Cluster beans,Cluster Beans,Local,31/07/2026,5000,5000,5000
Tamil Nadu,Thiruvellore,Naravarikuppam(Uzhavar Sandhai ),Bottle gourd,Bottle Gourd,Local,31/07/2026,3000,3000,3000
Tamil Nadu,Thiruvellore,Naravarikuppam(Uzhavar Sandhai ),Jasmine,Jasmine,Local,31/07/2026,20000,20000,20000
Tamil Nadu,Thiruvellore,Paruthipattu(Uzhavar Sandhai ),Potato,Red Nanital,Local,31/07/2026,4000,4000,4000
Tamil Nadu,Thiruvellore,Paruthipattu(Uzhavar Sandhai ),Brinjal,Round,Local,31/07/2026,5000,5000,5000
Tamil Nadu,Thiruvellore,Paruthipattu(Uzhavar Sandhai ),Cluster beans,Cluster Beans,Local,31/07/2026,5000,5000,5000
Tamil Nadu,Thiruvellore,Paruthipattu(Uzhavar Sandhai ),Snakeguard,Snakeguard,Local,31/07/2026,4000,4000,4000
Tamil Nadu,Thiruvellore,Paruthipattu(Uzhavar Sandhai ),Green Avare(W),Green Avare (W),Local,31/07/2026,6000,6000,6000
Tamil Nadu,Thiruvellore,Perambakkam(Uzhavar Sandhai ),Onion,Bellary,Local,31/07/2026,3000,3000,3000
Tamil Nadu,Thiruvellore,Perambakkam(Uzhavar Sandhai ),Jasmine,Jasmine,Local,31/07/2026,60000,60000,60000
Tamil Nadu,Thiruvellore,Perambakkam(Uzhavar Sandhai ),Tube Rose(Loose),Tube Rose (Loose),Local,31/07/2026,15000,15000,15000
Tamil Nadu,Tuticorin,Kovilpatti(Uzhavar Sandhai ),Tomato,Local,Local,31/07/2026,2000,2500,2250
Tamil Nadu,Tuticorin,Kovilpatti(Uzhavar Sandhai ),Beans,Beans (Whole),Local,31/07/2026,10000,11000,10500
Tamil Nadu,Tuticorin,Kovilpatti(Uzhavar Sandhai ),Ginger(Green),Green Ginger,Local,31/07/2026,20000,21000,20500
Tamil Nadu,Tuticorin,Kovilpatti(Uzhavar Sandhai ),Coconut,Coconut,Local,31/07/2026,6000,6500,6250
Tamil Nadu,Tuticorin,Kovilpatti(Uzhavar Sandhai ),Cabbage,Cabbage,Local,31/07/2026,4500,5000,4750
Tamil Nadu,Tuticorin,Kovilpatti(Uzhavar Sandhai ),Beetroot,Beetroot,Local,31/07/2026,5000,5500,5250
Tamil Nadu,Tuticorin,Kovilpatti(Uzhavar Sandhai ),Ridgeguard(Tori),Ridgeguard(Tori),Local,31/07/2026,7500,8000,7750
Tamil Nadu,Tuticorin,Kovilpatti(Uzhavar Sandhai ),Chow Chow,Chow Chow,Local,31/07/2026,3500,4000,3750
Tamil Nadu,Tuticorin,Kovilpatti(Uzhavar Sandhai ),Onion Green,Onion Green,Local,31/07/2026,6000,6500,6250
Tamil Nadu,Vellore,Gudiyatham(Uzhavar Sandhai ),Banana,Red Banana,Local,31/07/2026,8000,8000,8000
Tamil Nadu,Vellore,Gudiyatham(Uzhavar Sandhai ),Brinjal,Other,Local,31/07/2026,4600,4600,4600
Tamil Nadu,Vellore,Gudiyatham(Uzhavar Sandhai ),Coriander(Leaves),I Sort,Local,31/07/2026,5000,5000,5000
Tamil Nadu,Vellore,Gudiyatham(Uzhavar Sandhai ),Tomato,Deshi,Local,31/07/2026,1400,1600,1500
Tamil Nadu,Vellore,Gudiyatham(Uzhavar Sandhai ),Ashgourd,Gouard,Local,31/07/2026,2400,2400,2400
Tamil Nadu,Vellore,Gudiyatham(Uzhavar Sandhai ),Bhindi(Ladies Finger),Bhindi,Local,31/07/2026,2400,2400,2400
Tamil Nadu,Vellore,Gudiyatham(Uzhavar Sandhai ),Ginger(Green),Green Ginger,Local,31/07/2026,22000,22000,22000
Tamil Nadu,Vellore,Gudiyatham(Uzhavar Sandhai ),Carrot,Pusakesar,Local,31/07/2026,7600,7600,7600
Tamil Nadu,Vellore,Gudiyatham(Uzhavar Sandhai ),Ridgeguard(Tori),Ridgeguard(Tori),Local,31/07/2026,4000,4000,4000
Tamil Nadu,Vellore,Gudiyatham(Uzhavar Sandhai ),Raddish,Raddish,Local,31/07/2026,3000,3000,3000
Tamil Nadu,Vellore,Gudiyatham(Uzhavar Sandhai ),Thondekai,Thondekai,Local,31/07/2026,4000,4000,4000
Tamil Nadu,Vellore,Gudiyatham(Uzhavar Sandhai ),Tamarind Fruit,Tamarind Fruit,Local,31/07/2026,10000,10000,10000
Tamil Nadu,Vellore,Gudiyatham(Uzhavar Sandhai ),Yam(Ratalu),Yam (Ratalu),Local,31/07/2026,6600,6600,6600
Tamil Nadu,Vellore,Gudiyatham(Uzhavar Sandhai ),Colacasia,Colacasia,Local,31/07/2026,4600,4600,4600
Tamil Nadu,Vellore,Kahithapattarai(Uzhavar Sandhai ),Amaranthus,Amaranthus,Local,31/07/2026,3000,3600,3300
Tamil Nadu,Vellore,Kahithapattarai(Uzhavar Sandhai ),Green Chilli,Green Chilly,Local,31/07/2026,3600,4600,4100
Tamil Nadu,Vellore,Kahithapattarai(Uzhavar Sandhai ),Coconut,Coconut,Local,31/07/2026,2500,2500,2500
Tamil Nadu,Vellore,Kahithapattarai(Uzhavar Sandhai ),Carrot,Pusakesar,Local,31/07/2026,5600,5600,5600
Tamil Nadu,Vellore,Kahithapattarai(Uzhavar Sandhai ),Cabbage,Cabbage,Local,31/07/2026,3000,3000,3000
Tamil Nadu,Vellore,Kahithapattarai(Uzhavar Sandhai ),Cucumbar(Kheera),Cucumbar,Local,31/07/2026,5500,5500,5500
Tamil Nadu,Vellore,Kahithapattarai(Uzhavar Sandhai ),Ridgeguard(Tori),Ridgeguard(Tori),Local,31/07/2026,3000,4000,3500
Tamil Nadu,Vellore,Kahithapattarai(Uzhavar Sandhai ),Thondekai,Thondekai,Local,31/07/2026,4000,4000,4000
Tamil Nadu,Vellore,Kahithapattarai(Uzhavar Sandhai ),Chow Chow,Chow Chow,Local,31/07/2026,4500,4500,4500
Tamil Nadu,Vellore,Kahithapattarai(Uzhavar Sandhai ),Marigold(Calcutta),Marigold(Calcutta),Local,31/07/2026,25000,25000,25000
Tamil Nadu,Vellore,Kahithapattarai(Uzhavar Sandhai ),Tamarind Fruit,Tamarind Fruit,Local,31/07/2026,16000,16000,16000
Tamil Nadu,Vellore,Kahithapattarai(Uzhavar Sandhai ),Mint(Pudina),Mint(Pudina),Local,31/07/2026,5000,5000,5000
Tamil Nadu,Villupuram,Villupuram(Uzhavar Sandhai ),Raddish,Raddish,Local,31/07/2026,4000,4000,4000
Tamil Nadu,Villupuram,Villupuram(Uzhavar Sandhai ),Drumstick,Drumstick,Local,31/07/2026,4000,4000,4000
Tamil Nadu,Villupuram,Villupuram(Uzhavar Sandhai ),Colacasia,Colacasia,Local,31/07/2026,5000,5000,5000
Tamil Nadu,Villupuram,Villupuram(Uzhavar Sandhai ),Mint(Pudina),Mint(Pudina),Local,31/07/2026,4000,4000,4000
Tamil Nadu,Thiruvannamalai,Cheyyar(Uzhavar Sandhai ),Onion,Bellary,Local,31/07/2026,3000,3500,3250
Tamil Nadu,Thiruvannamalai,Cheyyar(Uzhavar Sandhai ),Tomato,Local,Local,31/07/2026,1500,2000,1750
Tamil Nadu,Thiruvannamalai,Cheyyar(Uzhavar Sandhai ),Ashgourd,Gouard,Local,31/07/2026,2000,2500,2250
Tamil Nadu,Thiruvannamalai,Cheyyar(Uzhavar Sandhai ),Pumpkin,Pumpkin,Local,31/07/2026,2500,3000,2750
Tamil Nadu,Thiruvannamalai,Cheyyar(Uzhavar Sandhai ),Cucumbar(Kheera),Cucumbar,Local,31/07/2026,2500,3000,2750
Tamil Nadu,Thiruvannamalai,Cheyyar(Uzhavar Sandhai ),Green Avare(W),Other,Local,31/07/2026,3200,4000,3600
Tamil Nadu,Thiruvannamalai,Cheyyar(Uzhavar Sandhai ),Lemon,Lemon,Local,31/07/2026,6500,8000,7250
Tamil Nadu,Thanjavur,Papanasam(Uzhavar Sandhai ),Carrot,Pusakesar,Local,31/07/2026,7200,9600,8400
Tamil Nadu,Thanjavur,Papanasam(Uzhavar Sandhai ),Beetroot,Beetroot,Local,31/07/2026,4800,6000,5400
Tamil Nadu,Thanjavur,Papanasam(Uzhavar Sandhai ),Ridgeguard(Tori),Ridgeguard(Tori),Local,31/07/2026,7200,7200,7200
Tamil Nadu,Thanjavur,Papanasam(Uzhavar Sandhai ),Chow Chow,Chow Chow,Local,31/07/2026,4200,4200,4200
Tamil Nadu,Thanjavur,Papanasam(Uzhavar Sandhai ),Onion Green,Onion Green,Local,31/07/2026,6000,7200,6600
Tamil Nadu,Ariyalur,Ariyalur(Uzhavar Sandhai),Brinjal,Round,Local,31/07/2026,4500,5000,4750
Tamil Nadu,Ariyalur,Ariyalur(Uzhavar Sandhai),Green Avare(W),Green Avare (W),Local,31/07/2026,7000,8000,7500
Tamil Nadu,Ariyalur,Ariyalur(Uzhavar Sandhai),Onion Green,Onion Green,Local,31/07/2026,6000,6500,6250
Tamil Nadu,Ariyalur,Ariyalur(Uzhavar Sandhai),Mint(Pudina),Mint(Pudina),Local,31/07/2026,6000,6500,6250
Tamil Nadu,Coimbatore,Sundarapuram(Uzhavar Sandhai ),Papaya,Papaya,Local,31/07/2026,3800,4200,4000
Tamil Nadu,Coimbatore,Sundarapuram(Uzhavar Sandhai ),Pumpkin,Pumpkin,Local,31/07/2026,1800,2000,1900
Tamil Nadu,Coimbatore,Sundarapuram(Uzhavar Sandhai ),Bhindi(Ladies Finger),Bhindi,Local,31/07/2026,5000,5500,5250
Tamil Nadu,Coimbatore,Sundarapuram(Uzhavar Sandhai ),Coconut,Coconut,Local,31/07/2026,5400,5800,5600
Tamil Nadu,Coimbatore,Sundarapuram(Uzhavar Sandhai ),Sweet Potato,Hosur Red,Local,31/07/2026,3500,4000,3750
Tamil Nadu,Coimbatore,Sundarapuram(Uzhavar Sandhai ),Snakeguard,Snakeguard,Local,31/07/2026,3000,3500,3250
Tamil Nadu,Coimbatore,Sundarapuram(Uzhavar Sandhai ),Cucumbar(Kheera),Cucumbar,Local,31/07/2026,4000,4500,4250
Tamil Nadu,Coimbatore,Sundarapuram(Uzhavar Sandhai ),Ridgeguard(Tori),Ridgeguard(Tori),Local,31/07/2026,5000,5500,5250
Tamil Nadu,Coimbatore,Sundarapuram(Uzhavar Sandhai ),Lemon,Lemon,Local,31/07/2026,8000,9000,8500
Tamil Nadu,Coimbatore,Sundarapuram(Uzhavar Sandhai ),Sweet Corn ,Sweet Corn ,Local,31/07/2026,3500,4000,3750
Tamil Nadu,Erode,Sathiyamagalam(Uzhavar Sandhai ),Pumpkin,Pumpkin,Local,31/07/2026,2000,2500,2250
Tamil Nadu,Erode,Sathiyamagalam(Uzhavar Sandhai ),Bhindi(Ladies Finger),Bhindi,Local,31/07/2026,3000,3500,3250
Tamil Nadu,Erode,Sathiyamagalam(Uzhavar Sandhai ),Cabbage,Cabbage,Local,31/07/2026,3400,3800,3600
Tamil Nadu,Erode,Sathiyamagalam(Uzhavar Sandhai ),Snakeguard,Snakeguard,Local,31/07/2026,3000,3500,3250
Tamil Nadu,Erode,Sathiyamagalam(Uzhavar Sandhai ),Ridgeguard(Tori),Ridgeguard(Tori),Local,31/07/2026,4000,4400,4200
Tamil Nadu,Erode,Sathiyamagalam(Uzhavar Sandhai ),Guava,Guava Allahabad,Local,31/07/2026,5000,5500,5250
Tamil Nadu,Erode,Sathiyamagalam(Uzhavar Sandhai ),Lemon,Lemon,Local,31/07/2026,7500,8000,7750
Tamil Nadu,Erode,Sathiyamagalam(Uzhavar Sandhai ),Mint(Pudina),Mint(Pudina),Local,31/07/2026,4500,5000,4750
Tamil Nadu,Erode,Sathiyamagalam(Uzhavar Sandhai ),Sweet Corn ,Sweet Corn ,Local,31/07/2026,2500,3000,2750
Tamil Nadu,Coimbatore,Mettupalayam(Uzhavar Sandhai ),Banana,Besrai,Local,31/07/2026,4000,8000,6000
Tamil Nadu,Coimbatore,Mettupalayam(Uzhavar Sandhai ),Cauliflower,Ranchi,Local,31/07/2026,3500,4000,3750
Tamil Nadu,Coimbatore,Mettupalayam(Uzhavar Sandhai ),Green Peas,Green Peas,Local,31/07/2026,20000,22000,21000
Tamil Nadu,Coimbatore,Mettupalayam(Uzhavar Sandhai ),Bitter gourd,Bitter Gourd,Local,31/07/2026,4500,5500,5000
Tamil Nadu,Coimbatore,Mettupalayam(Uzhavar Sandhai ),Ashgourd,Gouard,Local,31/07/2026,1500,1800,1650
Tamil Nadu,Coimbatore,Mettupalayam(Uzhavar Sandhai ),Green Chilli,Green Chilly,Local,31/07/2026,4000,4500,4250
Tamil Nadu,Coimbatore,Mettupalayam(Uzhavar Sandhai ),Sweet Potato,Hosur Red,Local,31/07/2026,3500,4000,3750
Tamil Nadu,Coimbatore,Mettupalayam(Uzhavar Sandhai ),Ridgeguard(Tori),Ridgeguard(Tori),Local,31/07/2026,4000,5000,4500
Tamil Nadu,Coimbatore,Mettupalayam(Uzhavar Sandhai ),Capsicum,Capsicum,Local,31/07/2026,6000,7000,6500
Tamil Nadu,Coimbatore,Mettupalayam(Uzhavar Sandhai ),Green Avare(W),Green Avare (W),Local,31/07/2026,5500,6000,5750
Tamil Nadu,Coimbatore,Mettupalayam(Uzhavar Sandhai ),Chow Chow,Chow Chow,Local,31/07/2026,3000,3500,3250
Tamil Nadu,Coimbatore,Mettupalayam(Uzhavar Sandhai ),Mango(Raw-Ripe),Mango - Raw-Ripe,Local,31/07/2026,4500,5000,4750
Tamil Nadu,Coimbatore,Mettupalayam(Uzhavar Sandhai ),Tender Coconut,Tender Coconut,Local,31/07/2026,3500,4000,3750
Tamil Nadu,Namakkal,Tiruchengode APMC,Brinjal,Round,Local,31/07/2026,5000,6000,5500
Tamil Nadu,Namakkal,Tiruchengode APMC,Papaya,Papaya,Local,31/07/2026,3000,3500,3250
Tamil Nadu,Namakkal,Tiruchengode APMC,Mousambi(Sweet Lime),Mousambi,Local,31/07/2026,3000,3500,3250
Tamil Nadu,Namakkal,Tiruchengode APMC,Pumpkin,Pumpkin,Local,31/07/2026,2400,2800,2600
Tamil Nadu,Namakkal,Tiruchengode APMC,Bhindi(Ladies Finger),Bhindi,Local,31/07/2026,3500,4000,3750
Tamil Nadu,Namakkal,Tiruchengode APMC,Ridgeguard(Tori),Ridgeguard(Tori),Local,31/07/2026,5500,6000,5750
Tamil Nadu,Namakkal,Tiruchengode APMC,Green Avare(W),Green Avare (W),Local,31/07/2026,6000,7000,6500
Tamil Nadu,Namakkal,Tiruchengode APMC,Chow Chow,Chow Chow,Local,31/07/2026,2500,3000,2750
Tamil Nadu,Namakkal,Tiruchengode APMC,Sweet Corn ,Sweet Corn ,Local,31/07/2026,4500,5000,4750
Tamil Nadu,Coimbatore,RSPuram(Uzhavar Sandhai ),Groundnut,Big (With Shell),Local,31/07/2026,6500,7000,6750
Tamil Nadu,Coimbatore,RSPuram(Uzhavar Sandhai ),Potato,Other,Local,31/07/2026,6600,7200,6900
Tamil Nadu,Coimbatore,RSPuram(Uzhavar Sandhai ),Water Melon,Water Melon,Local,31/07/2026,2200,2500,2350
Tamil Nadu,Coimbatore,RSPuram(Uzhavar Sandhai ),Bitter gourd,Other,Local,31/07/2026,5500,6000,5750
Tamil Nadu,Coimbatore,RSPuram(Uzhavar Sandhai ),Raddish,Raddish,Local,31/07/2026,3500,4000,3750
Tamil Nadu,Coimbatore,RSPuram(Uzhavar Sandhai ),Green Avare(W),Other,Local,31/07/2026,5500,6000,5750
Tamil Nadu,Coimbatore,RSPuram(Uzhavar Sandhai ),Indian Beans(Seam),Indian Beans (Seam),Local,31/07/2026,5000,5500,5250
Tamil Nadu,Coimbatore,RSPuram(Uzhavar Sandhai ),Sweet Corn ,Sweet Corn ,Local,31/07/2026,3500,4000,3750
Tamil Nadu,Coimbatore,Singanallur(Uzhavar Sandhai ),Grapes,Annabesahai,Local,31/07/2026,8000,9000,8500
Tamil Nadu,Coimbatore,Singanallur(Uzhavar Sandhai ),Brinjal,Other,Local,31/07/2026,4500,5000,4750
Tamil Nadu,Coimbatore,Singanallur(Uzhavar Sandhai ),Green Peas,Green Peas,Local,31/07/2026,20000,24000,22000
Tamil Nadu,Coimbatore,Singanallur(Uzhavar Sandhai ),Bottle gourd,Bottle Gourd,Local,31/07/2026,2500,3000,2750
Tamil Nadu,Coimbatore,Singanallur(Uzhavar Sandhai ),Banana - Green,Banana - Green,Local,31/07/2026,3500,4000,3750
Tamil Nadu,Coimbatore,Singanallur(Uzhavar Sandhai ),Beans,Beans (Whole),Local,31/07/2026,9000,11000,10000
Tamil Nadu,Coimbatore,Singanallur(Uzhavar Sandhai ),Ridgeguard(Tori),Ridgeguard(Tori),Local,31/07/2026,4500,5000,4750
Tamil Nadu,Coimbatore,Singanallur(Uzhavar Sandhai ),Capsicum,Capsicum,Local,31/07/2026,5500,6000,5750
Tamil Nadu,Coimbatore,Singanallur(Uzhavar Sandhai ),Mint(Pudina),Mint(Pudina),Local,31/07/2026,5500,6000,5750
Tamil Nadu,Coimbatore,Pollachi(Uzhavar Sandhai ),Onion,Bellary,Local,31/07/2026,3400,3800,3600
Tamil Nadu,Coimbatore,Pollachi(Uzhavar Sandhai ),Chikoos(Sapota),Sapota,Local,31/07/2026,4000,4500,4250
Tamil Nadu,Coimbatore,Pollachi(Uzhavar Sandhai ),Tomato,Deshi,Local,31/07/2026,1000,1500,1250
Tamil Nadu,Coimbatore,Pollachi(Uzhavar Sandhai ),Cowpea(Veg),Cowpea (Veg),Local,31/07/2026,3500,4000,3750
Tamil Nadu,Coimbatore,Pollachi(Uzhavar Sandhai ),Ginger(Green),Green Ginger,Local,31/07/2026,16000,18000,17000
Tamil Nadu,Coimbatore,Pollachi(Uzhavar Sandhai ),Green Avare(W),Green Avare (W),Local,31/07/2026,6500,7500,7000
Tamil Nadu,Coimbatore,Pollachi(Uzhavar Sandhai ),Elephant Yam(Suran)/Amorphophallus,Elephant Yam (Suran),Local,31/07/2026,3500,4000,3750
Tamil Nadu,Karur,Karur(Uzhavar Sandhai ),Mango,Neelam,Local,31/07/2026,6500,7000,6750
Tamil Nadu,Karur,Karur(Uzhavar Sandhai ),Brinjal,Other,Local,31/07/2026,5000,6000,5500
Tamil Nadu,Karur,Karur(Uzhavar Sandhai ),Coriander(Leaves),I Sort,Local,31/07/2026,6500,7000,6750
Tamil Nadu,Karur,Karur(Uzhavar Sandhai ),Ashgourd,Gouard,Local,31/07/2026,2300,2800,2550
Tamil Nadu,Karur,Karur(Uzhavar Sandhai ),Amaranthus,Amaranthus,Local,31/07/2026,2000,2500,2250
Tamil Nadu,Karur,Karur(Uzhavar Sandhai ),Green Chilli,Green Chilly,Local,31/07/2026,4000,5000,4500
Tamil Nadu,Karur,Karur(Uzhavar Sandhai ),Beans,Beans (Whole),Local,31/07/2026,8500,9000,8750
Tamil Nadu,Karur,Karur(Uzhavar Sandhai ),Cabbage,Cabbage,Local,31/07/2026,5500,6000,5750
Tamil Nadu,Karur,Karur(Uzhavar Sandhai ),Cucumbar(Kheera),Cucumbar,Local,31/07/2026,7500,8000,7750
Tamil Nadu,Karur,Karur(Uzhavar Sandhai ),Chow Chow,Chow Chow,Local,31/07/2026,3500,4000,3750
Tamil Nadu,Karur,Karur(Uzhavar Sandhai ),Mango(Raw-Ripe),Mango - Raw-Ripe,Local,31/07/2026,4000,4500,4250
Tamil Nadu,Coimbatore,Kurichi(Uzhavar Sandhai ),Mango,Neelam,Local,31/07/2026,8000,9000,8500
Tamil Nadu,Coimbatore,Kurichi(Uzhavar Sandhai ),Bitter gourd,Other,Local,31/07/2026,5800,6200,6000
Tamil Nadu,Coimbatore,Kurichi(Uzhavar Sandhai ),Pumpkin,Pumpkin,Local,31/07/2026,1800,2000,1900
Tamil Nadu,Coimbatore,Kurichi(Uzhavar Sandhai ),Coconut,Coconut,Local,31/07/2026,5500,5800,5650
Tamil Nadu,Coimbatore,Kurichi(Uzhavar Sandhai ),Mint(Pudina),Mint(Pudina),Local,31/07/2026,6000,7000,6500
Tamil Nadu,Cuddalore,Chidambaram(Uzhavar Sandhai ),Coconut,Coconut,Local,31/07/2026,5000,6000,5500
Tamil Nadu,Cuddalore,Chidambaram(Uzhavar Sandhai ),Onion Green,Onion Green,Local,31/07/2026,6000,7000,6500
Tamil Nadu,Cuddalore,Cuddalore(Uzhavar Sandhai ),Potato,Red Nanital,Local,31/07/2026,3000,3000,3000
Tamil Nadu,Cuddalore,Cuddalore(Uzhavar Sandhai ),Bottle gourd,Bottle Gourd,Local,31/07/2026,2000,2500,2250
Tamil Nadu,Cuddalore,Cuddalore(Uzhavar Sandhai ),Bhindi(Ladies Finger),Bhindi,Local,31/07/2026,3500,3500,3500
Tamil Nadu,Cuddalore,Cuddalore(Uzhavar Sandhai ),Beetroot,Beetroot,Local,31/07/2026,4000,4000,4000
Tamil Nadu,Cuddalore,Cuddalore(Uzhavar Sandhai ),Raddish,Raddish,Local,31/07/2026,4000,4000,4000
Tamil Nadu,Cuddalore,Cuddalore(Uzhavar Sandhai ),Colacasia,Colacasia,Local,31/07/2026,6000,6000,6000
Tamil Nadu,Chengalpattu,Thirukalukundram(Uzhavar Sandhai ),Chow Chow,Chow Chow,Local,31/07/2026,2500,3000,2750
Tamil Nadu,Chengalpattu,Thirukalukundram(Uzhavar Sandhai ),Potato,Other,Local,31/07/2026,3000,3300,3150
Tamil Nadu,Chengalpattu,Thirukalukundram(Uzhavar Sandhai ),Brinjal,Other,Local,31/07/2026,4000,4500,4250
Tamil Nadu,Chengalpattu,Thirukalukundram(Uzhavar Sandhai ),Water Melon,Water Melon,Local,31/07/2026,2500,3000,2750
Tamil Nadu,Chengalpattu,Thirukalukundram(Uzhavar Sandhai ),Tomato,Local,Local,31/07/2026,2200,2500,2350
Tamil Nadu,Chengalpattu,Thirukalukundram(Uzhavar Sandhai ),Cluster beans,Cluster Beans,Local,31/07/2026,4500,5000,4750
Tamil Nadu,Chengalpattu,Thirukalukundram(Uzhavar Sandhai ),Bottle gourd,Bottle Gourd,Local,31/07/2026,3300,3500,3400
Tamil Nadu,Chengalpattu,Thirukalukundram(Uzhavar Sandhai ),Snakeguard,Snakeguard,Local,31/07/2026,4000,4500,4250
Tamil Nadu,Chengalpattu,Thirukalukundram(Uzhavar Sandhai ),Thondekai,Thondekai,Local,31/07/2026,4500,5000,4750
Tamil Nadu,Chengalpattu,Thirukalukundram(Uzhavar Sandhai ),Guava,Guava Allahabad,Local,31/07/2026,5000,5500,5250
Tamil Nadu,Tuticorin,Tuticorin(Uzhavar Sandhai ),Papaya,Papaya,Local,31/07/2026,3500,4000,3750
Tamil Nadu,Tuticorin,Tuticorin(Uzhavar Sandhai ),Bitter gourd,Other,Local,31/07/2026,12000,13000,12500
Tamil Nadu,Tuticorin,Tuticorin(Uzhavar Sandhai ),Amaranthus,Amaranthus,Local,31/07/2026,800,1000,900
Tamil Nadu,Tuticorin,Tuticorin(Uzhavar Sandhai ),Cabbage,Cabbage,Local,31/07/2026,3500,4000,3750
Tamil Nadu,Tuticorin,Tuticorin(Uzhavar Sandhai ),Cucumbar(Kheera),Cucumbar,Local,31/07/2026,4500,5000,4750
Tamil Nadu,Tuticorin,Tuticorin(Uzhavar Sandhai ),Pomegranate,Pomogranate,Local,31/07/2026,19000,20000,19500
Tamil Nadu,Tuticorin,Tuticorin(Uzhavar Sandhai ),Onion Green,Onion Green,Local,31/07/2026,6500,7000,6750
Tamil Nadu,Tuticorin,Tuticorin(Uzhavar Sandhai ),Mint(Pudina),Mint(Pudina),Local,31/07/2026,5000,6000,5500
Tamil Nadu,Nagercoil (Kannyiakumari),Vadaseri APMC,Potato,Red Nanital,Local,31/07/2026,3000,3500,3250
Tamil Nadu,Nagercoil (Kannyiakumari),Vadaseri APMC,Papaya,Papaya,Local,31/07/2026,3500,4000,3750
Tamil Nadu,Nagercoil (Kannyiakumari),Vadaseri APMC,Bitter gourd,Bitter Gourd,Local,31/07/2026,6500,7000,6750
Tamil Nadu,Nagercoil (Kannyiakumari),Vadaseri APMC,Sweet Potato,Hosur Red,Local,31/07/2026,3500,4000,3750
Tamil Nadu,Nagercoil (Kannyiakumari),Vadaseri APMC,Raddish,Raddish,Local,31/07/2026,4500,5000,4750
Tamil Nadu,Nagercoil (Kannyiakumari),Vadaseri APMC,Drumstick,Drumstick,Local,31/07/2026,3500,4000,3750
Tamil Nadu,Nagercoil (Kannyiakumari),Vadaseri APMC,Jasmine,Jasmine,Local,31/07/2026,40000,45000,42500
Tamil Nadu,Pudukkottai,Karambakkudi(Uzhavar Sandhai ),Banana,Besrai,Local,31/07/2026,7000,8000,7500
Tamil Nadu,Pudukkottai,Karambakkudi(Uzhavar Sandhai ),Potato,Red Nanital,Local,31/07/2026,3000,3500,3250
Tamil Nadu,Pudukkottai,Karambakkudi(Uzhavar Sandhai ),Papaya,Papaya,Local,31/07/2026,2500,3000,2750
Tamil Nadu,Pudukkottai,Karambakkudi(Uzhavar Sandhai ),Bottle gourd,Bottle Gourd,Local,31/07/2026,2000,2500,2250
Tamil Nadu,Pudukkottai,Karambakkudi(Uzhavar Sandhai ),Amaranthus,Amaranthus,Local,31/07/2026,1500,2000,1750
Tamil Nadu,Pudukkottai,Karambakkudi(Uzhavar Sandhai ),Green Chilli,Green Chilly,Local,31/07/2026,4500,5000,4750
Tamil Nadu,Pudukkottai,Karambakkudi(Uzhavar Sandhai ),Mango(Raw-Ripe),Mango - Raw-Ripe,Local,31/07/2026,3500,4000,3750
Tamil Nadu,Pudukkottai,Karambakkudi(Uzhavar Sandhai ),Lemon,Lemon,Local,31/07/2026,3500,4000,3750
Tamil Nadu,Vellore,Thirupathur APMC,Mango,Safeda,Local,31/07/2026,4000,4000,4000
Tamil Nadu,Vellore,Thirupathur APMC,Chikoos(Sapota),Sapota,Local,31/07/2026,4000,4000,4000
Tamil Nadu,Vellore,Thirupathur APMC,Guava,Guava Allahabad,Local,31/07/2026,5000,5000,5000
Tamil Nadu,Vellore,Thirupathur APMC,Lemon,Lemon,Local,31/07/2026,6000,6000,6000
Tamil Nadu,Vellore,Thirupathur APMC,Mint(Pudina),Mint(Pudina),Local,31/07/2026,5000,5000,5000
Tamil Nadu,Vellore,Vellore APMC,Groundnut,Big (With Shell),Local,31/07/2026,8000,8000,8000
Tamil Nadu,Vellore,Vellore APMC,Potato,Red Nanital,Local,31/07/2026,2200,2800,2500
Tamil Nadu,Vellore,Vellore APMC,Mousambi(Sweet Lime),Mousambi,Local,31/07/2026,7000,7000,7000
Tamil Nadu,Vellore,Vellore APMC,Ashgourd,Gouard,Local,31/07/2026,2000,2500,2250
Tamil Nadu,Vellore,Vellore APMC,Pumpkin,Pumpkin,Local,31/07/2026,2000,2000,2000
Tamil Nadu,Vellore,Vellore APMC,Cabbage,Cabbage,Local,31/07/2026,3000,3000,3000
Tamil Nadu,Vellore,Vellore APMC,Ridgeguard(Tori),Ridgeguard(Tori),Local,31/07/2026,3500,4500,4000
Tamil Nadu,Vellore,Vellore APMC,Capsicum,Capsicum,Local,31/07/2026,5000,5000,5000
Tamil Nadu,Vellore,Vellore APMC,Green Avare(W),Green Avare (W),Local,31/07/2026,4000,4500,4250
Tamil Nadu,Vellore,Vellore APMC,Drumstick,Drumstick,Local,31/07/2026,3000,3500,3250
Tamil Nadu,Vellore,Vellore APMC,Knool Khol,Knool Khol,Local,31/07/2026,3000,3500,3250
Tamil Nadu,Vellore,Vellore APMC,Guava,Guava Allahabad,Local,31/07/2026,4000,4500,4250
Tamil Nadu,Vellore,Vellore APMC,Pomegranate,Pomogranate,Local,31/07/2026,22000,22000,22000
Tamil Nadu,Vellore,Vellore APMC,Jasmine,Jasmine,Local,31/07/2026,75000,80000,77500
Tamil Nadu,Vellore,Vellore APMC,Custard Apple(Sharifa),Custard Apple(Sharifa),Local,31/07/2026,4000,5000,4500
Tamil Nadu,Vellore,Vellore APMC,Onion Green,Onion Green,Local,31/07/2026,3000,3500,3250
Tamil Nadu,Dharmapuri,Harur(Uzhavar Sandhai ),Banana,Karpura,Local,31/07/2026,4000,5000,4500
Tamil Nadu,Dharmapuri,Harur(Uzhavar Sandhai ),Potato,Other,Local,31/07/2026,2500,3000,2750
Tamil Nadu,Dharmapuri,Harur(Uzhavar Sandhai ),Cauliflower,Ranchi,Local,31/07/2026,3500,4000,3750
Tamil Nadu,Dharmapuri,Harur(Uzhavar Sandhai ),Brinjal,Other,Local,31/07/2026,3000,3500,3250
Tamil Nadu,Dharmapuri,Harur(Uzhavar Sandhai ),Bitter gourd,Other,Local,31/07/2026,5000,6000,5500
Tamil Nadu,Dharmapuri,Harur(Uzhavar Sandhai ),Bottle gourd,Bottle Gourd,Local,31/07/2026,2500,3000,2750
Tamil Nadu,Dharmapuri,Harur(Uzhavar Sandhai ),Ashgourd,Gouard,Local,31/07/2026,2000,2500,2250
Tamil Nadu,Dharmapuri,Harur(Uzhavar Sandhai ),Bhindi(Ladies Finger),Bhindi,Local,31/07/2026,2000,2500,2250
Tamil Nadu,Dharmapuri,Harur(Uzhavar Sandhai ),Green Chilli,Green Chilly,Local,31/07/2026,4500,5000,4750
Tamil Nadu,Dharmapuri,Harur(Uzhavar Sandhai ),Cabbage,Cabbage,Local,31/07/2026,3500,4000,3750
Tamil Nadu,Dharmapuri,Harur(Uzhavar Sandhai ),Beetroot,Beetroot,Local,31/07/2026,4500,5000,4750
Tamil Nadu,Dharmapuri,Harur(Uzhavar Sandhai ),Onion Green,Onion Green,Local,31/07/2026,5000,6000,5500
Tamil Nadu,Krishnagiri,Kaveripattinam(Uzhavar Sandhai ),Onion,Bellary,Local,31/07/2026,3500,4000,3750
Tamil Nadu,Krishnagiri,Kaveripattinam(Uzhavar Sandhai ),Bottle gourd,Bottle Gourd,Local,31/07/2026,3000,3000,3000
Tamil Nadu,Krishnagiri,Kaveripattinam(Uzhavar Sandhai ),Pumpkin,Pumpkin,Local,31/07/2026,2500,2500,2500
Tamil Nadu,The Nilgiris,Coonoor(Uzhavar Sandhai ),Onion,Bellary,Local,31/07/2026,4000,4200,4100
Tamil Nadu,The Nilgiris,Coonoor(Uzhavar Sandhai ),Garlic,Garlic,Local,31/07/2026,19000,20000,19500
Tamil Nadu,The Nilgiris,Coonoor(Uzhavar Sandhai ),Green Chilli,Green Chilly,Local,31/07/2026,4500,4800,4650
Tamil Nadu,The Nilgiris,Coonoor(Uzhavar Sandhai ),Coconut,Coconut,Local,31/07/2026,5500,6000,5750
Tamil Nadu,The Nilgiris,Coonoor(Uzhavar Sandhai ),Carrot,Pusakesar,Local,31/07/2026,5000,5500,5250
Tamil Nadu,The Nilgiris,Coonoor(Uzhavar Sandhai ),Cabbage,Cabbage,Local,31/07/2026,3000,3200,3100
Tamil Nadu,The Nilgiris,Coonoor(Uzhavar Sandhai ),Beetroot,Beetroot,Local,31/07/2026,5500,6000,5750
Tamil Nadu,The Nilgiris,Coonoor(Uzhavar Sandhai ),Chow Chow,Chow Chow,Local,31/07/2026,2200,2500,2350
Tamil Nadu,The Nilgiris,Coonoor(Uzhavar Sandhai ),Lemon,Lemon,Local,31/07/2026,7500,8000,7750
Tamil Nadu,The Nilgiris,Gudalur(Uzhavar Sandhai ),Coriander(Leaves),I Sort,Local,31/07/2026,6500,7000,6750
Tamil Nadu,The Nilgiris,Gudalur(Uzhavar Sandhai ),Bhindi(Ladies Finger),Bhindi,Local,31/07/2026,4500,5000,4750
Tamil Nadu,The Nilgiris,Gudalur(Uzhavar Sandhai ),Banana - Green,Banana - Green,Local,31/07/2026,4000,4500,4250
Tamil Nadu,The Nilgiris,Gudalur(Uzhavar Sandhai ),Lemon,Lemon,Local,31/07/2026,8000,9000,8500
Tamil Nadu,Thirupur,Tiruppur (South) (Uzhavar Sandhai ),Banana,Red Banana,Local,31/07/2026,5000,6000,5500
Tamil Nadu,Thirupur,Tiruppur (South) (Uzhavar Sandhai ),Garlic,Garlic,Local,31/07/2026,18000,22000,20000
Tamil Nadu,Thirupur,Tiruppur (South) (Uzhavar Sandhai ),Brinjal,Other,Local,31/07/2026,6000,7000,6500
Tamil Nadu,Thirupur,Tiruppur (South) (Uzhavar Sandhai ),Coriander(Leaves),I Sort,Local,31/07/2026,3000,4000,3500
Tamil Nadu,Thirupur,Tiruppur (South) (Uzhavar Sandhai ),Tomato,Local,Local,31/07/2026,1000,1500,1250
Tamil Nadu,Thirupur,Tiruppur (South) (Uzhavar Sandhai ),Carrot,Pusakesar,Local,31/07/2026,7000,8000,7500
Tamil Nadu,Thirupur,Tiruppur (South) (Uzhavar Sandhai ),Cabbage,Cabbage,Local,31/07/2026,2500,3000,2750
Tamil Nadu,Thirupur,Tiruppur (South) (Uzhavar Sandhai ),Snakeguard,Snakeguard,Local,31/07/2026,3000,4000,3500
Tamil Nadu,Thirupur,Tiruppur (South) (Uzhavar Sandhai ),Thondekai,Thondekai,Local,31/07/2026,4000,5000,4500
Tamil Nadu,Sivaganga,Devakottai APMC,Paddy(Common),Other,Local,31/07/2026,1800,2000,1900
Tamil Nadu,Thanjavur,Tirukattupalli(Uzhavar Sandhai ),Brinjal,Round,Local,31/07/2026,4000,4800,4400
Tamil Nadu,Thanjavur,Tirukattupalli(Uzhavar Sandhai ),Bitter gourd,Bitter Gourd,Local,31/07/2026,3200,3200,3200
Tamil Nadu,Thanjavur,Tirukattupalli(Uzhavar Sandhai ),Pumpkin,Pumpkin,Local,31/07/2026,2400,2400,2400
Tamil Nadu,Thanjavur,Tirukattupalli(Uzhavar Sandhai ),Coconut,Coconut,Local,31/07/2026,6000,6800,6400
Tamil Nadu,Thanjavur,Tirukattupalli(Uzhavar Sandhai ),Onion Green,Onion Green,Local,31/07/2026,6000,6800,6400
Tamil Nadu,Thiruchirappalli,Thuraiyur APMC,Brinjal,Other,Local,31/07/2026,3500,4000,3750
Tamil Nadu,Thiruchirappalli,Thuraiyur APMC,Beans,Beans (Whole),Local,31/07/2026,9000,10000,9500
Tamil Nadu,Thiruchirappalli,Thuraiyur APMC,Coconut,Coconut,Local,31/07/2026,5000,6000,5500
Tamil Nadu,Thiruchirappalli,Thuraiyur APMC,Cabbage,Cabbage,Local,31/07/2026,3500,4000,3750
Tamil Nadu,Thiruchirappalli,Thuraiyur APMC,Beetroot,Beetroot,Local,31/07/2026,4500,5000,4750
Tamil Nadu,Thiruchirappalli,Thuraiyur APMC,Thondekai,Thondekai,Local,31/07/2026,4500,5000,4750
Tamil Nadu,Thiruchirappalli,Thuraiyur APMC,Green Avare(W),Green Avare (W),Local,31/07/2026,6000,7000,6500
Tamil Nadu,Thiruchirappalli,Thuraiyur APMC,Drumstick,Drumstick,Local,31/07/2026,3000,3500,3250
Tamil Nadu,Thiruchirappalli,Thuraiyur APMC,Mango(Raw-Ripe),Mango - Raw-Ripe,Local,31/07/2026,3500,4000,3750
Tamil Nadu,Thiruchirappalli,Thuraiyur APMC,Tender Coconut,Tender Coconut,Local,31/07/2026,4000,5000,4500
Tamil Nadu,Thiruchirappalli,Thuraiyur APMC,Amla(Nelli Kai),Amla,Local,31/07/2026,6000,6600,6300
Tamil Nadu,Villupuram,Tindivanam APMC,Groundnut,Big (With Shell),Local,31/07/2026,7000,7000,7000
Tamil Nadu,Villupuram,Tindivanam APMC,Potato,Red Nanital,Local,31/07/2026,3600,3600,3600
Tamil Nadu,Villupuram,Tindivanam APMC,Brinjal,Other,Local,31/07/2026,4500,4500,4500
Tamil Nadu,Villupuram,Tindivanam APMC,Water Melon,Water Melon,Local,31/07/2026,2000,2000,2000
Tamil Nadu,Villupuram,Tindivanam APMC,Cluster beans,Cluster Beans,Local,31/07/2026,4500,4500,4500
Tamil Nadu,Villupuram,Tindivanam APMC,Bottle gourd,Bottle Gourd,Local,31/07/2026,2500,2500,2500
Tamil Nadu,Villupuram,Tindivanam APMC,Bhindi(Ladies Finger),Bhindi,Local,31/07/2026,3500,3500,3500
Tamil Nadu,Villupuram,Tindivanam APMC,Banana - Green,Banana - Green,Local,31/07/2026,5000,5000,5000
Tamil Nadu,Villupuram,Tindivanam APMC,Coconut,Coconut,Local,31/07/2026,5500,5500,5500
Tamil Nadu,Villupuram,Tindivanam APMC,Sweet Potato,Hosur Red,Local,31/07/2026,4500,4500,4500
Tamil Nadu,Villupuram,Tindivanam APMC,Capsicum,Capsicum,Local,31/07/2026,8500,8500,8500
Tamil Nadu,Villupuram,Tindivanam APMC,Green Avare(W),Other,Local,31/07/2026,7000,7000,7000
Tamil Nadu,Villupuram,Tindivanam APMC,Drumstick,Drumstick,Local,31/07/2026,4500,4500,4500
Tamil Nadu,Villupuram,Ulundurpettai APMC,Banana,Besrai,Local,31/07/2026,3000,4000,3500
Tamil Nadu,Villupuram,Ulundurpettai APMC,Onion,Bellary,Local,31/07/2026,4000,4000,4000
Tamil Nadu,Villupuram,Ulundurpettai APMC,Tomato,Deshi,Local,31/07/2026,2000,2000,2000
Tamil Nadu,Villupuram,Ulundurpettai APMC,Raddish,Raddish,Local,31/07/2026,4000,4000,4000
Tamil Nadu,Villupuram,Ulundurpettai APMC,Green Avare(W),Green Avare (W),Local,31/07/2026,8000,8000,8000
Tamil Nadu,Villupuram,Ulundurpettai APMC,Guava,Guava Allahabad,Local,31/07/2026,5000,5000,5000
Tamil Nadu,Villupuram,Ulundurpettai APMC,Mint(Pudina),Mint(Pudina),Local,31/07/2026,3000,3000,3000
Tamil Nadu,Villupuram,Vikkiravandi APMC,Paddy(Common),ADT 37,Local,31/07/2026,1936,2492,2214
Tamil Nadu,Madurai,Chokkikulam(Uzhavar Sandhai ),Banana,Besrai,Local,31/07/2026,4000,5000,4500
Tamil Nadu,Madurai,Chokkikulam(Uzhavar Sandhai ),Coriander(Leaves),I Sort,Local,31/07/2026,4500,5000,4750
Tamil Nadu,Madurai,Chokkikulam(Uzhavar Sandhai ),Papaya,Papaya,Local,31/07/2026,4000,4500,4250
Tamil Nadu,Madurai,Chokkikulam(Uzhavar Sandhai ),Sweet Potato,Hosur Red,Local,31/07/2026,3600,4000,3800
Tamil Nadu,Madurai,Chokkikulam(Uzhavar Sandhai ),Carrot,Pusakesar,Local,31/07/2026,6000,8000,7000
Tamil Nadu,Madurai,Chokkikulam(Uzhavar Sandhai ),Cabbage,Cabbage,Local,31/07/2026,3000,3600,3300
Tamil Nadu,Madurai,Chokkikulam(Uzhavar Sandhai ),Beetroot,Beetroot,Local,31/07/2026,5000,5500,5250
Tamil Nadu,Madurai,Chokkikulam(Uzhavar Sandhai ),Capsicum,Capsicum,Local,31/07/2026,8000,9000,8500
Tamil Nadu,Madurai,Chokkikulam(Uzhavar Sandhai ),Amla(Nelli Kai),Amla,Local,31/07/2026,6000,6500,6250
Tamil Nadu,Cuddalore,Viruthachalam(Uzhavar Sandhai ),Banana,Besrai,Local,31/07/2026,4000,7000,5500
Tamil Nadu,Cuddalore,Viruthachalam(Uzhavar Sandhai ),Coriander(Leaves),I Sort,Local,31/07/2026,7000,7000,7000
Tamil Nadu,Cuddalore,Viruthachalam(Uzhavar Sandhai ),Pumpkin,Pumpkin,Local,31/07/2026,2500,2500,2500
Tamil Nadu,Cuddalore,Viruthachalam(Uzhavar Sandhai ),Green Chilli,Green Chilly,Local,31/07/2026,4000,4000,4000
Tamil Nadu,Cuddalore,Viruthachalam(Uzhavar Sandhai ),Ginger(Green),Green Ginger,Local,31/07/2026,10000,20000,15000
Tamil Nadu,Cuddalore,Viruthachalam(Uzhavar Sandhai ),Coconut,Coconut,Local,31/07/2026,6000,6000,6000
Tamil Nadu,Cuddalore,Viruthachalam(Uzhavar Sandhai ),Ridgeguard(Tori),Ridgeguard(Tori),Local,31/07/2026,6000,6000,6000
Tamil Nadu,Cuddalore,Viruthachalam(Uzhavar Sandhai ),Onion Green,Onion Green,Local,31/07/2026,7000,7000,7000
Tamil Nadu,Cuddalore,Viruthachalam(Uzhavar Sandhai ),Mint(Pudina),Mint(Pudina),Local,31/07/2026,6000,6000,6000
Tamil Nadu,Dharmapuri,Dharmapuri(Uzhavar Sandhai ),Groundnut,Big (With Shell),Local,31/07/2026,5500,6000,5750
Tamil Nadu,Dharmapuri,Dharmapuri(Uzhavar Sandhai ),Mango,Safeda,Local,31/07/2026,4600,5000,4800
Tamil Nadu,Dharmapuri,Dharmapuri(Uzhavar Sandhai ),Brinjal,Round,Local,31/07/2026,2800,3000,2900
Tamil Nadu,Dharmapuri,Dharmapuri(Uzhavar Sandhai ),Amaranthus,Amaranthus,Local,31/07/2026,2800,3000,2900
Tamil Nadu,Dharmapuri,Dharmapuri(Uzhavar Sandhai ),Coconut,Coconut,Local,31/07/2026,7200,7600,7400
Tamil Nadu,Dharmapuri,Dharmapuri(Uzhavar Sandhai ),Raddish,Raddish,Local,31/07/2026,1800,2000,1900
Tamil Nadu,Dharmapuri,Dharmapuri(Uzhavar Sandhai ),Mango(Raw-Ripe),Mango - Raw-Ripe,Local,31/07/2026,2800,3000,2900
Tamil Nadu,Dharmapuri,Dharmapuri(Uzhavar Sandhai ),Knool Khol,Knool Khol,Local,31/07/2026,5500,6000,5750
Tamil Nadu,Dharmapuri,Dharmapuri(Uzhavar Sandhai ),Pear(Marasebu),Pears,Local,31/07/2026,11500,12000,11750
Tamil Nadu,Dharmapuri,Palacode(Uzhavar Sandhai ),Potato,Red Nanital,Local,31/07/2026,2600,3000,2800
Tamil Nadu,Dharmapuri,Palacode(Uzhavar Sandhai ),Cluster beans,Cluster Beans,Local,31/07/2026,3800,4000,3900
Tamil Nadu,Dharmapuri,Palacode(Uzhavar Sandhai ),Banana - Green,Banana - Green,Local,31/07/2026,2300,2500,2400
Tamil Nadu,Dharmapuri,Palacode(Uzhavar Sandhai ),Carrot,Pusakesar,Local,31/07/2026,9600,10000,9800
Tamil Nadu,Dharmapuri,Palacode(Uzhavar Sandhai ),Cabbage,Cabbage,Local,31/07/2026,3600,4000,3800
Tamil Nadu,Dharmapuri,Palacode(Uzhavar Sandhai ),Cucumbar(Kheera),Cucumbar,Local,31/07/2026,4000,4400,4200
Tamil Nadu,Dharmapuri,Palacode(Uzhavar Sandhai ),Chow Chow,Chow Chow,Local,31/07/2026,4000,4400,4200
Tamil Nadu,Dharmapuri,Pennagaram(Uzhavar Sandhai ),Groundnut,Big (With Shell),Local,31/07/2026,6600,7000,6800
Tamil Nadu,Dharmapuri,Pennagaram(Uzhavar Sandhai ),Mango,Safeda,Local,31/07/2026,2800,3000,2900
Tamil Nadu,Dharmapuri,Pennagaram(Uzhavar Sandhai ),Potato,Red Nanital,Local,31/07/2026,3300,3500,3400
Tamil Nadu,Dharmapuri,Pennagaram(Uzhavar Sandhai ),Garlic,Garlic,Local,31/07/2026,21000,22000,21500
Tamil Nadu,Dharmapuri,Pennagaram(Uzhavar Sandhai ),Bitter gourd,Bitter Gourd,Local,31/07/2026,5200,5500,5350
Tamil Nadu,Dharmapuri,Pennagaram(Uzhavar Sandhai ),Coconut,Coconut,Local,31/07/2026,4500,5000,4750
Tamil Nadu,Dharmapuri,Pennagaram(Uzhavar Sandhai ),Sweet Potato,Hosur Red,Local,31/07/2026,2800,3000,2900
Tamil Nadu,Dharmapuri,Pennagaram(Uzhavar Sandhai ),Green Avare(W),Green Avare (W),Local,31/07/2026,6600,7000,6800
Tamil Nadu,Dindigul,Chinnalapatti(Uzhavar Sandhai ),Brinjal,Other,Local,31/07/2026,5000,6000,5500
Tamil Nadu,Dindigul,Chinnalapatti(Uzhavar Sandhai ),Bottle gourd,Bottle Gourd,Local,31/07/2026,2500,3000,2750
Tamil Nadu,Dindigul,Chinnalapatti(Uzhavar Sandhai ),Carrot,Pusakesar,Local,31/07/2026,11000,11000,11000
Tamil Nadu,Dindigul,Dindigul(Uzhavar Sandhai ),Groundnut,Big (With Shell),Local,31/07/2026,6000,7000,6500
Tamil Nadu,Dindigul,Dindigul(Uzhavar Sandhai ),Onion,Bellary,Local,31/07/2026,3000,4000,3500
Tamil Nadu,Dindigul,Dindigul(Uzhavar Sandhai ),Potato,Red Nanital,Local,31/07/2026,4000,4000,4000
Tamil Nadu,Dindigul,Dindigul(Uzhavar Sandhai ),Brinjal,Other,Local,31/07/2026,6000,9000,7500
Tamil Nadu,Dindigul,Dindigul(Uzhavar Sandhai ),Green Peas,Green Peas,Local,31/07/2026,15000,18000,16500
Tamil Nadu,Dindigul,Dindigul(Uzhavar Sandhai ),Bhindi(Ladies Finger),Bhindi,Local,31/07/2026,4000,4600,4300
Tamil Nadu,Dindigul,Dindigul(Uzhavar Sandhai ),Ginger(Green),Green Ginger,Local,31/07/2026,16000,20000,18000
Tamil Nadu,Dindigul,Dindigul(Uzhavar Sandhai ),Carrot,Pusakesar,Local,31/07/2026,8000,11000,9500
Tamil Nadu,Dindigul,Dindigul(Uzhavar Sandhai ),Snakeguard,Snakeguard,Local,31/07/2026,3400,5000,4200
Tamil Nadu,Dindigul,Dindigul(Uzhavar Sandhai ),Thondekai,Thondekai,Local,31/07/2026,4000,5000,4500
Tamil Nadu,Dindigul,Dindigul(Uzhavar Sandhai ),Yam(Ratalu),Yam (Ratalu),Local,31/07/2026,7000,8000,7500
Tamil Nadu,Dindigul,Dindigul(Uzhavar Sandhai ),Mashrooms,Mashrooms,Local,31/07/2026,18000,22500,20250
Tamil Nadu,Dindigul,Palani(Uzhavar Sandhai ),Banana,Red Banana,Local,31/07/2026,7000,8000,7500
Tamil Nadu,Dindigul,Palani(Uzhavar Sandhai ),Garlic,Garlic,Local,31/07/2026,18000,22000,20000
Tamil Nadu,Dindigul,Palani(Uzhavar Sandhai ),Papaya,Papaya,Local,31/07/2026,2500,3000,2750
Tamil Nadu,Dindigul,Palani(Uzhavar Sandhai ),Carrot,Pusakesar,Local,31/07/2026,6000,11000,8500
Tamil Nadu,Dindigul,Palani(Uzhavar Sandhai ),Raddish,Raddish,Local,31/07/2026,3000,3600,3300
Tamil Nadu,Dindigul,Palani(Uzhavar Sandhai ),Lemon,Lemon,Local,31/07/2026,4000,6000,5000
Tamil Nadu,Erode,Periyar Nagar(Uzhavar Sandhai ),Mango,Neelam,Local,31/07/2026,5500,6000,5750
Tamil Nadu,Erode,Periyar Nagar(Uzhavar Sandhai ),Brinjal,Other,Local,31/07/2026,4000,4200,4100
Tamil Nadu,Erode,Periyar Nagar(Uzhavar Sandhai ),Bhindi(Ladies Finger),Bhindi,Local,31/07/2026,3000,3400,3200
Tamil Nadu,Erode,Periyar Nagar(Uzhavar Sandhai ),Green Chilli,Green Chilly,Local,31/07/2026,4000,4200,4100
Tamil Nadu,Erode,Periyar Nagar(Uzhavar Sandhai ),Cowpea(Veg),Cowpea (Veg),Local,31/07/2026,3000,3500,3250
Tamil Nadu,Erode,Periyar Nagar(Uzhavar Sandhai ),Raddish,Raddish,Local,31/07/2026,2000,2500,2250
Tamil Nadu,Erode,Periyar Nagar(Uzhavar Sandhai ),Green Avare(W),Other,Local,31/07/2026,6000,6400,6200
Tamil Nadu,Erode,Periyar Nagar(Uzhavar Sandhai ),Elephant Yam(Suran)/Amorphophallus,Elephant Yam (Suran),Local,31/07/2026,2600,3000,2800
Tamil Nadu,Erode,Periyar Nagar(Uzhavar Sandhai ),Onion Green,Onion Green,Local,31/07/2026,4400,4800,4600
Tamil Nadu,Erode,Periyar Nagar(Uzhavar Sandhai ),Mint(Pudina),Mint(Pudina),Local,31/07/2026,4500,5000,4750
Tamil Nadu,Erode,Perundurai(Uzhavar Sandhai ),Mango,Safeda,Local,31/07/2026,5000,6000,5500
Tamil Nadu,Erode,Perundurai(Uzhavar Sandhai ),Onion,Bellary,Local,31/07/2026,3600,4000,3800
Tamil Nadu,Erode,Perundurai(Uzhavar Sandhai ),Bitter gourd,Other,Local,31/07/2026,5000,5500,5250
Tamil Nadu,Erode,Perundurai(Uzhavar Sandhai ),Green Chilli,Green Chilly,Local,31/07/2026,3800,4200,4000
Tamil Nadu,Erode,Perundurai(Uzhavar Sandhai ),Lemon,Lemon,Local,31/07/2026,10000,11000,10500
Tamil Nadu,Erode,Perundurai(Uzhavar Sandhai ),Baby Corn,Baby Corn,Grade A,31/07/2026,1800,2000,1900
Tamil Nadu,Erode,Thalavadi(Uzhavar Sandhai ),Onion,Bellary,Local,31/07/2026,3500,4000,3750
Tamil Nadu,Erode,Thalavadi(Uzhavar Sandhai ),Brinjal,Round,Local,31/07/2026,2600,3000,2800
Tamil Nadu,Erode,Thalavadi(Uzhavar Sandhai ),Tomato,Other,Local,31/07/2026,1200,1500,1350
Tamil Nadu,Erode,Thalavadi(Uzhavar Sandhai ),Bitter gourd,Other,Local,31/07/2026,5400,5800,5600
Tamil Nadu,Erode,Thalavadi(Uzhavar Sandhai ),Beans,Beans (Whole),Local,31/07/2026,7000,7500,7250
Tamil Nadu,Erode,Thalavadi(Uzhavar Sandhai ),Ginger(Green),Green Ginger,Local,31/07/2026,13000,14000,13500
Tamil Nadu,Erode,Thalavadi(Uzhavar Sandhai ),Snakeguard,Snakeguard,Local,31/07/2026,3000,3500,3250
Tamil Nadu,Erode,Thalavadi(Uzhavar Sandhai ),Lemon,Lemon,Local,31/07/2026,6500,7000,6750
Tamil Nadu,Kallakuruchi,Sankarapuram(Uzhavar Sandhai ),Mango,Neelam,Local,31/07/2026,5000,5000,5000
Tamil Nadu,Kallakuruchi,Sankarapuram(Uzhavar Sandhai ),Potato,Red Nanital,Local,31/07/2026,3500,3500,3500
Tamil Nadu,Kallakuruchi,Sankarapuram(Uzhavar Sandhai ),Bitter gourd,Bitter Gourd,Local,31/07/2026,7000,7000,7000
Tamil Nadu,Kallakuruchi,Sankarapuram(Uzhavar Sandhai ),Pumpkin,Pumpkin,Local,31/07/2026,2500,2500,2500
Tamil Nadu,Kallakuruchi,Sankarapuram(Uzhavar Sandhai ),Banana - Green,Banana - Green,Local,31/07/2026,3000,3000,3000
Tamil Nadu,Kallakuruchi,Sankarapuram(Uzhavar Sandhai ),Coconut,Coconut,Local,31/07/2026,6000,6000,6000
Tamil Nadu,Kallakuruchi,Sankarapuram(Uzhavar Sandhai ),Carrot,Pusakesar,Local,31/07/2026,10000,10000,10000
Tamil Nadu,Kallakuruchi,Sankarapuram(Uzhavar Sandhai ),Green Avare(W),Green Avare (W),Local,31/07/2026,8000,8000,8000
Tamil Nadu,Kallakuruchi,Sankarapuram(Uzhavar Sandhai ),Drumstick,Drumstick,Local,31/07/2026,7000,7000,7000
Tamil Nadu,Kallakuruchi,Sankarapuram(Uzhavar Sandhai ),Mango(Raw-Ripe),Mango - Raw-Ripe,Local,31/07/2026,2000,2000,2000
Tamil Nadu,Kallakuruchi,Sankarapuram(Uzhavar Sandhai ),Yam(Ratalu),Yam (Ratalu),Local,31/07/2026,3000,3000,3000
Tamil Nadu,Kallakuruchi,Sankarapuram(Uzhavar Sandhai ),Lemon,Lemon,Local,31/07/2026,7000,7000,7000
Tamil Nadu,Kancheepuram,Kancheepuram(Uzhavar Sandhai ),Brinjal,Other,Local,31/07/2026,3000,3500,3250
Tamil Nadu,Kancheepuram,Kancheepuram(Uzhavar Sandhai ),Coconut,Coconut,Local,31/07/2026,5500,6000,5750
Tamil Nadu,Kancheepuram,Kancheepuram(Uzhavar Sandhai ),Sweet Potato,Hosur Red,Local,31/07/2026,3000,4000,3500
Tamil Nadu,Kancheepuram,Kundrathur(Uzhavar Sandhai ),Apple,American,Local,31/07/2026,16000,16000,16000
Tamil Nadu,Kancheepuram,Kundrathur(Uzhavar Sandhai ),Banana,Red Banana,Local,31/07/2026,7000,8000,7500
Tamil Nadu,Kancheepuram,Kundrathur(Uzhavar Sandhai ),Cluster beans,Cluster Beans,Local,31/07/2026,4000,4000,4000
Tamil Nadu,Kancheepuram,Kundrathur(Uzhavar Sandhai ),Banana - Green,Banana - Green,Local,31/07/2026,3000,3000,3000
Tamil Nadu,Kancheepuram,Kundrathur(Uzhavar Sandhai ),Yam(Ratalu),Yam (Ratalu),Local,31/07/2026,4000,4000,4000
Tamil Nadu,Kancheepuram,Kundrathur(Uzhavar Sandhai ),Onion Green,Onion Green,Local,31/07/2026,5000,5000,5000
Tamil Nadu,Kancheepuram,Padappai(Uzhavar Sandhai ),Banana,Karpura,Local,31/07/2026,3500,4000,3750
Tamil Nadu,Kancheepuram,Padappai(Uzhavar Sandhai ),Cauliflower,Ranchi,Local,31/07/2026,3500,4000,3750
Tamil Nadu,Kancheepuram,Padappai(Uzhavar Sandhai ),Ashgourd,Gouard,Local,31/07/2026,2000,2800,2400
Tamil Nadu,Kancheepuram,Padappai(Uzhavar Sandhai ),Bhindi(Ladies Finger),Bhindi,Local,31/07/2026,3000,4000,3500
Tamil Nadu,Kancheepuram,Padappai(Uzhavar Sandhai ),Drumstick,Drumstick,Local,31/07/2026,3000,4000,3500
Tamil Nadu,Kancheepuram,Padappai(Uzhavar Sandhai ),Tender Coconut,Tender Coconut,Local,31/07/2026,2200,3000,2600
Tamil Nadu,Kancheepuram,Padappai(Uzhavar Sandhai ),Sweet Corn ,Sweet Corn ,Local,31/07/2026,3500,4000,3750
Tamil Nadu,Kancheepuram,Sunguvarchatram(Uzhavar Sandhai ),Banana,Red Banana,Local,31/07/2026,7000,8000,7500
Tamil Nadu,Kancheepuram,Sunguvarchatram(Uzhavar Sandhai ),Onion,Bellary,Local,31/07/2026,3500,3500,3500
Tamil Nadu,Kancheepuram,Sunguvarchatram(Uzhavar Sandhai ),Cauliflower,Ranchi,Local,31/07/2026,3500,3500,3500
Tamil Nadu,Kancheepuram,Sunguvarchatram(Uzhavar Sandhai ),Pumpkin,Pumpkin,Local,31/07/2026,2000,2000,2000
Tamil Nadu,Kancheepuram,Sunguvarchatram(Uzhavar Sandhai ),Bhindi(Ladies Finger),Bhindi,Local,31/07/2026,3000,3000,3000
Tamil Nadu,Kancheepuram,Sunguvarchatram(Uzhavar Sandhai ),Beans,Beans (Whole),Local,31/07/2026,6000,7000,6500
Tamil Nadu,Kancheepuram,Sunguvarchatram(Uzhavar Sandhai ),Snakeguard,Snakeguard,Local,31/07/2026,3500,3500,3500
Tamil Nadu,Kancheepuram,Sunguvarchatram(Uzhavar Sandhai ),Beetroot,Beetroot,Local,31/07/2026,4000,4500,4250
Tamil Nadu,Kancheepuram,Sunguvarchatram(Uzhavar Sandhai ),Onion Green,Onion Green,Local,31/07/2026,5000,5000,5000
Tamil Nadu,Krishnagiri,Avallapalli(Uzhavar Sandhai ),Potato,Red Nanital,Local,31/07/2026,2000,2500,2250
Tamil Nadu,Krishnagiri,Avallapalli(Uzhavar Sandhai ),Papaya,Papaya,Local,31/07/2026,3500,4000,3750
Tamil Nadu,Krishnagiri,Avallapalli(Uzhavar Sandhai ),Cluster beans,Cluster Beans,Local,31/07/2026,4500,5000,4750
Tamil Nadu,Krishnagiri,Avallapalli(Uzhavar Sandhai ),Bottle gourd,Bottle Gourd,Local,31/07/2026,2500,3000,2750
Tamil Nadu,Krishnagiri,Avallapalli(Uzhavar Sandhai ),Ridgeguard(Tori),Ridgeguard(Tori),Local,31/07/2026,4000,4500,4250
Tamil Nadu,Krishnagiri,Avallapalli(Uzhavar Sandhai ),Knool Khol,Knool Khol,Local,31/07/2026,4500,5000,4750
Tamil Nadu,Krishnagiri,Avallapalli(Uzhavar Sandhai ),Colacasia,Colacasia,Local,31/07/2026,5500,6000,5750
Tamil Nadu,Dharmapuri,Karimangalam(Uzhavar Sandhai),Banana,Karpura,Local,31/07/2026,6000,6500,6250
Tamil Nadu,Dharmapuri,Karimangalam(Uzhavar Sandhai),Cluster beans,Cluster Beans,Local,31/07/2026,3800,4000,3900
Tamil Nadu,Dharmapuri,Karimangalam(Uzhavar Sandhai),Bhindi(Ladies Finger),Bhindi,Local,31/07/2026,2300,2500,2400
Tamil Nadu,Dharmapuri,Karimangalam(Uzhavar Sandhai),Ginger(Green),Green Ginger,Local,31/07/2026,22000,24000,23000
Tamil Nadu,Dharmapuri,Karimangalam(Uzhavar Sandhai),Coconut,Coconut,Local,31/07/2026,6500,7000,6750
Tamil Nadu,Dharmapuri,Karimangalam(Uzhavar Sandhai),Beetroot,Beetroot,Local,31/07/2026,4800,5200,5000
Tamil Nadu,Dharmapuri,Karimangalam(Uzhavar Sandhai),Ridgeguard(Tori),Ridgeguard(Tori),Local,31/07/2026,3800,4000,3900
Tamil Nadu,Dharmapuri,Karimangalam(Uzhavar Sandhai),Drumstick,Drumstick,Local,31/07/2026,4500,5000,4750
Tamil Nadu,Dharmapuri,Karimangalam(Uzhavar Sandhai),Mint(Pudina),Mint(Pudina),Local,31/07/2026,7500,8000,7750
Tamil Nadu,Krishnagiri,Denkanikottai(Uzhavar Sandhai ),Banana,Besrai,Local,31/07/2026,6000,7000,6500
Tamil Nadu,Krishnagiri,Denkanikottai(Uzhavar Sandhai ),Garlic,Garlic,Local,31/07/2026,22000,24000,23000
Tamil Nadu,Krishnagiri,Denkanikottai(Uzhavar Sandhai ),Brinjal,Round,Local,31/07/2026,3000,4000,3500
Tamil Nadu,Krishnagiri,Denkanikottai(Uzhavar Sandhai ),Bitter gourd,Bitter Gourd,Local,31/07/2026,5000,5500,5250
Tamil Nadu,Krishnagiri,Denkanikottai(Uzhavar Sandhai ),Cowpea(Veg),Cowpea (Veg),Local,31/07/2026,5000,6000,5500
Tamil Nadu,Krishnagiri,Denkanikottai(Uzhavar Sandhai ),Beans,Beans (Whole),Local,31/07/2026,9000,10000,9500
Tamil Nadu,Krishnagiri,Denkanikottai(Uzhavar Sandhai ),Ginger(Green),Green Ginger,Local,31/07/2026,17000,18000,17500
Tamil Nadu,Krishnagiri,Denkanikottai(Uzhavar Sandhai ),Beetroot,Beetroot,Local,31/07/2026,4000,4500,4250
Tamil Nadu,Krishnagiri,Denkanikottai(Uzhavar Sandhai ),Cucumbar(Kheera),Cucumbar,Local,31/07/2026,3000,3500,3250
Tamil Nadu,Krishnagiri,Denkanikottai(Uzhavar Sandhai ),Raddish,Raddish,Local,31/07/2026,2000,2500,2250
Tamil Nadu,Krishnagiri,Denkanikottai(Uzhavar Sandhai ),Capsicum,Capsicum,Local,31/07/2026,4000,5000,4500
Tamil Nadu,Krishnagiri,Denkanikottai(Uzhavar Sandhai ),Drumstick,Drumstick,Local,31/07/2026,4000,4500,4250
Tamil Nadu,Krishnagiri,Denkanikottai(Uzhavar Sandhai ),Lemon,Lemon,Local,31/07/2026,8000,9000,8500
Tamil Nadu,Krishnagiri,Denkanikottai(Uzhavar Sandhai ),Mint(Pudina),Mint(Pudina),Local,31/07/2026,4000,5000,4500
Tamil Nadu,Krishnagiri,Hosur(Uzhavar Sandhai ),Sweet Corn ,Sweet Corn ,Local,31/07/2026,2500,3000,2750
Tamil Nadu,Krishnagiri,Hosur(Uzhavar Sandhai ),Grapes,Annabesahai,Local,31/07/2026,10000,12000,11000
Tamil Nadu,Krishnagiri,Hosur(Uzhavar Sandhai ),Onion,Bellary,Local,31/07/2026,3500,4000,3750
Tamil Nadu,Krishnagiri,Hosur(Uzhavar Sandhai ),Bitter gourd,Bitter Gourd,Local,31/07/2026,5000,5500,5250
Tamil Nadu,Krishnagiri,Hosur(Uzhavar Sandhai ),Cowpea(Veg),Cowpea (Veg),Local,31/07/2026,5000,6000,5500
Tamil Nadu,Krishnagiri,Hosur(Uzhavar Sandhai ),Capsicum,Capsicum,Local,31/07/2026,4500,5000,4750
Tamil Nadu,Krishnagiri,Hosur(Uzhavar Sandhai ),Drumstick,Drumstick,Local,31/07/2026,4000,4500,4250
Tamil Nadu,Krishnagiri,Hosur(Uzhavar Sandhai ),Jasmine,Jasmine,Local,31/07/2026,35000,40000,37500
Tamil Nadu,Krishnagiri,Hosur(Uzhavar Sandhai ),Mashrooms,Mashrooms,Local,31/07/2026,15000,20000,17500
Tamil Nadu,Krishnagiri,Krishnagiri(Uzhavar Sandhai ),Potato,Red Nanital,Local,31/07/2026,2400,2600,2500
Tamil Nadu,Krishnagiri,Krishnagiri(Uzhavar Sandhai ),Tomato,Deshi,Local,31/07/2026,1000,1400,1200
Tamil Nadu,Krishnagiri,Krishnagiri(Uzhavar Sandhai ),Amaranthus,Amaranthus,Local,31/07/2026,2500,3000,2750
Tamil Nadu,Krishnagiri,Krishnagiri(Uzhavar Sandhai ),Banana - Green,Banana - Green,Local,31/07/2026,2500,3000,2750
Tamil Nadu,Krishnagiri,Krishnagiri(Uzhavar Sandhai ),Coconut,Coconut,Local,31/07/2026,5000,5500,5250
Tamil Nadu,Krishnagiri,Krishnagiri(Uzhavar Sandhai ),Carrot,Pusakesar,Local,31/07/2026,7000,11000,9000
Tamil Nadu,Krishnagiri,Krishnagiri(Uzhavar Sandhai ),Beetroot,Beetroot,Local,31/07/2026,4500,5000,4750
Tamil Nadu,Krishnagiri,Krishnagiri(Uzhavar Sandhai ),Ridgeguard(Tori),Ridgeguard(Tori),Local,31/07/2026,2800,3000,2900
Tamil Nadu,Krishnagiri,Krishnagiri(Uzhavar Sandhai ),Thondekai,Thondekai,Local,31/07/2026,4500,5000,4750
Tamil Nadu,Krishnagiri,Krishnagiri(Uzhavar Sandhai ),Indian Beans(Seam),Indian Beans (Seam),Local,31/07/2026,5000,5500,5250
Tamil Nadu,Krishnagiri,Krishnagiri(Uzhavar Sandhai ),Lemon,Lemon,Local,31/07/2026,7000,8000,7500
Tamil Nadu,Krishnagiri,Krishnagiri(Uzhavar Sandhai ),Onion Green,Onion Green,Local,31/07/2026,5500,6000,5750
Tamil Nadu,Krishnagiri,Krishnagiri(Uzhavar Sandhai ),Mint(Pudina),Mint(Pudina),Local,31/07/2026,2500,3000,2750
Tamil Nadu,Madurai,Anaiyur(Uzhavar Sandhai ),Apple,American,Local,31/07/2026,18000,20000,19000
Tamil Nadu,Madurai,Anaiyur(Uzhavar Sandhai ),Banana,Besrai,Local,31/07/2026,3500,4000,3750
Tamil Nadu,Madurai,Anaiyur(Uzhavar Sandhai ),Mango,Safeda,Local,31/07/2026,6000,7000,6500
Tamil Nadu,Madurai,Anaiyur(Uzhavar Sandhai ),Garlic,Garlic,Local,31/07/2026,18000,27000,22500
Tamil Nadu,Madurai,Anaiyur(Uzhavar Sandhai ),Cauliflower,Ranchi,Local,31/07/2026,2500,3000,2750
Tamil Nadu,Madurai,Anaiyur(Uzhavar Sandhai ),Bitter gourd,Bitter Gourd,Local,31/07/2026,5000,6000,5500
Tamil Nadu,Madurai,Anaiyur(Uzhavar Sandhai ),Bottle gourd,Bottle Gourd,Local,31/07/2026,2500,3200,2850
Tamil Nadu,Madurai,Anaiyur(Uzhavar Sandhai ),Ashgourd,Gouard,Local,31/07/2026,2000,2600,2300
Tamil Nadu,Madurai,Anaiyur(Uzhavar Sandhai ),Pumpkin,Pumpkin,Local,31/07/2026,2000,2400,2200
Tamil Nadu,Madurai,Anaiyur(Uzhavar Sandhai ),Sweet Potato,Hosur Red,Local,31/07/2026,4000,4500,4250
Tamil Nadu,Madurai,Anaiyur(Uzhavar Sandhai ),Snakeguard,Snakeguard,Local,31/07/2026,3000,3600,3300
Tamil Nadu,Madurai,Anaiyur(Uzhavar Sandhai ),Yam(Ratalu),Yam (Ratalu),Local,31/07/2026,8000,9000,8500
Tamil Nadu,Madurai,Anaiyur(Uzhavar Sandhai ),Colacasia,Colacasia,Local,31/07/2026,4500,5000,4750
Tamil Nadu,Madurai,Usilampatti(Uzhavar Sandhai ),Bhindi(Ladies Finger),Bhindi,Local,31/07/2026,3000,3600,3300
Tamil Nadu,Madurai,Usilampatti(Uzhavar Sandhai ),Amaranthus,Amaranthus,Local,31/07/2026,3000,3600,3300
Tamil Nadu,Madurai,Usilampatti(Uzhavar Sandhai ),Green Chilli,Green Chilly,Local,31/07/2026,4000,4500,4250
Tamil Nadu,Madurai,Usilampatti(Uzhavar Sandhai ),Snakeguard,Snakeguard,Local,31/07/2026,3400,3600,3500
Tamil Nadu,Madurai,Usilampatti(Uzhavar Sandhai ),Green Avare(W),Green Avare (W),Local,31/07/2026,6000,7000,6500
Tamil Nadu,Madurai,Usilampatti(Uzhavar Sandhai ),Lemon,Lemon,Local,31/07/2026,7000,8000,7500
Tamil Nadu,Nagapattinam,Nagapattinam(Uzhavar Sandhai ),Snakeguard,Snakeguard,Local,31/07/2026,2800,3300,3050
Tamil Nadu,Nagapattinam,Nagapattinam(Uzhavar Sandhai ),Ridgeguard(Tori),Ridgeguard(Tori),Local,31/07/2026,4100,4100,4100
Tamil Nadu,Nagapattinam,Nagapattinam(Uzhavar Sandhai ),Tamarind Fruit,Tamarind Fruit,Local,31/07/2026,11500,13000,12250
Tamil Nadu,Nagapattinam,Sirkali(Uzhavar Sandhai ),Onion,Bellary,Local,31/07/2026,2500,3000,2750
Tamil Nadu,Nagapattinam,Sirkali(Uzhavar Sandhai ),Potato,Red Nanital,Local,31/07/2026,3600,4000,3800
Tamil Nadu,Nagapattinam,Sirkali(Uzhavar Sandhai ),Bhindi(Ladies Finger),Bhindi,Local,31/07/2026,4500,5000,4750
Tamil Nadu,Nagapattinam,Sirkali(Uzhavar Sandhai ),Sweet Potato,Hosur Red,Local,31/07/2026,5500,6000,5750
Tamil Nadu,Nagapattinam,Sirkali(Uzhavar Sandhai ),Snakeguard,Snakeguard,Local,31/07/2026,4500,5000,4750
Tamil Nadu,Nagapattinam,Sirkali(Uzhavar Sandhai ),Mango(Raw-Ripe),Mango - Raw-Ripe,Local,31/07/2026,4500,5000,4750
Tamil Nadu,Nagapattinam,Sirkali(Uzhavar Sandhai ),Lime,Lime,Local,31/07/2026,3500,4000,3750
Tamil Nadu,Nagapattinam,Sirkali(Uzhavar Sandhai ),Tender Coconut,Tender Coconut,Local,31/07/2026,2000,2500,2250
Tamil Nadu,Nagapattinam,Sirkali(Uzhavar Sandhai ),Mint(Pudina),Mint(Pudina),Local,31/07/2026,4000,4500,4250
Tamil Nadu,Namakkal,Kumarapalayam(Uzhavar Sandhai ),Coriander(Leaves),I Sort,Local,31/07/2026,7500,8500,8000
Tamil Nadu,Namakkal,Kumarapalayam(Uzhavar Sandhai ),Chikoos(Sapota),Sapota,Local,31/07/2026,4000,4500,4250
Tamil Nadu,Namakkal,Kumarapalayam(Uzhavar Sandhai ),Green Chilli,Green Chilly,Local,31/07/2026,5000,5500,5250
Tamil Nadu,Namakkal,Kumarapalayam(Uzhavar Sandhai ),Beans,Beans (Whole),Local,31/07/2026,8500,9500,9000
Tamil Nadu,Namakkal,Kumarapalayam(Uzhavar Sandhai ),Tapioca,Tapioca,Local,31/07/2026,2500,3000,2750
Tamil Nadu,Namakkal,Kumarapalayam(Uzhavar Sandhai ),Snakeguard,Snakeguard,Local,31/07/2026,4000,4500,4250
Tamil Nadu,Namakkal,Kumarapalayam(Uzhavar Sandhai ),Baby Corn,Baby Corn,Grade A,31/07/2026,2500,3000,2750
Tamil Nadu,Namakkal,Mohanur(Uzhavar Sandhai ),Potato,Other,Local,31/07/2026,3000,3500,3250
Tamil Nadu,Namakkal,Mohanur(Uzhavar Sandhai ),Brinjal,Other,Local,31/07/2026,6000,6800,6400
Tamil Nadu,Namakkal,Mohanur(Uzhavar Sandhai ),Cluster beans,Cluster Beans,Local,31/07/2026,3500,4000,3750
Tamil Nadu,Namakkal,Mohanur(Uzhavar Sandhai ),Amaranthus,Amaranthus,Local,31/07/2026,3500,4000,3750
Tamil Nadu,Namakkal,Mohanur(Uzhavar Sandhai ),Banana - Green,Banana - Green,Local,31/07/2026,3500,4000,3750
Tamil Nadu,Namakkal,Mohanur(Uzhavar Sandhai ),Beans,Beans (Whole),Local,31/07/2026,11000,12000,11500
Tamil Nadu,Namakkal,Namakkal(Uzhavar Sandhai ),Cauliflower,Ranchi,Local,31/07/2026,3000,4000,3500
Tamil Nadu,Namakkal,Namakkal(Uzhavar Sandhai ),Brinjal,Other,Local,31/07/2026,5500,6000,5750
Tamil Nadu,Namakkal,Namakkal(Uzhavar Sandhai ),Bitter gourd,Other,Local,31/07/2026,6500,7000,6750
Tamil Nadu,Namakkal,Namakkal(Uzhavar Sandhai ),Pumpkin,Pumpkin,Local,31/07/2026,2500,2600,2550
Tamil Nadu,Namakkal,Namakkal(Uzhavar Sandhai ),Ginger(Green),Green Ginger,Local,31/07/2026,18000,20000,19000
Tamil Nadu,Namakkal,Namakkal(Uzhavar Sandhai ),Chow Chow,Chow Chow,Local,31/07/2026,3000,3400,3200
Tamil Nadu,Namakkal,Namakkal(Uzhavar Sandhai ),Knool Khol,Knool Khol,Local,31/07/2026,3500,3800,3650
Tamil Nadu,Namakkal,Namakkal(Uzhavar Sandhai ),Lemon,Lemon,Local,31/07/2026,4500,5000,4750
Tamil Nadu,Namakkal,Namakkal(Uzhavar Sandhai ),Amla(Nelli Kai),Amla,Local,31/07/2026,6500,7000,6750
Tamil Nadu,Namakkal,Paramathivelur(Uzhavar Sandhai ),Onion,Bellary,Local,31/07/2026,3500,4000,3750
Tamil Nadu,Namakkal,Paramathivelur(Uzhavar Sandhai ),Brinjal,Other,Local,31/07/2026,5400,6000,5700
Tamil Nadu,Namakkal,Paramathivelur(Uzhavar Sandhai ),Bhindi(Ladies Finger),Bhindi,Local,31/07/2026,4900,5500,5200
Tamil Nadu,Namakkal,Paramathivelur(Uzhavar Sandhai ),Green Chilli,Green Chilly,Local,31/07/2026,6300,7000,6650
Tamil Nadu,Namakkal,Paramathivelur(Uzhavar Sandhai ),Banana - Green,Banana - Green,Local,31/07/2026,3500,4000,3750
Tamil Nadu,Namakkal,Paramathivelur(Uzhavar Sandhai ),Coconut,Coconut,Local,31/07/2026,5200,5800,5500
Tamil Nadu,Namakkal,Paramathivelur(Uzhavar Sandhai ),Snakeguard,Snakeguard,Local,31/07/2026,3900,4500,4200
Tamil Nadu,Namakkal,Paramathivelur(Uzhavar Sandhai ),Ridgeguard(Tori),Ridgeguard(Tori),Local,31/07/2026,4600,5200,4900
Tamil Nadu,Namakkal,Paramathivelur(Uzhavar Sandhai ),Drumstick,Drumstick,Local,31/07/2026,4400,5000,4700
Tamil Nadu,Namakkal,Paramathivelur(Uzhavar Sandhai ),Guava,Guava Allahabad,Local,31/07/2026,5400,6000,5700
Tamil Nadu,Namakkal,Paramathivelur(Uzhavar Sandhai ),Elephant Yam(Suran)/Amorphophallus,Elephant Yam (Suran),Local,31/07/2026,3900,4500,4200
Tamil Nadu,Namakkal,Rasipuram(Uzhavar Sandhai ),Mango,Other,Local,31/07/2026,3000,5000,4000
Tamil Nadu,Namakkal,Rasipuram(Uzhavar Sandhai ),Onion,Bellary,Local,31/07/2026,4200,4500,4350
Tamil Nadu,Namakkal,Rasipuram(Uzhavar Sandhai ),Coriander(Leaves),I Sort,Local,31/07/2026,8000,9000,8500
Tamil Nadu,Namakkal,Rasipuram(Uzhavar Sandhai ),Water Melon,Water Melon,Local,31/07/2026,1500,2000,1750
Tamil Nadu,Namakkal,Rasipuram(Uzhavar Sandhai ),Cabbage,Cabbage,Local,31/07/2026,3600,4000,3800
Tamil Nadu,Namakkal,Rasipuram(Uzhavar Sandhai ),Drumstick,Drumstick,Local,31/07/2026,5000,5500,5250
Tamil Nadu,Namakkal,Rasipuram(Uzhavar Sandhai ),Jasmine,Jasmine,Local,31/07/2026,42000,52000,47000
Tamil Nadu,Namakkal,Rasipuram(Uzhavar Sandhai ),Sweet Corn ,Sweet Corn ,Local,31/07/2026,2000,2500,2250
Tamil Nadu,Madurai,Palanganatham(Uzhavar Sandhai ),Banana,Besrai,Local,31/07/2026,3000,4000,3500
Tamil Nadu,Madurai,Palanganatham(Uzhavar Sandhai ),Potato,Other,Local,31/07/2026,5600,6000,5800
Tamil Nadu,Madurai,Palanganatham(Uzhavar Sandhai ),Coriander(Leaves),I Sort,Local,31/07/2026,4500,5000,4750
Tamil Nadu,Madurai,Palanganatham(Uzhavar Sandhai ),Cluster beans,Cluster Beans,Local,31/07/2026,3000,3600,3300
Tamil Nadu,Madurai,Palanganatham(Uzhavar Sandhai ),Amaranthus,Amaranthus,Local,31/07/2026,3000,3600,3300
Tamil Nadu,Madurai,Palanganatham(Uzhavar Sandhai ),Banana - Green,Banana - Green,Local,31/07/2026,1500,2000,1750
Tamil Nadu,Madurai,Palanganatham(Uzhavar Sandhai ),Ginger(Green),Green Ginger,Local,31/07/2026,15000,22000,18500
Tamil Nadu,Madurai,Palanganatham(Uzhavar Sandhai ),Cabbage,Cabbage,Local,31/07/2026,3000,3600,3300
Tamil Nadu,Madurai,Palanganatham(Uzhavar Sandhai ),Raddish,Raddish,Local,31/07/2026,2500,3000,2750
Tamil Nadu,Madurai,Palanganatham(Uzhavar Sandhai ),Knool Khol,Knool Khol,Local,31/07/2026,5500,6000,5750
Tamil Nadu,Madurai,Palanganatham(Uzhavar Sandhai ),Lime,Lime,Local,31/07/2026,13000,14000,13500
Tamil Nadu,Madurai,Palanganatham(Uzhavar Sandhai ),Indian Beans(Seam),Indian Beans (Seam),Local,31/07/2026,5000,5500,5250
Tamil Nadu,Madurai,Anna nagar(Uzhavar Sandhai ),Potato,Red Nanital,Local,31/07/2026,5000,6000,5500
Tamil Nadu,Madurai,Anna nagar(Uzhavar Sandhai ),Green Avare(W),Green Avare (W),Local,31/07/2026,6000,7000,6500
Tamil Nadu,Madurai,Anna nagar(Uzhavar Sandhai ),Garlic,Garlic,Local,31/07/2026,14000,14000,14000
Tamil Nadu,Madurai,Anna nagar(Uzhavar Sandhai ),Coriander(Leaves),I Sort,Local,31/07/2026,3200,3200,3200
Tamil Nadu,Madurai,Anna nagar(Uzhavar Sandhai ),Green Peas,Green Peas,Local,31/07/2026,19000,19000,19000
Tamil Nadu,Madurai,Anna nagar(Uzhavar Sandhai ),Water Melon,Water Melon,Local,31/07/2026,2500,3000,2750
Tamil Nadu,Madurai,Anna nagar(Uzhavar Sandhai ),Ashgourd,Gouard,Local,31/07/2026,2000,2200,2100
Tamil Nadu,Madurai,Anna nagar(Uzhavar Sandhai ),Pumpkin,Pumpkin,Local,31/07/2026,1800,1800,1800
Tamil Nadu,Madurai,Anna nagar(Uzhavar Sandhai ),Raddish,Raddish,Local,31/07/2026,3600,3600,3600
Tamil Nadu,Madurai,Anna nagar(Uzhavar Sandhai ),Chow Chow,Chow Chow,Local,31/07/2026,4000,4000,4000
Tamil Nadu,Madurai,Anna nagar(Uzhavar Sandhai ),Guava,Guava Allahabad,Local,31/07/2026,8000,8000,8000
Tamil Nadu,Madurai,Anna nagar(Uzhavar Sandhai ),Turnip,Turnip,Local,31/07/2026,9000,10000,9500
Tamil Nadu,Madurai,Anna nagar(Uzhavar Sandhai ),Tube Rose(Loose),Tube Rose (Loose),Local,31/07/2026,24000,24000,24000
Tamil Nadu,Madurai,Anna nagar(Uzhavar Sandhai ),Sweet Corn ,Sweet Corn ,Local,31/07/2026,5000,5000,5000
Tamil Nadu,Perambalur,Perambalur(Uzhavar Sandhai ),Potato,Other,Local,31/07/2026,2800,3000,2900
Tamil Nadu,Perambalur,Perambalur(Uzhavar Sandhai ),Beans,Beans (Whole),Local,31/07/2026,9400,10000,9700
Tamil Nadu,Perambalur,Perambalur(Uzhavar Sandhai ),Sweet Potato,Hosur Red,Local,31/07/2026,5600,6000,5800
Tamil Nadu,Perambalur,Perambalur(Uzhavar Sandhai ),Capsicum,Capsicum,Local,31/07/2026,6800,7200,7000
Tamil Nadu,Perambalur,Perambalur(Uzhavar Sandhai ),Green Avare(W),Green Avare (W),Local,31/07/2026,7200,9400,8300
Tamil Nadu,Perambalur,Perambalur(Uzhavar Sandhai ),Colacasia,Colacasia,Local,31/07/2026,5600,6000,5800
Tamil Nadu,Salem,Mecheri(Uzhavar Sandhai),Cluster beans,Cluster Beans,Local,31/07/2026,3000,3500,3250
Tamil Nadu,Salem,Mecheri(Uzhavar Sandhai),Green Chilli,Green Chilly,Local,31/07/2026,4000,4500,4250
Tamil Nadu,Salem,Mecheri(Uzhavar Sandhai),Raddish,Raddish,Local,31/07/2026,3000,3500,3250
Tamil Nadu,Salem,Mecheri(Uzhavar Sandhai),Lemon,Lemon,Local,31/07/2026,4000,5000,4500
Tamil Nadu,Salem,Mecheri(Uzhavar Sandhai),Mint(Pudina),Mint(Pudina),Local,31/07/2026,3000,3500,3250
Tamil Nadu,Ranipet,Arcot(Uzhavar Sandhai ),Groundnut,Big (With Shell),Local,31/07/2026,8000,8000,8000
Tamil Nadu,Ranipet,Arcot(Uzhavar Sandhai ),Potato,Red Nanital,Local,31/07/2026,2800,2800,2800
Tamil Nadu,Ranipet,Arcot(Uzhavar Sandhai ),Garlic,Garlic,Local,31/07/2026,16000,20000,18000
Tamil Nadu,Ranipet,Arcot(Uzhavar Sandhai ),Coriander(Leaves),I Sort,Local,31/07/2026,4000,4000,4000
Tamil Nadu,Ranipet,Arcot(Uzhavar Sandhai ),Papaya,Papaya,Local,31/07/2026,4000,4000,4000
Tamil Nadu,Ranipet,Arcot(Uzhavar Sandhai ),Banana - Green,Banana - Green,Local,31/07/2026,4000,5000,4500
Tamil Nadu,Ranipet,Arcot(Uzhavar Sandhai ),Sweet Potato,Hosur Red,Local,31/07/2026,4000,4000,4000
Tamil Nadu,Ranipet,Arcot(Uzhavar Sandhai ),Cabbage,Cabbage,Local,31/07/2026,4000,4000,4000
Tamil Nadu,Ranipet,Arcot(Uzhavar Sandhai ),Knool Khol,Knool Khol,Local,31/07/2026,5000,5000,5000
Tamil Nadu,Ranipet,Arcot(Uzhavar Sandhai ),Tender Coconut,Tender Coconut,Local,31/07/2026,2500,3000,2750
Tamil Nadu,Ranipet,Arcot(Uzhavar Sandhai ),Colacasia,Colacasia,Local,31/07/2026,4000,4000,4000
Tamil Nadu,Ranipet,Ranipettai(Uzhavar Sandhai ),Tomato,Other,Local,31/07/2026,1600,1600,1600
Tamil Nadu,Ranipet,Ranipettai(Uzhavar Sandhai ),Beans,Beans (Whole),Local,31/07/2026,6000,7000,6500
Tamil Nadu,Ranipet,Ranipettai(Uzhavar Sandhai ),Snakeguard,Snakeguard,Local,31/07/2026,4000,4000,4000
Tamil Nadu,Ranipet,Ranipettai(Uzhavar Sandhai ),Marigold(Calcutta),Marigold(Calcutta),Local,31/07/2026,36000,48000,42000
Tamil Nadu,Salem,Ammapet(Uzhavar Sandhai ),Groundnut,Big (With Shell),Local,31/07/2026,6600,7000,6800
Tamil Nadu,Salem,Ammapet(Uzhavar Sandhai ),Carrot,Pusakesar,Local,31/07/2026,9000,9500,9250
Tamil Nadu,Salem,Ammapet(Uzhavar Sandhai ),Thondekai,Thondekai,Local,31/07/2026,4200,4500,4350
Tamil Nadu,Salem,Ammapet(Uzhavar Sandhai ),Mango(Raw-Ripe),Mango - Raw-Ripe,Local,31/07/2026,3200,3500,3350
Tamil Nadu,Salem,Ammapet(Uzhavar Sandhai ),Pomegranate,Pomogranate,Local,31/07/2026,13000,14000,13500
Tamil Nadu,Salem,Ammapet(Uzhavar Sandhai ),Elephant Yam(Suran)/Amorphophallus,Elephant Yam (Suran),Local,31/07/2026,3800,4000,3900
Tamil Nadu,Salem,Ammapet(Uzhavar Sandhai ),Indian Beans(Seam),Indian Beans (Seam),Local,31/07/2026,5600,6000,5800
Tamil Nadu,Salem,Mettur(Uzhavar Sandhai ),Brinjal,Other,Local,31/07/2026,3500,4000,3750
Tamil Nadu,Salem,Mettur(Uzhavar Sandhai ),Green Chilli,Green Chilly,Local,31/07/2026,4500,5000,4750
Tamil Nadu,Salem,Mettur(Uzhavar Sandhai ),Beans,Beans (Whole),Local,31/07/2026,9000,10000,9500
Tamil Nadu,Salem,Mettur(Uzhavar Sandhai ),Coconut,Coconut,Local,31/07/2026,4500,5000,4750
Tamil Nadu,Salem,Mettur(Uzhavar Sandhai ),Drumstick,Drumstick,Local,31/07/2026,4500,5000,4750
Tamil Nadu,Salem,Mettur(Uzhavar Sandhai ),Knool Khol,Knool Khol,Local,31/07/2026,5500,6000,5750
Tamil Nadu,Salem,Mettur(Uzhavar Sandhai ),Amla(Nelli Kai),Amla,Local,31/07/2026,6500,7000,6750
Tamil Nadu,Salem,Mettur(Uzhavar Sandhai ),Rose(Local),Rose (Local),Local,31/07/2026,11000,12000,11500
Tamil Nadu,Salem,Sooramangalam(Uzhavar Sandhai ),Mousambi(Sweet Lime),Mousambi,Local,31/07/2026,3000,3500,3250
Tamil Nadu,Salem,Sooramangalam(Uzhavar Sandhai ),Pumpkin,Pumpkin,Local,31/07/2026,2000,2200,2100
Tamil Nadu,Salem,Sooramangalam(Uzhavar Sandhai ),Tapioca,Tapioca,Local,31/07/2026,3000,3500,3250
Tamil Nadu,Salem,Sooramangalam(Uzhavar Sandhai ),Carrot,Pusakesar,Local,31/07/2026,10000,10800,10400
Tamil Nadu,Salem,Sooramangalam(Uzhavar Sandhai ),Thondekai,Thondekai,Local,31/07/2026,4000,4500,4250
Tamil Nadu,Salem,Sooramangalam(Uzhavar Sandhai ),Knool Khol,Knool Khol,Local,31/07/2026,5000,5400,5200
Tamil Nadu,Salem,Sooramangalam(Uzhavar Sandhai ),Guava,Guava Allahabad,Local,31/07/2026,5000,6000,5500
Tamil Nadu,Salem,Sooramangalam(Uzhavar Sandhai ),Onion Green,Onion Green,Local,31/07/2026,4500,5000,4750
Tamil Nadu,Salem,Sooramangalam(Uzhavar Sandhai ),Rose(Local),Rose (Local),Local,31/07/2026,8000,10000,9000
Tamil Nadu,Salem,Thammampatti (Uzhavar Sandhai ),Mango,Safeda,Local,31/07/2026,4000,5000,4500
Tamil Nadu,Salem,Thammampatti (Uzhavar Sandhai ),Coriander(Leaves),I Sort,Local,31/07/2026,3500,4000,3750
Tamil Nadu,Salem,Thammampatti (Uzhavar Sandhai ),Papaya,Papaya,Local,31/07/2026,2500,3000,2750
Tamil Nadu,Salem,Thammampatti (Uzhavar Sandhai ),Elephant Yam(Suran)/Amorphophallus,Elephant Yam (Suran),Local,31/07/2026,2000,2500,2250
Tamil Nadu,Salem,Thammampatti (Uzhavar Sandhai ),Amla(Nelli Kai),Amla,Local,31/07/2026,6000,7000,6500
Tamil Nadu,Salem,Thathakapatti(Uzhavar Sandhai ),Groundnut,Big (With Shell),Local,31/07/2026,7000,8000,7500
Tamil Nadu,Salem,Thathakapatti(Uzhavar Sandhai ),Banana,Besrai,Local,31/07/2026,4000,7500,5750
Tamil Nadu,Salem,Thathakapatti(Uzhavar Sandhai ),Potato,Red Nanital,Local,31/07/2026,3000,6600,4800
Tamil Nadu,Salem,Thathakapatti(Uzhavar Sandhai ),Garlic,Garlic,Local,31/07/2026,22000,25000,23500
Tamil Nadu,Salem,Thathakapatti(Uzhavar Sandhai ),Cauliflower,Ranchi,Local,31/07/2026,2000,2500,2250
Tamil Nadu,Salem,Thathakapatti(Uzhavar Sandhai ),Coriander(Leaves),I Sort,Local,31/07/2026,3500,4000,3750
Tamil Nadu,Salem,Thathakapatti(Uzhavar Sandhai ),Green Peas,Green Peas,Local,31/07/2026,13000,14000,13500
Tamil Nadu,Salem,Thathakapatti(Uzhavar Sandhai ),Mousambi(Sweet Lime),Mousambi,Local,31/07/2026,3000,3500,3250
Tamil Nadu,Salem,Thathakapatti(Uzhavar Sandhai ),Tomato,Deshi,Local,31/07/2026,1000,1600,1300
Tamil Nadu,Salem,Thathakapatti(Uzhavar Sandhai ),Bottle gourd,Bottle Gourd,Local,31/07/2026,2500,3000,2750
Tamil Nadu,Salem,Thathakapatti(Uzhavar Sandhai ),Bhindi(Ladies Finger),Bhindi,Local,31/07/2026,3000,3400,3200
Tamil Nadu,Salem,Thathakapatti(Uzhavar Sandhai ),Cowpea(Veg),Cowpea (Veg),Local,31/07/2026,4000,4000,4000
Tamil Nadu,Salem,Thathakapatti(Uzhavar Sandhai ),Beans,Beans (Whole),Local,31/07/2026,9400,9400,9400
Tamil Nadu,Salem,Thathakapatti(Uzhavar Sandhai ),Carrot,Pusakesar,Local,31/07/2026,10000,11000,10500
Tamil Nadu,Salem,Thathakapatti(Uzhavar Sandhai ),Raddish,Raddish,Local,31/07/2026,2600,3000,2800
Tamil Nadu,Salem,Thathakapatti(Uzhavar Sandhai ),Green Avare(W),Green Avare (W),Local,31/07/2026,6000,7000,6500
Tamil Nadu,Salem,Thathakapatti(Uzhavar Sandhai ),Lime,Lime,Local,31/07/2026,3000,4000,3500
Tamil Nadu,Salem,Thathakapatti(Uzhavar Sandhai ),Tender Coconut,Tender Coconut,Local,31/07/2026,2500,4000,3250
Tamil Nadu,Salem,Thathakapatti(Uzhavar Sandhai ),Tamarind Fruit,Tamarind Fruit,Local,31/07/2026,15000,16000,15500
Tamil Nadu,Salem,Thathakapatti(Uzhavar Sandhai ),Amla(Nelli Kai),Amla,Local,31/07/2026,6000,7000,6500
Tamil Nadu,Tenkasi,Sankarankoil(Uzhavar Sandhai ),Coriander(Leaves),I Sort,Local,31/07/2026,7000,7000,7000
Tamil Nadu,Tenkasi,Sankarankoil(Uzhavar Sandhai ),Tapioca,Tapioca,Local,31/07/2026,3500,4000,3750
Tamil Nadu,Tenkasi,Sankarankoil(Uzhavar Sandhai ),Yam(Ratalu),Yam (Ratalu),Local,31/07/2026,10000,10000,10000
Tamil Nadu,Tenkasi,Tenkasi(Uzhavar Sandhai ),Banana,Red Banana,Local,31/07/2026,6000,7000,6500
Tamil Nadu,Tenkasi,Tenkasi(Uzhavar Sandhai ),Bitter gourd,Other,Local,31/07/2026,6000,6000,6000
Tamil Nadu,Tenkasi,Tenkasi(Uzhavar Sandhai ),Bhindi(Ladies Finger),Bhindi,Local,31/07/2026,4000,4000,4000
Tamil Nadu,Tenkasi,Tenkasi(Uzhavar Sandhai ),Amaranthus,Amaranthus,Local,31/07/2026,1500,2000,1750
Tamil Nadu,Tenkasi,Tenkasi(Uzhavar Sandhai ),Sweet Potato,Hosur Red,Local,31/07/2026,4000,4000,4000
Tamil Nadu,Tenkasi,Tenkasi(Uzhavar Sandhai ),Cabbage,Cabbage,Local,31/07/2026,4000,4000,4000
Tamil Nadu,Tenkasi,Tenkasi(Uzhavar Sandhai ),Green Avare(W),Other,Local,31/07/2026,5000,5000,5000
Tamil Nadu,Tenkasi,Tenkasi(Uzhavar Sandhai ),Colacasia,Colacasia,Local,31/07/2026,4000,5000,4500
Tamil Nadu,Tenkasi,Tenkasi(Uzhavar Sandhai ),Amla(Nelli Kai),Amla,Local,31/07/2026,5000,6000,5500
Tamil Nadu,Pudukkottai,Pudukottai(Uzhavar Sandhai ),Mango,Other,Local,31/07/2026,6000,7000,6500
Tamil Nadu,Pudukkottai,Pudukottai(Uzhavar Sandhai ),Papaya,Papaya,Local,31/07/2026,2500,3000,2750
Tamil Nadu,Pudukkottai,Pudukottai(Uzhavar Sandhai ),Green Chilli,Green Chilly,Local,31/07/2026,5000,6000,5500
Tamil Nadu,Pudukkottai,Pudukottai(Uzhavar Sandhai ),Banana - Green,Banana - Green,Local,31/07/2026,2500,3000,2750
Tamil Nadu,Pudukkottai,Pudukottai(Uzhavar Sandhai ),Capsicum,Capsicum,Local,31/07/2026,5000,6000,5500
Tamil Nadu,Pudukkottai,Pudukottai(Uzhavar Sandhai ),Green Avare(W),Other,Local,31/07/2026,6000,7000,6500
Tamil Nadu,Pudukkottai,Pudukottai(Uzhavar Sandhai ),Tamarind Fruit,Tamarind Fruit,Local,31/07/2026,6000,7000,6500
Tamil Nadu,Pudukkottai,Pudukottai(Uzhavar Sandhai ),Lemon,Lemon,Local,31/07/2026,5000,6000,5500
Tamil Nadu,Thanjavur,Kumbakonam (Uzhavar Sandhai ),Coriander(Leaves),I Sort,Local,31/07/2026,4800,4800,4800
Tamil Nadu,Thanjavur,Kumbakonam (Uzhavar Sandhai ),Green Chilli,Green Chilly,Local,31/07/2026,5400,5400,5400
Tamil Nadu,Thanjavur,Kumbakonam (Uzhavar Sandhai ),Ginger(Green),Green Ginger,Local,31/07/2026,13000,24000,18500
Tamil Nadu,Thanjavur,Kumbakonam (Uzhavar Sandhai ),Cucumbar(Kheera),Cucumbar,Local,31/07/2026,6000,6000,6000
Tamil Nadu,Thanjavur,Kumbakonam (Uzhavar Sandhai ),Ridgeguard(Tori),Ridgeguard(Tori),Local,31/07/2026,7200,7200,7200
Tamil Nadu,Thanjavur,Kumbakonam (Uzhavar Sandhai ),Raddish,Raddish,Local,31/07/2026,3600,3600,3600
Tamil Nadu,Thanjavur,Kumbakonam (Uzhavar Sandhai ),Thondekai,Thondekai,Local,31/07/2026,5000,5000,5000
Tamil Nadu,Thanjavur,Kumbakonam (Uzhavar Sandhai ),Capsicum,Capsicum,Local,31/07/2026,9600,9600,9600
Tamil Nadu,Thanjavur,Kumbakonam (Uzhavar Sandhai ),Drumstick,Drumstick,Local,31/07/2026,3600,6000,4800
Tamil Nadu,Thanjavur,Kumbakonam (Uzhavar Sandhai ),Colacasia,Colacasia,Local,31/07/2026,6000,6000,6000
Tamil Nadu,Thanjavur,Kumbakonam (Uzhavar Sandhai ),Amla(Nelli Kai),Amla,Local,31/07/2026,8000,8000,8000
Tamil Nadu,Thanjavur,Kumbakonam (Uzhavar Sandhai ),Onion Green,Onion Green,Local,31/07/2026,6000,7200,6600
Tamil Nadu,The Nilgiris,Udhagamandalam(Uzhavar Sandhai ),Potato,Other,Local,31/07/2026,5500,6000,5750
Tamil Nadu,The Nilgiris,Udhagamandalam(Uzhavar Sandhai ),Garlic,Garlic,Local,31/07/2026,18000,20000,19000
Tamil Nadu,The Nilgiris,Udhagamandalam(Uzhavar Sandhai ),Tomato,Deshi,Local,31/07/2026,2000,2300,2150
Tamil Nadu,The Nilgiris,Udhagamandalam(Uzhavar Sandhai ),Cluster beans,Cluster Beans,Local,31/07/2026,3500,4000,3750
Tamil Nadu,The Nilgiris,Udhagamandalam(Uzhavar Sandhai ),Bitter gourd,Bitter Gourd,Local,31/07/2026,5500,5800,5650
Tamil Nadu,The Nilgiris,Udhagamandalam(Uzhavar Sandhai ),Pumpkin,Pumpkin,Local,31/07/2026,1500,2000,1750
Tamil Nadu,The Nilgiris,Udhagamandalam(Uzhavar Sandhai ),Ginger(Green),Green Ginger,Local,31/07/2026,15000,19000,17000
Tamil Nadu,The Nilgiris,Udhagamandalam(Uzhavar Sandhai ),Green Avare(W),Green Avare (W),Local,31/07/2026,6000,6500,6250
Tamil Nadu,The Nilgiris,Udhagamandalam(Uzhavar Sandhai ),Drumstick,Drumstick,Local,31/07/2026,4000,4500,4250
Tamil Nadu,The Nilgiris,Udhagamandalam(Uzhavar Sandhai ),Pomegranate,Pomogranate,Local,31/07/2026,20000,21000,20500
Tamil Nadu,The Nilgiris,Udhagamandalam(Uzhavar Sandhai ),Turnip,Turnip,Local,31/07/2026,3500,4000,3750
Tamil Nadu,The Nilgiris,Udhagamandalam(Uzhavar Sandhai ),Mint(Pudina),Mint(Pudina),Local,31/07/2026,5500,6000,5750
Tamil Nadu,Theni,Andipatti(Uzhavar Sandhai ),Onion,Bellary,Local,31/07/2026,3600,3800,3700
Tamil Nadu,Theni,Andipatti(Uzhavar Sandhai ),Garlic,Garlic,Local,31/07/2026,23000,24000,23500
Tamil Nadu,Theni,Andipatti(Uzhavar Sandhai ),Papaya,Papaya,Local,31/07/2026,2500,3000,2750
Tamil Nadu,Theni,Andipatti(Uzhavar Sandhai ),Bottle gourd,Bottle Gourd,Local,31/07/2026,1400,1600,1500
Tamil Nadu,Theni,Andipatti(Uzhavar Sandhai ),Bhindi(Ladies Finger),Bhindi,Local,31/07/2026,3600,3800,3700
Tamil Nadu,Theni,Andipatti(Uzhavar Sandhai ),Beans,Beans (Whole),Local,31/07/2026,8300,8500,8400
Tamil Nadu,Theni,Andipatti(Uzhavar Sandhai ),Green Avare(W),Other,Local,31/07/2026,6600,6800,6700
Tamil Nadu,Theni,Andipatti(Uzhavar Sandhai ),Chow Chow,Chow Chow,Local,31/07/2026,2600,2800,2700
Tamil Nadu,Theni,Andipatti(Uzhavar Sandhai ),Yam(Ratalu),Yam (Ratalu),Local,31/07/2026,7600,7800,7700
Tamil Nadu,Theni,Andipatti(Uzhavar Sandhai ),Lemon,Lemon,Local,31/07/2026,5000,5500,5250
Tamil Nadu,Theni,Andipatti(Uzhavar Sandhai ),Mashrooms,Mashrooms,Local,31/07/2026,23000,23000,23000
Tamil Nadu,Theni,Bodinayakanur(Uzhavar Sandhai ),Onion,Bellary,Local,31/07/2026,3800,3800,3800
Tamil Nadu,Theni,Bodinayakanur(Uzhavar Sandhai ),Amaranthus,Amaranthus,Local,31/07/2026,2500,2500,2500
Tamil Nadu,Theni,Bodinayakanur(Uzhavar Sandhai ),Cabbage,Cabbage,Local,31/07/2026,4000,4000,4000
Tamil Nadu,Theni,Bodinayakanur(Uzhavar Sandhai ),Mango(Raw-Ripe),Mango - Raw-Ripe,Local,31/07/2026,4000,4000,4000
Tamil Nadu,Theni,Bodinayakanur(Uzhavar Sandhai ),Knool Khol,Knool Khol,Local,31/07/2026,4400,4400,4400
Tamil Nadu,Theni,Bodinayakanur(Uzhavar Sandhai ),Onion Green,Onion Green,Local,31/07/2026,6000,6000,6000
Tamil Nadu,Theni,Chinnamanur(Uzhavar Sandhai ),Banana,Red Banana,Local,31/07/2026,6000,6000,6000
Tamil Nadu,Theni,Chinnamanur(Uzhavar Sandhai ),Coriander(Leaves),I Sort,Local,31/07/2026,3800,3800,3800
Tamil Nadu,Theni,Chinnamanur(Uzhavar Sandhai ),Bottle gourd,Bottle Gourd,Local,31/07/2026,2400,2400,2400
Tamil Nadu,Theni,Chinnamanur(Uzhavar Sandhai ),Beetroot,Beetroot,Local,31/07/2026,4800,4800,4800
Tamil Nadu,Theni,Chinnamanur(Uzhavar Sandhai ),Lemon,Lemon,Local,31/07/2026,6000,6000,6000
Tamil Nadu,Theni,Kambam(Uzhavar Sandhai ),Mango,Safeda,Local,31/07/2026,5000,6000,5500
Tamil Nadu,Theni,Kambam(Uzhavar Sandhai ),Bottle gourd,Bottle Gourd,Local,31/07/2026,1500,1600,1550
Tamil Nadu,Theni,Kambam(Uzhavar Sandhai ),Ashgourd,Gouard,Local,31/07/2026,1500,1500,1500
Tamil Nadu,Theni,Kambam(Uzhavar Sandhai ),Bhindi(Ladies Finger),Bhindi,Local,31/07/2026,3600,3800,3700
Tamil Nadu,Theni,Kambam(Uzhavar Sandhai ),Beetroot,Beetroot,Local,31/07/2026,4400,4700,4550
Tamil Nadu,Theni,Kambam(Uzhavar Sandhai ),Mint(Pudina),Mint(Pudina),Local,31/07/2026,5500,5500,5500
Tamil Nadu,Theni,Theni(Uzhavar Sandhai ),Orange,Darjeeling,Local,31/07/2026,16000,16000,16000
Tamil Nadu,Theni,Theni(Uzhavar Sandhai ),Water Melon,Water Melon,Local,31/07/2026,2000,2500,2250
Tamil Nadu,Theni,Theni(Uzhavar Sandhai ),Bottle gourd,Bottle Gourd,Local,31/07/2026,1000,1600,1300
Tamil Nadu,Theni,Theni(Uzhavar Sandhai ),Pumpkin,Pumpkin,Local,31/07/2026,1800,1800,1800
Tamil Nadu,Theni,Theni(Uzhavar Sandhai ),Betal Leaves,Mysore,Local,31/07/2026,22000,22000,22000
Tamil Nadu,Theni,Theni(Uzhavar Sandhai ),Cabbage,Cabbage,Local,31/07/2026,4000,4000,4000
Tamil Nadu,Theni,Theni(Uzhavar Sandhai ),Snakeguard,Snakeguard,Local,31/07/2026,3000,3000,3000
Tamil Nadu,Theni,Theni(Uzhavar Sandhai ),Beetroot,Beetroot,Local,31/07/2026,4800,4800,4800
Tamil Nadu,Theni,Theni(Uzhavar Sandhai ),Drumstick,Drumstick,Local,31/07/2026,2000,3000,2500
Tamil Nadu,Theni,Theni(Uzhavar Sandhai ),Mango(Raw-Ripe),Mango - Raw-Ripe,Local,31/07/2026,4000,4000,4000
Tamil Nadu,Theni,Theni(Uzhavar Sandhai ),Lime,Lime,Local,31/07/2026,10000,13000,11500
Tamil Nadu,Theni,Theni(Uzhavar Sandhai ),Lemon,Lemon,Local,31/07/2026,4000,5500,4750
Tamil Nadu,Thirunelveli,Ambasamudram(Uzhavar Sandhai ),Ashgourd,Gouard,Local,31/07/2026,1300,1600,1450
Tamil Nadu,Thirunelveli,Ambasamudram(Uzhavar Sandhai ),Pumpkin,Pumpkin,Local,31/07/2026,1200,1400,1300
Tamil Nadu,Thirunelveli,Kandiyaperi(Uzhavar Sandhai ),Brinjal,Other,Local,31/07/2026,2500,3000,2750
Tamil Nadu,Thirunelveli,Kandiyaperi(Uzhavar Sandhai ),Amaranthus,Amaranthus,Local,31/07/2026,1200,1500,1350
Tamil Nadu,Thirunelveli,Melapalayam(Uzhavar Sandhai ),Potato,Other,Local,31/07/2026,2400,2600,2500
Tamil Nadu,Thirunelveli,Melapalayam(Uzhavar Sandhai ),Coriander(Leaves),I Sort,Local,31/07/2026,4000,4500,4250
Tamil Nadu,Thirunelveli,Melapalayam(Uzhavar Sandhai ),Bitter gourd,Other,Local,31/07/2026,5500,6500,6000
Tamil Nadu,Thirunelveli,Melapalayam(Uzhavar Sandhai ),Ashgourd,Gouard,Local,31/07/2026,1400,1600,1500
Tamil Nadu,Thirunelveli,Melapalayam(Uzhavar Sandhai ),Tapioca,Tapioca,Local,31/07/2026,3000,3500,3250
Tamil Nadu,Thirunelveli,Melapalayam(Uzhavar Sandhai ),Raddish,Raddish,Local,31/07/2026,3500,4000,3750
Tamil Nadu,Thirunelveli,Melapalayam(Uzhavar Sandhai ),Green Avare(W),Other,Local,31/07/2026,5000,5500,5250
Tamil Nadu,Thirunelveli,Melapalayam(Uzhavar Sandhai ),Guava,Guava Allahabad,Local,31/07/2026,6000,8000,7000
Tamil Nadu,Thirunelveli,Melapalayam(Uzhavar Sandhai ),Elephant Yam(Suran)/Amorphophallus,Elephant Yam (Suran),Local,31/07/2026,4200,4400,4300
Tamil Nadu,Thirunelveli,Melapalayam(Uzhavar Sandhai ),Amla(Nelli Kai),Amla,Local,31/07/2026,4500,5000,4750
Tamil Nadu,Thirunelveli,Melapalayam(Uzhavar Sandhai ),Mint(Pudina),Mint(Pudina),Local,31/07/2026,6000,6500,6250
Tamil Nadu,Thirunelveli,NGO Colony(Uzhavar Sandhai ),Banana,Besrai,Local,31/07/2026,5000,10000,7500
Tamil Nadu,Thirunelveli,NGO Colony(Uzhavar Sandhai ),Brinjal,Round,Local,31/07/2026,3000,4400,3700
Tamil Nadu,Thirunelveli,NGO Colony(Uzhavar Sandhai ),Bhindi(Ladies Finger),Bhindi,Local,31/07/2026,3600,4000,3800
Tamil Nadu,Thirunelveli,NGO Colony(Uzhavar Sandhai ),Amaranthus,Amaranthus,Local,31/07/2026,1000,1500,1250
Tamil Nadu,Thirunelveli,NGO Colony(Uzhavar Sandhai ),Beans,Beans (Whole),Local,31/07/2026,11000,11500,11250
Tamil Nadu,Thirunelveli,NGO Colony(Uzhavar Sandhai ),Coconut,Coconut,Local,31/07/2026,5900,6200,6050
Tamil Nadu,Thirunelveli,NGO Colony(Uzhavar Sandhai ),Carrot,Pusakesar,Local,31/07/2026,5000,9000,7000
Tamil Nadu,Thirunelveli,NGO Colony(Uzhavar Sandhai ),Capsicum,Capsicum,Local,31/07/2026,5000,5500,5250
Tamil Nadu,Thirunelveli,NGO Colony(Uzhavar Sandhai ),Drumstick,Drumstick,Local,31/07/2026,2200,2400,2300
Tamil Nadu,Thirunelveli,Palayamkottai(Uzhavar Sandhai ),Mango,Safeda,Local,31/07/2026,6000,8000,7000
Tamil Nadu,Thirunelveli,Palayamkottai(Uzhavar Sandhai ),Cauliflower,Ranchi,Local,31/07/2026,4200,4400,4300
Tamil Nadu,Thirunelveli,Palayamkottai(Uzhavar Sandhai ),Chikoos(Sapota),Sapota,Local,31/07/2026,4000,5000,4500
Tamil Nadu,Thirunelveli,Palayamkottai(Uzhavar Sandhai ),Bottle gourd,Bottle Gourd,Local,31/07/2026,1000,1200,1100
Tamil Nadu,Thirunelveli,Palayamkottai(Uzhavar Sandhai ),Cowpea(Veg),Cowpea (Veg),Local,31/07/2026,3600,3800,3700
Tamil Nadu,Thirunelveli,Palayamkottai(Uzhavar Sandhai ),Coconut,Coconut,Local,31/07/2026,5900,6200,6050
Tamil Nadu,Thirunelveli,Palayamkottai(Uzhavar Sandhai ),Cabbage,Cabbage,Local,31/07/2026,3800,4000,3900
Tamil Nadu,Thirunelveli,Palayamkottai(Uzhavar Sandhai ),Raddish,Raddish,Local,31/07/2026,3500,4000,3750
Tamil Nadu,Thirunelveli,Palayamkottai(Uzhavar Sandhai ),Capsicum,Capsicum,Local,31/07/2026,5000,5500,5250
Tamil Nadu,Thirunelveli,Palayamkottai(Uzhavar Sandhai ),Pomegranate,Pomogranate,Local,31/07/2026,18000,20000,19000
Tamil Nadu,Thirunelveli,Palayamkottai(Uzhavar Sandhai ),Amla(Nelli Kai),Amla,Local,31/07/2026,4000,5000,4500
Tamil Nadu,Thirunelveli,Palayamkottai(Uzhavar Sandhai ),Mint(Pudina),Mint(Pudina),Local,31/07/2026,6000,6500,6250
Tamil Nadu,Thirupur,Kangayam(Uzhavar Sandhai ),Drumstick,Drumstick,Local,31/07/2026,6500,7000,6750
Tamil Nadu,Thirupur,Tiruppur (North) (Uzhavar Sandhai ),Onion,Bellary,Local,31/07/2026,3000,3500,3250
Tamil Nadu,Thirupur,Tiruppur (North) (Uzhavar Sandhai ),Cauliflower,Ranchi,Local,31/07/2026,3000,3500,3250
Tamil Nadu,Thirupur,Tiruppur (North) (Uzhavar Sandhai ),Tomato,Local,Local,31/07/2026,1600,2000,1800
Tamil Nadu,Thirupur,Tiruppur (North) (Uzhavar Sandhai ),Pumpkin,Pumpkin,Local,31/07/2026,1200,1500,1350
Tamil Nadu,Thirupur,Tiruppur (North) (Uzhavar Sandhai ),Amaranthus,Amaranthus,Local,31/07/2026,2200,2600,2400
Tamil Nadu,Thirupur,Tiruppur (North) (Uzhavar Sandhai ),Green Avare(W),Other,Local,31/07/2026,6000,7000,6500
Tamil Nadu,Thirupur,Tiruppur (North) (Uzhavar Sandhai ),Guava,Guava Allahabad,Local,31/07/2026,4500,5000,4750
Tamil Nadu,Thirupur,Tiruppur (North) (Uzhavar Sandhai ),Lemon,Lemon,Local,31/07/2026,7000,8000,7500
Tamil Nadu,Thirupur,Tiruppur (North) (Uzhavar Sandhai ),Mint(Pudina),Mint(Pudina),Local,31/07/2026,2000,2500,2250
Tamil Nadu,Thiruvannamalai,Chengam(Uzhavar Sandhai ),Onion,Bellary,Local,31/07/2026,3300,4000,3650
Tamil Nadu,Thiruvannamalai,Chengam(Uzhavar Sandhai ),Papaya,Papaya,Local,31/07/2026,2500,3000,2750
Tamil Nadu,Thiruvannamalai,Chengam(Uzhavar Sandhai ),Cluster beans,Cluster Beans,Local,31/07/2026,3300,4000,3650
Tamil Nadu,Thiruvannamalai,Chengam(Uzhavar Sandhai ),Banana - Green,Banana - Green,Local,31/07/2026,1200,1500,1350
Tamil Nadu,Thiruvannamalai,Chengam(Uzhavar Sandhai ),Carrot,Pusakesar,Local,31/07/2026,6000,7200,6600
Tamil Nadu,Thiruvannamalai,Chengam(Uzhavar Sandhai ),Cucumbar(Kheera),Cucumbar,Local,31/07/2026,5000,6000,5500
Tamil Nadu,Thiruvannamalai,Chengam(Uzhavar Sandhai ),Capsicum,Capsicum,Local,31/07/2026,7000,8000,7500
Tamil Nadu,Thiruvannamalai,Chengam(Uzhavar Sandhai ),Knool Khol,Knool Khol,Local,31/07/2026,5000,6000,5500
Tamil Nadu,Thiruvannamalai,Chengam(Uzhavar Sandhai ),Mint(Pudina),Mint(Pudina),Local,31/07/2026,4200,5000,4600
Tamil Nadu,Thiruvannamalai,Tamarainagar(Uzhavar Sandhai ),Banana,Besrai,Local,31/07/2026,5000,6000,5500
Tamil Nadu,Thiruvannamalai,Tamarainagar(Uzhavar Sandhai ),Mango,Safeda,Local,31/07/2026,5000,6000,5500
Tamil Nadu,Thiruvannamalai,Tamarainagar(Uzhavar Sandhai ),Brinjal,Round,Local,31/07/2026,6000,7000,6500
Tamil Nadu,Thiruvannamalai,Tamarainagar(Uzhavar Sandhai ),Cluster beans,Cluster Beans,Local,31/07/2026,4000,5000,4500
Tamil Nadu,Thiruvannamalai,Tamarainagar(Uzhavar Sandhai ),Coconut,Coconut,Local,31/07/2026,6600,7600,7100
Tamil Nadu,Thiruvannamalai,Tamarainagar(Uzhavar Sandhai ),Green Avare(W),Green Avare (W),Local,31/07/2026,5000,6000,5500
Tamil Nadu,Thiruvannamalai,Tamarainagar(Uzhavar Sandhai ),Marigold(Calcutta),Marigold(Calcutta),Local,31/07/2026,30000,35000,32500
Tamil Nadu,Thiruvannamalai,Tamarainagar(Uzhavar Sandhai ),Elephant Yam(Suran)/Amorphophallus,Elephant Yam (Suran),Local,31/07/2026,5000,6000,5500
Tamil Nadu,Thiruvannamalai,Tamarainagar(Uzhavar Sandhai ),Lemon,Lemon,Local,31/07/2026,10000,12000,11000
Tamil Nadu,Thiruvannamalai,Tamarainagar(Uzhavar Sandhai ),Amla(Nelli Kai),Amla,Local,31/07/2026,8000,10000,9000
Tamil Nadu,Thiruvannamalai,Tamarainagar(Uzhavar Sandhai ),Onion Green,Onion Green,Local,31/07/2026,7000,8000,7500
Tamil Nadu,Thiruvannamalai,Tamarainagar(Uzhavar Sandhai ),Mint(Pudina),Mint(Pudina),Local,31/07/2026,4000,5000,4500
Tamil Nadu,Thiruvannamalai,Tamarainagar(Uzhavar Sandhai ),Sweet Corn ,Sweet Corn ,Local,31/07/2026,3500,4000,3750
Tamil Nadu,Thiruvannamalai,Vandavasi(Uzhavar Sandhai ),Papaya,Papaya,Local,31/07/2026,3000,4000,3500
Tamil Nadu,Thiruvannamalai,Vandavasi(Uzhavar Sandhai ),Bitter gourd,Other,Local,31/07/2026,3600,4200,3900
Tamil Nadu,Thiruvannamalai,Vandavasi(Uzhavar Sandhai ),Bottle gourd,Bottle Gourd,Local,31/07/2026,2000,2400,2200
Tamil Nadu,Thiruvannamalai,Vandavasi(Uzhavar Sandhai ),Ashgourd,Gouard,Local,31/07/2026,2000,2500,2250
Tamil Nadu,Thiruvannamalai,Vandavasi(Uzhavar Sandhai ),Carrot,Pusakesar,Local,31/07/2026,7000,8400,7700
Tamil Nadu,Thiruvannamalai,Vandavasi(Uzhavar Sandhai ),Mint(Pudina),Mint(Pudina),Local,31/07/2026,3500,4000,3750
Tamil Nadu,Thiruvarur,Muthupettai(Uzhavar Sandhai ),Tomato,Deshi,Local,31/07/2026,1600,1600,1600
Tamil Nadu,Thiruvarur,Muthupettai(Uzhavar Sandhai ),Amaranthus,Amaranthus,Local,31/07/2026,1000,1000,1000
Tamil Nadu,Thiruvarur,Needamangalam(Uzhavar Sandhai ),Onion,Bellary,Local,31/07/2026,3600,3600,3600
Tamil Nadu,Thiruvarur,Needamangalam(Uzhavar Sandhai ),Tomato,Deshi,Local,31/07/2026,1400,1400,1400
Tamil Nadu,Thiruvarur,Needamangalam(Uzhavar Sandhai ),Cluster beans,Cluster Beans,Local,31/07/2026,4200,4200,4200
Tamil Nadu,Thiruvarur,Needamangalam(Uzhavar Sandhai ),Ashgourd,Gouard,Local,31/07/2026,3000,3000,3000
Tamil Nadu,Thiruvarur,Tiruvarur(Uzhavar Sandhai ),Coriander(Leaves),I Sort,Local,31/07/2026,5000,5000,5000
Tamil Nadu,Thiruvarur,Tiruvarur(Uzhavar Sandhai ),Bitter gourd,Bitter Gourd,Local,31/07/2026,6500,6500,6500
Tamil Nadu,Thiruvarur,Tiruvarur(Uzhavar Sandhai ),Bhindi(Ladies Finger),Bhindi,Local,31/07/2026,4000,4000,4000
Tamil Nadu,Thiruvarur,Tiruvarur(Uzhavar Sandhai ),Green Chilli,Green Chilly,Local,31/07/2026,4000,4000,4000
Tamil Nadu,Thiruvarur,Tiruvarur(Uzhavar Sandhai ),Raddish,Raddish,Local,31/07/2026,4000,4000,4000
Tamil Nadu,Thiruvarur,Tiruvarur(Uzhavar Sandhai ),Lemon,Lemon,Local,31/07/2026,6000,6000,6000
Tamil Nadu,Virudhunagar,Aruppukottai(Uzhavar Sandhai ),Banana,Besrai,Local,31/07/2026,3000,3500,3250
Tamil Nadu,Virudhunagar,Aruppukottai(Uzhavar Sandhai ),Bhindi(Ladies Finger),Bhindi,Local,31/07/2026,3000,3500,3250
Tamil Nadu,Virudhunagar,Aruppukottai(Uzhavar Sandhai ),Carrot,Pusakesar,Local,31/07/2026,8000,9000,8500
Tamil Nadu,Virudhunagar,Aruppukottai(Uzhavar Sandhai ),Green Avare(W),Green Avare (W),Local,31/07/2026,6000,7000,6500
Tamil Nadu,Virudhunagar,Aruppukottai(Uzhavar Sandhai ),Lemon,Lemon,Local,31/07/2026,6000,7000,6500
Tamil Nadu,Virudhunagar,Aruppukottai(Uzhavar Sandhai ),Mint(Pudina),Mint(Pudina),Local,31/07/2026,5000,6000,5500
Tamil Nadu,Villupuram,Gingee(Uzhavar Sandhai ),Groundnut,Big (With Shell),Local,31/07/2026,7000,7000,7000
Tamil Nadu,Villupuram,Gingee(Uzhavar Sandhai ),Banana,Karpura,Local,31/07/2026,4000,5000,4500
Tamil Nadu,Villupuram,Gingee(Uzhavar Sandhai ),Cucumbar(Kheera),Cucumbar,Local,31/07/2026,4000,4000,4000
Tamil Nadu,Villupuram,Gingee(Uzhavar Sandhai ),Ridgeguard(Tori),Ridgeguard(Tori),Local,31/07/2026,8000,8000,8000
Tamil Nadu,Villupuram,Gingee(Uzhavar Sandhai ),Chow Chow,Chow Chow,Local,31/07/2026,5000,5000,5000
Tamil Nadu,Villupuram,Gingee(Uzhavar Sandhai ),Mango(Raw-Ripe),Mango - Raw-Ripe,Local,31/07/2026,2500,2500,2500
Tamil Nadu,Villupuram,Gingee(Uzhavar Sandhai ),Colacasia,Colacasia,Local,31/07/2026,6000,6000,6000
Tamil Nadu,Villupuram,Gingee(Uzhavar Sandhai ),Amla(Nelli Kai),Amla,Local,31/07/2026,8000,8000,8000
Tamil Nadu,Villupuram,Gingee(Uzhavar Sandhai ),Mint(Pudina),Mint(Pudina),Local,31/07/2026,3000,3000,3000
Tamil Nadu,Thiruvarur,Valangaiman APMC,Coconut,Coconut,Local,31/07/2026,4000,4000,4000
Tamil Nadu,Thiruvellore,Tiruthani(Uzhavar Sandhai ),Onion,Bellary,Local,31/07/2026,3500,3500,3500
Tamil Nadu,Thiruvellore,Tiruthani(Uzhavar Sandhai ),Cauliflower,Ranchi,Local,31/07/2026,5000,5000,5000
Tamil Nadu,Thiruvellore,Tiruthani(Uzhavar Sandhai ),Tomato,Deshi,Local,31/07/2026,2500,2500,2500
Tamil Nadu,Thiruvellore,Tiruthani(Uzhavar Sandhai ),Carrot,Pusakesar,Local,31/07/2026,6000,6000,6000
Tamil Nadu,Thiruvellore,Tiruthani(Uzhavar Sandhai ),Cabbage,Cabbage,Local,31/07/2026,4000,4000,4000
Tamil Nadu,Thiruvellore,Tiruthani(Uzhavar Sandhai ),Beetroot,Beetroot,Local,31/07/2026,5000,5000,5000
Tamil Nadu,Thiruvellore,Tiruthani(Uzhavar Sandhai ),Thondekai,Thondekai,Local,31/07/2026,5000,5000,5000
Tamil Nadu,Thiruvellore,Tiruthani(Uzhavar Sandhai ),Chow Chow,Chow Chow,Local,31/07/2026,4000,4000,4000
Tamil Nadu,Thiruvellore,Tiruthani(Uzhavar Sandhai ),Mint(Pudina),Mint(Pudina),Local,31/07/2026,5000,5000,5000
Tamil Nadu,Virudhunagar,Kariyapatti(Uzhavar Sandhai ),Cauliflower,Ranchi,Local,31/07/2026,3500,4000,3750
Tamil Nadu,Virudhunagar,Kariyapatti(Uzhavar Sandhai ),Chikoos(Sapota),Sapota,Local,31/07/2026,3500,4000,3750
Tamil Nadu,Virudhunagar,Kariyapatti(Uzhavar Sandhai ),Bhindi(Ladies Finger),Bhindi,Local,31/07/2026,3000,3500,3250
Tamil Nadu,Virudhunagar,Kariyapatti(Uzhavar Sandhai ),Drumstick,Drumstick,Local,31/07/2026,3500,4000,3750
Tamil Nadu,Virudhunagar,Kariyapatti(Uzhavar Sandhai ),Yam(Ratalu),Yam (Ratalu),Local,31/07/2026,9500,10000,9750
Tamil Nadu,Thiruvellore,Tiruvallur(Uzhavar Sandhai ),Banana,Karpura,Local,31/07/2026,3000,3000,3000
Tamil Nadu,Thiruvellore,Tiruvallur(Uzhavar Sandhai ),Green Chilli,Green Chilly,Local,31/07/2026,5000,5000,5000
Tamil Nadu,Thiruvellore,Tiruvallur(Uzhavar Sandhai ),Banana - Green,Banana - Green,Local,31/07/2026,4000,4000,4000
Tamil Nadu,Thiruvellore,Tiruvallur(Uzhavar Sandhai ),Coconut,Coconut,Local,31/07/2026,6000,6000,6000
Tamil Nadu,Vellore,Katpadi (Uzhavar Sandhai ),Onion,Bellary,Local,31/07/2026,4000,4000,4000
Tamil Nadu,Vellore,Katpadi (Uzhavar Sandhai ),Mousambi(Sweet Lime),Mousambi,Local,31/07/2026,15000,15000,15000
Tamil Nadu,Vellore,Katpadi (Uzhavar Sandhai ),Bhindi(Ladies Finger),Bhindi,Local,31/07/2026,4000,4000,4000
Tamil Nadu,Vellore,Katpadi (Uzhavar Sandhai ),Beans,Beans (Whole),Local,31/07/2026,8000,8000,8000
Tamil Nadu,Vellore,Katpadi (Uzhavar Sandhai ),Tapioca,Tapioca,Local,31/07/2026,3000,3000,3000
Tamil Nadu,Vellore,Katpadi (Uzhavar Sandhai ),Cabbage,Cabbage,Local,31/07/2026,3500,3500,3500
Tamil Nadu,Vellore,Katpadi (Uzhavar Sandhai ),Beetroot,Beetroot,Local,31/07/2026,4000,4000,4000
Tamil Nadu,Vellore,Katpadi (Uzhavar Sandhai ),Raddish,Raddish,Local,31/07/2026,3000,3000,3000
Tamil Nadu,Vellore,Katpadi (Uzhavar Sandhai ),Drumstick,Drumstick,Local,31/07/2026,4000,4000,4000
Tamil Nadu,Vellore,Katpadi (Uzhavar Sandhai ),Mango(Raw-Ripe),Mango - Raw-Ripe,Local,31/07/2026,3500,3500,3500
Tamil Nadu,Vellore,Katpadi (Uzhavar Sandhai ),Tender Coconut,Tender Coconut,Local,31/07/2026,2500,3000,2750
Tamil Nadu,Vellore,Katpadi (Uzhavar Sandhai ),Marigold(Calcutta),Marigold(Calcutta),Local,31/07/2026,28000,28000,28000
Tamil Nadu,Vellore,Katpadi (Uzhavar Sandhai ),Mint(Pudina),Mint(Pudina),Local,31/07/2026,4500,4500,4500
Tamil Nadu,Vellore,Katpadi (Uzhavar Sandhai ),Rose(Local),Rose (Local),Local,31/07/2026,12000,12000,12000
Tamil Nadu,Madurai,Thirumangalam(Uzhavar Sandhai ),Banana,Besrai,Local,31/07/2026,3000,4000,3500
Tamil Nadu,Madurai,Thirumangalam(Uzhavar Sandhai ),Papaya,Papaya,Local,31/07/2026,4000,4500,4250
Tamil Nadu,Madurai,Thirumangalam(Uzhavar Sandhai ),Tomato,Deshi,Local,31/07/2026,1800,2000,1900
Tamil Nadu,Madurai,Thirumangalam(Uzhavar Sandhai ),Cluster beans,Cluster Beans,Local,31/07/2026,3000,3600,3300
Tamil Nadu,Madurai,Thirumangalam(Uzhavar Sandhai ),Green Chilli,Green Chilly,Local,31/07/2026,4000,4500,4250
Tamil Nadu,Madurai,Melur(Uzhavar Sandhai ),Banana,Besrai,Local,31/07/2026,4000,5000,4500
Tamil Nadu,Madurai,Melur(Uzhavar Sandhai ),Onion,Bellary,Local,31/07/2026,3800,4000,3900
Tamil Nadu,Madurai,Melur(Uzhavar Sandhai ),Tomato,Deshi,Local,31/07/2026,1800,2000,1900
Tamil Nadu,Madurai,Melur(Uzhavar Sandhai ),Cluster beans,Cluster Beans,Local,31/07/2026,3000,3600,3300
Tamil Nadu,Madurai,Melur(Uzhavar Sandhai ),Ashgourd,Gouard,Local,31/07/2026,2000,2400,2200
Tamil Nadu,Madurai,Melur(Uzhavar Sandhai ),Tapioca,Tapioca,Local,31/07/2026,3000,4000,3500
Tamil Nadu,Madurai,Melur(Uzhavar Sandhai ),Coconut,Coconut,Local,31/07/2026,6000,6500,6250
Tamil Nadu,Madurai,Melur(Uzhavar Sandhai ),Snakeguard,Snakeguard,Local,31/07/2026,3400,3600,3500
Tamil Nadu,Madurai,Melur(Uzhavar Sandhai ),Cucumbar(Kheera),Cucumbar,Local,31/07/2026,4000,5000,4500
Tamil Nadu,Madurai,Melur(Uzhavar Sandhai ),Thondekai,Thondekai,Local,31/07/2026,5500,6000,5750
Tamil Nadu,Salem,Vazhapadi(Uzhavar Sandhai),Garlic,Garlic,Local,31/07/2026,20000,20000,20000
Tamil Nadu,Salem,Vazhapadi(Uzhavar Sandhai),Chikoos(Sapota),Sapota,Local,31/07/2026,5000,5000,5000
Tamil Nadu,Salem,Vazhapadi(Uzhavar Sandhai),Papaya,Papaya,Local,31/07/2026,3000,3000,3000
Tamil Nadu,Salem,Vazhapadi(Uzhavar Sandhai),Water Melon,Water Melon,Local,31/07/2026,2000,2500,2250
Tamil Nadu,Salem,Vazhapadi(Uzhavar Sandhai),Bitter gourd,Bitter Gourd,Local,31/07/2026,6000,6500,6250
Tamil Nadu,Salem,Vazhapadi(Uzhavar Sandhai),Bottle gourd,Bottle Gourd,Local,31/07/2026,1500,2000,1750
Tamil Nadu,Salem,Vazhapadi(Uzhavar Sandhai),Amaranthus,Amaranthus,Local,31/07/2026,1500,2000,1750
Tamil Nadu,Salem,Vazhapadi(Uzhavar Sandhai),Green Chilli,Green Chilly,Local,31/07/2026,5000,5500,5250
Tamil Nadu,Salem,Vazhapadi(Uzhavar Sandhai),Ginger(Green),Green Ginger,Local,31/07/2026,20000,22000,21000
Tamil Nadu,Salem,Vazhapadi(Uzhavar Sandhai),Thondekai,Thondekai,Local,31/07/2026,6000,6000,6000
Tamil Nadu,Salem,Vazhapadi(Uzhavar Sandhai),Mango(Raw-Ripe),Mango - Raw-Ripe,Local,31/07/2026,4000,4000,4000
Tamil Nadu,Karur,Gandhigramam(Uzhavar Sandhai),Cauliflower,Ranchi,Local,31/07/2026,4000,4500,4250
Tamil Nadu,Karur,Gandhigramam(Uzhavar Sandhai),Bottle gourd,Bottle Gourd,Local,31/07/2026,2500,3000,2750
Tamil Nadu,Karur,Gandhigramam(Uzhavar Sandhai),Pumpkin,Pumpkin,Local,31/07/2026,2500,2800,2650
Tamil Nadu,Karur,Gandhigramam(Uzhavar Sandhai),Bhindi(Ladies Finger),Bhindi,Local,31/07/2026,3500,4000,3750
Tamil Nadu,Karur,Gandhigramam(Uzhavar Sandhai),Ginger(Green),Green Ginger,Local,31/07/2026,22000,24000,23000
Tamil Nadu,Karur,Gandhigramam(Uzhavar Sandhai),Coconut,Coconut,Local,31/07/2026,5500,6000,5750
Tamil Nadu,Karur,Gandhigramam(Uzhavar Sandhai),Chow Chow,Chow Chow,Local,31/07/2026,3500,4000,3750
Tamil Nadu,Karur,Gandhigramam(Uzhavar Sandhai),Mango(Raw-Ripe),Mango - Raw-Ripe,Local,31/07/2026,3500,4500,4000
Tamil Nadu,Karur,Gandhigramam(Uzhavar Sandhai),Elephant Yam(Suran)/Amorphophallus,Elephant Yam (Suran),Local,31/07/2026,4000,5000,4500
Tamil Nadu,Karur,Gandhigramam(Uzhavar Sandhai),Baby Corn,Baby Corn,Grade A,31/07/2026,3500,4000,3750
Tamil Nadu,Pudukkottai,Aranthangi(Uzhavar Sandhai ),Bottle gourd,Bottle Gourd,Local,31/07/2026,2000,2500,2250
Tamil Nadu,Pudukkottai,Aranthangi(Uzhavar Sandhai ),Banana - Green,Banana - Green,Local,31/07/2026,2500,3000,2750
Tamil Nadu,Pudukkottai,Aranthangi(Uzhavar Sandhai ),Snakeguard,Snakeguard,Local,31/07/2026,3000,3500,3250
Tamil Nadu,Coimbatore,Sulur(Uzhavar Sandhai ),Onion,Bellary,Local,31/07/2026,3200,3600,3400
Tamil Nadu,Coimbatore,Sulur(Uzhavar Sandhai ),Cauliflower,Ranchi,Local,31/07/2026,4000,4400,4200
Tamil Nadu,Coimbatore,Sulur(Uzhavar Sandhai ),Coriander(Leaves),I Sort,Local,31/07/2026,5500,6000,5750
Tamil Nadu,Coimbatore,Sulur(Uzhavar Sandhai ),Tomato,Local,Local,31/07/2026,1500,1800,1650
Tamil Nadu,Coimbatore,Sulur(Uzhavar Sandhai ),Bottle gourd,Bottle Gourd,Local,31/07/2026,2500,2800,2650
Tamil Nadu,Coimbatore,Sulur(Uzhavar Sandhai ),Green Chilli,Green Chilly,Local,31/07/2026,4000,4400,4200
Tamil Nadu,Coimbatore,Sulur(Uzhavar Sandhai ),Banana - Green,Banana - Green,Local,31/07/2026,3500,4000,3750
Tamil Nadu,Coimbatore,Sulur(Uzhavar Sandhai ),Beetroot,Beetroot,Local,31/07/2026,4000,4500,4250
Tamil Nadu,Coimbatore,Sulur(Uzhavar Sandhai ),Ridgeguard(Tori),Ridgeguard(Tori),Local,31/07/2026,4500,5000,4750
Tamil Nadu,Coimbatore,Sulur(Uzhavar Sandhai ),Green Avare(W),Other,Local,31/07/2026,6500,7000,6750
Tamil Nadu,Coimbatore,Sulur(Uzhavar Sandhai ),Chow Chow,Chow Chow,Local,31/07/2026,2200,2800,2500
Tamil Nadu,Pudukkottai,Gandarvakottai(Uzhavar Sandhai ),Papaya,Papaya,Local,31/07/2026,2000,3000,2500
Tamil Nadu,Pudukkottai,Gandarvakottai(Uzhavar Sandhai ),Bitter gourd,Other,Local,31/07/2026,5500,6000,5750
Tamil Nadu,Pudukkottai,Gandarvakottai(Uzhavar Sandhai ),Amaranthus,Amaranthus,Local,31/07/2026,1200,1500,1350
Tamil Nadu,Pudukkottai,Gandarvakottai(Uzhavar Sandhai ),Coconut,Coconut,Local,31/07/2026,3000,4000,3500
Tamil Nadu,Pudukkottai,Gandarvakottai(Uzhavar Sandhai ),Green Avare(W),Other,Local,31/07/2026,5500,6000,5750
Tamil Nadu,Pudukkottai,Gandarvakottai(Uzhavar Sandhai ),Drumstick,Drumstick,Local,31/07/2026,5500,6000,5750
Tamil Nadu,Cuddalore,Panruti(Uzhavar Sandhai ),Onion,Bellary,Local,31/07/2026,3500,4000,3750
Tamil Nadu,Cuddalore,Panruti(Uzhavar Sandhai ),Brinjal,Round,Local,31/07/2026,5000,6000,5500
Tamil Nadu,Cuddalore,Panruti(Uzhavar Sandhai ),Banana - Green,Banana - Green,Local,31/07/2026,2500,2500,2500
Tamil Nadu,Cuddalore,Panruti(Uzhavar Sandhai ),Drumstick,Drumstick,Local,31/07/2026,4000,4000,4000
Tamil Nadu,Cuddalore,Panruti(Uzhavar Sandhai ),Mango(Raw-Ripe),Mango - Raw-Ripe,Local,31/07/2026,3000,3000,3000
Tamil Nadu,Cuddalore,Panruti(Uzhavar Sandhai ),Mint(Pudina),Mint(Pudina),Local,31/07/2026,5000,5000,5000
Tamil Nadu,Cuddalore,Vadalur(Uzhavar Sandhai ),Garlic,Garlic,Local,31/07/2026,17000,21000,19000
Tamil Nadu,Cuddalore,Vadalur(Uzhavar Sandhai ),Brinjal,Other,Local,31/07/2026,5000,6000,5500
Tamil Nadu,Cuddalore,Vadalur(Uzhavar Sandhai ),Cabbage,Cabbage,Local,31/07/2026,4000,4000,4000
Tamil Nadu,Cuddalore,Vadalur(Uzhavar Sandhai ),Beetroot,Beetroot,Local,31/07/2026,4000,5000,4500
Tamil Nadu,Cuddalore,Vadalur(Uzhavar Sandhai ),Raddish,Raddish,Local,31/07/2026,3000,3000,3000
Tamil Nadu,Cuddalore,Vadalur(Uzhavar Sandhai ),Chow Chow,Chow Chow,Local,31/07/2026,4000,4000,4000
Tamil Nadu,Cuddalore,Vadalur(Uzhavar Sandhai ),Knool Khol,Knool Khol,Local,31/07/2026,5000,5000,5000
Tamil Nadu,Dharmapuri,AJattihalli(Uzhavar Sandhai ),Banana,Red Banana,Local,31/07/2026,7500,8000,7750
Tamil Nadu,Dharmapuri,AJattihalli(Uzhavar Sandhai ),Pumpkin,Pumpkin,Local,31/07/2026,2200,2500,2350
Tamil Nadu,Dharmapuri,AJattihalli(Uzhavar Sandhai ),Coconut,Coconut,Local,31/07/2026,7400,7600,7500
Tamil Nadu,Dharmapuri,AJattihalli(Uzhavar Sandhai ),Cucumbar(Kheera),Cucumbar,Local,31/07/2026,4200,4500,4350
Tamil Nadu,Dharmapuri,AJattihalli(Uzhavar Sandhai ),Ridgeguard(Tori),Ridgeguard(Tori),Local,31/07/2026,3000,3400,3200
Tamil Nadu,Dharmapuri,AJattihalli(Uzhavar Sandhai ),Green Avare(W),Green Avare (W),Local,31/07/2026,5500,6000,5750
Tamil Nadu,Dharmapuri,AJattihalli(Uzhavar Sandhai ),Tender Coconut,Tender Coconut,Local,31/07/2026,2500,3000,2750
Tamil Nadu,Nagapattinam,Vedaranyam(Uzhavar Sandhai),Potato,Red Nanital,Local,31/07/2026,3200,3500,3350
Tamil Nadu,Nagapattinam,Vedaranyam(Uzhavar Sandhai),Bottle gourd,Bottle Gourd,Local,31/07/2026,2800,3000,2900
Tamil Nadu,Nagapattinam,Vedaranyam(Uzhavar Sandhai),Amaranthus,Amaranthus,Local,31/07/2026,2200,2500,2350
Tamil Nadu,Nagapattinam,Vedaranyam(Uzhavar Sandhai),Green Chilli,Green Chilly,Local,31/07/2026,4000,4200,4100
Tamil Nadu,Nagapattinam,Vedaranyam(Uzhavar Sandhai),Coconut,Coconut,Local,31/07/2026,4800,5000,4900
Tamil Nadu,Nagapattinam,Vedaranyam(Uzhavar Sandhai),Raddish,Raddish,Local,31/07/2026,3000,3200,3100
Tamil Nadu,Nagapattinam,Vedaranyam(Uzhavar Sandhai),Onion Green,Onion Green,Local,31/07/2026,4000,4400,4200
Tamil Nadu,Vellore,Perampet(Uzhavar Sandhai),Coriander(Leaves),I Sort,Local,31/07/2026,5000,5000,5000
Tamil Nadu,Vellore,Perampet(Uzhavar Sandhai),Ashgourd,Gouard,Local,31/07/2026,2500,2500,2500
Tamil Nadu,Vellore,Perampet(Uzhavar Sandhai),Banana - Green,Banana - Green,Local,31/07/2026,4000,4000,4000
Tamil Nadu,Vellore,Perampet(Uzhavar Sandhai),Beans,Beans (Whole),Local,31/07/2026,6000,6000,6000
Tamil Nadu,Vellore,Perampet(Uzhavar Sandhai),Green Avare(W),Green Avare (W),Local,31/07/2026,5600,5600,5600
Tamil Nadu,Vellore,Perampet(Uzhavar Sandhai),Mint(Pudina),Mint(Pudina),Local,31/07/2026,4000,4000,4000
Tamil Nadu,Karur,Kulithalai(Uzhavar Sandhai ),Papaya,Papaya,Local,31/07/2026,2500,3000,2750
Tamil Nadu,Karur,Kulithalai(Uzhavar Sandhai ),Ashgourd,Gouard,Local,31/07/2026,2500,3000,2750
Tamil Nadu,Karur,Kulithalai(Uzhavar Sandhai ),Pumpkin,Pumpkin,Local,31/07/2026,2500,3000,2750
Tamil Nadu,Karur,Kulithalai(Uzhavar Sandhai ),Bhindi(Ladies Finger),Bhindi,Local,31/07/2026,3600,4000,3800
Tamil Nadu,Karur,Kulithalai(Uzhavar Sandhai ),Amaranthus,Amaranthus,Local,31/07/2026,2000,3000,2500
Tamil Nadu,Karur,Kulithalai(Uzhavar Sandhai ),Beans,Beans (Whole),Local,31/07/2026,8000,8800,8400
Tamil Nadu,Karur,Kulithalai(Uzhavar Sandhai ),Beetroot,Beetroot,Local,31/07/2026,4400,5000,4700
Tamil Nadu,Karur,Kulithalai(Uzhavar Sandhai ),Ridgeguard(Tori),Ridgeguard(Tori),Local,31/07/2026,5000,5600,5300
Tamil Nadu,Karur,Kulithalai(Uzhavar Sandhai ),Drumstick,Drumstick,Local,31/07/2026,3000,3500,3250
Tamil Nadu,Karur,Kulithalai(Uzhavar Sandhai ),Mango(Raw-Ripe),Mango - Raw-Ripe,Local,31/07/2026,3000,3500,3250
Tamil Nadu,Karur,Kulithalai(Uzhavar Sandhai ),Knool Khol,Knool Khol,Local,31/07/2026,4500,5000,4750
Tamil Nadu,Karur,Pallapatti (Uzhavar Sandhai ),Bitter gourd,Other,Local,31/07/2026,5500,6000,5750
Tamil Nadu,Karur,Pallapatti (Uzhavar Sandhai ),Bhindi(Ladies Finger),Bhindi,Local,31/07/2026,4500,5000,4750
Tamil Nadu,Karur,Pallapatti (Uzhavar Sandhai ),Sweet Potato,Hosur Red,Local,31/07/2026,3600,4000,3800
Tamil Nadu,Karur,Pallapatti (Uzhavar Sandhai ),Raddish,Raddish,Local,31/07/2026,3600,4000,3800
Tamil Nadu,Karur,Pallapatti (Uzhavar Sandhai ),Green Avare(W),Other,Local,31/07/2026,8000,10000,9000
Tamil Nadu,Karur,Pallapatti (Uzhavar Sandhai ),Guava,Guava Allahabad,Local,31/07/2026,5500,6000,5750
Tamil Nadu,Karur,Pallapatti (Uzhavar Sandhai ),Mint(Pudina),Mint(Pudina),Local,31/07/2026,4500,5000,4750
Tamil Nadu,Karur,Velayuthampalayam(Uzhavar Sandhai ),Banana,Other,Local,31/07/2026,5000,6000,5500
Tamil Nadu,Karur,Velayuthampalayam(Uzhavar Sandhai ),Bitter gourd,Bitter Gourd,Local,31/07/2026,5200,6000,5600
Tamil Nadu,Karur,Velayuthampalayam(Uzhavar Sandhai ),Ashgourd,Gouard,Local,31/07/2026,2200,2800,2500
Tamil Nadu,Karur,Velayuthampalayam(Uzhavar Sandhai ),Ginger(Green),Green Ginger,Local,31/07/2026,22000,24000,23000
Tamil Nadu,Karur,Velayuthampalayam(Uzhavar Sandhai ),Coconut,Coconut,Local,31/07/2026,5000,6000,5500
Tamil Nadu,Karur,Velayuthampalayam(Uzhavar Sandhai ),Green Avare(W),Other,Local,31/07/2026,9000,10000,9500
Tamil Nadu,Karur,Velayuthampalayam(Uzhavar Sandhai ),Onion Green,Onion Green,Local,31/07/2026,5500,6500,6000
Tamil Nadu,Karur,Vengamedu(Uzhavar Sandhai ),Cluster beans,Cluster Beans,Local,31/07/2026,3500,4000,3750
Tamil Nadu,Karur,Vengamedu(Uzhavar Sandhai ),Banana - Green,Banana - Green,Local,31/07/2026,2500,3000,2750
Tamil Nadu,Karur,Vengamedu(Uzhavar Sandhai ),Green Avare(W),Other,Local,31/07/2026,9000,10000,9500
Tamil Nadu,Karur,Vengamedu(Uzhavar Sandhai ),Mint(Pudina),Mint(Pudina),Local,31/07/2026,6000,6500,6250
Tamil Nadu,Theni,Devaram(Uzhavar Sandhai ),Mango,Safeda,Local,31/07/2026,5000,5000,5000
Tamil Nadu,Theni,Devaram(Uzhavar Sandhai ),Tomato,Deshi,Local,31/07/2026,2000,2000,2000
Tamil Nadu,Theni,Devaram(Uzhavar Sandhai ),Tapioca,Tapioca,Local,31/07/2026,2500,2500,2500
Tamil Nadu,Theni,Devaram(Uzhavar Sandhai ),Green Avare(W),Green Avare (W),Local,31/07/2026,6000,6000,6000
Tamil Nadu,Theni,Devaram(Uzhavar Sandhai ),Drumstick,Drumstick,Local,31/07/2026,3000,3000,3000
Tamil Nadu,Theni,Devaram(Uzhavar Sandhai ),Indian Beans(Seam),Indian Beans (Seam),Local,31/07/2026,5200,5200,5200
Tamil Nadu,Theni,Devaram(Uzhavar Sandhai ),Onion Green,Onion Green,Local,31/07/2026,5400,5400,5400
Tamil Nadu,Salem,Attayampatti(Uzhavar Sandhai ),Bitter gourd,Bitter Gourd,Local,31/07/2026,5500,6000,5750
Tamil Nadu,Salem,Attayampatti(Uzhavar Sandhai ),Ashgourd,Gouard,Local,31/07/2026,2400,2800,2600
Tamil Nadu,Salem,Attayampatti(Uzhavar Sandhai ),Coconut,Coconut,Local,31/07/2026,5500,6000,5750
Tamil Nadu,Salem,Attayampatti(Uzhavar Sandhai ),Guava,Guava Allahabad,Local,31/07/2026,5000,6000,5500
Tamil Nadu,Sivaganga,Sivagangai (Uzhavar Sandhai ),Bhindi(Ladies Finger),Bhindi,Local,31/07/2026,3200,3800,3500
Tamil Nadu,Sivaganga,Sivagangai (Uzhavar Sandhai ),Amaranthus,Amaranthus,Local,31/07/2026,3000,4000,3500
Tamil Nadu,Sivaganga,Sivagangai (Uzhavar Sandhai ),Banana - Green,Banana - Green,Local,31/07/2026,3000,3000,3000
Tamil Nadu,Sivaganga,Sivagangai (Uzhavar Sandhai ),Ginger(Green),Green Ginger,Local,31/07/2026,16000,16000,16000
Tamil Nadu,Sivaganga,Sivagangai (Uzhavar Sandhai ),Drumstick,Drumstick,Local,31/07/2026,4200,6200,5200
Tamil Nadu,Sivaganga,Sivagangai (Uzhavar Sandhai ),Lime,Lime,Local,31/07/2026,13000,14000,13500
Tamil Nadu,Sivaganga,Sivagangai (Uzhavar Sandhai ),Elephant Yam(Suran)/Amorphophallus,Elephant Yam (Suran),Local,31/07/2026,4200,4600,4400
Tamil Nadu,Sivaganga,Devakottai (Uzhavar Sandhai ),Banana,Poovan,Local,31/07/2026,3500,4000,3750
Tamil Nadu,Sivaganga,Devakottai (Uzhavar Sandhai ),Onion,Bellary,Local,31/07/2026,2800,3400,3100
Tamil Nadu,Sivaganga,Devakottai (Uzhavar Sandhai ),Potato,Other,Local,31/07/2026,5800,6200,6000
Tamil Nadu,Sivaganga,Devakottai (Uzhavar Sandhai ),Brinjal,Other,Local,31/07/2026,4400,4800,4600
Tamil Nadu,Sivaganga,Devakottai (Uzhavar Sandhai ),Bitter gourd,Other,Local,31/07/2026,6000,6400,6200
Tamil Nadu,Sivaganga,Devakottai (Uzhavar Sandhai ),Bhindi(Ladies Finger),Bhindi,Local,31/07/2026,3500,3800,3650
Tamil Nadu,Sivaganga,Devakottai (Uzhavar Sandhai ),Beans,Beans (Whole),Local,31/07/2026,8200,9400,8800
Tamil Nadu,Sivaganga,Devakottai (Uzhavar Sandhai ),Ginger(Green),Green Ginger,Local,31/07/2026,15200,22200,18700
Tamil Nadu,Sivaganga,Devakottai (Uzhavar Sandhai ),Carrot,Pusakesar,Local,31/07/2026,6500,9000,7750
Tamil Nadu,Sivaganga,Devakottai (Uzhavar Sandhai ),Chow Chow,Chow Chow,Local,31/07/2026,3000,3800,3400
Tamil Nadu,Sivaganga,Devakottai (Uzhavar Sandhai ),Drumstick,Drumstick,Local,31/07/2026,3800,4400,4100
Tamil Nadu,Sivaganga,Devakottai (Uzhavar Sandhai ),Yam(Ratalu),Yam (Ratalu),Local,31/07/2026,7200,8400,7800
Tamil Nadu,Salem,Edapadi (Uzhavar Sandhai ),Potato,Other,Local,31/07/2026,2500,3000,2750
Tamil Nadu,Salem,Edapadi (Uzhavar Sandhai ),Papaya,Papaya,Local,31/07/2026,2500,3000,2750
Tamil Nadu,Salem,Edapadi (Uzhavar Sandhai ),Tomato,Local,Local,31/07/2026,1300,1800,1550
Tamil Nadu,Salem,Edapadi (Uzhavar Sandhai ),Banana - Green,Banana - Green,Local,31/07/2026,2500,3000,2750
Tamil Nadu,Salem,Edapadi (Uzhavar Sandhai ),Snakeguard,Snakeguard,Local,31/07/2026,3600,4000,3800
Tamil Nadu,Salem,Edapadi (Uzhavar Sandhai ),Ridgeguard(Tori),Ridgeguard(Tori),Local,31/07/2026,3500,4500,4000
Tamil Nadu,Salem,Edapadi (Uzhavar Sandhai ),Green Avare(W),Green Avare (W),Local,31/07/2026,6000,6000,6000
Tamil Nadu,Salem,Edapadi (Uzhavar Sandhai ),Drumstick,Drumstick,Local,31/07/2026,4000,5000,4500
Tamil Nadu,Salem,Edapadi (Uzhavar Sandhai ),Amla(Nelli Kai),Amla,Local,31/07/2026,7000,8000,7500
Tamil Nadu,Salem,Elampillai(Uzhavar Sandhai ),Onion,Bellary,Local,31/07/2026,3000,4000,3500
Tamil Nadu,Salem,Elampillai(Uzhavar Sandhai ),Potato,Other,Local,31/07/2026,2500,3000,2750
Tamil Nadu,Salem,Elampillai(Uzhavar Sandhai ),Cluster beans,Cluster Beans,Local,31/07/2026,2500,3000,2750
Tamil Nadu,Salem,Elampillai(Uzhavar Sandhai ),Pumpkin,Pumpkin,Local,31/07/2026,2000,2400,2200
Tamil Nadu,Salem,Elampillai(Uzhavar Sandhai ),Coconut,Coconut,Local,31/07/2026,5000,5500,5250
Tamil Nadu,Salem,Elampillai(Uzhavar Sandhai ),Knool Khol,Knool Khol,Local,31/07/2026,5000,5400,5200
Tamil Nadu,Salem,Hasthampatti(Uzhavar Sandhai ),Grapes,Annabesahai,Local,31/07/2026,7000,8000,7500
Tamil Nadu,Salem,Hasthampatti(Uzhavar Sandhai ),Green Peas,Green Peas,Local,31/07/2026,13500,14000,13750
Tamil Nadu,Salem,Hasthampatti(Uzhavar Sandhai ),Bitter gourd,Other,Local,31/07/2026,5000,5500,5250
Tamil Nadu,Salem,Hasthampatti(Uzhavar Sandhai ),Green Avare(W),Other,Local,31/07/2026,5500,6000,5750
Tamil Nadu,Salem,Hasthampatti(Uzhavar Sandhai ),Chow Chow,Chow Chow,Local,31/07/2026,4000,4400,4200
Tamil Nadu,Salem,Hasthampatti(Uzhavar Sandhai ),Pomegranate,Pomogranate,Local,31/07/2026,10000,12000,11000
Tamil Nadu,Salem,Hasthampatti(Uzhavar Sandhai ),Lemon,Lemon,Local,31/07/2026,3000,5000,4000
Tamil Nadu,Salem,Hasthampatti(Uzhavar Sandhai ),Colacasia,Colacasia,Local,31/07/2026,5500,6000,5750
Tamil Nadu,Salem,Hasthampatti(Uzhavar Sandhai ),Onion Green,Onion Green,Local,31/07/2026,4500,5000,4750
Tamil Nadu,Salem,Hasthampatti(Uzhavar Sandhai ),Sweet Corn ,Sweet Corn ,Local,31/07/2026,3000,3500,3250
Tamil Nadu,Salem,Jalagandapuram(Uzhavar Sandhai ),Groundnut,Big (With Shell),Local,31/07/2026,6000,6500,6250
Tamil Nadu,Salem,Jalagandapuram(Uzhavar Sandhai ),Onion,Bellary,Local,31/07/2026,3600,4000,3800
Tamil Nadu,Salem,Jalagandapuram(Uzhavar Sandhai ),Coriander(Leaves),I Sort,Local,31/07/2026,3000,3400,3200
Tamil Nadu,Salem,Jalagandapuram(Uzhavar Sandhai ),Papaya,Papaya,Local,31/07/2026,2500,3000,2750
Tamil Nadu,Salem,Jalagandapuram(Uzhavar Sandhai ),Ginger(Green),Green Ginger,Local,31/07/2026,18000,20000,19000
Tamil Nadu,Salem,Jalagandapuram(Uzhavar Sandhai ),Sweet Potato,Hosur Red,Local,31/07/2026,3500,4000,3750
Tamil Nadu,Salem,Jalagandapuram(Uzhavar Sandhai ),Cabbage,Cabbage,Local,31/07/2026,3500,4000,3750
Tamil Nadu,Salem,Jalagandapuram(Uzhavar Sandhai ),Snakeguard,Snakeguard,Local,31/07/2026,3600,4000,3800
Tamil Nadu,Salem,Jalagandapuram(Uzhavar Sandhai ),Beetroot,Beetroot,Local,31/07/2026,4500,5000,4750
Tamil Nadu,Sivaganga,Singampunari(Uzhavar Sandhai ),Banana,Karpura,Local,31/07/2026,3500,4000,3750
Tamil Nadu,Sivaganga,Singampunari(Uzhavar Sandhai ),Coriander(Leaves),I Sort,Local,31/07/2026,4600,5200,4900
Tamil Nadu,Sivaganga,Singampunari(Uzhavar Sandhai ),Ashgourd,Gouard,Local,31/07/2026,2200,2600,2400
Tamil Nadu,Sivaganga,Singampunari(Uzhavar Sandhai ),Ridgeguard(Tori),Ridgeguard(Tori),Local,31/07/2026,3600,4200,3900
Tamil Nadu,Sivaganga,Singampunari(Uzhavar Sandhai ),Drumstick,Drumstick,Local,31/07/2026,4400,6200,5300
Tamil Nadu,Sivaganga,Singampunari(Uzhavar Sandhai ),Guava,Guava Allahabad,Local,31/07/2026,7000,8000,7500
Tamil Nadu,Sivaganga,Singampunari(Uzhavar Sandhai ),Lemon,Lemon,Local,31/07/2026,7000,8000,7500
Tamil Nadu,Sivaganga,Singampunari(Uzhavar Sandhai ),Mint(Pudina),Mint(Pudina),Local,31/07/2026,4200,4600,4400
Tamil Nadu,Sivaganga,Karaikudi(Uzhavar Sandhai ),Bhindi(Ladies Finger),Bhindi,Local,31/07/2026,3500,4000,3750
Tamil Nadu,Sivaganga,Karaikudi(Uzhavar Sandhai ),Beans,Beans (Whole),Local,31/07/2026,8500,9500,9000
Tamil Nadu,Sivaganga,Karaikudi(Uzhavar Sandhai ),Carrot,Pusakesar,Local,31/07/2026,9000,9500,9250
Tamil Nadu,Sivaganga,Karaikudi(Uzhavar Sandhai ),Chow Chow,Chow Chow,Local,31/07/2026,3500,4000,3750
Tamil Nadu,Sivaganga,Karaikudi(Uzhavar Sandhai ),Mango(Raw-Ripe),Mango - Raw-Ripe,Local,31/07/2026,4000,4500,4250
Tamil Nadu,Sivaganga,Karaikudi(Uzhavar Sandhai ),Guava,Guava Allahabad,Local,31/07/2026,7500,8500,8000
Tamil Nadu,Sivaganga,Karaikudi(Uzhavar Sandhai ),Elephant Yam(Suran)/Amorphophallus,Elephant Yam (Suran),Local,31/07/2026,4500,5000,4750
Tamil Nadu,Sivaganga,Karaikudi(Uzhavar Sandhai ),Lemon,Lemon,Local,31/07/2026,6500,7500,7000
Tamil Nadu,Sivaganga,Tirupatthur(Uzhavar Sandhai ),Potato,Red Nanital,Local,31/07/2026,6000,6500,6250
Tamil Nadu,Sivaganga,Tirupatthur(Uzhavar Sandhai ),Bitter gourd,Other,Local,31/07/2026,6000,6500,6250
Tamil Nadu,Sivaganga,Tirupatthur(Uzhavar Sandhai ),Cabbage,Cabbage,Local,31/07/2026,3500,4000,3750
Tamil Nadu,Sivaganga,Tirupatthur(Uzhavar Sandhai ),Knool Khol,Knool Khol,Local,31/07/2026,6000,6500,6250
Tamil Nadu,Sivaganga,Tirupatthur(Uzhavar Sandhai ),Guava,Guava Allahabad,Local,31/07/2026,7400,8500,7950
Tamil Nadu,Thanjavur,Pattukottai(Uzhavar Sandhai ),Banana,Besrai,Local,31/07/2026,3500,3500,3500
Tamil Nadu,Thanjavur,Pattukottai(Uzhavar Sandhai ),Onion,Bellary,Local,31/07/2026,3000,4000,3500
Tamil Nadu,Thanjavur,Pattukottai(Uzhavar Sandhai ),Cluster beans,Cluster Beans,Local,31/07/2026,4000,4000,4000
Tamil Nadu,Thanjavur,Pattukottai(Uzhavar Sandhai ),Bitter gourd,Bitter Gourd,Local,31/07/2026,6000,6000,6000
Tamil Nadu,Thanjavur,Pattukottai(Uzhavar Sandhai ),Bottle gourd,Bottle Gourd,Local,31/07/2026,2600,2600,2600
Tamil Nadu,Thanjavur,Pattukottai(Uzhavar Sandhai ),Coconut,Coconut,Local,31/07/2026,5000,5000,5000
Tamil Nadu,Thanjavur,Pattukottai(Uzhavar Sandhai ),Mango(Raw-Ripe),Mango - Raw-Ripe,Local,31/07/2026,2000,3000,2500
Tamil Nadu,Thanjavur,Pattukottai(Uzhavar Sandhai ),Jack Fruit(Ripe),Jack Fruit,Local,31/07/2026,2000,2000,2000
Tamil Nadu,Thanjavur,Pattukottai(Uzhavar Sandhai ),Mint(Pudina),Mint(Pudina),Local,31/07/2026,6000,6000,6000
Tamil Nadu,Thanjavur,Thanjavur(Uzhavar Sandhai ),Orange,Darjeeling,Local,31/07/2026,18000,18000,18000
Tamil Nadu,Thanjavur,Thanjavur(Uzhavar Sandhai ),Ashgourd,Gouard,Local,31/07/2026,3000,3000,3000
Tamil Nadu,Thanjavur,Thanjavur(Uzhavar Sandhai ),Bhindi(Ladies Finger),Bhindi,Local,31/07/2026,4400,4400,4400
Tamil Nadu,Thanjavur,Thanjavur(Uzhavar Sandhai ),Yam(Ratalu),Yam (Ratalu),Local,31/07/2026,11000,11000,11000
Tamil Nadu,Thanjavur,Thanjavur(Uzhavar Sandhai ),Mint(Pudina),Mint(Pudina),Local,31/07/2026,6000,6000,6000
Tamil Nadu,Thiruchirappalli,KKNagar(Uzhavar Sandhai ),Apple,American,Local,31/07/2026,28000,28000,28000
Tamil Nadu,Thiruchirappalli,KKNagar(Uzhavar Sandhai ),Potato,Red Nanital,Local,31/07/2026,3000,3400,3200
Tamil Nadu,Thiruchirappalli,KKNagar(Uzhavar Sandhai ),Mousambi(Sweet Lime),Mousambi,Local,31/07/2026,9000,9000,9000
Tamil Nadu,Thiruchirappalli,KKNagar(Uzhavar Sandhai ),Bitter gourd,Bitter Gourd,Local,31/07/2026,7000,7000,7000
Tamil Nadu,Thiruchirappalli,KKNagar(Uzhavar Sandhai ),Bottle gourd,Bottle Gourd,Local,31/07/2026,3000,3000,3000
Tamil Nadu,Thiruchirappalli,KKNagar(Uzhavar Sandhai ),Banana - Green,Banana - Green,Local,31/07/2026,3000,3000,3000
Tamil Nadu,Thiruchirappalli,KKNagar(Uzhavar Sandhai ),Ridgeguard(Tori),Ridgeguard(Tori),Local,31/07/2026,6000,6000,6000
Tamil Nadu,Thiruchirappalli,KKNagar(Uzhavar Sandhai ),Chow Chow,Chow Chow,Local,31/07/2026,4000,4000,4000
Tamil Nadu,Thiruchirappalli,KKNagar(Uzhavar Sandhai ),Drumstick,Drumstick,Local,31/07/2026,4000,4500,4250
Tamil Nadu,Thiruchirappalli,KKNagar(Uzhavar Sandhai ),Knool Khol,Knool Khol,Local,31/07/2026,4600,4600,4600
Tamil Nadu,Thiruchirappalli,KKNagar(Uzhavar Sandhai ),Lemon,Lemon,Local,31/07/2026,5000,5000,5000
Tamil Nadu,Thiruchirappalli,KKNagar(Uzhavar Sandhai ),Custard Apple(Sharifa),Custard Apple(Sharifa),Local,31/07/2026,8000,8000,8000
Tamil Nadu,Thiruchirappalli,Lalgudi(Uzhavar Sandhai ),Banana,Poovan,Local,31/07/2026,4000,5000,4500
Tamil Nadu,Thiruchirappalli,Lalgudi(Uzhavar Sandhai ),Cauliflower,Ranchi,Local,31/07/2026,4000,4000,4000
Tamil Nadu,Thiruchirappalli,Lalgudi(Uzhavar Sandhai ),Papaya,Papaya,Local,31/07/2026,4000,4000,4000
Tamil Nadu,Thiruchirappalli,Lalgudi(Uzhavar Sandhai ),Cluster beans,Cluster Beans,Local,31/07/2026,3600,3600,3600
Tamil Nadu,Thiruchirappalli,Lalgudi(Uzhavar Sandhai ),Thondekai,Thondekai,Local,31/07/2026,5000,5000,5000
Tamil Nadu,Thiruchirappalli,Lalgudi(Uzhavar Sandhai ),Guava,Guava Allahabad,Local,31/07/2026,9000,9000,9000
Tamil Nadu,Thiruchirappalli,Lalgudi(Uzhavar Sandhai ),Lemon,Lemon,Local,31/07/2026,6000,6000,6000
Tamil Nadu,Thiruchirappalli,Manachanallur(Uzhavar Sandhai ),Coriander(Leaves),I Sort,Local,31/07/2026,3200,3200,3200
Tamil Nadu,Thiruchirappalli,Manachanallur(Uzhavar Sandhai ),Papaya,Papaya,Local,31/07/2026,4000,4000,4000
Tamil Nadu,Thiruchirappalli,Manachanallur(Uzhavar Sandhai ),Bottle gourd,Bottle Gourd,Local,31/07/2026,2500,2500,2500
Tamil Nadu,Thiruchirappalli,Manachanallur(Uzhavar Sandhai ),Bhindi(Ladies Finger),Bhindi,Local,31/07/2026,3000,3600,3300
Tamil Nadu,Thiruchirappalli,Manachanallur(Uzhavar Sandhai ),Amaranthus,Amaranthus,Local,31/07/2026,1500,2000,1750
Tamil Nadu,Thiruchirappalli,Manachanallur(Uzhavar Sandhai ),Beans,Beans (Whole),Local,31/07/2026,8000,9000,8500
Tamil Nadu,Thiruchirappalli,Manachanallur(Uzhavar Sandhai ),Coconut,Coconut,Local,31/07/2026,6000,6000,6000
Tamil Nadu,Thiruchirappalli,Manachanallur(Uzhavar Sandhai ),Sweet Potato,Hosur Red,Local,31/07/2026,4000,4000,4000
Tamil Nadu,Thiruchirappalli,Manachanallur(Uzhavar Sandhai ),Carrot,Pusakesar,Local,31/07/2026,9000,10000,9500
Tamil Nadu,Thiruchirappalli,Manapparai(Uzhavar Sandhai ),Potato,Other,Local,31/07/2026,3000,3000,3000
Tamil Nadu,Thiruchirappalli,Manapparai(Uzhavar Sandhai ),Coriander(Leaves),I Sort,Local,31/07/2026,3400,3400,3400
Tamil Nadu,Thiruchirappalli,Manapparai(Uzhavar Sandhai ),Papaya,Papaya,Local,31/07/2026,4000,4000,4000
Tamil Nadu,Thiruchirappalli,Manapparai(Uzhavar Sandhai ),Bitter gourd,Other,Local,31/07/2026,6600,6600,6600
Tamil Nadu,Thiruchirappalli,Manapparai(Uzhavar Sandhai ),Bhindi(Ladies Finger),Bhindi,Local,31/07/2026,4000,4000,4000
Tamil Nadu,Thiruchirappalli,Manapparai(Uzhavar Sandhai ),Beans,Beans (Whole),Local,31/07/2026,10000,10000,10000
Tamil Nadu,Thiruchirappalli,Manapparai(Uzhavar Sandhai ),Cabbage,Cabbage,Local,31/07/2026,4000,4000,4000
Tamil Nadu,Thiruchirappalli,Manapparai(Uzhavar Sandhai ),Drumstick,Drumstick,Local,31/07/2026,3600,3600,3600
Tamil Nadu,Thiruchirappalli,Musiri(Uzhavar Sandhai ),Banana,Other,Local,31/07/2026,4000,5000,4500
Tamil Nadu,Thiruchirappalli,Musiri(Uzhavar Sandhai ),Onion,Bellary,Local,31/07/2026,3500,4500,4000
Tamil Nadu,Thiruchirappalli,Musiri(Uzhavar Sandhai ),Ashgourd,Gouard,Local,31/07/2026,2000,2500,2250
Tamil Nadu,Thiruchirappalli,Musiri(Uzhavar Sandhai ),Bhindi(Ladies Finger),Bhindi,Local,31/07/2026,3500,4000,3750
Tamil Nadu,Thiruchirappalli,Musiri(Uzhavar Sandhai ),Amaranthus,Amaranthus,Local,31/07/2026,2000,2000,2000
Tamil Nadu,Thiruchirappalli,Musiri(Uzhavar Sandhai ),Knool Khol,Knool Khol,Local,31/07/2026,2500,3000,2750
Tamil Nadu,Thiruchirappalli,Musiri(Uzhavar Sandhai ),Guava,Guava Allahabad,Local,31/07/2026,4000,5000,4500
Tamil Nadu,Thiruchirappalli,Musiri(Uzhavar Sandhai ),Indian Beans(Seam),Indian Beans (Seam),Local,31/07/2026,6000,7000,6500
Tamil Nadu,Thiruchirappalli,Musiri(Uzhavar Sandhai ),Mashrooms,Mashrooms,Local,31/07/2026,18000,20000,19000
Tamil Nadu,Thiruchirappalli,Thiruverumbur(Uzhavar Sandhai ),Potato,Red Nanital,Local,31/07/2026,3000,3000,3000
Tamil Nadu,Thiruchirappalli,Thiruverumbur(Uzhavar Sandhai ),Cauliflower,Ranchi,Local,31/07/2026,4000,4000,4000
Tamil Nadu,Thiruchirappalli,Thiruverumbur(Uzhavar Sandhai ),Ginger(Green),Green Ginger,Local,31/07/2026,22000,22000,22000
Tamil Nadu,Thiruchirappalli,Thiruverumbur(Uzhavar Sandhai ),Raddish,Raddish,Local,31/07/2026,3000,3000,3000
Tamil Nadu,Thiruchirappalli,Thiruverumbur(Uzhavar Sandhai ),Indian Beans(Seam),Indian Beans (Seam),Local,31/07/2026,7000,7000,7000
Tamil Nadu,Virudhunagar,Rajapalayam(Uzhavar Sandhai ),Bitter gourd,Bitter Gourd,Local,31/07/2026,8000,9000,8500
Tamil Nadu,Virudhunagar,Rajapalayam(Uzhavar Sandhai ),Pumpkin,Pumpkin,Local,31/07/2026,3500,4000,3750
Tamil Nadu,Virudhunagar,Rajapalayam(Uzhavar Sandhai ),Green Chilli,Green Chilly,Local,31/07/2026,5000,6000,5500
Tamil Nadu,Virudhunagar,Rajapalayam(Uzhavar Sandhai ),Ginger(Green),Green Ginger,Local,31/07/2026,21000,22000,21500
Tamil Nadu,Virudhunagar,Rajapalayam(Uzhavar Sandhai ),Yam(Ratalu),Yam (Ratalu),Local,31/07/2026,9000,10000,9500
Tamil Nadu,Virudhunagar,Rajapalayam(Uzhavar Sandhai ),Colacasia,Colacasia,Local,31/07/2026,6000,7000,6500
Tamil Nadu,Virudhunagar,Sivakasi(Uzhavar Sandhai ),Potato,Red Nanital,Local,31/07/2026,2500,3000,2750
Tamil Nadu,Virudhunagar,Sivakasi(Uzhavar Sandhai ),Papaya,Papaya,Local,31/07/2026,2500,3000,2750
Tamil Nadu,Virudhunagar,Sivakasi(Uzhavar Sandhai ),Tomato,Deshi,Local,31/07/2026,1500,2000,1750
Tamil Nadu,Virudhunagar,Sivakasi(Uzhavar Sandhai ),Cabbage,Cabbage,Local,31/07/2026,4000,5000,4500
Tamil Nadu,Virudhunagar,Sivakasi(Uzhavar Sandhai ),Raddish,Raddish,Local,31/07/2026,3500,4000,3750
Tamil Nadu,Virudhunagar,Sivakasi(Uzhavar Sandhai ),Onion Green,Onion Green,Local,31/07/2026,6000,7000,6500
Tamil Nadu,Virudhunagar,Thalavaipuram(Uzhavar Sandhai ),Potato,Red Nanital,Local,31/07/2026,2300,2800,2550
Tamil Nadu,Virudhunagar,Thalavaipuram(Uzhavar Sandhai ),Bitter gourd,Other,Local,31/07/2026,7500,9000,8250
Tamil Nadu,Virudhunagar,Thalavaipuram(Uzhavar Sandhai ),Coconut,Coconut,Local,31/07/2026,4500,5700,5100
Tamil Nadu,Virudhunagar,Thalavaipuram(Uzhavar Sandhai ),Raddish,Raddish,Local,31/07/2026,3200,4000,3600
Tamil Nadu,Virudhunagar,Thalavaipuram(Uzhavar Sandhai ),Chow Chow,Chow Chow,Local,31/07/2026,3200,4000,3600
Tamil Nadu,Virudhunagar,Virudhunagar(Uzhavar Sandhai ),Banana,Besrai,Local,31/07/2026,3500,4000,3750
Tamil Nadu,Virudhunagar,Virudhunagar(Uzhavar Sandhai ),Tomato,Deshi,Local,31/07/2026,2000,2500,2250
Tamil Nadu,Virudhunagar,Virudhunagar(Uzhavar Sandhai ),Cluster beans,Cluster Beans,Local,31/07/2026,3500,4000,3750
Tamil Nadu,Virudhunagar,Virudhunagar(Uzhavar Sandhai ),Beetroot,Beetroot,Local,31/07/2026,4500,5000,4750
Tamil Nadu,Virudhunagar,Virudhunagar(Uzhavar Sandhai ),Ridgeguard(Tori),Ridgeguard(Tori),Local,31/07/2026,6500,7000,6750
Tamil Nadu,Virudhunagar,Virudhunagar(Uzhavar Sandhai ),Raddish,Raddish,Local,31/07/2026,3500,4000,3750
Tamil Nadu,Virudhunagar,Virudhunagar(Uzhavar Sandhai ),Guava,Guava Allahabad,Local,31/07/2026,4500,5000,4750
Tamil Nadu,Chengalpattu,Madhuranthagam(Uzhavar Sandhai ),Banana,Poovan,Local,31/07/2026,3000,4000,3500
Tamil Nadu,Chengalpattu,Madhuranthagam(Uzhavar Sandhai ),Onion,Bellary,Local,31/07/2026,3000,3000,3000
Tamil Nadu,Chengalpattu,Madhuranthagam(Uzhavar Sandhai ),Potato,Red Nanital,Local,31/07/2026,4000,4000,4000
Tamil Nadu,Chengalpattu,Madhuranthagam(Uzhavar Sandhai ),Tomato,Deshi,Local,31/07/2026,2000,2000,2000
Tamil Nadu,Chengalpattu,Madhuranthagam(Uzhavar Sandhai ),Pumpkin,Pumpkin,Local,31/07/2026,2000,2000,2000
Tamil Nadu,Chengalpattu,Madhuranthagam(Uzhavar Sandhai ),Green Chilli,Green Chilly,Local,31/07/2026,6000,6000,6000
Tamil Nadu,Chengalpattu,Madhuranthagam(Uzhavar Sandhai ),Green Avare(W),Green Avare (W),Local,31/07/2026,6000,6000,6000
Tamil Nadu,Chengalpattu,Madhuranthagam(Uzhavar Sandhai ),Onion Green,Onion Green,Local,31/07/2026,6000,6000,6000
Tamil Nadu,Chengalpattu,Madhuranthagam(Uzhavar Sandhai ),Mint(Pudina),Mint(Pudina),Local,31/07/2026,4000,4000,4000
Tamil Nadu,Chengalpattu,Medavakkam(Uzhavar Sandhai ),Potato,Other,Local,31/07/2026,4000,4000,4000
Tamil Nadu,Chengalpattu,Medavakkam(Uzhavar Sandhai ),Cauliflower,Ranchi,Local,31/07/2026,5000,5000,5000
Tamil Nadu,Chengalpattu,Medavakkam(Uzhavar Sandhai ),Ashgourd,Gouard,Local,31/07/2026,2000,2000,2000
Tamil Nadu,Chengalpattu,Medavakkam(Uzhavar Sandhai ),Bhindi(Ladies Finger),Bhindi,Local,31/07/2026,5000,5000,5000
Tamil Nadu,Chengalpattu,Medavakkam(Uzhavar Sandhai ),Ginger(Green),Green Ginger,Local,31/07/2026,10000,12000,11000
Tamil Nadu,Chengalpattu,Medavakkam(Uzhavar Sandhai ),Coconut,Coconut,Local,31/07/2026,5000,5000,5000
Tamil Nadu,Chengalpattu,Medavakkam(Uzhavar Sandhai ),Green Avare(W),Other,Local,31/07/2026,6000,6000,6000
Tamil Nadu,Chengalpattu,Medavakkam(Uzhavar Sandhai ),Tender Coconut,Tender Coconut,Local,31/07/2026,5000,5000,5000
Tamil Nadu,Chengalpattu,Medavakkam(Uzhavar Sandhai ),Marigold(Calcutta),Marigold(Calcutta),Local,31/07/2026,10000,15000,12500
Tamil Nadu,Chengalpattu,Pallavaram(Uzhavar Sandhai ),Potato,Other,Local,31/07/2026,2500,3000,2750
Tamil Nadu,Chengalpattu,Pallavaram(Uzhavar Sandhai ),Cauliflower,Ranchi,Local,31/07/2026,2500,3000,2750
Tamil Nadu,Chengalpattu,Pallavaram(Uzhavar Sandhai ),Coriander(Leaves),I Sort,Local,31/07/2026,5000,6000,5500
Tamil Nadu,Chengalpattu,Pallavaram(Uzhavar Sandhai ),Cluster beans,Cluster Beans,Local,31/07/2026,4000,5000,4500
Tamil Nadu,Chengalpattu,Pallavaram(Uzhavar Sandhai ),Ashgourd,Gouard,Local,31/07/2026,2000,2500,2250
Tamil Nadu,Chengalpattu,Pallavaram(Uzhavar Sandhai ),Amaranthus,Amaranthus,Local,31/07/2026,2500,3000,2750
Tamil Nadu,Chengalpattu,Pallavaram(Uzhavar Sandhai ),Beans,Beans (Whole),Local,31/07/2026,9000,10000,9500
Tamil Nadu,Chengalpattu,Pallavaram(Uzhavar Sandhai ),Carrot,Pusakesar,Local,31/07/2026,8000,10000,9000
Tamil Nadu,Chengalpattu,Pallavaram(Uzhavar Sandhai ),Raddish,Raddish,Local,31/07/2026,4000,5000,4500
Tamil Nadu,Nagercoil (Kannyiakumari),Myladi(Uzhavar Sandhai ),Cauliflower,Ranchi,Local,31/07/2026,5000,5500,5250
Tamil Nadu,Nagercoil (Kannyiakumari),Myladi(Uzhavar Sandhai ),Cluster beans,Cluster Beans,Local,31/07/2026,4000,4500,4250
Tamil Nadu,Nagercoil (Kannyiakumari),Myladi(Uzhavar Sandhai ),Beetroot,Beetroot,Local,31/07/2026,5000,5500,5250
Tamil Nadu,Nagercoil (Kannyiakumari),Myladi(Uzhavar Sandhai ),Drumstick,Drumstick,Local,31/07/2026,3500,4000,3750
Tamil Nadu,Nagercoil (Kannyiakumari),Myladi(Uzhavar Sandhai ),Mango(Raw-Ripe),Mango - Raw-Ripe,Local,31/07/2026,4000,4500,4250
Tamil Nadu,Nagercoil (Kannyiakumari),Myladi(Uzhavar Sandhai ),Tamarind Fruit,Tamarind Fruit,Local,31/07/2026,14000,15000,14500
Tamil Nadu,Nagercoil (Kannyiakumari),Myladi(Uzhavar Sandhai ),Elephant Yam(Suran)/Amorphophallus,Elephant Yam (Suran),Local,31/07/2026,4500,5000,4750
Tamil Nadu,Chengalpattu,Jameenrayapettai(Uzhavar Sandhai ),Mango,Neelam,Local,31/07/2026,5000,6000,5500
Tamil Nadu,Chengalpattu,Jameenrayapettai(Uzhavar Sandhai ),Onion,Bellary,Local,31/07/2026,3500,4000,3750
Tamil Nadu,Chengalpattu,Jameenrayapettai(Uzhavar Sandhai ),Papaya,Papaya,Local,31/07/2026,5000,6000,5500
Tamil Nadu,Chengalpattu,Jameenrayapettai(Uzhavar Sandhai ),Tomato,Other,Local,31/07/2026,2000,2500,2250
Tamil Nadu,Chengalpattu,Jameenrayapettai(Uzhavar Sandhai ),Tapioca,Tapioca,Local,31/07/2026,3500,4000,3750
Tamil Nadu,Chengalpattu,Jameenrayapettai(Uzhavar Sandhai ),Carrot,Pusakesar,Local,31/07/2026,9000,10000,9500
Tamil Nadu,Chengalpattu,Jameenrayapettai(Uzhavar Sandhai ),Capsicum,Capsicum,Local,31/07/2026,6000,7000,6500
Tamil Nadu,Chengalpattu,Jameenrayapettai(Uzhavar Sandhai ),Chow Chow,Chow Chow,Local,31/07/2026,4000,5000,4500
Tamil Nadu,Chengalpattu,Jameenrayapettai(Uzhavar Sandhai ),Drumstick,Drumstick,Local,31/07/2026,6000,7000,6500
Tamil Nadu,Chengalpattu,Jameenrayapettai(Uzhavar Sandhai ),Guava,Guava Allahabad,Local,31/07/2026,5000,6000,5500
Tamil Nadu,Chengalpattu,Jameenrayapettai(Uzhavar Sandhai ),Lemon,Lemon,Local,31/07/2026,12000,13000,12500
Tamil Nadu,Chengalpattu,Jameenrayapettai(Uzhavar Sandhai ),Sweet Corn ,Sweet Corn ,Local,31/07/2026,4000,5000,4500
Tamil Nadu,Chengalpattu,Guduvancheri(Uzhavar Sandhai ),Onion,Bellary,Local,31/07/2026,3500,4000,3750
Tamil Nadu,Chengalpattu,Guduvancheri(Uzhavar Sandhai ),Tomato,Other,Local,31/07/2026,2000,2500,2250
Tamil Nadu,Chengalpattu,Guduvancheri(Uzhavar Sandhai ),Ashgourd,Gouard,Local,31/07/2026,2000,2500,2250
Tamil Nadu,Chengalpattu,Guduvancheri(Uzhavar Sandhai ),Amaranthus,Amaranthus,Local,31/07/2026,2500,3000,2750
Tamil Nadu,Chengalpattu,Guduvancheri(Uzhavar Sandhai ),Banana - Green,Banana - Green,Local,31/07/2026,3500,4000,3750
Tamil Nadu,Chengalpattu,Guduvancheri(Uzhavar Sandhai ),Marigold(Calcutta),Marigold(Calcutta),Local,31/07/2026,16000,18000,17000
Tamil Nadu,Chengalpattu,Guduvancheri(Uzhavar Sandhai ),Onion Green,Onion Green,Local,31/07/2026,6000,7000,6500
Tamil Nadu,Chengalpattu,Guduvancheri(Uzhavar Sandhai ),Rose(Local),Rose (Local),Local,31/07/2026,11000,12000,11500
Tamil Nadu,Thirupathur,Vaniyampadi(Uzhavar Sandhai ),Cluster beans,Cluster Beans,Local,31/07/2026,4000,4000,4000
Tamil Nadu,Thirupathur,Vaniyampadi(Uzhavar Sandhai ),Bitter gourd,Bitter Gourd,Local,31/07/2026,6000,6000,6000
Tamil Nadu,Thirupathur,Vaniyampadi(Uzhavar Sandhai ),Ginger(Green),Green Ginger,Local,31/07/2026,20000,20000,20000
Tamil Nadu,Thirupathur,Vaniyampadi(Uzhavar Sandhai ),Coconut,Coconut,Local,31/07/2026,1500,1500,1500
Tamil Nadu,Thirupathur,Vaniyampadi(Uzhavar Sandhai ),Sweet Potato,Hosur Red,Local,31/07/2026,4000,4000,4000
Tamil Nadu,Thirupathur,Vaniyampadi(Uzhavar Sandhai ),Drumstick,Drumstick,Local,31/07/2026,6000,6000,6000
Tamil Nadu,Thirupathur,Vaniyampadi(Uzhavar Sandhai ),Onion Green,Onion Green,Local,31/07/2026,8000,8000,8000
Tamil Nadu,Thirupur,Dharapuram(Uzhavar Sandhai ),Mango,Safeda,Local,31/07/2026,5500,6000,5750
Tamil Nadu,Thirupur,Dharapuram(Uzhavar Sandhai ),Cauliflower,Ranchi,Local,31/07/2026,3000,3500,3250
Tamil Nadu,Thirupur,Dharapuram(Uzhavar Sandhai ),Chikoos(Sapota),Sapota,Local,31/07/2026,3500,4000,3750
Tamil Nadu,Thirupur,Dharapuram(Uzhavar Sandhai ),Snakeguard,Snakeguard,Local,31/07/2026,3500,4000,3750
Tamil Nadu,Thirupur,Dharapuram(Uzhavar Sandhai ),Onion Green,Onion Green,Local,31/07/2026,5000,5500,5250
Tamil Nadu,Thirupur,Palladam(Uzhavar Sandhai ),Coriander(Leaves),I Sort,Local,31/07/2026,4000,5000,4500
Tamil Nadu,Thirupur,Palladam(Uzhavar Sandhai ),Ginger(Green),Green Ginger,Local,31/07/2026,19000,20000,19500
Tamil Nadu,Thirupur,Palladam(Uzhavar Sandhai ),Raddish,Raddish,Local,31/07/2026,3000,3500,3250
Tamil Nadu,Thirupur,Palladam(Uzhavar Sandhai ),Onion Green,Onion Green,Local,31/07/2026,5000,6000,5500
Tamil Nadu,Kallakuruchi,Kallakurichi(Uzhavar Sandhai ),Onion,Bellary,Local,31/07/2026,4000,4000,4000
Tamil Nadu,Kallakuruchi,Kallakurichi(Uzhavar Sandhai ),Tomato,Deshi,Local,31/07/2026,2000,2000,2000
Tamil Nadu,Kallakuruchi,Kallakurichi(Uzhavar Sandhai ),Bhindi(Ladies Finger),Bhindi,Local,31/07/2026,4000,4000,4000
Tamil Nadu,Kallakuruchi,Kallakurichi(Uzhavar Sandhai ),Beetroot,Beetroot,Local,31/07/2026,6000,6000,6000
Tamil Nadu,Kallakuruchi,Kallakurichi(Uzhavar Sandhai ),Green Avare(W),Green Avare (W),Local,31/07/2026,8000,8000,8000
Tamil Nadu,Kallakuruchi,Kallakurichi(Uzhavar Sandhai ),Drumstick,Drumstick,Local,31/07/2026,7000,7000,7000
Tamil Nadu,Kallakuruchi,Kallakurichi(Uzhavar Sandhai ),Knool Khol,Knool Khol,Local,31/07/2026,7000,7000,7000
Tamil Nadu,Kallakuruchi,Kallakurichi(Uzhavar Sandhai ),Tender Coconut,Tender Coconut,Local,31/07/2026,3000,3000,3000
Tamil Nadu,Thirupathur,Natrampalli(Uzhavar Sandhai ),Onion,Bellary,Local,31/07/2026,3000,4000,3500
Tamil Nadu,Thirupathur,Natrampalli(Uzhavar Sandhai ),Cauliflower,Ranchi,Local,31/07/2026,2500,3000,2750
Tamil Nadu,Thirupathur,Natrampalli(Uzhavar Sandhai ),Coriander(Leaves),I Sort,Local,31/07/2026,5000,6000,5500
Tamil Nadu,Thirupathur,Natrampalli(Uzhavar Sandhai ),Bottle gourd,Bottle Gourd,Local,31/07/2026,1500,2000,1750
Tamil Nadu,Thirupathur,Natrampalli(Uzhavar Sandhai ),Mango(Raw-Ripe),Mango - Raw-Ripe,Local,31/07/2026,1500,2000,1750
Tamil Nadu,Thirupathur,Natrampalli(Uzhavar Sandhai ),Guava,Guava Allahabad,Local,31/07/2026,4000,5000,4500
Tamil Nadu,Thirupathur,Natrampalli(Uzhavar Sandhai ),Lemon,Lemon,Local,31/07/2026,4000,5000,4500
Tamil Nadu,Thirupathur,Natrampalli(Uzhavar Sandhai ),Onion Green,Onion Green,Local,31/07/2026,5000,6000,5500
Tamil Nadu,Salem,Athur(Uzhavar Sandhai ),Onion,Bellary,Local,31/07/2026,3500,4200,3850
Tamil Nadu,Salem,Athur(Uzhavar Sandhai ),Potato,Other,Local,31/07/2026,2800,3000,2900
Tamil Nadu,Salem,Athur(Uzhavar Sandhai ),Garlic,Garlic,Local,31/07/2026,22000,26000,24000
Tamil Nadu,Salem,Athur(Uzhavar Sandhai ),Papaya,Papaya,Local,31/07/2026,2500,3000,2750
Tamil Nadu,Salem,Athur(Uzhavar Sandhai ),Bhindi(Ladies Finger),Bhindi,Local,31/07/2026,3500,4000,3750
Tamil Nadu,Salem,Athur(Uzhavar Sandhai ),Banana - Green,Banana - Green,Local,31/07/2026,2000,2400,2200
Tamil Nadu,Salem,Athur(Uzhavar Sandhai ),Beans,Beans (Whole),Local,31/07/2026,7000,8000,7500
Tamil Nadu,Salem,Athur(Uzhavar Sandhai ),Coconut,Coconut,Local,31/07/2026,5500,6000,5750
Tamil Nadu,Salem,Athur(Uzhavar Sandhai ),Green Avare(W),Green Avare (W),Local,31/07/2026,6500,7000,6750
Tamil Nadu,Salem,Athur(Uzhavar Sandhai ),Tender Coconut,Tender Coconut,Local,31/07/2026,2500,3000,2750
Tamil Nadu,Theni,Periyakulam(Uzhavar Sandhai ),Brinjal,Other,Local,31/07/2026,3600,3800,3700
Tamil Nadu,Theni,Periyakulam(Uzhavar Sandhai ),Banana - Green,Banana - Green,Local,31/07/2026,2500,3000,2750
Tamil Nadu,Theni,Periyakulam(Uzhavar Sandhai ),Beans,Beans (Whole),Local,31/07/2026,8200,8500,8350
Tamil Nadu,Theni,Periyakulam(Uzhavar Sandhai ),Ridgeguard(Tori),Ridgeguard(Tori),Local,31/07/2026,4600,4800,4700
Tamil Nadu,Theni,Periyakulam(Uzhavar Sandhai ),Knool Khol,Knool Khol,Local,31/07/2026,4200,4400,4300
Tamil Nadu,Theni,Periyakulam(Uzhavar Sandhai ),Mint(Pudina),Mint(Pudina),Local,31/07/2026,5500,5500,5500
Tamil Nadu,Virudhunagar,Srivilliputhur(Uzhavar Sandhai ),Cauliflower,Ranchi,Local,31/07/2026,2500,3000,2750
Tamil Nadu,Virudhunagar,Srivilliputhur(Uzhavar Sandhai ),Carrot,Pusakesar,Local,31/07/2026,5000,6000,5500
Tamil Nadu,Virudhunagar,Srivilliputhur(Uzhavar Sandhai ),Cabbage,Cabbage,Local,31/07/2026,3800,4500,4150
Tamil Nadu,Virudhunagar,Srivilliputhur(Uzhavar Sandhai ),Raddish,Raddish,Local,31/07/2026,3500,4000,3750
Tamil Nadu,Virudhunagar,Srivilliputhur(Uzhavar Sandhai ),Elephant Yam(Suran)/Amorphophallus,Elephant Yam (Suran),Local,31/07/2026,4000,5000,4500
Tamil Nadu,Coimbatore,Vadavalli(Uzhavar Sandhai ),Mango,Safeda,Local,31/07/2026,9000,12000,10500
Tamil Nadu,Coimbatore,Vadavalli(Uzhavar Sandhai ),Papaya,Papaya,Local,31/07/2026,4000,4400,4200
Tamil Nadu,Coimbatore,Vadavalli(Uzhavar Sandhai ),Tomato,Local,Local,31/07/2026,1800,2000,1900
Tamil Nadu,Coimbatore,Vadavalli(Uzhavar Sandhai ),Cluster beans,Cluster Beans,Local,31/07/2026,3800,4200,4000
Tamil Nadu,Coimbatore,Vadavalli(Uzhavar Sandhai ),Banana - Green,Banana - Green,Local,31/07/2026,3800,4200,4000
Tamil Nadu,Coimbatore,Vadavalli(Uzhavar Sandhai ),Cabbage,Cabbage,Local,31/07/2026,3500,3800,3650
Tamil Nadu,Coimbatore,Vadavalli(Uzhavar Sandhai ),Beetroot,Beetroot,Local,31/07/2026,8000,8800,8400
Tamil Nadu,Coimbatore,Vadavalli(Uzhavar Sandhai ),Ridgeguard(Tori),Ridgeguard(Tori),Local,31/07/2026,4600,5200,4900
Tamil Nadu,Coimbatore,Vadavalli(Uzhavar Sandhai ),Chow Chow,Chow Chow,Local,31/07/2026,3400,3800,3600
Tamil Nadu,Coimbatore,Vadavalli(Uzhavar Sandhai ),Amla(Nelli Kai),Amla,Local,31/07/2026,7500,8500,8000
Tamil Nadu,Coimbatore,Vadavalli(Uzhavar Sandhai ),Baby Corn,Baby Corn,Grade A,31/07/2026,2500,2800,2650
Tamil Nadu,Dindigul,Vedasanthur(Uzhavar Sandhai ),Pumpkin,Pumpkin,Local,31/07/2026,1500,2000,1750
Tamil Nadu,Ramanathapuram,Kamuthi APMC,Maize,Other,Local,31/07/2026,1600,1800,1700
Tamil Nadu,Coimbatore,Udumalpet APMC,Cauliflower,Ranchi,Local,31/07/2026,3000,3500,3250
Tamil Nadu,Coimbatore,Udumalpet APMC,Tomato,Deshi,Local,31/07/2026,1500,1700,1600
Tamil Nadu,Coimbatore,Udumalpet APMC,Bitter gourd,Bitter Gourd,Local,31/07/2026,6000,6500,6250
Tamil Nadu,Coimbatore,Udumalpet APMC,Bottle gourd,Bottle Gourd,Local,31/07/2026,1500,2000,1750
Tamil Nadu,Coimbatore,Udumalpet APMC,Banana - Green,Banana - Green,Local,31/07/2026,2500,3000,2750
Tamil Nadu,Coimbatore,Udumalpet APMC,Sweet Potato,Hosur Red,Local,31/07/2026,4000,5000,4500
Tamil Nadu,Coimbatore,Udumalpet APMC,Raddish,Raddish,Local,31/07/2026,2500,3000,2750
Tamil Nadu,Coimbatore,Udumalpet APMC,Capsicum,Capsicum,Local,31/07/2026,9000,10000,9500
Tamil Nadu,Coimbatore,Udumalpet APMC,Drumstick,Drumstick,Local,31/07/2026,4000,4500,4250
Tamil Nadu,Coimbatore,Udumalpet APMC,Mango(Raw-Ripe),Mango - Raw-Ripe,Local,31/07/2026,3000,3500,3250
Tamil Nadu,Erode,Gobichettipalayam(Uzhavar Sandhai ),Papaya,Papaya,Local,31/07/2026,3000,3600,3300
Tamil Nadu,Erode,Gobichettipalayam(Uzhavar Sandhai ),Tomato,Deshi,Local,31/07/2026,1600,1800,1700
Tamil Nadu,Erode,Gobichettipalayam(Uzhavar Sandhai ),Ginger(Green),Green Ginger,Local,31/07/2026,15500,16000,15750
Tamil Nadu,Erode,Gobichettipalayam(Uzhavar Sandhai ),Beetroot,Beetroot,Local,31/07/2026,9200,9500,9350
Tamil Nadu,Erode,Gobichettipalayam(Uzhavar Sandhai ),Onion Green,Onion Green,Local,31/07/2026,5000,5500,5250
Tamil Nadu,Erode,Sampath Nagar(Uzhavar Sandhai ),Apple,American,Local,31/07/2026,25000,26000,25500
Tamil Nadu,Erode,Sampath Nagar(Uzhavar Sandhai ),Grapes,Annabesahai,Local,31/07/2026,11000,11500,11250
Tamil Nadu,Erode,Sampath Nagar(Uzhavar Sandhai ),Brinjal,Other,Local,31/07/2026,4000,4200,4100
Tamil Nadu,Erode,Sampath Nagar(Uzhavar Sandhai ),Pumpkin,Pumpkin,Local,31/07/2026,2000,2200,2100
Tamil Nadu,Erode,Sampath Nagar(Uzhavar Sandhai ),Green Chilli,Green Chilly,Local,31/07/2026,4000,4200,4100
Tamil Nadu,Erode,Sampath Nagar(Uzhavar Sandhai ),Banana - Green,Banana - Green,Local,31/07/2026,3000,3500,3250
Tamil Nadu,Erode,Sampath Nagar(Uzhavar Sandhai ),Beans,Beans (Whole),Local,31/07/2026,9000,9400,9200
Tamil Nadu,Erode,Sampath Nagar(Uzhavar Sandhai ),Cabbage,Cabbage,Local,31/07/2026,2400,2800,2600
Tamil Nadu,Erode,Sampath Nagar(Uzhavar Sandhai ),Snakeguard,Snakeguard,Local,31/07/2026,3000,3400,3200
Tamil Nadu,Erode,Sampath Nagar(Uzhavar Sandhai ),Raddish,Raddish,Local,31/07/2026,2000,2500,2250
Tamil Nadu,Erode,Sampath Nagar(Uzhavar Sandhai ),Mango(Raw-Ripe),Mango - Raw-Ripe,Local,31/07/2026,2600,3000,2800
Tamil Nadu,Erode,Sampath Nagar(Uzhavar Sandhai ),Elephant Yam(Suran)/Amorphophallus,Elephant Yam (Suran),Local,31/07/2026,2600,3000,2800
Tamil Nadu,Erode,Sampath Nagar(Uzhavar Sandhai ),Onion Green,Onion Green,Local,31/07/2026,4000,4800,4400
Tamil Nadu,Vellore,Pallikonda(Uzhavar Sandhai),Banana,Other,Local,31/07/2026,5000,6000,5500
Tamil Nadu,Vellore,Pallikonda(Uzhavar Sandhai),Mango,Neelam,Local,31/07/2026,5000,6000,5500
Tamil Nadu,Vellore,Pallikonda(Uzhavar Sandhai),Onion,Bellary,Local,31/07/2026,3400,3600,3500
Tamil Nadu,Vellore,Pallikonda(Uzhavar Sandhai),Garlic,Garlic,Local,31/07/2026,20000,21000,20500
Tamil Nadu,Vellore,Pallikonda(Uzhavar Sandhai),Ashgourd,Gouard,Local,31/07/2026,3000,3000,3000
Tamil Nadu,Vellore,Pallikonda(Uzhavar Sandhai),Cabbage,Cabbage,Local,31/07/2026,2500,3000,2750
Tamil Nadu,Vellore,Pallikonda(Uzhavar Sandhai),Cucumbar(Kheera),Cucumbar,Local,31/07/2026,3500,4000,3750
Tamil Nadu,Vellore,Pallikonda(Uzhavar Sandhai),Green Avare(W),Green Avare (W),Local,31/07/2026,4000,4500,4250
Tamil Nadu,Vellore,Pallikonda(Uzhavar Sandhai),Drumstick,Drumstick,Local,31/07/2026,4000,4600,4300
Tamil Nadu,Vellore,Pallikonda(Uzhavar Sandhai),Mango(Raw-Ripe),Mango - Raw-Ripe,Local,31/07/2026,3500,4000,3750
Tamil Nadu,Vellore,Pallikonda(Uzhavar Sandhai),Guava,Guava Allahabad,Local,31/07/2026,4500,5000,4750
Tamil Nadu,Vellore,Pallikonda(Uzhavar Sandhai),Colacasia,Colacasia,Local,31/07/2026,3000,3500,3250
Tamil Nadu,Pudukkottai,Ponnamaravathi(Uzhavar Sandhai),Tomato,Deshi,Local,31/07/2026,2000,2500,2250
Tamil Nadu,Pudukkottai,Ponnamaravathi(Uzhavar Sandhai),Cluster beans,Cluster Beans,Local,31/07/2026,5000,5500,5250
Tamil Nadu,Pudukkottai,Ponnamaravathi(Uzhavar Sandhai),Ashgourd,Gouard,Local,31/07/2026,1000,1500,1250
Tamil Nadu,Pudukkottai,Ponnamaravathi(Uzhavar Sandhai),Amaranthus,Amaranthus,Local,31/07/2026,1500,2000,1750
Tamil Nadu,Pudukkottai,Ponnamaravathi(Uzhavar Sandhai),Lemon,Lemon,Local,31/07/2026,5500,6000,5750
Tamil Nadu,Nagapattinam,Mayiladuthurai(Uzhavar Sandhai ),Bottle gourd,Bottle Gourd,Local,31/07/2026,2500,3000,2750
Tamil Nadu,Nagapattinam,Mayiladuthurai(Uzhavar Sandhai ),Ashgourd,Gouard,Local,31/07/2026,1500,2000,1750
Tamil Nadu,Nagapattinam,Mayiladuthurai(Uzhavar Sandhai ),Bhindi(Ladies Finger),Bhindi,Local,31/07/2026,4500,5000,4750
Tamil Nadu,Nagapattinam,Mayiladuthurai(Uzhavar Sandhai ),Amaranthus,Amaranthus,Local,31/07/2026,1500,2000,1750
Tamil Nadu,Nagapattinam,Mayiladuthurai(Uzhavar Sandhai ),Banana - Green,Banana - Green,Local,31/07/2026,3000,3500,3250
Tamil Nadu,Nagapattinam,Mayiladuthurai(Uzhavar Sandhai ),Carrot,Pusakesar,Local,31/07/2026,8000,8000,8000
Tamil Nadu,Nagapattinam,Mayiladuthurai(Uzhavar Sandhai ),Snakeguard,Snakeguard,Local,31/07/2026,4500,5000,4750
Tamil Nadu,Nagapattinam,Mayiladuthurai(Uzhavar Sandhai ),Tender Coconut,Tender Coconut,Local,31/07/2026,2000,2500,2250
Tamil Nadu,Nagapattinam,Mayiladuthurai(Uzhavar Sandhai ),Yam(Ratalu),Yam (Ratalu),Local,31/07/2026,8000,9000,8500
Tamil Nadu,Pudukkottai,Viralimalai(Uzhavar Sandhai ),Banana - Green,Banana - Green,Local,31/07/2026,2500,3000,2750
Tamil Nadu,Pudukkottai,Viralimalai(Uzhavar Sandhai ),Raddish,Raddish,Local,31/07/2026,3500,4000,3750
Tamil Nadu,Pudukkottai,Viralimalai(Uzhavar Sandhai ),Green Avare(W),Green Avare (W),Local,31/07/2026,6500,7000,6750
Tamil Nadu,Pudukkottai,Viralimalai(Uzhavar Sandhai ),Lemon,Lemon,Local,31/07/2026,5500,6000,5750
Tamil Nadu,Ramanathapuram,Kamuthi(Uzhavar Sandhai ),Cluster beans,Cluster Beans,Local,31/07/2026,4500,5000,4750
Tamil Nadu,Ramanathapuram,Kamuthi(Uzhavar Sandhai ),Bhindi(Ladies Finger),Bhindi,Local,31/07/2026,4500,5000,4750
Tamil Nadu,Ramanathapuram,Paramakudi(Uzhavar Sandhai ),Tomato,Deshi,Local,31/07/2026,2500,2800,2650
Tamil Nadu,Ramanathapuram,Paramakudi(Uzhavar Sandhai ),Banana - Green,Banana - Green,Local,31/07/2026,3000,3500,3250
Tamil Nadu,Ramanathapuram,Paramakudi(Uzhavar Sandhai ),Ginger(Green),Green Ginger,Local,31/07/2026,12000,14000,13000
Tamil Nadu,Ramanathapuram,Paramakudi(Uzhavar Sandhai ),Snakeguard,Snakeguard,Local,31/07/2026,5000,5500,5250
Tamil Nadu,Ramanathapuram,Paramakudi(Uzhavar Sandhai ),Drumstick,Drumstick,Local,31/07/2026,6000,7000,6500
Tamil Nadu,Ramanathapuram,Ramanathapuram(Uzhavar Sandhai ),Cauliflower,Ranchi,Local,31/07/2026,5000,5500,5250
Tamil Nadu,Ramanathapuram,Ramanathapuram(Uzhavar Sandhai ),Brinjal,Round,Local,31/07/2026,5500,6000,5750
Tamil Nadu,Ramanathapuram,Ramanathapuram(Uzhavar Sandhai ),Cluster beans,Cluster Beans,Local,31/07/2026,3500,4000,3750
Tamil Nadu,Ramanathapuram,Ramanathapuram(Uzhavar Sandhai ),Ashgourd,Gouard,Local,31/07/2026,2200,2500,2350
Tamil Nadu,Ramanathapuram,Ramanathapuram(Uzhavar Sandhai ),Coconut,Coconut,Local,31/07/2026,6000,6500,6250
Tamil Nadu,Ramanathapuram,Ramanathapuram(Uzhavar Sandhai ),Snakeguard,Snakeguard,Local,31/07/2026,5000,5500,5250
Tamil Nadu,Ramanathapuram,Ramanathapuram(Uzhavar Sandhai ),Beetroot,Beetroot,Local,31/07/2026,4500,5000,4750
Tamil Nadu,Ramanathapuram,Ramanathapuram(Uzhavar Sandhai ),Ridgeguard(Tori),Ridgeguard(Tori),Local,31/07/2026,5500,6000,5750
Tamil Nadu,Ramanathapuram,Ramanathapuram(Uzhavar Sandhai ),Raddish,Raddish,Local,31/07/2026,3500,4000,3750
Tamil Nadu,Ramanathapuram,Ramanathapuram(Uzhavar Sandhai ),Drumstick,Drumstick,Local,31/07/2026,6000,6500,6250
Tamil Nadu,Ramanathapuram,Ramanathapuram(Uzhavar Sandhai ),Kakada,Kakada,Local,31/07/2026,45000,50000,47500
Tamil Nadu,Pudukkottai,Alangudi(Uzhavar Sandhai ),Onion,Bellary,Local,31/07/2026,4500,5000,4750
Tamil Nadu,Pudukkottai,Alangudi(Uzhavar Sandhai ),Bitter gourd,Other,Local,31/07/2026,8000,9000,8500
Tamil Nadu,Pudukkottai,Alangudi(Uzhavar Sandhai ),Green Avare(W),Other,Local,31/07/2026,6000,7000,6500
Tamil Nadu,Pudukkottai,Alangudi(Uzhavar Sandhai ),Lemon,Lemon,Local,31/07/2026,4500,5000,4750
Tamil Nadu,Thiruvannamalai,Arani(Uzhavar Sandhai ),Banana,Other,Local,31/07/2026,4000,5000,4500
Tamil Nadu,Thiruvannamalai,Arani(Uzhavar Sandhai ),Coriander(Leaves),I Sort,Local,31/07/2026,4000,5000,4500
Tamil Nadu,Thiruvannamalai,Arani(Uzhavar Sandhai ),Cluster beans,Cluster Beans,Local,31/07/2026,4800,6000,5400
Tamil Nadu,Thiruvannamalai,Arani(Uzhavar Sandhai ),Bhindi(Ladies Finger),Bhindi,Local,31/07/2026,3000,3600,3300
Tamil Nadu,Thiruvannamalai,Arani(Uzhavar Sandhai ),Amaranthus,Amaranthus,Local,31/07/2026,1500,2000,1750
Tamil Nadu,Thiruvannamalai,Arani(Uzhavar Sandhai ),Banana - Green,Banana - Green,Local,31/07/2026,1500,2000,1750
Tamil Nadu,Thiruvannamalai,Arani(Uzhavar Sandhai ),Ginger(Green),Green Ginger,Local,31/07/2026,20000,24000,22000
Tamil Nadu,Thiruvannamalai,Arani(Uzhavar Sandhai ),Carrot,Pusakesar,Local,31/07/2026,7000,8400,7700
Tamil Nadu,Thiruvannamalai,Arani(Uzhavar Sandhai ),Ridgeguard(Tori),Ridgeguard(Tori),Local,31/07/2026,3000,3600,3300
Tamil Nadu,Thiruvannamalai,Arani(Uzhavar Sandhai ),Green Avare(W),Green Avare (W),Local,31/07/2026,5000,6000,5500
Tamil Nadu,Thiruvannamalai,Arani(Uzhavar Sandhai ),Chow Chow,Chow Chow,Local,31/07/2026,4000,4800,4400
Tamil Nadu,Thiruvannamalai,Arani(Uzhavar Sandhai ),Colacasia,Colacasia,Local,31/07/2026,3500,4000,3750
Tamil Nadu,Thiruvannamalai,Polur(Uzhavar Sandhai ),Onion,Bellary,Local,31/07/2026,3000,3500,3250
Tamil Nadu,Thiruvannamalai,Polur(Uzhavar Sandhai ),Brinjal,Round,Local,31/07/2026,5000,6000,5500
Tamil Nadu,Thiruvannamalai,Polur(Uzhavar Sandhai ),Coriander(Leaves),I Sort,Local,31/07/2026,4200,5000,4600
Tamil Nadu,Thiruvannamalai,Polur(Uzhavar Sandhai ),Tomato,Local,Local,31/07/2026,1500,2000,1750
Tamil Nadu,Thiruvannamalai,Polur(Uzhavar Sandhai ),Bhindi(Ladies Finger),Bhindi,Local,31/07/2026,3300,4000,3650
Tamil Nadu,Thiruvannamalai,Polur(Uzhavar Sandhai ),Ginger(Green),Green Ginger,Local,31/07/2026,20000,24000,22000
Tamil Nadu,Thiruvannamalai,Polur(Uzhavar Sandhai ),Coconut,Coconut,Local,31/07/2026,4000,4500,4250
Tamil Nadu,Thiruvannamalai,Polur(Uzhavar Sandhai ),Snakeguard,Snakeguard,Local,31/07/2026,2500,3000,2750
Tamil Nadu,Thiruvannamalai,Polur(Uzhavar Sandhai ),Green Avare(W),Green Avare (W),Local,31/07/2026,5000,6000,5500
Tamil Nadu,Thiruvannamalai,Polur(Uzhavar Sandhai ),Chow Chow,Chow Chow,Local,31/07/2026,4000,4800,4400
Tamil Nadu,Thiruvannamalai,Polur(Uzhavar Sandhai ),Amla(Nelli Kai),Amla,Local,31/07/2026,8000,10000,9000
Tamil Nadu,Thiruvannamalai,Polur(Uzhavar Sandhai ),Mint(Pudina),Mint(Pudina),Local,31/07/2026,3300,4000,3650
Tamil Nadu,Thiruvannamalai,Tiruvannamalai(Uzhavar Sandhai ),Groundnut,Big (With Shell),Local,31/07/2026,7000,8000,7500
Tamil Nadu,Thiruvannamalai,Tiruvannamalai(Uzhavar Sandhai ),Papaya,Papaya,Local,31/07/2026,3000,3500,3250
Tamil Nadu,Thiruvannamalai,Tiruvannamalai(Uzhavar Sandhai ),Bottle gourd,Bottle Gourd,Local,31/07/2026,2000,2500,2250
Tamil Nadu,Thiruvannamalai,Tiruvannamalai(Uzhavar Sandhai ),Green Chilli,Green Chilly,Local,31/07/2026,6400,7200,6800
Tamil Nadu,Thiruvannamalai,Tiruvannamalai(Uzhavar Sandhai ),Sweet Potato,Hosur Red,Local,31/07/2026,3500,4000,3750
Tamil Nadu,Thiruvannamalai,Tiruvannamalai(Uzhavar Sandhai ),Thondekai,Thondekai,Local,31/07/2026,4000,4800,4400
Tamil Nadu,Thiruvannamalai,Tiruvannamalai(Uzhavar Sandhai ),Capsicum,Capsicum,Local,31/07/2026,7000,8000,7500
Tamil Nadu,Thiruvannamalai,Tiruvannamalai(Uzhavar Sandhai ),Guava,Guava Allahabad,Local,31/07/2026,5000,6000,5500
Tamil Nadu,Thiruvannamalai,Tiruvannamalai(Uzhavar Sandhai ),Fig(Anjura/Anjeer),Anjura,Local,31/07/2026,7000,8000,7500
Tamil Nadu,Thiruvannamalai,Tiruvannamalai(Uzhavar Sandhai ),Tamarind Fruit,Tamarind Fruit,Local,31/07/2026,12000,14000,13000
Tamil Nadu,Thiruvannamalai,Tiruvannamalai(Uzhavar Sandhai ),Onion Green,Onion Green,Local,31/07/2026,7000,8000,7500
Tamil Nadu,Thiruvarur,Mannargudi I(Uzhavar Sandhai ),Garlic,Garlic,Local,31/07/2026,20000,24000,22000
Tamil Nadu,Thiruvarur,Mannargudi I(Uzhavar Sandhai ),Bitter gourd,Bitter Gourd,Local,31/07/2026,6200,6200,6200
Tamil Nadu,Thiruvarur,Mannargudi I(Uzhavar Sandhai ),Green Chilli,Green Chilly,Local,31/07/2026,5000,5000,5000
Tamil Nadu,Thiruvarur,Mannargudi I(Uzhavar Sandhai ),Banana - Green,Banana - Green,Local,31/07/2026,4000,4000,4000
Tamil Nadu,Thiruvarur,Mannargudi I(Uzhavar Sandhai ),Beans,Beans (Whole),Local,31/07/2026,8400,8400,8400
Tamil Nadu,Thiruvarur,Mannargudi I(Uzhavar Sandhai ),Snakeguard,Snakeguard,Local,31/07/2026,4000,4000,4000
Tamil Nadu,Thiruvarur,Mannargudi I(Uzhavar Sandhai ),Green Avare(W),Green Avare (W),Local,31/07/2026,6400,6400,6400
Tamil Nadu,Thiruvarur,Mannargudi I(Uzhavar Sandhai ),Drumstick,Drumstick,Local,31/07/2026,4400,4400,4400
Tamil Nadu,Thiruvarur,Mannargudi I(Uzhavar Sandhai ),Elephant Yam(Suran)/Amorphophallus,Elephant Yam (Suran),Local,31/07/2026,6000,6000,6000
Tamil Nadu,Thiruvarur,Mannargudi II(Uzhavar Sandhai ),Coriander(Leaves),I Sort,Local,31/07/2026,5000,5000,5000
Tamil Nadu,Thiruvarur,Mannargudi II(Uzhavar Sandhai ),Tomato,Deshi,Local,31/07/2026,1600,1600,1600
Tamil Nadu,Thiruvarur,Mannargudi II(Uzhavar Sandhai ),Cluster beans,Cluster Beans,Local,31/07/2026,4400,4400,4400
Tamil Nadu,Thiruvarur,Mannargudi II(Uzhavar Sandhai ),Bitter gourd,Bitter Gourd,Local,31/07/2026,6200,6200,6200
Tamil Nadu,Thiruvarur,Mannargudi II(Uzhavar Sandhai ),Bottle gourd,Bottle Gourd,Local,31/07/2026,3600,3600,3600
Tamil Nadu,Thiruvarur,Mannargudi II(Uzhavar Sandhai ),Ashgourd,Gouard,Local,31/07/2026,3000,3000,3000
Tamil Nadu,Thiruvarur,Mannargudi II(Uzhavar Sandhai ),Bhindi(Ladies Finger),Bhindi,Local,31/07/2026,4200,4200,4200
Tamil Nadu,Thiruvarur,Mannargudi II(Uzhavar Sandhai ),Banana - Green,Banana - Green,Local,31/07/2026,4000,4000,4000
Tamil Nadu,Thiruvarur,Mannargudi II(Uzhavar Sandhai ),Raddish,Raddish,Local,31/07/2026,3400,3400,3400
Tamil Nadu,Thiruvarur,Mannargudi II(Uzhavar Sandhai ),Chow Chow,Chow Chow,Local,31/07/2026,4200,4200,4200
Tamil Nadu,Thiruvarur,Tiruthuraipoondi(Uzhavar Sandhai ),Banana,Besrai,Local,31/07/2026,4000,4000,4000
Tamil Nadu,Thiruvarur,Tiruthuraipoondi(Uzhavar Sandhai ),Pineapple,Pine Apple,Local,31/07/2026,6000,6000,6000
Tamil Nadu,Thiruvarur,Tiruthuraipoondi(Uzhavar Sandhai ),Amaranthus,Amaranthus,Local,31/07/2026,1500,1500,1500
Tamil Nadu,Thiruvarur,Tiruthuraipoondi(Uzhavar Sandhai ),Green Chilli,Green Chilly,Local,31/07/2026,4000,4000,4000
Tamil Nadu,Thiruvarur,Tiruthuraipoondi(Uzhavar Sandhai ),Lime,Lime,Local,31/07/2026,3000,3000,3000
Tamil Nadu,Thiruvellore,Ambattur(Uzhavar Sandhai ),Potato,Red Nanital,Local,31/07/2026,4000,4000,4000
Tamil Nadu,Thiruvellore,Ambattur(Uzhavar Sandhai ),Coconut,Coconut,Local,31/07/2026,6000,6000,6000
Tamil Nadu,Thiruvellore,Naravarikuppam(Uzhavar Sandhai ),Brinjal,Round,Local,31/07/2026,5000,5000,5000
Tamil Nadu,Thiruvellore,Naravarikuppam(Uzhavar Sandhai ),Amaranthus,Amaranthus,Local,31/07/2026,3000,3000,3000
Tamil Nadu,Thiruvellore,Naravarikuppam(Uzhavar Sandhai ),Raddish,Raddish,Local,31/07/2026,4000,4000,4000
Tamil Nadu,Thiruvellore,Paruthipattu(Uzhavar Sandhai ),Coconut,Coconut,Local,31/07/2026,6000,6000,6000
Tamil Nadu,Thiruvellore,Paruthipattu(Uzhavar Sandhai ),Carrot,Pusakesar,Local,31/07/2026,5000,5000,5000
Tamil Nadu,Thiruvellore,Paruthipattu(Uzhavar Sandhai ),Capsicum,Capsicum,Local,31/07/2026,5000,5000,5000
Tamil Nadu,Thiruvellore,Paruthipattu(Uzhavar Sandhai ),Mint(Pudina),Mint(Pudina),Local,31/07/2026,4000,4000,4000
Tamil Nadu,Thiruvellore,Perambakkam(Uzhavar Sandhai ),Tomato,Deshi,Local,31/07/2026,2500,2500,2500
Tamil Nadu,Tuticorin,Kovilpatti(Uzhavar Sandhai ),Chikoos(Sapota),Sapota,Local,31/07/2026,4500,5000,4750
Tamil Nadu,Tuticorin,Kovilpatti(Uzhavar Sandhai ),Cluster beans,Cluster Beans,Local,31/07/2026,3500,4000,3750
Tamil Nadu,Tuticorin,Kovilpatti(Uzhavar Sandhai ),Pumpkin,Pumpkin,Local,31/07/2026,2500,3000,2750
Tamil Nadu,Tuticorin,Kovilpatti(Uzhavar Sandhai ),Thondekai,Thondekai,Local,31/07/2026,5500,6000,5750
Tamil Nadu,Vellore,Gudiyatham(Uzhavar Sandhai ),Groundnut,Big (With Shell),Local,31/07/2026,7600,7600,7600
Tamil Nadu,Vellore,Gudiyatham(Uzhavar Sandhai ),Onion,Bellary,Local,31/07/2026,3500,4000,3750
Tamil Nadu,Vellore,Gudiyatham(Uzhavar Sandhai ),Garlic,Garlic,Local,31/07/2026,23000,23000,23000
Tamil Nadu,Vellore,Gudiyatham(Uzhavar Sandhai ),Papaya,Papaya,Local,31/07/2026,3000,3000,3000
Tamil Nadu,Vellore,Gudiyatham(Uzhavar Sandhai ),Amaranthus,Amaranthus,Local,31/07/2026,4000,4000,4000
Tamil Nadu,Vellore,Gudiyatham(Uzhavar Sandhai ),Green Chilli,Green Chilly,Local,31/07/2026,6000,6000,6000
Tamil Nadu,Vellore,Gudiyatham(Uzhavar Sandhai ),Beetroot,Beetroot,Local,31/07/2026,4600,4600,4600
Tamil Nadu,Vellore,Gudiyatham(Uzhavar Sandhai ),Cucumbar(Kheera),Cucumbar,Local,31/07/2026,3000,3000,3000
Tamil Nadu,Vellore,Gudiyatham(Uzhavar Sandhai ),Mango(Raw-Ripe),Mango - Raw-Ripe,Local,31/07/2026,2500,2500,2500
Tamil Nadu,Vellore,Gudiyatham(Uzhavar Sandhai ),Guava,Guava Allahabad,Local,31/07/2026,4000,4000,4000
Tamil Nadu,Vellore,Kahithapattarai(Uzhavar Sandhai ),Sweet Corn ,Sweet Corn ,Local,31/07/2026,3500,3500,3500
Tamil Nadu,Vellore,Kahithapattarai(Uzhavar Sandhai ),Groundnut,Big (With Shell),Local,31/07/2026,8000,8000,8000
Tamil Nadu,Vellore,Kahithapattarai(Uzhavar Sandhai ),Chili Red,Bold,Local,31/07/2026,20000,20000,20000
Tamil Nadu,Vellore,Kahithapattarai(Uzhavar Sandhai ),Cauliflower,Ranchi,Local,31/07/2026,1500,1500,1500
Tamil Nadu,Vellore,Kahithapattarai(Uzhavar Sandhai ),Papaya,Papaya,Local,31/07/2026,3800,3800,3800
Tamil Nadu,Vellore,Kahithapattarai(Uzhavar Sandhai ),Ginger(Green),Green Ginger,Local,31/07/2026,19000,19000,19000
Tamil Nadu,Vellore,Kahithapattarai(Uzhavar Sandhai ),Snakeguard,Snakeguard,Local,31/07/2026,3000,3000,3000
Tamil Nadu,Vellore,Kahithapattarai(Uzhavar Sandhai ),Drumstick,Drumstick,Local,31/07/2026,3500,3500,3500
Tamil Nadu,Vellore,Kahithapattarai(Uzhavar Sandhai ),Mango(Raw-Ripe),Mango - Raw-Ripe,Local,31/07/2026,3000,3000,3000
Tamil Nadu,Vellore,Kahithapattarai(Uzhavar Sandhai ),Guava,Guava Allahabad,Local,31/07/2026,4500,4500,4500
Tamil Nadu,Vellore,Kahithapattarai(Uzhavar Sandhai ),Pomegranate,Pomogranate,Local,31/07/2026,20000,20000,20000
Tamil Nadu,Vellore,Kahithapattarai(Uzhavar Sandhai ),Tender Coconut,Tender Coconut,Local,31/07/2026,3000,3000,3000
Tamil Nadu,Vellore,Kahithapattarai(Uzhavar Sandhai ),Rose(Local),Rose (Local),Local,31/07/2026,12000,12000,12000
Tamil Nadu,Villupuram,Villupuram(Uzhavar Sandhai ),Brinjal,Round,Local,31/07/2026,7000,7000,7000
Tamil Nadu,Villupuram,Villupuram(Uzhavar Sandhai ),Pumpkin,Pumpkin,Local,31/07/2026,2000,2000,2000
Tamil Nadu,Villupuram,Villupuram(Uzhavar Sandhai ),Amaranthus,Amaranthus,Local,31/07/2026,4000,4000,4000
Tamil Nadu,Villupuram,Villupuram(Uzhavar Sandhai ),Sweet Potato,Hosur Red,Local,31/07/2026,6000,6000,6000
Tamil Nadu,Villupuram,Villupuram(Uzhavar Sandhai ),Beetroot,Beetroot,Local,31/07/2026,5000,5000,5000
Tamil Nadu,Villupuram,Villupuram(Uzhavar Sandhai ),Thondekai,Thondekai,Local,31/07/2026,5000,5000,5000
Tamil Nadu,Villupuram,Villupuram(Uzhavar Sandhai ),Chow Chow,Chow Chow,Local,31/07/2026,5000,5000,5000
Tamil Nadu,Villupuram,Villupuram(Uzhavar Sandhai ),Mango(Raw-Ripe),Mango - Raw-Ripe,Local,31/07/2026,3000,3000,3000
Tamil Nadu,Villupuram,Villupuram(Uzhavar Sandhai ),Tender Coconut,Tender Coconut,Local,31/07/2026,3500,4000,3750
Tamil Nadu,Villupuram,Villupuram(Uzhavar Sandhai ),Rose(Local),Rose (Local),Local,31/07/2026,30000,30000,30000
Tamil Nadu,Thiruvannamalai,Cheyyar(Uzhavar Sandhai ),Bitter gourd,Other,Local,31/07/2026,3000,3500,3250
Tamil Nadu,Thiruvannamalai,Cheyyar(Uzhavar Sandhai ),Bhindi(Ladies Finger),Bhindi,Local,31/07/2026,3000,3600,3300
Tamil Nadu,Thiruvannamalai,Cheyyar(Uzhavar Sandhai ),Green Chilli,Green Chilly,Local,31/07/2026,4800,6000,5400
Tamil Nadu,Thiruvannamalai,Cheyyar(Uzhavar Sandhai ),Carrot,Pusakesar,Local,31/07/2026,7000,8400,7700
Tamil Nadu,Thiruvannamalai,Cheyyar(Uzhavar Sandhai ),Cabbage,Cabbage,Local,31/07/2026,3000,3600,3300
Tamil Nadu,Thiruvannamalai,Cheyyar(Uzhavar Sandhai ),Raddish,Raddish,Local,31/07/2026,2500,3000,2750
Tamil Nadu,Thiruvannamalai,Cheyyar(Uzhavar Sandhai ),Chow Chow,Chow Chow,Local,31/07/2026,4000,4800,4400
Tamil Nadu,Thiruvannamalai,Cheyyar(Uzhavar Sandhai ),Knool Khol,Knool Khol,Local,31/07/2026,4800,6000,5400
Tamil Nadu,Thiruvannamalai,Cheyyar(Uzhavar Sandhai ),Yam(Ratalu),Yam (Ratalu),Local,31/07/2026,4800,6000,5400
Tamil Nadu,Thiruvannamalai,Cheyyar(Uzhavar Sandhai ),Colacasia,Colacasia,Local,31/07/2026,3000,3600,3300
Tamil Nadu,Thiruvannamalai,Cheyyar(Uzhavar Sandhai ),Onion Green,Onion Green,Local,31/07/2026,4000,5000,4500
Tamil Nadu,Thanjavur,Papanasam(Uzhavar Sandhai ),Banana,Besrai,Local,31/07/2026,4000,6000,5000
Tamil Nadu,Thanjavur,Papanasam(Uzhavar Sandhai ),Onion,Bellary,Local,31/07/2026,3600,4800,4200
Tamil Nadu,Thanjavur,Papanasam(Uzhavar Sandhai ),Potato,Red Nanital,Local,31/07/2026,3000,3600,3300
Tamil Nadu,Thanjavur,Papanasam(Uzhavar Sandhai ),Bhindi(Ladies Finger),Bhindi,Local,31/07/2026,4800,4800,4800
Tamil Nadu,Thanjavur,Papanasam(Uzhavar Sandhai ),Green Avare(W),Green Avare (W),Local,31/07/2026,7200,7200,7200
Tamil Nadu,Thanjavur,Papanasam(Uzhavar Sandhai ),Drumstick,Drumstick,Local,31/07/2026,3600,6000,4800
Tamil Nadu,Ariyalur,Ariyalur(Uzhavar Sandhai),Coriander(Leaves),I Sort,Local,31/07/2026,5500,6000,5750
Tamil Nadu,Ariyalur,Ariyalur(Uzhavar Sandhai),Bhindi(Ladies Finger),Bhindi,Local,31/07/2026,3500,4000,3750
Tamil Nadu,Coimbatore,Sundarapuram(Uzhavar Sandhai ),Ashgourd,Gouard,Local,31/07/2026,1500,1800,1650
Tamil Nadu,Coimbatore,Sundarapuram(Uzhavar Sandhai ),Green Chilli,Green Chilly,Local,31/07/2026,4500,5000,4750
Tamil Nadu,Coimbatore,Sundarapuram(Uzhavar Sandhai ),Cowpea(Veg),Cowpea (Veg),Local,31/07/2026,3500,4000,3750
Tamil Nadu,Coimbatore,Sundarapuram(Uzhavar Sandhai ),Beans,Beans (Whole),Local,31/07/2026,10000,11000,10500
Tamil Nadu,Coimbatore,Sundarapuram(Uzhavar Sandhai ),Drumstick,Drumstick,Local,31/07/2026,4500,5000,4750
Tamil Nadu,Coimbatore,Sundarapuram(Uzhavar Sandhai ),Mango(Raw-Ripe),Mango - Raw-Ripe,Local,31/07/2026,4000,4500,4250
Tamil Nadu,Erode,Sathiyamagalam(Uzhavar Sandhai ),Papaya,Papaya,Local,31/07/2026,2000,2400,2200
Tamil Nadu,Erode,Sathiyamagalam(Uzhavar Sandhai ),Tomato,Local,Local,31/07/2026,1000,1500,1250
Tamil Nadu,Erode,Sathiyamagalam(Uzhavar Sandhai ),Bottle gourd,Bottle Gourd,Local,31/07/2026,1500,2000,1750
Tamil Nadu,Erode,Sathiyamagalam(Uzhavar Sandhai ),Green Chilli,Green Chilly,Local,31/07/2026,4000,4600,4300
Tamil Nadu,Erode,Sathiyamagalam(Uzhavar Sandhai ),Tapioca,Tapioca,Local,31/07/2026,2500,3000,2750
Tamil Nadu,Erode,Sathiyamagalam(Uzhavar Sandhai ),Ginger(Green),Green Ginger,Local,31/07/2026,15000,16000,15500
Tamil Nadu,Erode,Sathiyamagalam(Uzhavar Sandhai ),Cucumbar(Kheera),Cucumbar,Local,31/07/2026,3000,3600,3300
Tamil Nadu,Erode,Sathiyamagalam(Uzhavar Sandhai ),Green Avare(W),Other,Local,31/07/2026,6000,6500,6250
Tamil Nadu,Erode,Sathiyamagalam(Uzhavar Sandhai ),Chow Chow,Chow Chow,Local,31/07/2026,2500,3000,2750
Tamil Nadu,Erode,Sathiyamagalam(Uzhavar Sandhai ),Elephant Yam(Suran)/Amorphophallus,Elephant Yam (Suran),Local,31/07/2026,3000,3600,3300
Tamil Nadu,Coimbatore,Mettupalayam(Uzhavar Sandhai ),Groundnut,Big (With Shell),Local,31/07/2026,7000,8000,7500
Tamil Nadu,Coimbatore,Mettupalayam(Uzhavar Sandhai ),Garlic,Garlic,Local,31/07/2026,16000,18000,17000
Tamil Nadu,Coimbatore,Mettupalayam(Uzhavar Sandhai ),Tomato,Deshi,Local,31/07/2026,1500,1800,1650
Tamil Nadu,Coimbatore,Mettupalayam(Uzhavar Sandhai ),Pumpkin,Pumpkin,Local,31/07/2026,1600,2000,1800
Tamil Nadu,Coimbatore,Mettupalayam(Uzhavar Sandhai ),Bhindi(Ladies Finger),Bhindi,Local,31/07/2026,4000,4500,4250
Tamil Nadu,Coimbatore,Mettupalayam(Uzhavar Sandhai ),Amaranthus,Amaranthus,Local,31/07/2026,3000,4000,3500
Tamil Nadu,Coimbatore,Mettupalayam(Uzhavar Sandhai ),Cowpea(Veg),Cowpea (Veg),Local,31/07/2026,3500,4000,3750
Tamil Nadu,Coimbatore,Mettupalayam(Uzhavar Sandhai ),Banana - Green,Banana - Green,Local,31/07/2026,4500,5000,4750
Tamil Nadu,Coimbatore,Mettupalayam(Uzhavar Sandhai ),Coconut,Coconut,Local,31/07/2026,5000,5600,5300
Tamil Nadu,Coimbatore,Mettupalayam(Uzhavar Sandhai ),Cabbage,Cabbage,Local,31/07/2026,3500,4000,3750
Tamil Nadu,Coimbatore,Mettupalayam(Uzhavar Sandhai ),Cucumbar(Kheera),Cucumbar,Local,31/07/2026,4500,6500,5500
Tamil Nadu,Coimbatore,Mettupalayam(Uzhavar Sandhai ),Lime,Lime,Local,31/07/2026,14000,16000,15000
Tamil Nadu,Coimbatore,Mettupalayam(Uzhavar Sandhai ),Onion Green,Onion Green,Local,31/07/2026,5500,6000,5750
Tamil Nadu,Coimbatore,Mettupalayam(Uzhavar Sandhai ),Baby Corn,Baby Corn,Grade A,31/07/2026,2500,3000,2750
Tamil Nadu,Coimbatore,Mettupalayam(Uzhavar Sandhai ),Sweet Corn ,Sweet Corn ,Local,31/07/2026,3500,4000,3750
Tamil Nadu,Namakkal,Tiruchengode APMC,Banana,Besrai,Local,31/07/2026,3500,4000,3750
Tamil Nadu,Namakkal,Tiruchengode APMC,Coriander(Leaves),I Sort,Local,31/07/2026,9000,10000,9500
Tamil Nadu,Namakkal,Tiruchengode APMC,Green Chilli,Green Chilly,Local,31/07/2026,4500,5000,4750
Tamil Nadu,Namakkal,Tiruchengode APMC,Banana - Green,Banana - Green,Local,31/07/2026,3000,3500,3250
Tamil Nadu,Namakkal,Tiruchengode APMC,Beans,Beans (Whole),Local,31/07/2026,9000,9500,9250
Tamil Nadu,Namakkal,Tiruchengode APMC,Sweet Potato,Hosur Red,Local,31/07/2026,4500,5000,4750
Tamil Nadu,Namakkal,Tiruchengode APMC,Cucumbar(Kheera),Cucumbar,Local,31/07/2026,7000,8000,7500
Tamil Nadu,Namakkal,Tiruchengode APMC,Raddish,Raddish,Local,31/07/2026,2500,3000,2750
Tamil Nadu,Namakkal,Tiruchengode APMC,Guava,Guava Allahabad,Local,31/07/2026,6000,7000,6500
Tamil Nadu,Namakkal,Tiruchengode APMC,Tender Coconut,Tender Coconut,Local,31/07/2026,3000,3500,3250
Tamil Nadu,Ariyalur,Jeyankondam (Uzhavar Sandhai ),Brinjal,Round,Local,31/07/2026,6000,6500,6250
Tamil Nadu,Ariyalur,Jeyankondam (Uzhavar Sandhai ),Amaranthus,Amaranthus,Local,31/07/2026,2500,3000,2750
Tamil Nadu,Ariyalur,Jeyankondam (Uzhavar Sandhai ),Onion Green,Onion Green,Local,31/07/2026,6400,7000,6700
Tamil Nadu,Coimbatore,RSPuram(Uzhavar Sandhai ),Orange,Darjeeling,Local,31/07/2026,8000,14000,11000
Tamil Nadu,Coimbatore,RSPuram(Uzhavar Sandhai ),Garlic,Garlic,Local,31/07/2026,20000,22000,21000
Tamil Nadu,Coimbatore,RSPuram(Uzhavar Sandhai ),Cauliflower,Ranchi,Local,31/07/2026,3800,4200,4000
Tamil Nadu,Coimbatore,RSPuram(Uzhavar Sandhai ),Green Peas,Green Peas,Local,31/07/2026,23000,24000,23500
Tamil Nadu,Coimbatore,RSPuram(Uzhavar Sandhai ),Mousambi(Sweet Lime),Mousambi,Local,31/07/2026,8000,9000,8500
Tamil Nadu,Coimbatore,RSPuram(Uzhavar Sandhai ),Tomato,Local,Local,31/07/2026,1500,1700,1600
Tamil Nadu,Coimbatore,RSPuram(Uzhavar Sandhai ),Ashgourd,Gouard,Local,31/07/2026,1600,1800,1700
Tamil Nadu,Coimbatore,RSPuram(Uzhavar Sandhai ),Bhindi(Ladies Finger),Bhindi,Local,31/07/2026,4400,4800,4600
Tamil Nadu,Coimbatore,RSPuram(Uzhavar Sandhai ),Green Chilli,Green Chilly,Local,31/07/2026,4000,4400,4200
Tamil Nadu,Coimbatore,RSPuram(Uzhavar Sandhai ),Tapioca,Tapioca,Local,31/07/2026,3000,3400,3200
Tamil Nadu,Coimbatore,RSPuram(Uzhavar Sandhai ),Cucumbar(Kheera),Cucumbar,Local,31/07/2026,3200,3800,3500
Tamil Nadu,Coimbatore,RSPuram(Uzhavar Sandhai ),Drumstick,Drumstick,Local,31/07/2026,3000,3500,3250
Tamil Nadu,Coimbatore,RSPuram(Uzhavar Sandhai ),Guava,Guava Allahabad,Local,31/07/2026,4500,5500,5000
Tamil Nadu,Coimbatore,RSPuram(Uzhavar Sandhai ),Yam(Ratalu),Yam (Ratalu),Local,31/07/2026,9000,9600,9300
Tamil Nadu,Coimbatore,RSPuram(Uzhavar Sandhai ),Lemon,Lemon,Local,31/07/2026,7500,8500,8000
Tamil Nadu,Coimbatore,RSPuram(Uzhavar Sandhai ),Mint(Pudina),Mint(Pudina),Local,31/07/2026,6500,7000,6750
Tamil Nadu,Coimbatore,RSPuram(Uzhavar Sandhai ),Baby Corn,Baby Corn,Grade A,31/07/2026,2200,2800,2500
Tamil Nadu,Coimbatore,Singanallur(Uzhavar Sandhai ),Orange,Darjeeling,Local,31/07/2026,12000,14000,13000
Tamil Nadu,Coimbatore,Singanallur(Uzhavar Sandhai ),Banana,Red Banana,Local,31/07/2026,6000,7200,6600
Tamil Nadu,Coimbatore,Singanallur(Uzhavar Sandhai ),Cauliflower,Ranchi,Local,31/07/2026,4000,4400,4200
Tamil Nadu,Coimbatore,Singanallur(Uzhavar Sandhai ),Chikoos(Sapota),Sapota,Local,31/07/2026,4000,4500,4250
Tamil Nadu,Coimbatore,Singanallur(Uzhavar Sandhai ),Cluster beans,Cluster Beans,Local,31/07/2026,3200,3800,3500
Tamil Nadu,Coimbatore,Singanallur(Uzhavar Sandhai ),Ashgourd,Gouard,Local,31/07/2026,1500,2000,1750
Tamil Nadu,Coimbatore,Singanallur(Uzhavar Sandhai ),Pumpkin,Pumpkin,Local,31/07/2026,1500,2000,1750
Tamil Nadu,Coimbatore,Singanallur(Uzhavar Sandhai ),Bhindi(Ladies Finger),Bhindi,Local,31/07/2026,4800,5500,5150
Tamil Nadu,Coimbatore,Singanallur(Uzhavar Sandhai ),Green Chilli,Green Chilly,Local,31/07/2026,4200,4700,4450
Tamil Nadu,Coimbatore,Singanallur(Uzhavar Sandhai ),Cowpea(Veg),Cowpea (Veg),Local,31/07/2026,3200,4000,3600
Tamil Nadu,Coimbatore,Singanallur(Uzhavar Sandhai ),Sweet Potato,Hosur Red,Local,31/07/2026,4500,5000,4750
Tamil Nadu,Coimbatore,Singanallur(Uzhavar Sandhai ),Beetroot,Beetroot,Local,31/07/2026,4500,8000,6250
Tamil Nadu,Coimbatore,Singanallur(Uzhavar Sandhai ),Mango(Raw-Ripe),Mango - Raw-Ripe,Local,31/07/2026,2500,3000,2750
Tamil Nadu,Coimbatore,Singanallur(Uzhavar Sandhai ),Yam(Ratalu),Yam (Ratalu),Local,31/07/2026,9000,9600,9300
Tamil Nadu,Coimbatore,Singanallur(Uzhavar Sandhai ),Colacasia,Colacasia,Local,31/07/2026,4500,5000,4750
Tamil Nadu,Coimbatore,Singanallur(Uzhavar Sandhai ),Onion Green,Onion Green,Local,31/07/2026,5500,6000,5750
Tamil Nadu,Coimbatore,Pollachi(Uzhavar Sandhai ),Garlic,Garlic,Local,31/07/2026,18000,22000,20000
Tamil Nadu,Coimbatore,Pollachi(Uzhavar Sandhai ),Brinjal,Round,Local,31/07/2026,5500,6500,6000
Tamil Nadu,Coimbatore,Pollachi(Uzhavar Sandhai ),Papaya,Papaya,Local,31/07/2026,3000,3500,3250
Tamil Nadu,Coimbatore,Pollachi(Uzhavar Sandhai ),Bottle gourd,Bottle Gourd,Local,31/07/2026,2500,3000,2750
Tamil Nadu,Coimbatore,Pollachi(Uzhavar Sandhai ),Beans,Beans (Whole),Local,31/07/2026,9000,10000,9500
Tamil Nadu,Coimbatore,Pollachi(Uzhavar Sandhai ),Coconut,Coconut,Local,31/07/2026,5500,6000,5750
Tamil Nadu,Coimbatore,Pollachi(Uzhavar Sandhai ),Beetroot,Beetroot,Local,31/07/2026,4500,9000,6750
Tamil Nadu,Coimbatore,Pollachi(Uzhavar Sandhai ),Ridgeguard(Tori),Ridgeguard(Tori),Local,31/07/2026,6000,6500,6250
Tamil Nadu,Coimbatore,Pollachi(Uzhavar Sandhai ),Lemon,Lemon,Local,31/07/2026,7000,7500,7250
Tamil Nadu,Coimbatore,Pollachi(Uzhavar Sandhai ),Amla(Nelli Kai),Amla,Local,31/07/2026,7000,8000,7500
Tamil Nadu,Karur,Karur(Uzhavar Sandhai ),Onion,Bellary,Local,31/07/2026,3500,4000,3750
Tamil Nadu,Karur,Karur(Uzhavar Sandhai ),Raddish,Raddish,Local,31/07/2026,3500,4000,3750
Tamil Nadu,Karur,Karur(Uzhavar Sandhai ),Thondekai,Thondekai,Local,31/07/2026,5500,6000,5750
Tamil Nadu,Karur,Karur(Uzhavar Sandhai ),Green Avare(W),Other,Local,31/07/2026,9000,10000,9500
Tamil Nadu,Karur,Karur(Uzhavar Sandhai ),Elephant Yam(Suran)/Amorphophallus,Elephant Yam (Suran),Local,31/07/2026,4500,5000,4750
Tamil Nadu,Coimbatore,Kurichi(Uzhavar Sandhai ),Onion,Bellary,Local,31/07/2026,3000,3500,3250
Tamil Nadu,Coimbatore,Kurichi(Uzhavar Sandhai ),Brinjal,Round,Local,31/07/2026,5200,5800,5500
Tamil Nadu,Coimbatore,Kurichi(Uzhavar Sandhai ),Coriander(Leaves),I Sort,Local,31/07/2026,5500,6000,5750
Tamil Nadu,Coimbatore,Kurichi(Uzhavar Sandhai ),Tomato,Local,Local,31/07/2026,1500,2000,1750
Tamil Nadu,Coimbatore,Kurichi(Uzhavar Sandhai ),Bhindi(Ladies Finger),Bhindi,Local,31/07/2026,4500,5000,4750
Tamil Nadu,Coimbatore,Kurichi(Uzhavar Sandhai ),Amaranthus,Amaranthus,Local,31/07/2026,4500,6000,5250
Tamil Nadu,Coimbatore,Kurichi(Uzhavar Sandhai ),Banana - Green,Banana - Green,Local,31/07/2026,3500,4000,3750
Tamil Nadu,Coimbatore,Kurichi(Uzhavar Sandhai ),Tapioca,Tapioca,Local,31/07/2026,3000,3500,3250
Tamil Nadu,Coimbatore,Kurichi(Uzhavar Sandhai ),Snakeguard,Snakeguard,Local,31/07/2026,3000,3500,3250
Tamil Nadu,Coimbatore,Kurichi(Uzhavar Sandhai ),Green Avare(W),Green Avare (W),Local,31/07/2026,6500,7000,6750
Tamil Nadu,Coimbatore,Kurichi(Uzhavar Sandhai ),Drumstick,Drumstick,Local,31/07/2026,4500,5000,4750
Tamil Nadu,Coimbatore,Kurichi(Uzhavar Sandhai ),Onion Green,Onion Green,Local,31/07/2026,5200,5800,5500
Tamil Nadu,Cuddalore,Chidambaram(Uzhavar Sandhai ),Onion,Bellary,Local,31/07/2026,3500,4000,3750
Tamil Nadu,Cuddalore,Chidambaram(Uzhavar Sandhai ),Bhindi(Ladies Finger),Bhindi,Local,31/07/2026,3500,3500,3500
Tamil Nadu,Cuddalore,Chidambaram(Uzhavar Sandhai ),Banana - Green,Banana - Green,Local,31/07/2026,2500,3000,2750
Tamil Nadu,Cuddalore,Chidambaram(Uzhavar Sandhai ),Raddish,Raddish,Local,31/07/2026,4000,4000,4000
Tamil Nadu,Cuddalore,Chidambaram(Uzhavar Sandhai ),Mango(Raw-Ripe),Mango - Raw-Ripe,Local,31/07/2026,3000,3000,3000
Tamil Nadu,Cuddalore,Cuddalore(Uzhavar Sandhai ),Groundnut,Big (With Shell),Local,31/07/2026,8000,8000,8000
Tamil Nadu,Cuddalore,Cuddalore(Uzhavar Sandhai ),Mango,Safeda,Local,31/07/2026,4000,5000,4500
Tamil Nadu,Cuddalore,Cuddalore(Uzhavar Sandhai ),Chikoos(Sapota),Sapota,Local,31/07/2026,5000,7000,6000
Tamil Nadu,Cuddalore,Cuddalore(Uzhavar Sandhai ),Tomato,Deshi,Local,31/07/2026,2000,2000,2000
Tamil Nadu,Cuddalore,Cuddalore(Uzhavar Sandhai ),Bitter gourd,Bitter Gourd,Local,31/07/2026,7000,8000,7500
Tamil Nadu,Cuddalore,Cuddalore(Uzhavar Sandhai ),Pumpkin,Pumpkin,Local,31/07/2026,3000,3000,3000
Tamil Nadu,Cuddalore,Cuddalore(Uzhavar Sandhai ),Amaranthus,Amaranthus,Local,31/07/2026,2000,3000,2500
Tamil Nadu,Cuddalore,Cuddalore(Uzhavar Sandhai ),Sweet Potato,Hosur Red,Local,31/07/2026,6000,6000,6000
Tamil Nadu,Cuddalore,Cuddalore(Uzhavar Sandhai ),Green Avare(W),Green Avare (W),Local,31/07/2026,7000,7000,7000
Tamil Nadu,Cuddalore,Cuddalore(Uzhavar Sandhai ),Onion Green,Onion Green,Local,31/07/2026,6000,7000,6500
Tamil Nadu,Chengalpattu,Thirukalukundram(Uzhavar Sandhai ),Onion,Bellary,Local,31/07/2026,3200,3500,3350
Tamil Nadu,Chengalpattu,Thirukalukundram(Uzhavar Sandhai ),Cauliflower,Ranchi,Local,31/07/2026,4000,4500,4250
Tamil Nadu,Chengalpattu,Thirukalukundram(Uzhavar Sandhai ),Ashgourd,Gouard,Local,31/07/2026,2200,2500,2350
Tamil Nadu,Chengalpattu,Thirukalukundram(Uzhavar Sandhai ),Carrot,Pusakesar,Local,31/07/2026,5700,6500,6100
Tamil Nadu,Chengalpattu,Thirukalukundram(Uzhavar Sandhai ),Amla(Nelli Kai),Amla,Local,31/07/2026,7700,9000,8350
Tamil Nadu,Tuticorin,Tuticorin(Uzhavar Sandhai ),Orange,Darjeeling,Local,31/07/2026,9000,10000,9500
Tamil Nadu,Tuticorin,Tuticorin(Uzhavar Sandhai ),Onion,Bellary,Local,31/07/2026,4000,4500,4250
Tamil Nadu,Tuticorin,Tuticorin(Uzhavar Sandhai ),Potato,Other,Local,31/07/2026,3000,3500,3250
Tamil Nadu,Tuticorin,Tuticorin(Uzhavar Sandhai ),Coriander(Leaves),I Sort,Local,31/07/2026,6500,7000,6750
Tamil Nadu,Tuticorin,Tuticorin(Uzhavar Sandhai ),Green Chilli,Green Chilly,Local,31/07/2026,5000,6000,5500
Tamil Nadu,Tuticorin,Tuticorin(Uzhavar Sandhai ),Banana - Green,Banana - Green,Local,31/07/2026,2500,3000,2750
Tamil Nadu,Tuticorin,Tuticorin(Uzhavar Sandhai ),Sweet Potato,Hosur Red,Local,31/07/2026,3500,4000,3750
Tamil Nadu,Tuticorin,Tuticorin(Uzhavar Sandhai ),Ridgeguard(Tori),Ridgeguard(Tori),Local,31/07/2026,4500,5000,4750
Tamil Nadu,Tuticorin,Tuticorin(Uzhavar Sandhai ),Raddish,Raddish,Local,31/07/2026,3500,4000,3750
Tamil Nadu,Tuticorin,Tuticorin(Uzhavar Sandhai ),Drumstick,Drumstick,Local,31/07/2026,5000,6000,5500
Tamil Nadu,Tuticorin,Tuticorin(Uzhavar Sandhai ),Elephant Yam(Suran)/Amorphophallus,Elephant Yam (Suran),Local,31/07/2026,3500,4000,3750
Tamil Nadu,Tuticorin,Tuticorin(Uzhavar Sandhai ),Lemon,Lemon,Local,31/07/2026,8000,9000,8500
Tamil Nadu,Tuticorin,Tuticorin(Uzhavar Sandhai ),Sweet Corn ,Sweet Corn ,Local,31/07/2026,4000,5000,4500
Tamil Nadu,Nagercoil (Kannyiakumari),Vadaseri APMC,Banana,Besrai,Local,31/07/2026,4500,5000,4750
Tamil Nadu,Nagercoil (Kannyiakumari),Vadaseri APMC,Pineapple,Pine Apple,Local,31/07/2026,4500,5000,4750
Tamil Nadu,Nagercoil (Kannyiakumari),Vadaseri APMC,Garlic,Garlic,Local,31/07/2026,20000,22000,21000
Tamil Nadu,Nagercoil (Kannyiakumari),Vadaseri APMC,Brinjal,Round,Local,31/07/2026,5500,6000,5750
Tamil Nadu,Nagercoil (Kannyiakumari),Vadaseri APMC,Bottle gourd,Bottle Gourd,Local,31/07/2026,2200,2500,2350
Tamil Nadu,Nagercoil (Kannyiakumari),Vadaseri APMC,Ashgourd,Gouard,Local,31/07/2026,2200,2500,2350
Tamil Nadu,Nagercoil (Kannyiakumari),Vadaseri APMC,Pumpkin,Pumpkin,Local,31/07/2026,1700,2000,1850
Tamil Nadu,Nagercoil (Kannyiakumari),Vadaseri APMC,Chow Chow,Chow Chow,Local,31/07/2026,4500,5000,4750
Tamil Nadu,Nagercoil (Kannyiakumari),Vadaseri APMC,Tender Coconut,Tender Coconut,Local,31/07/2026,4500,5000,4750
Tamil Nadu,Nagercoil (Kannyiakumari),Vadaseri APMC,Kakada,Kakada,Local,31/07/2026,30000,35000,32500
Tamil Nadu,Nagercoil (Kannyiakumari),Vadaseri APMC,Colacasia,Colacasia,Local,31/07/2026,8000,8500,8250
Tamil Nadu,Pudukkottai,Karambakkudi(Uzhavar Sandhai ),Brinjal,Round,Local,31/07/2026,5000,6000,5500
Tamil Nadu,Pudukkottai,Karambakkudi(Uzhavar Sandhai ),Cluster beans,Cluster Beans,Local,31/07/2026,4500,5000,4750
Tamil Nadu,Pudukkottai,Karambakkudi(Uzhavar Sandhai ),Bhindi(Ladies Finger),Bhindi,Local,31/07/2026,3500,4000,3750
Tamil Nadu,Pudukkottai,Karambakkudi(Uzhavar Sandhai ),Snakeguard,Snakeguard,Local,31/07/2026,4500,5000,4750
Tamil Nadu,Vellore,Thirupathur APMC,Banana,Besrai,Local,31/07/2026,4000,4000,4000
Tamil Nadu,Vellore,Thirupathur APMC,Potato,Red Nanital,Local,31/07/2026,3000,3000,3000
Tamil Nadu,Vellore,Thirupathur APMC,Garlic,Garlic,Local,31/07/2026,24000,24000,24000
Tamil Nadu,Vellore,Thirupathur APMC,Brinjal,Round,Local,31/07/2026,4000,4000,4000
Tamil Nadu,Vellore,Thirupathur APMC,Coriander(Leaves),I Sort,Local,31/07/2026,7000,7000,7000
Tamil Nadu,Vellore,Thirupathur APMC,Pumpkin,Pumpkin,Local,31/07/2026,2000,2000,2000
Tamil Nadu,Vellore,Thirupathur APMC,Cowpea(Veg),Cowpea (Veg),Local,31/07/2026,6000,6000,6000
Tamil Nadu,Vellore,Thirupathur APMC,Cabbage,Cabbage,Local,31/07/2026,4000,4000,4000
Tamil Nadu,Vellore,Thirupathur APMC,Beetroot,Beetroot,Local,31/07/2026,5000,5000,5000
Tamil Nadu,Vellore,Thirupathur APMC,Cucumbar(Kheera),Cucumbar,Local,31/07/2026,4000,4000,4000
Tamil Nadu,Vellore,Thirupathur APMC,Ridgeguard(Tori),Ridgeguard(Tori),Local,31/07/2026,4000,4000,4000
Tamil Nadu,Vellore,Thirupathur APMC,Raddish,Raddish,Local,31/07/2026,3600,3600,3600
Tamil Nadu,Vellore,Thirupathur APMC,Capsicum,Capsicum,Local,31/07/2026,5000,5000,5000
Tamil Nadu,Vellore,Thirupathur APMC,Green Avare(W),Green Avare (W),Local,31/07/2026,6000,6000,6000
Tamil Nadu,Vellore,Thirupathur APMC,Chow Chow,Chow Chow,Local,31/07/2026,2500,2500,2500
Tamil Nadu,Vellore,Thirupathur APMC,Indian Beans(Seam),Indian Beans (Seam),Local,31/07/2026,6000,6000,6000
Tamil Nadu,Vellore,Thirupathur APMC,Onion Green,Onion Green,Local,31/07/2026,7500,7500,7500
Tamil Nadu,Vellore,Thirupathur APMC,Sweet Corn ,Sweet Corn ,Local,31/07/2026,3000,3000,3000
Tamil Nadu,Vellore,Vellore APMC,Bitter gourd,Bitter Gourd,Local,31/07/2026,5500,6000,5750
Tamil Nadu,Vellore,Vellore APMC,Banana - Green,Banana - Green,Local,31/07/2026,3000,3000,3000
Tamil Nadu,Vellore,Vellore APMC,Sweet Potato,Hosur Red,Local,31/07/2026,2500,3000,2750
Tamil Nadu,Vellore,Vellore APMC,Raddish,Raddish,Local,31/07/2026,2500,3000,2750
Tamil Nadu,Vellore,Vellore APMC,Sweet Corn ,Sweet Corn ,Local,31/07/2026,2500,3000,2750
Tamil Nadu,Dharmapuri,Harur(Uzhavar Sandhai ),Banana - Green,Banana - Green,Local,31/07/2026,2000,2500,2250
Tamil Nadu,Dharmapuri,Harur(Uzhavar Sandhai ),Beans,Beans (Whole),Local,31/07/2026,8000,8500,8250
Tamil Nadu,Dharmapuri,Harur(Uzhavar Sandhai ),Ginger(Green),Green Ginger,Local,31/07/2026,11000,20000,15500
Tamil Nadu,Dharmapuri,Harur(Uzhavar Sandhai ),Coconut,Coconut,Local,31/07/2026,5000,6000,5500
Tamil Nadu,Krishnagiri,Kaveripattinam(Uzhavar Sandhai ),Potato,Red Nanital,Local,31/07/2026,4000,4000,4000
Tamil Nadu,Krishnagiri,Kaveripattinam(Uzhavar Sandhai ),Tomato,Local,Local,31/07/2026,2000,2000,2000
Tamil Nadu,Krishnagiri,Kaveripattinam(Uzhavar Sandhai ),Bitter gourd,Bitter Gourd,Local,31/07/2026,6000,6000,6000
Tamil Nadu,Krishnagiri,Kaveripattinam(Uzhavar Sandhai ),Bhindi(Ladies Finger),Bhindi,Local,31/07/2026,3500,3500,3500
Tamil Nadu,Krishnagiri,Kaveripattinam(Uzhavar Sandhai ),Amaranthus,Amaranthus,Local,31/07/2026,2000,2500,2250
Tamil Nadu,Krishnagiri,Kaveripattinam(Uzhavar Sandhai ),Ginger(Green),Green Ginger,Local,31/07/2026,10000,16000,13000
Tamil Nadu,Krishnagiri,Kaveripattinam(Uzhavar Sandhai ),Ridgeguard(Tori),Ridgeguard(Tori),Local,31/07/2026,6000,6000,6000
Tamil Nadu,Krishnagiri,Kaveripattinam(Uzhavar Sandhai ),Green Avare(W),Green Avare (W),Local,31/07/2026,8000,8000,8000
Tamil Nadu,Krishnagiri,Kaveripattinam(Uzhavar Sandhai ),Chow Chow,Chow Chow,Local,31/07/2026,4000,4000,4000
Tamil Nadu,Krishnagiri,Kaveripattinam(Uzhavar Sandhai ),Lemon,Lemon,Local,31/07/2026,6000,6000,6000
Tamil Nadu,The Nilgiris,Coonoor(Uzhavar Sandhai ),Tomato,Local,Local,31/07/2026,1800,2100,1950
Tamil Nadu,The Nilgiris,Coonoor(Uzhavar Sandhai ),Beans,Beans (Whole),Local,31/07/2026,6000,6500,6250
Tamil Nadu,The Nilgiris,Coonoor(Uzhavar Sandhai ),Ginger(Green),Green Ginger,Local,31/07/2026,16000,17000,16500
Tamil Nadu,The Nilgiris,Coonoor(Uzhavar Sandhai ),Cucumbar(Kheera),Cucumbar,Local,31/07/2026,4500,5000,4750
Tamil Nadu,The Nilgiris,Coonoor(Uzhavar Sandhai ),Raddish,Raddish,Local,31/07/2026,3000,3200,3100
Tamil Nadu,The Nilgiris,Coonoor(Uzhavar Sandhai ),Green Avare(W),Other,Local,31/07/2026,7400,7800,7600
Tamil Nadu,The Nilgiris,Coonoor(Uzhavar Sandhai ),Drumstick,Drumstick,Local,31/07/2026,4500,4800,4650
Tamil Nadu,The Nilgiris,Coonoor(Uzhavar Sandhai ),Onion Green,Onion Green,Local,31/07/2026,6000,6200,6100
Tamil Nadu,The Nilgiris,Gudalur(Uzhavar Sandhai ),Tomato,Deshi,Local,31/07/2026,2000,2300,2150
Tamil Nadu,The Nilgiris,Gudalur(Uzhavar Sandhai ),Bottle gourd,Bottle Gourd,Local,31/07/2026,2500,3000,2750
Tamil Nadu,The Nilgiris,Gudalur(Uzhavar Sandhai ),Beans,Beans (Whole),Local,31/07/2026,5500,6000,5750
Tamil Nadu,The Nilgiris,Gudalur(Uzhavar Sandhai ),Cabbage,Cabbage,Local,31/07/2026,2500,3000,2750
Tamil Nadu,The Nilgiris,Gudalur(Uzhavar Sandhai ),Elephant Yam(Suran)/Amorphophallus,Elephant Yam (Suran),Local,31/07/2026,3500,4000,3750
Tamil Nadu,The Nilgiris,Gudalur(Uzhavar Sandhai ),Mint(Pudina),Mint(Pudina),Local,31/07/2026,4500,5000,4750
Telangana,Warangal,Warangal APMC,Cucumbar(Kheera),Cucumbar,FAQ,31/07/2026,2500,3000,2750
Telangana,Warangal,Warangal APMC,Cluster beans,Cluster Beans,FAQ,31/07/2026,2000,2500,2250
Telangana,Warangal,Warangal APMC,Tomato,Tomato,FAQ,31/07/2026,1200,1600,1400
Telangana,Warangal,Warangal APMC,Colacasia,Colacasia,FAQ,31/07/2026,2500,3000,2750
Telangana,Siddipet,Bejjenki APMC,Maize,Local,FAQ,31/07/2026,2250,2250,2250
Telangana,Ranga Reddy,"Saroornagar,RBZ",Ridgeguard(Tori),Other,Medium,31/07/2026,3800,3800,3800
Telangana,Ranga Reddy,"Saroornagar,RBZ",Carrot,Other,Medium,31/07/2026,4200,4200,4200
Telangana,Ranga Reddy,"Saroornagar,RBZ",Potato,Other,Medium,31/07/2026,1700,1700,1700
Telangana,Ranga Reddy,"Saroornagar,RBZ",Cluster beans,Cluster Beans,Medium,31/07/2026,2800,2800,2800
Telangana,Ranga Reddy,"Saroornagar,RBZ",Snakeguard,Snakeguard,Medium,31/07/2026,2300,2300,2300
Telangana,Ranga Reddy,"Saroornagar,RBZ",Drumstick,Drumstick,Medium,31/07/2026,3500,3500,3500
Telangana,Hanumakonda,"Excise Colony,RBZ ",Cluster beans,Cluster Beans,Grade A,31/07/2026,3200,3200,3200
Telangana,Hanumakonda,"Excise Colony,RBZ ",Little gourd(Kundru),Other,Grade A,31/07/2026,4000,4000,4000
Telangana,Hanumakonda,"Excise Colony,RBZ ",Ridgeguard(Tori),Other,Grade A,31/07/2026,4800,4800,4800
Telangana,Hyderabad,RYTHU BAZAR MEHDIPATNAM,Cauliflower,Cauliflower,Grade A,31/07/2026,1800,1800,1800
Telangana,Hyderabad,RYTHU BAZAR MEHDIPATNAM,Other green and fresh vegetables,Other,Grade A,31/07/2026,2500,2500,2500
Telangana,Hyderabad,RYTHU BAZAR MEHDIPATNAM,Tinda,Other,Grade A,31/07/2026,4000,4000,4000
Telangana,Mahbubnagar,Mahabubnagar(Rythu Bazar),Green Chilli,Green Chilly,Local,31/07/2026,5000,5000,5000
Telangana,Ranga Reddy,L B Nagar APMC,Ridgeguard(Tori),Ridgeguard(Tori),Medium,31/07/2026,2000,3000,2500
Telangana,Siddipet,Siddipet(Rythu Bazar) ,Capsicum,Capsicum,Grade A,31/07/2026,4500,5500,5000
Telangana,Siddipet,Siddipet(Rythu Bazar) ,Green Chilli,Green Chilly,Grade A,31/07/2026,3500,4500,4000
Telangana,Siddipet,Siddipet(Rythu Bazar) ,Potato,Red Nanital,Grade A,31/07/2026,1500,2400,2000
Telangana,Adilabad,Adilabad (Rythu Bazar) ,Cauliflower,Cauliflower,Local,31/07/2026,8000,8200,8000
Telangana,Ranga Reddy,"Vanasthalipuram,RBZ ",Leafy Vegetable,Leafy Vegetables,Grade A,31/07/2026,5000,5000,5000
Telangana,Ranga Reddy,"Vanasthalipuram,RBZ ",Tomato,Other,Grade A,31/07/2026,1500,1500,1500
Telangana,Ranga Reddy,"Vanasthalipuram,RBZ ",Carrot,Carrot,Grade A,31/07/2026,4200,4200,4200
Telangana,Medchal Malkajgiri,"Kukatpally,RBZ",Onion,1st Sort,Local,31/07/2026,3000,3000,3000
Telangana,Medchal Malkajgiri,"Kukatpally,RBZ",Potato,Other,Local,31/07/2026,1700,1700,1700
Telangana,Medchal Malkajgiri,"Kukatpally,RBZ",Field Pea,Field Pea,Local,31/07/2026,4500,4500,4500
Telangana,Warangal,Warangal APMC,Beetroot,Beetroot,FAQ,31/07/2026,3000,3200,3100
Telangana,Warangal,Warangal APMC,Carrot,Carrot,FAQ,31/07/2026,3500,4000,3750
Telangana,Warangal,Warangal APMC,Cauliflower,Cauliflower,FAQ,31/07/2026,2500,3000,2750
Telangana,Warangal,Warangal APMC,Field Pea,Field Pea,FAQ,31/07/2026,4500,5000,4750
Telangana,Warangal,Warangal APMC,Green Chilli,Green Chilly,FAQ,31/07/2026,4500,5000,4750
Telangana,Ranga Reddy,"Saroornagar,RBZ",Cucumbar(Kheera),Cucumbar,Medium,31/07/2026,1300,1300,1300
Telangana,Ranga Reddy,"Saroornagar,RBZ",Yam(Ratalu),Yam (Ratalu),Medium,31/07/2026,4500,4500,4500
Telangana,Suryapet,Tirumalagiri APMC,Paddy(Common),B P T,Local,31/07/2026,2546,2546,2546
Telangana,Hanumakonda,"Excise Colony,RBZ ",Bhindi(Ladies Finger),Other,Grade A,31/07/2026,3000,3000,3000
Telangana,Hanumakonda,"Excise Colony,RBZ ",Carrot,Other,Grade A,31/07/2026,6000,6000,6000
Telangana,Hanumakonda,"Excise Colony,RBZ ",Onion,Other,Grade A,31/07/2026,4000,4000,4000
Telangana,Hyderabad,RYTHU BAZAR MEHDIPATNAM,Snakeguard,Other,Grade A,31/07/2026,2300,2300,2300
Telangana,Hyderabad,RYTHU BAZAR MEHDIPATNAM,Cluster beans,Cluster Beans,Grade A,31/07/2026,2800,2800,2800
Telangana,Hyderabad,RYTHU BAZAR MEHDIPATNAM,Drumstick,Drumstick,Grade A,31/07/2026,3500,3500,3500
Telangana,Hyderabad,RYTHU BAZAR MEHDIPATNAM,Field Pea,Field Pea,Grade A,31/07/2026,4500,4500,4500
Telangana,Hyderabad,RYTHU BAZAR MEHDIPATNAM,Onion,1st Sort,Grade A,31/07/2026,3000,3000,3000
Telangana,Hyderabad,RYTHU BAZAR MEHDIPATNAM,Green Chilli,Green Chilly,Grade A,31/07/2026,3500,3500,3500
Telangana,Hyderabad,RYTHU BAZAR MEHDIPATNAM,Potato,Potato,Grade A,31/07/2026,1700,1700,1700
Telangana,Mahbubnagar,Mahabubnagar(Rythu Bazar),Cluster beans,Cluster Beans,Local,31/07/2026,5000,5000,5000
Telangana,Mahbubnagar,Mahabubnagar(Rythu Bazar),Leafy Vegetable,Leafy Vegetables,Local,31/07/2026,5000,5000,5000
Telangana,Ranga Reddy,L B Nagar APMC,Bhindi(Ladies Finger),Bhindi,Medium,31/07/2026,1500,2000,1700
Telangana,Siddipet,Siddipet(Rythu Bazar) ,Brinjal,Brinjal,Grade A,31/07/2026,2000,2800,2400
Telangana,Siddipet,Siddipet(Rythu Bazar) ,Cauliflower,African Sarson,Grade A,31/07/2026,2500,3500,3000
Telangana,Siddipet,Siddipet(Rythu Bazar) ,Cabbage,Cabbage,Grade A,31/07/2026,2500,3500,3000
Telangana,Siddipet,Siddipet(Rythu Bazar) ,Cucumbar(Kheera),Cucumbar,Grade A,31/07/2026,2000,2800,2400
Telangana,Adilabad,Adilabad (Rythu Bazar) ,Bhindi(Ladies Finger),Bhindi,Local,31/07/2026,6000,6200,6000
Telangana,Ranga Reddy,"Vanasthalipuram,RBZ ",Wild Cucumber,Wild Cucumber,Grade A,31/07/2026,1300,1300,1300
Telangana,Ranga Reddy,"Vanasthalipuram,RBZ ",Other green and fresh vegetables,Other,Grade A,31/07/2026,2000,2000,2000
Telangana,Medchal Malkajgiri,"Kukatpally,RBZ",Drumstick,Drumstick,Local,31/07/2026,3500,3500,3500
Telangana,Medchal Malkajgiri,"Kukatpally,RBZ",Banana - Green,Banana - Green,Local,31/07/2026,4000,4000,4000
Telangana,Medchal Malkajgiri,"Kukatpally,RBZ",Beetroot,Beetroot,Local,31/07/2026,3200,3200,3200
Telangana,Warangal,Warangal APMC,Ridgeguard(Tori),Ridgeguard(Tori),FAQ,31/07/2026,2000,2500,2250
Telangana,Adilabad,Adilabad APMC,Cotton,Cotton (Unginned),FAQ,31/07/2026,7000,7550,7350
Telangana,Khammam,"Sattupalli (Ramalayam),RBZ",Tomato,Tomato,FAQ,31/07/2026,2000,2800,2400
Telangana,Ranga Reddy,"Saroornagar,RBZ",Cabbage,Other,Medium,31/07/2026,1700,1700,1700
Telangana,Ranga Reddy,"Saroornagar,RBZ",French Beans(Frasbean),Other,Medium,31/07/2026,8500,8500,8500
Telangana,Ranga Reddy,"Saroornagar,RBZ",Green Chilli,Other,Medium,31/07/2026,3500,3500,3500
Telangana,Ranga Reddy,"Saroornagar,RBZ",Cauliflower,Cauliflower,Medium,31/07/2026,1800,1800,1800
Telangana,Ranga Reddy,"Saroornagar,RBZ",Onion,Other,Medium,31/07/2026,3000,3000,3000
Telangana,Ranga Reddy,"Saroornagar,RBZ",Bottle gourd,Bottle Gourd,Medium,31/07/2026,900,900,900
Telangana,Ranga Reddy,"Saroornagar,RBZ",Field Bean(Anumulu),Field Bean(Anumulu),Grade B,31/07/2026,4500,4500,4500
Telangana,Hanumakonda,"Excise Colony,RBZ ",Bitter gourd,Other,Grade A,31/07/2026,4000,4000,4000
Telangana,Hyderabad,RYTHU BAZAR MEHDIPATNAM,Beetroot,Beetroot,Grade A,31/07/2026,3200,3200,3200
Telangana,Hyderabad,RYTHU BAZAR MEHDIPATNAM,Colacasia,Colacasia,Grade A,31/07/2026,2300,2300,2300
Telangana,Hyderabad,RYTHU BAZAR MEHDIPATNAM,Cabbage,Cabbage,Grade A,31/07/2026,1700,1700,1700
Telangana,Hyderabad,RYTHU BAZAR MEHDIPATNAM,Brinjal,Brinjal,Grade A,31/07/2026,2300,2300,2300
Telangana,Hyderabad,RYTHU BAZAR MEHDIPATNAM,Cucumbar(Kheera),Cucumbar,Grade A,31/07/2026,1800,1800,1800
Telangana,Hyderabad,RYTHU BAZAR MEHDIPATNAM,French Beans(Frasbean),French Beans (Frasbean),Grade A,31/07/2026,8500,8500,8500
Telangana,Hyderabad,RYTHU BAZAR MEHDIPATNAM,Ridgeguard(Tori),Other,Grade A,31/07/2026,3800,3800,3800
Telangana,Mahbubnagar,Mahabubnagar(Rythu Bazar),Brinjal,Arkasheela Mattigulla,Local,31/07/2026,4000,4000,4000
Telangana,Mahbubnagar,Mahabubnagar(Rythu Bazar),Indian Beans(Seam),Indian Beans (Seam),Local,31/07/2026,6000,6000,6000
Telangana,Ranga Reddy,L B Nagar APMC,Brinjal,Brinjal,Medium,31/07/2026,1500,2500,2000
Telangana,Ranga Reddy,L B Nagar APMC,Field Pea,Field Pea,Medium,31/07/2026,3000,4000,3500
Telangana,Ranga Reddy,L B Nagar APMC,Green Chilli,Green Chilly,Medium,31/07/2026,2500,3000,2700
Telangana,Siddipet,Siddipet(Rythu Bazar) ,Bhindi(Ladies Finger),Bhindi,Grade A,31/07/2026,1500,2400,2000
Telangana,Siddipet,Siddipet(Rythu Bazar) ,Carrot,Carrot,Grade A,31/07/2026,4000,5000,4400
Telangana,Ranga Reddy,"Vanasthalipuram,RBZ ",Little gourd(Kundru),Little gourd (Kundru),Grade A,31/07/2026,4000,4000,4000
Telangana,Ranga Reddy,"Vanasthalipuram,RBZ ",Green Chilli,Green Chilly,Grade A,31/07/2026,3500,3500,3500
Telangana,Ranga Reddy,"Vanasthalipuram,RBZ ",Bottle gourd,Bottle Gourd,Grade A,31/07/2026,900,900,900
Telangana,Ranga Reddy,"Vanasthalipuram,RBZ ",Cucumbar(Kheera),Other,Grade A,31/07/2026,1800,1800,1800
Telangana,Medchal Malkajgiri,"Kukatpally,RBZ",Tomato,Deshi,Local,31/07/2026,1500,1500,1500
Telangana,Medchal Malkajgiri,"Kukatpally,RBZ",Bottle gourd,Bottle Gourd,Local,31/07/2026,900,900,900
Telangana,Medchal Malkajgiri,"Kukatpally,RBZ",Leafy Vegetable,Leafy Vegetables,Local,31/07/2026,3000,3000,3000
Telangana,Medchal Malkajgiri,"Kukatpally,RBZ",Yam(Ratalu),Other,Local,31/07/2026,4500,4500,4500
Telangana,Medchal Malkajgiri,"Kukatpally,RBZ",Wild Cucumber,Wild Cucumber,Grade A,31/07/2026,1300,1300,1300
Telangana,Khammam,"Pavilion Ground,Khammam,RBZ",Tomato,Deshi,FAQ,31/07/2026,2400,2400,2400
Telangana,Warangal,Warangal APMC,Brinjal,Brinjal,FAQ,31/07/2026,1000,1500,1250
Telangana,Warangal,Warangal APMC,Bitter gourd,Bitter Gourd,FAQ,31/07/2026,1600,2000,1800
Telangana,Warangal,Warangal APMC,Thondekai,Thondekai,FAQ,31/07/2026,1500,2000,1750
Telangana,Warangal,Warangal APMC,Potato,Potato,FAQ,31/07/2026,1500,2000,1750
Telangana,Adilabad,Boath APMC,Maize,Local,Local,31/07/2026,2400,2400,2400
Telangana,Ranga Reddy,"Saroornagar,RBZ",Bhindi(Ladies Finger),Other,Medium,31/07/2026,3500,3500,3500
Telangana,Ranga Reddy,"Saroornagar,RBZ",Bitter gourd,Other,Medium,31/07/2026,3200,3200,3200
Telangana,Ranga Reddy,"Saroornagar,RBZ",Leafy Vegetable,Leafy Vegetables,Medium,31/07/2026,2000,2000,2000
Telangana,Ranga Reddy,"Saroornagar,RBZ",Colacasia,Colacasia,Medium,31/07/2026,2300,2300,2300
Telangana,Karimnagar,Huzzurabad APMC,Paddy(Common),1001,FAQ,31/07/2026,2369,2389,2369
Telangana,Hanumakonda,"Excise Colony,RBZ ",Tomato,Other,Grade A,31/07/2026,2000,2000,2000
Telangana,Hanumakonda,"Excise Colony,RBZ ",Potato,Other,Grade A,31/07/2026,3000,3000,3000
Telangana,Hyderabad,RYTHU BAZAR MEHDIPATNAM,Bottle gourd,Bottle Gourd,Grade A,31/07/2026,900,900,900
Telangana,Hyderabad,RYTHU BAZAR MEHDIPATNAM,Tomato,Deshi,Grade A,31/07/2026,1500,1500,1500
Telangana,Mahbubnagar,Mahabubnagar(Rythu Bazar),Cabbage,Cabbage,Local,31/07/2026,3000,3000,3000
Telangana,Mahbubnagar,Mahabubnagar(Rythu Bazar),Bhindi(Ladies Finger),Bhindi,Local,31/07/2026,3000,3000,3000
Telangana,Mahbubnagar,Mahabubnagar(Rythu Bazar),Potato,Red Nanital,Local,31/07/2026,2400,2400,2400
Telangana,Ranga Reddy,L B Nagar APMC,Tomato,Tomato,Medium,31/07/2026,600,1200,800
Telangana,Ranga Reddy,L B Nagar APMC,French Beans(Frasbean),French Beans (Frasbean),Medium,31/07/2026,4000,6000,5000
Telangana,Siddipet,Siddipet(Rythu Bazar) ,Colacasia,Colacasia,Grade A,31/07/2026,2500,3500,3000
Telangana,Adilabad,Adilabad (Rythu Bazar) ,Green Chilli,Green Chilly,Local,31/07/2026,7000,7200,7000
Telangana,Adilabad,Adilabad (Rythu Bazar) ,Tomato,Local,Local,31/07/2026,3000,3000,3000
Telangana,Ranga Reddy,"Vanasthalipuram,RBZ ",Brinjal,Round/Long,Grade A,31/07/2026,2300,2300,2300
Telangana,Ranga Reddy,"Vanasthalipuram,RBZ ",Colacasia,Colacasia,Grade A,31/07/2026,2300,2300,2300
Telangana,Ranga Reddy,"Vanasthalipuram,RBZ ",Banana - Green,Banana - Green,Grade A,31/07/2026,4000,4000,4000
Telangana,Ranga Reddy,"Vanasthalipuram,RBZ ",Drumstick,Drumstick,Grade A,31/07/2026,3500,3500,3500
Telangana,Ranga Reddy,"Vanasthalipuram,RBZ ",Cauliflower,Cauliflower,Grade A,31/07/2026,1800,1800,1800
Telangana,Ranga Reddy,"Vanasthalipuram,RBZ ",Onion,Onion,Grade A,31/07/2026,3000,3000,3000
Telangana,Ranga Reddy,"Vanasthalipuram,RBZ ",Snakeguard,Snakeguard,Grade A,31/07/2026,2300,2300,2300
Telangana,Ranga Reddy,"Vanasthalipuram,RBZ ",Field Bean(Anumulu),Field Bean(Anumulu),Grade A,31/07/2026,4500,4500,4500
Telangana,Ranga Reddy,"Vanasthalipuram,RBZ ",French Beans(Frasbean),Other,Grade A,31/07/2026,8500,8500,8500
Telangana,Ranga Reddy,"Vanasthalipuram,RBZ ",Beetroot,Beetroot,Grade A,31/07/2026,3200,3200,3200
Telangana,Medchal Malkajgiri,"Kukatpally,RBZ",Brinjal,Brinjal,Local,31/07/2026,2300,2300,2300
Telangana,Medchal Malkajgiri,"Kukatpally,RBZ",Bhindi(Ladies Finger),Bhindi,Local,31/07/2026,3500,3500,3500
Telangana,Medchal Malkajgiri,"Kukatpally,RBZ",Green Chilli,Green Chilly,Local,31/07/2026,3500,3500,3500
Telangana,Medchal Malkajgiri,"Kukatpally,RBZ",Little gourd(Kundru),Other,Local,31/07/2026,4000,4000,4000
Telangana,Medchal Malkajgiri,"Kukatpally,RBZ",Ridgeguard(Tori),Other,Local,31/07/2026,3800,3800,3800
Telangana,Medchal Malkajgiri,"Kukatpally,RBZ",Cauliflower,African Sarson,Local,31/07/2026,1800,1800,1800
Telangana,Medchal Malkajgiri,"Kukatpally,RBZ",Cluster beans,Cluster Beans,Local,31/07/2026,2800,2800,2800
Telangana,Medchal Malkajgiri,"Kukatpally,RBZ",Cucumbar(Kheera),Cucumbar,Local,31/07/2026,1800,1800,1800
Telangana,Warangal,Warangal APMC,Capsicum,Capsicum,FAQ,31/07/2026,5500,6000,5750
Telangana,Warangal,Warangal APMC,Bhindi(Ladies Finger),Bhindi,FAQ,31/07/2026,800,1000,900
Telangana,Warangal,Warangal APMC,Cabbage,Cabbage,FAQ,31/07/2026,1200,1600,1400
Telangana,Warangal,Warangal APMC,French Beans(Frasbean),French Beans (Frasbean),FAQ,31/07/2026,9500,10000,9750
Telangana,Bhadradri Kothagudem,Dammapet APMC,Wood,Eucalyptus,FAQ,31/07/2026,400,400,400
Telangana,Adilabad,Echoda APMC,Bengal Gram Dal(Chana Dal),Bengal Gram Dal,FAQ,31/07/2026,5875,5875,5875
Telangana,Ranga Reddy,"Saroornagar,RBZ",Brinjal,Other,Medium,31/07/2026,2300,2300,2300
Telangana,Ranga Reddy,"Saroornagar,RBZ",Tomato,Other,Medium,31/07/2026,1500,1500,1500
Telangana,Ranga Reddy,"Saroornagar,RBZ",Little gourd(Kundru),Other,Medium,31/07/2026,4000,4000,4000
Telangana,Ranga Reddy,"Saroornagar,RBZ",Banana - Green,Banana - Green,Medium,31/07/2026,6000,6000,6000
Telangana,Ranga Reddy,"Saroornagar,RBZ",Beetroot,Beetroot,Medium,31/07/2026,3200,3200,3200
Telangana,Asifabad,Asifabad APMC,Maize,Local,FAQ,31/07/2026,2400,2400,2400
Telangana,Hanumakonda,Kamalapur APMC,Paddy(Common),1001,FAQ,31/07/2026,2369,2389,2369
Telangana,Hanumakonda,"Excise Colony,RBZ ",Brinjal,Other,Grade A,31/07/2026,3600,3600,3600
Telangana,Hanumakonda,"Excise Colony,RBZ ",Green Chilli,Other,Grade A,31/07/2026,5200,5200,5200
Telangana,Hyderabad,RYTHU BAZAR MEHDIPATNAM,Bhindi(Ladies Finger),Bhindi,Grade A,31/07/2026,3500,3500,3500
Telangana,Hyderabad,RYTHU BAZAR MEHDIPATNAM,Banana - Green,Banana - Green,Grade A,31/07/2026,1000,1000,1000
Telangana,Hyderabad,RYTHU BAZAR MEHDIPATNAM,Bitter gourd,Bitter Gourd,Grade A,31/07/2026,3200,3200,3200
Telangana,Hyderabad,RYTHU BAZAR MEHDIPATNAM,Carrot,Carrot,Grade A,31/07/2026,4200,4200,4200
Telangana,Hyderabad,RYTHU BAZAR MEHDIPATNAM,Leafy Vegetable,Leafy Vegetables,Grade A,31/07/2026,3000,3000,3000
Telangana,Hyderabad,RYTHU BAZAR MEHDIPATNAM,Wild Cucumber,Wild Cucumber,Grade A,31/07/2026,1300,1300,1300
Telangana,Mahbubnagar,Mahabubnagar(Rythu Bazar),Tomato,Deshi,Local,31/07/2026,2000,2000,2000
Telangana,Mahbubnagar,Mahabubnagar(Rythu Bazar),Bottle gourd,Bottle Gourd,Local,31/07/2026,1000,1000,1000
Telangana,Ranga Reddy,L B Nagar APMC,Potato,Potato,Medium,31/07/2026,1000,1500,1250
Telangana,Ranga Reddy,L B Nagar APMC,Cluster beans,Cluster Beans,Medium,31/07/2026,2500,3000,2700
Telangana,Siddipet,Siddipet(Rythu Bazar) ,Beetroot,Beetroot,Grade A,31/07/2026,3000,4000,3400
Telangana,Siddipet,Siddipet(Rythu Bazar) ,Tomato,Local,Grade A,31/07/2026,1600,2400,2000
Telangana,Siddipet,Siddipet(Rythu Bazar) ,Bitter gourd,Bitter Gourd,Grade A,31/07/2026,3500,4500,4000
Telangana,Siddipet,Siddipet(Rythu Bazar) ,Onion,Onion,Grade A,31/07/2026,2500,3500,3000
Telangana,Siddipet,Siddipet(Rythu Bazar) ,Cluster beans,Cluster Beans,Grade A,31/07/2026,3500,4500,4000
Telangana,Siddipet,Siddipet(Rythu Bazar) ,Bottle gourd,Bottle Gourd,Grade A,31/07/2026,1000,1500,1200
Telangana,Siddipet,Siddipet(Rythu Bazar) ,Snakeguard,Snakeguard,Grade A,31/07/2026,3500,4500,4000
Telangana,Adilabad,Adilabad (Rythu Bazar) ,Cabbage,Cabbage,Local,31/07/2026,5000,5200,5000
Telangana,Adilabad,Adilabad (Rythu Bazar) ,Brinjal,Brinjal,Local,31/07/2026,6000,6200,6000
Telangana,Ranga Reddy,"Vanasthalipuram,RBZ ",Bitter gourd,Bitter Gourd,Grade A,31/07/2026,3200,3200,3200
Telangana,Ranga Reddy,"Vanasthalipuram,RBZ ",Potato,Potato,Grade A,31/07/2026,1700,1700,1700
Telangana,Ranga Reddy,"Vanasthalipuram,RBZ ",Ladies Finger,Ladies Finger,Grade A,31/07/2026,3500,3500,3500
Telangana,Ranga Reddy,"Vanasthalipuram,RBZ ",Ridgeguard(Tori),Ridgeguard(Tori),Grade A,31/07/2026,3800,3800,3800
Telangana,Ranga Reddy,"Vanasthalipuram,RBZ ",Cabbage,Cabbage,Grade A,31/07/2026,1700,1700,1700
Telangana,Ranga Reddy,"Vanasthalipuram,RBZ ",Elephant Yam(Suran)/Amorphophallus,Elephant Yam (Suran),Grade A,31/07/2026,4500,4500,4500
Telangana,Ranga Reddy,"Vanasthalipuram,RBZ ",Cluster beans,Cluster Beans,Grade A,31/07/2026,2800,2800,2800
Telangana,Medchal Malkajgiri,"Kukatpally,RBZ",Bitter gourd,Bitter Gourd,Local,31/07/2026,3200,3200,3200
Telangana,Medchal Malkajgiri,"Kukatpally,RBZ",Cabbage,Cabbage,Local,31/07/2026,1700,1700,1700
Telangana,Medchal Malkajgiri,"Kukatpally,RBZ",Carrot,Carrot,Local,31/07/2026,4200,4200,4200
Telangana,Medchal Malkajgiri,"Kukatpally,RBZ",Snakeguard,Other,Local,31/07/2026,2300,2300,2300
Telangana,Medchal Malkajgiri,"Kukatpally,RBZ",Colacasia,Colacasia,Local,31/07/2026,2300,2300,2300
Telangana,Medchal Malkajgiri,"Kukatpally,RBZ",Other green and fresh vegetables,Other,Local,31/07/2026,2000,2000,2000
Tripura,South Tripura,Santir Bazar APMC,Green Chilli,Green Chilly,Local,31/07/2026,13000,14000,13500
Tripura,South Tripura,Santir Bazar APMC,Brinjal,Round/Long,Local,31/07/2026,6000,7000,6500
Uttar Pradesh,Raebarelli,Bachranwa APMC,Wheat,Dara,FAQ,31/07/2026,2500,2500,2500
Uttar Pradesh,Raebarelli,Bachranwa APMC,Wood,Eucalyptus,FAQ,31/07/2026,550,550,550
Uttar Pradesh,Etah,Etah APMC,Wheat,Other,FAQ,31/07/2026,2500,2500,2500
Uttar Pradesh,Etah,Aliganj APMC,Maize,Other,FAQ,31/07/2026,1800,1900,1847.51
Uttar Pradesh,Fatehpur,Fatehpur APMC,Wheat,Other,FAQ,31/07/2026,2500,2500,2500
Uttar Pradesh,Aligarh,Atrauli APMC,Bhindi(Ladies Finger),Bhindi,FAQ,31/07/2026,1400,1500,1450
Uttar Pradesh,Aligarh,Atrauli APMC,Bottle gourd,Bottle Gourd,FAQ,31/07/2026,900,1000,950
Uttar Pradesh,Aligarh,Atrauli APMC,Brinjal,Brinjal,FAQ,31/07/2026,1400,1500,1450
Uttar Pradesh,Aligarh,Atrauli APMC,Cucumbar(Kheera),Cucumbar,FAQ,31/07/2026,1400,1500,1450
Uttar Pradesh,Aligarh,Atrauli APMC,Pumpkin,Pumpkin,FAQ,31/07/2026,1200,1300,1250
Uttar Pradesh,Azamgarh,Azamgarh APMC,Rice,Common,FAQ,31/07/2026,2400,2500,2407.9
Uttar Pradesh,Badaun,Babrala APMC,Potato,Desi,Medium,31/07/2026,570,590,580
Uttar Pradesh,Kasganj,Kasganj APMC,Wood,Other,FAQ,31/07/2026,530,530,530
Uttar Pradesh,Kasganj,Kasganj APMC,Maize,Other,FAQ,31/07/2026,1850,2020,1912.13
Uttar Pradesh,Aligarh,Khair APMC,Paddy(Common),Other,FAQ,31/07/2026,3500,3500,3500
Uttar Pradesh,Hardoi,Shahabad(New Mandi) APMC,Wheat,Dara,FAQ,31/07/2026,2400,2400,2400
Uttar Pradesh,Ghaziabad,Noida APMC,Capsicum,Other,FAQ,31/07/2026,3500,3500,3500
Uttar Pradesh,Ghaziabad,Noida APMC,Onion,Other,FAQ,31/07/2026,2200,2200,2200
Uttar Pradesh,Ghaziabad,Noida APMC,Tomato,Other,FAQ,31/07/2026,2500,3500,2520.58
Uttar Pradesh,Saharanpur,Saharanpur APMC,Lemon,Other,FAQ,31/07/2026,3500,4200,3977.54
Uttar Pradesh,Bareilly,Anwala APMC,Wheat,Other,FAQ,31/07/2026,2450,2650,2543.79
Uttar Pradesh,Etawah,Etawah APMC,Maize,Other,FAQ,31/07/2026,2000,2000,2000
Uttar Pradesh,Ghaziabad,Ghaziabad APMC,Wood,Other,FAQ,31/07/2026,1500,1500,1500
Uttar Pradesh,Kanpur,Kanpur(Grain) APMC,Wheat,Dara,FAQ,31/07/2026,2650,2650,2650
Uttar Pradesh,Lakhimpur,Lakhimpur APMC,Wheat,Dara,FAQ,31/07/2026,2400,2400,2400
Uttar Pradesh,Lakhimpur,Lakhimpur APMC,Mustard,Other,FAQ,31/07/2026,7000,7300,7081.32
Uttar Pradesh,Lalitpur,Lalitpur APMC,Wheat,Medium,FAQ,31/07/2026,2351,2360,2355.66
Uttar Pradesh,Sitapur,Sitapur APMC,Wood,Other,FAQ,31/07/2026,2150,2150,2150
Uttar Pradesh,Varanasi,Varanasi APMC,Chili Red,Other,FAQ,31/07/2026,9000,11006,9980.58
Uttar Pradesh,Sitapur,Sidhauli APMC,Wood,Other,FAQ,31/07/2026,450,750,565.98
Uttar Pradesh,Etah,Awagarh APMC,Maize,Other,FAQ,31/07/2026,1800,1800,1800
Uttar Pradesh,Etah,Awagarh APMC,Onion,Other,FAQ,31/07/2026,1800,1800,1800
Uttar Pradesh,Bareilly,Bareilly APMC,Green Chilli,Other,FAQ,31/07/2026,2000,2000,2000
Uttar Pradesh,Bareilly,Bareilly APMC,Chili Red,Other,FAQ,31/07/2026,9000,9000,9000
Uttar Pradesh,Bareilly,Bareilly APMC,Masur Dal,Other,FAQ,31/07/2026,5800,10200,8169.79
Uttar Pradesh,Bareilly,Bareilly APMC,Wood,Other,FAQ,31/07/2026,600,600,600
Uttar Pradesh,Barabanki,Barabanki APMC,Mentha Oil,Other,FAQ,31/07/2026,132000,132000,132000
Uttar Pradesh,Basti,Basti APMC,Paddy(Common),Other,FAQ,31/07/2026,2500,2500,2500
Uttar Pradesh,Etawah,Bharthna APMC,Maize,Other,FAQ,31/07/2026,2000,2000,2000
Uttar Pradesh,Sambhal,Chandausi APMC,Lemon,Other,FAQ,31/07/2026,5300,5400,5367.74
Uttar Pradesh,Sambhal,Chandausi APMC,Tomato,Other,FAQ,31/07/2026,1600,1600,1600
Uttar Pradesh,Jhansi,Chirgaon APMC,Firewood,Firewood,FAQ,31/07/2026,500,500,500
Uttar Pradesh,Ghaziabad,Hapur APMC,Pegeon Pea(Arhar Fali),Other,FAQ,31/07/2026,7500,7500,7500
Uttar Pradesh,Ghaziabad,Hapur APMC,Black Gram Dal(Urd Dal),Other,FAQ,31/07/2026,9722.05,11800,9964.93
Uttar Pradesh,Fatehpur,Jahanabad APMC,Wheat,Dara,FAQ,31/07/2026,2425,2425,2425
Uttar Pradesh,Bulandshahar,Jahangirabad APMC,Maize,Other,FAQ,31/07/2026,2000,2000,2000
Uttar Pradesh,Mathura,Mathura APMC,Mahua,Other,FAQ,31/07/2026,7000,7000,7000
Uttar Pradesh,Mathura,Mathura APMC,Green Chilli,Other,FAQ,31/07/2026,1600,2000,1800
Uttar Pradesh,Sonbhadra,Dudhi APMC,Maize,Other,FAQ,31/07/2026,700,700,700
Uttar Pradesh,Maharajganj,Nautnava APMC,Wheat,Dara,FAQ,31/07/2026,2460,2460,2460
Uttar Pradesh,Pratapgarh,Pratapgarh APMC,Wheat,Dara,FAQ,31/07/2026,2400,2400,2400
Uttar Pradesh,Pillibhit,Puranpur APMC,Paddy(Common),Other,FAQ,31/07/2026,2300,2300,2300
Uttar Pradesh,Raebarelli,Raibareilly APMC,Wheat,Dara,FAQ,31/07/2026,2450,2450,2450
Uttar Pradesh,Sonbhadra,Robertsganj APMC,Onion,Other,FAQ,31/07/2026,2000,2000,2000
Uttar Pradesh,Ayodhya,Rudauli APMC,Potato,Other,FAQ,31/07/2026,1000,1000,1000
Uttar Pradesh,Ayodhya,Rudauli APMC,Wheat,Dara,FAQ,31/07/2026,2600,2600,2600
Uttar Pradesh,Hathras,Shadabad APMC,Bottle gourd,Bottle Gourd,Medium,31/07/2026,800,900,850
Uttar Pradesh,Barabanki,Safdarganj APMC,Mustard,Other,FAQ,31/07/2026,6000,6000,6000
Uttar Pradesh,Siddharth Nagar,Sahiyapur APMC,Wheat,147 Best,FAQ,31/07/2026,2430,2430,2430
Uttar Pradesh,Siddharth Nagar,Sahiyapur APMC,Wheat,Other,FAQ,31/07/2026,2430,2430,2430
Uttar Pradesh,Siddharth Nagar,Sahiyapur APMC,Paddy(Common),Common,FAQ,31/07/2026,3200,3200,3200
Uttar Pradesh,Raebarelli,Salon APMC,Paddy(Common),Common,FAQ,31/07/2026,2600,2650,2613.71
Uttar Pradesh,Shamli,Shamli APMC,Green Chilli,Other,FAQ,31/07/2026,3000,3000,3000
Uttar Pradesh,Bulandshahar,Sikarpur APMC,Firewood,Firewood,FAQ,31/07/2026,500,500,500
Uttar Pradesh,Prayagraj,Sirsa APMC,Wheat,Dara,FAQ,31/07/2026,2500,2500,2500
Uttar Pradesh,Prayagraj,Sirsa APMC,Onion,Other,FAQ,31/07/2026,1800,1900,1850
Uttar Pradesh,Shahjahanpur,Tilhar APMC,Wood,Eucalyptus,FAQ,31/07/2026,580,580,580
Uttar Pradesh,Badaun,Wazirganj APMC,Potato,Other,FAQ,31/07/2026,600,600,600
Uttar Pradesh,Shahjahanpur,Powayan APMC,Wheat,Dara,FAQ,31/07/2026,2500,2500,2500
Uttar Pradesh,Kanpur,Baripaal APMC,Wheat,Dara,FAQ,31/07/2026,2500,2500,2500
Uttar Pradesh,Prayagraj,Ajuha APMC,Onion,Other,FAQ,31/07/2026,1400,1400,1400
Uttar Pradesh,Bulandshahar,Gulavati APMC,Brinjal,Brinjal,FAQ,31/07/2026,1400,1600,1500
Uttar Pradesh,Gorakhpur,Gorakhpur APMC,Paddy(Common),Common,FAQ,31/07/2026,2200,2200,2200
Uttar Pradesh,Gorakhpur,Gorakhpur APMC,Rice,Common,FAQ,31/07/2026,2400,2400,2400
Uttar Pradesh,Hardoi,Hardoi APMC,Green Chilli,Other,FAQ,31/07/2026,2000,2000,2000
Uttar Pradesh,Hardoi,Hardoi APMC,Wood,Eucalyptus,FAQ,31/07/2026,540,540,540
Uttar Pradesh,Hardoi,Hardoi APMC,Wheat,Dara,FAQ,31/07/2026,2400,2430,2418.7
Uttar Pradesh,Lucknow,Lucknow APMC,Fish,Other,FAQ,31/07/2026,6000,6000,6000
Uttar Pradesh,Badaun,Badayoun APMC,Wood,Eucalyptus,FAQ,31/07/2026,650,650,650
Uttar Pradesh,Baghpat,Baraut APMC,Green Chilli,Other,FAQ,31/07/2026,3000,3000,3000
Uttar Pradesh,Baghpat,Baraut APMC,Onion,Other,FAQ,31/07/2026,1800,1850,1808.33
Uttar Pradesh,Amroha,Amroha APMC,Green Chilli,Other,FAQ,31/07/2026,1600,1600,1600
Uttar Pradesh,Saharanpur,Nanuta APMC,Potato,Other,FAQ,31/07/2026,1025,1025,1025
Uttar Pradesh,Amroha,Hasanpur APMC,Bottle gourd,Bottle Gourd,FAQ,31/07/2026,1450,1520,1500
Uttar Pradesh,Amroha,Hasanpur APMC,Capsicum,Capsicum,FAQ,31/07/2026,1850,3500,3000
Uttar Pradesh,Amroha,Hasanpur APMC,Pumpkin,Pumpkin,FAQ,31/07/2026,1450,1520,1500
Uttar Pradesh,Siddharth Nagar,Bansi APMC,Wheat,Dara,FAQ,31/07/2026,2500,2500,2500
Uttar Pradesh,Banda,Atarra APMC,Wheat,Deshi,FAQ,31/07/2026,2450,2450,2450
Uttar Pradesh,Khiri (Lakhimpur),Maigalganj APMC,Cucumbar(Kheera),Cucumbar,FAQ,31/07/2026,900,950,925
Uttar Pradesh,Khiri (Lakhimpur),Maigalganj APMC,Raddish,Raddish,FAQ,31/07/2026,1340,1380,1360
Uttar Pradesh,Sant Kabir Nagar,Khalilabad APMC,Wheat,Dara,FAQ,31/07/2026,2450,2450,2450
Uttar Pradesh,Auraiya,Dibiapur APMC,Wheat,Dara,FAQ,31/07/2026,2350,2350,2350
Uttar Pradesh,Shamli,Kairana APMC,Bottle gourd,Bottle Gourd,FAQ,31/07/2026,900,1000,950
Uttar Pradesh,Shamli,Kairana APMC,Brinjal,Round/Long,FAQ,31/07/2026,1000,1100,1050
Uttar Pradesh,Shamli,Kairana APMC,Papaya(Raw),Papaya (Raw),FAQ,31/07/2026,2000,2100,2050
Uttar Pradesh,Shamli,Kairana APMC,Cucumbar(Kheera),Cucumbar,FAQ,31/07/2026,1200,1300,1250
Uttar Pradesh,Muzaffarnagar,Shahpur APMC,Wood,Other,FAQ,31/07/2026,515,515,515
Uttar Pradesh,Agra,Agra APMC,Onion,Other,FAQ,31/07/2026,900,1500,1434.91
Uttar Pradesh,Agra,Agra APMC,Green Gram(Moong)(Whole),Other,FAQ,31/07/2026,8768,8768,8768
Uttar Pradesh,Mau(Maunathbhanjan),Kopaganj APMC,Banana,Medium,Grade B,31/07/2026,3780,3795,3790
Uttar Pradesh,Azamgarh,Azamgarh APMC,Tomato,Other,FAQ,31/07/2026,900,1100,981.91
Uttar Pradesh,Badaun,Babrala APMC,Maize,Other,FAQ,31/07/2026,1850,1850,1850
Uttar Pradesh,Jhansi,Jhansi APMC,Wheat,Other,FAQ,31/07/2026,2350,2351,2350.5
Uttar Pradesh,Kanpur Dehat,Jhijhank APMC,Wheat,Dara,FAQ,31/07/2026,2350,2650,2519.4
Uttar Pradesh,Kasganj,Kasganj APMC,Onion,Other,FAQ,31/07/2026,1850,1850,1850
Uttar Pradesh,Hardoi,Sandi APMC,Maize,Other,FAQ,31/07/2026,1950,1950,1950
Uttar Pradesh,Bahraich,Naanpara APMC,Wood,Other,FAQ,31/07/2026,1250,1250,1250
Uttar Pradesh,Ambedkarnagar,Akbarpur APMC,Wheat,Dara Mill Quality,FAQ,31/07/2026,2500,2500,2500
Uttar Pradesh,Bareilly,Anwala APMC,Potato,Other,FAQ,31/07/2026,600,600,600
Uttar Pradesh,Saharanpur,Deoband APMC,Gur(Jaggery),Other,FAQ,31/07/2026,3950,4000,3985.71
Uttar Pradesh,Ghaziabad,Ghaziabad APMC,Lemon,Other,FAQ,31/07/2026,3500,3500,3500
Uttar Pradesh,Kanpur,Kanpur(Grain) APMC,Arecanut(Betelnut/Supari),Other,FAQ,31/07/2026,25000,28500,27243.27
Uttar Pradesh,Lakhimpur,Lakhimpur APMC,Tomato,Other,FAQ,31/07/2026,1440,1440,1440
Uttar Pradesh,Sambhal,Muradabad APMC,Onion,Other,FAQ,31/07/2026,1510,1515,1512.06
Uttar Pradesh,Pillibhit,Pilibhit APMC,Paddy(Common),Other,FAQ,31/07/2026,1820,1820,1820
Uttar Pradesh,Sitapur,Sitapur APMC,Tomato,Other,FAQ,31/07/2026,1500,1500,1500
Uttar Pradesh,Sitapur,Sitapur APMC,Wheat,Other,FAQ,31/07/2026,2450,2450,2450
Uttar Pradesh,Varanasi,Varanasi APMC,Fish,Other,FAQ,31/07/2026,4000,4000,4000
Uttar Pradesh,Varanasi,Varanasi APMC,Tomato,Other,FAQ,31/07/2026,1500,1500,1500
Uttar Pradesh,Varanasi,Varanasi APMC,Wood,Other,FAQ,31/07/2026,310,5581.49,1724.39
Uttar Pradesh,Varanasi,Varanasi APMC,Rice,Other,FAQ,31/07/2026,3452.72,5920.59,4095.05
Uttar Pradesh,Bahraich,Bahraich APMC,Pegeon Pea(Arhar Fali),Other,FAQ,31/07/2026,8000,8000,8000
Uttar Pradesh,Bareilly,Bareilly APMC,Bengal Gram Dal(Chana Dal),Other,FAQ,31/07/2026,6875,7366.67,7082.5
Uttar Pradesh,Bareilly,Bareilly APMC,Pegeon Pea(Arhar Fali),Other,FAQ,31/07/2026,8000,10300,9060.61
Uttar Pradesh,Unnao,Bangarmau APMC,Wheat,Dara,FAQ,31/07/2026,2500,2560,2550.71
Uttar Pradesh,Sitapur,Viswan APMC,Wheat,MP Quality,FAQ,31/07/2026,2400,2400,2400
Uttar Pradesh,Bulandshahar,Buland Shahr APMC,Potato,Other,FAQ,31/07/2026,800,800,800
Uttar Pradesh,Bulandshahar,Buland Shahr APMC,Tomato,Other,FAQ,31/07/2026,2000,2000,2000
Uttar Pradesh,Sambhal,Chandausi APMC,Maize,Other,FAQ,31/07/2026,1900,1900,1900
Uttar Pradesh,Aligarh,Charra APMC,Green Gram(Moong)(Whole),Other,FAQ,31/07/2026,8768,8768,8768
Uttar Pradesh,Kannuj,Chhibramau APMC,Maize,Other,FAQ,31/07/2026,2050,2050,2050
Uttar Pradesh,Saharanpur,Chutmalpur APMC,Green Chilli,Other,FAQ,31/07/2026,2200,2200,2200
Uttar Pradesh,Ghaziabad,Hapur APMC,Wood,Other,FAQ,31/07/2026,800,800,800
Uttar Pradesh,Jalaun (Orai),Jalaun APMC,Firewood,Firewood,FAQ,31/07/2026,500,500,500
Uttar Pradesh,Kaushambi,Manjhanpur APMC,Wheat,Other,FAQ,31/07/2026,2400,2400,2400
Uttar Pradesh,Bijnor,Kiratpur APMC,Green Chilli,Other,FAQ,31/07/2026,3500,3500,3500
Uttar Pradesh,Hamirpur,Kurara APMC,Wheat,Dara Mill Quality,FAQ,31/07/2026,2400,2400,2400
Uttar Pradesh,Mathura,Mathura APMC,Ginger(Green),Other,FAQ,31/07/2026,2400,2400,2400
Uttar Pradesh,Mathura,Mathura APMC,Potato,Other,FAQ,31/07/2026,600,1800,688.89
Uttar Pradesh,Sonbhadra,Dudhi APMC,Tomato,Other,FAQ,31/07/2026,3000,3000,3000
Uttar Pradesh,Balrampur,Panchpedwa APMC,Wheat,Other,FAQ,31/07/2026,2400,2400,2400
Uttar Pradesh,Balrampur,Panchpedwa APMC,Masur Dal,Other,FAQ,31/07/2026,6800,6800,6800
Uttar Pradesh,Balrampur,Panchpedwa APMC,Wheat,Mill Quality,FAQ,31/07/2026,2400,2500,2470.27
Uttar Pradesh,Balrampur,Panchpedwa APMC,Banana - Green,Banana - Green,FAQ,31/07/2026,1200,1400,1300
Uttar Pradesh,Shravasti,Payagpur APMC,Wheat,Medium,FAQ,31/07/2026,2590,2590,2590
Uttar Pradesh,Raebarelli,Raibareilly APMC,Paddy(Common),Common,FAQ,31/07/2026,2600,2600,2600
Uttar Pradesh,Rampur,Rampur APMC,Wood,Other,FAQ,31/07/2026,500,800,502.71
Uttar Pradesh,Badaun,Shahaswan APMC,Maize,Other,FAQ,31/07/2026,1900,1900,1900
Uttar Pradesh,Badaun,Shahaswan APMC,Brinjal,Brinjal,Medium,31/07/2026,1200,1300,1250
Uttar Pradesh,Badaun,Shahaswan APMC,Cauliflower,Cauliflower,Medium,31/07/2026,2100,2300,2200
Uttar Pradesh,Sonbhadra,Robertsganj APMC,Capsicum,Other,FAQ,31/07/2026,4000,4000,4000
Uttar Pradesh,Hathras,Shadabad APMC,Pumpkin,Pumpkin,Small,31/07/2026,900,1000,950
Uttar Pradesh,Hathras,Shadabad APMC,Raddish,Raddish,Small,31/07/2026,600,700,650
Uttar Pradesh,Barabanki,Safdarganj APMC,Wheat,Hybrid,FAQ,31/07/2026,2450,2450,2450
Uttar Pradesh,Siddharth Nagar,Sahiyapur APMC,Wheat,Bansi,FAQ,31/07/2026,2430,2430,2430
Uttar Pradesh,Siddharth Nagar,Sahiyapur APMC,Wheat,2329,FAQ,31/07/2026,2430,2430,2430
Uttar Pradesh,Amethi,Sultanpur APMC,Firewood,Firewood,FAQ,31/07/2026,445,445,445
Uttar Pradesh,Amethi,Sultanpur APMC,Wheat,Dara,FAQ,31/07/2026,2450,2450,2450
Uttar Pradesh,Firozabad,Tundla APMC,Potato,Other,FAQ,31/07/2026,500,500,500
Uttar Pradesh,Unnao,Unnao APMC,Wheat,Other,FAQ,31/07/2026,2585,2585,2585
Uttar Pradesh,Ghazipur,Yusufpur APMC,Rice,Common,FAQ,31/07/2026,2500,2500,2500
Uttar Pradesh,Ghaziabad,Muradnagar APMC,Wheat,Other,FAQ,31/07/2026,2600,2620,2604.13
Uttar Pradesh,Ghaziabad,Muradnagar APMC,Maize,Other,FAQ,31/07/2026,2200,2200,2200
Uttar Pradesh,Shahjahanpur,Powayan APMC,Paddy(Common),Other,FAQ,31/07/2026,1850,1850,1850
Uttar Pradesh,Shahjahanpur,Powayan APMC,Paddy(Common),Common,FAQ,31/07/2026,1950,1980,1960.06
Uttar Pradesh,Bulandshahar,Gulavati APMC,Cucumbar(Kheera),Cucumbar,FAQ,31/07/2026,1400,1600,1500
Uttar Pradesh,Bulandshahar,Gulavati APMC,Bitter gourd,Bitter Gourd,FAQ,31/07/2026,2000,2200,2100
Uttar Pradesh,Bulandshahar,Gulavati APMC,Colacasia,Other,FAQ,31/07/2026,4000,4200,4100
Uttar Pradesh,Bulandshahar,Gulavati APMC,Bhindi(Ladies Finger),Bhindi,FAQ,31/07/2026,3000,3200,3100
Uttar Pradesh,Jaunpur,Jaunpur APMC,Wheat,Dara Mill Quality,FAQ,31/07/2026,2665,2665,2665
Uttar Pradesh,Jaunpur,Jaunpur APMC,Green Chilli,Other,FAQ,31/07/2026,4200,4500,4432.5
Uttar Pradesh,Lucknow,Lucknow APMC,Black Gram Dal(Urd Dal),Other,FAQ,31/07/2026,9200,9200,9200
Uttar Pradesh,Mainpuri,Mainpuri APMC,Maize,Other,FAQ,31/07/2026,1950,2000,1992.53
Uttar Pradesh,Badaun,Badayoun APMC,Maize,Other,FAQ,31/07/2026,1900,2035,1964.05
Uttar Pradesh,Gonda,Gonda APMC,Wheat,Dara,FAQ,31/07/2026,2435,2445,2442.66
Uttar Pradesh,Gorakhpur,Sehjanwa APMC,Wheat,Dara,FAQ,31/07/2026,2500,2500,2500
Uttar Pradesh,Amroha,Amroha APMC,Potato,Other,FAQ,31/07/2026,700,710,702.36
Uttar Pradesh,Raebarelli,Lalganj APMC,Wheat,Dara,FAQ,31/07/2026,2550,2550,2550
Uttar Pradesh,Raebarelli,Lalganj APMC,Paddy(Common),Common,FAQ,31/07/2026,3225,3225,3225
Uttar Pradesh,Raebarelli,Lalganj APMC,Bhindi(Ladies Finger),Bhindi,FAQ,31/07/2026,1800,2000,1900
Uttar Pradesh,Amroha,Hasanpur APMC,Cauliflower,Local,FAQ,31/07/2026,2500,3100,3000
Uttar Pradesh,Khiri (Lakhimpur),Maigalganj APMC,Banana - Green,Banana - Green,FAQ,31/07/2026,1880,1920,1900
Uttar Pradesh,Khiri (Lakhimpur),Maigalganj APMC,Brinjal,Round/Long,FAQ,31/07/2026,1200,1250,1225
Uttar Pradesh,Khiri (Lakhimpur),Maigalganj APMC,Carrot,Carrot,FAQ,31/07/2026,1400,1430,1415
Uttar Pradesh,Khiri (Lakhimpur),Maigalganj APMC,Pumpkin,Pumpkin,FAQ,31/07/2026,800,830,815
Uttar Pradesh,Unnao,Purwa APMC,Firewood,Firewood,FAQ,31/07/2026,575,575,575
Uttar Pradesh,Jhansi,Baruwasagar APMC,Ginger(Green),Other,FAQ,31/07/2026,10000,10000,10000
Uttar Pradesh,Bijnor,Najibabad APMC,Tomato,Other,FAQ,31/07/2026,2000,2000,2000
Uttar Pradesh,Shamli,Khandhla APMC,Grapes,Green,Medium,31/07/2026,4400,4410,4405
Uttar Pradesh,Shamli,Khandhla APMC,Papaya,Papaya,Medium,31/07/2026,1600,1700,1650
Uttar Pradesh,Shamli,Khandhla APMC,Bitter gourd,Bitter Gourd,FAQ,31/07/2026,2600,2700,2650
Uttar Pradesh,Meerut,Parikshitgarh APMC,Tomato,Other,FAQ,31/07/2026,2000,2000,2000
Uttar Pradesh,Bijnor,Haldaur APMC,Gur(Jaggery),Other,FAQ,31/07/2026,3500,5200,3909.84
Uttar Pradesh,Mahoba,Charkhari APMC,Wheat,Dara,FAQ,31/07/2026,2350,2350,2350
Uttar Pradesh,Shamli,Kairana APMC,Cabbage,Cabbage,FAQ,31/07/2026,1300,1400,1350
Uttar Pradesh,Shamli,Kairana APMC,Mango,Dusheri,Medium,31/07/2026,2300,2400,2350
Uttar Pradesh,Agra,Khairagarh APMC,Wheat,Other,FAQ,31/07/2026,2420,2420,2420
Uttar Pradesh,Banda,Baberu APMC,Wood,Other,FAQ,31/07/2026,600,620,610
Uttar Pradesh,Agra,Agra APMC,Potato,Other,FAQ,31/07/2026,500,600,502.5
Uttar Pradesh,Mau(Maunathbhanjan),Kopaganj APMC,Onion,Other,FAQ,31/07/2026,1500,1500,1500
Uttar Pradesh,Maharajganj,Partaval APMC,Rice,Common,FAQ,31/07/2026,2200,2200,2200
Uttar Pradesh,Etah,Etah APMC,Groundnut,Other,FAQ,31/07/2026,6200,6200,6200
Uttar Pradesh,Agra,Achnera APMC,Green Chilli,Other,FAQ,31/07/2026,3500,3500,3500
Uttar Pradesh,Jalaun (Orai),Orai APMC,Wheat,Other,FAQ,31/07/2026,2560,2560,2560
Uttar Pradesh,Fatehpur,Fatehpur APMC,Green Chilli,Other,FAQ,31/07/2026,4000,4000,4000
Uttar Pradesh,Aligarh,Aligarh APMC,Wheat,Other,FAQ,31/07/2026,2500,2500,2500
Uttar Pradesh,Aligarh,Atrauli APMC,Sponge gourd,Sponge gourd,FAQ,31/07/2026,1300,1400,1350
Uttar Pradesh,Azamgarh,Azamgarh APMC,Wheat,Dara,FAQ,31/07/2026,2585,2585,2585
Uttar Pradesh,Azamgarh,Azamgarh APMC,Garlic,Other,FAQ,31/07/2026,6000,6000,6000
Uttar Pradesh,Badaun,Babrala APMC,Maize,Local,Local,31/07/2026,2080,2100,2090
Uttar Pradesh,Badaun,Babrala APMC,Wheat,Dara,Local,31/07/2026,2530,2550,2540
Uttar Pradesh,Farukhabad,Farukhabad APMC,Green Chilli,Other,FAQ,31/07/2026,3500,3500,3500
Uttar Pradesh,Farukhabad,Kayamganj APMC,Potato,Other,FAQ,31/07/2026,600,600,600
Uttar Pradesh,Farukhabad,Kayamganj APMC,Maize,Other,FAQ,31/07/2026,2000,2000,2000
Uttar Pradesh,Farukhabad,Kayamganj APMC,Tobacco,Other,FAQ,31/07/2026,410,1820,1262.88
Uttar Pradesh,Kasganj,Kasganj APMC,Wheat,Dara,FAQ,31/07/2026,2500,2500,2500
Uttar Pradesh,Hamirpur,Maudaha APMC,Wheat,Deshi,FAQ,31/07/2026,2350,2350,2350
Uttar Pradesh,Saharanpur,Saharanpur APMC,Green Chilli,Other,FAQ,31/07/2026,3500,4500,4051.52
Uttar Pradesh,Ambedkarnagar,Akbarpur APMC,Wheat,Other,FAQ,31/07/2026,2500,2500,2500
Uttar Pradesh,Ambedkarnagar,Akbarpur APMC,Wheat,Dara,FAQ,31/07/2026,2450,2450,2450
Uttar Pradesh,Rampur,Tanda(Rampur) APMC,Wood,Other,FAQ,31/07/2026,800,800,800
Uttar Pradesh,Etawah,Etawah APMC,Onion,Other,FAQ,31/07/2026,2200,2200,2200
Uttar Pradesh,Ghaziabad,Ghaziabad APMC,Ginger(Green),Other,FAQ,31/07/2026,5000,5000,5000
Uttar Pradesh,Kanpur,Kanpur(Grain) APMC,Rice,Common,FAQ,31/07/2026,5451.59,5451.59,5451.59
Uttar Pradesh,Kanpur,Kanpur(Grain) APMC,Wheat,Hybrid,FAQ,31/07/2026,2585,2585,2585
Uttar Pradesh,Lakhimpur,Lakhimpur APMC,Khandsari(Desi Khand),Other,FAQ,31/07/2026,4615,4615,4615
Uttar Pradesh,Lakhimpur,Lakhimpur APMC,Onion,Other,FAQ,31/07/2026,1600,1620,1603.79
Uttar Pradesh,Sambhal,Muradabad APMC,Pegeon Pea(Arhar Fali),Other,FAQ,31/07/2026,10100,10100,10100
Uttar Pradesh,Shahjahanpur,Shahjahanpur APMC,Wood,Eucalyptus,FAQ,31/07/2026,700,710,706.93
Uttar Pradesh,Shahjahanpur,Shahjahanpur APMC,Wood,Other,FAQ,31/07/2026,500,610,525.3
Uttar Pradesh,Varanasi,Varanasi APMC,Onion,Other,FAQ,31/07/2026,1600,2000,1638.55
Uttar Pradesh,Etah,Awagarh APMC,Potato,Other,FAQ,31/07/2026,500,500,500
Uttar Pradesh,Bareilly,Bareilly APMC,Cowpea(Lobia/Karamani),Other,FAQ,31/07/2026,7700,7700,7700
Uttar Pradesh,Bareilly,Bareilly APMC,Gram Raw(Chholia),Other,FAQ,31/07/2026,6500,8242,7193.38
Uttar Pradesh,Bareilly,Bareilly APMC,Green Gram Dal(Moong Dal),Other,FAQ,31/07/2026,8550,8900,8767.65
Uttar Pradesh,Balrampur,Balrampur APMC,Wheat,Dara,FAQ,31/07/2026,2600,2800,2700
Uttar Pradesh,Basti,Basti APMC,Wheat,Dara,FAQ,31/07/2026,2460,2560,2479.25
Uttar Pradesh,Bulandshahar,Buland Shahr APMC,Onion,Other,FAQ,31/07/2026,1400,1409,1403.95
Uttar Pradesh,Deoria,Devariya APMC,Rice,Other,FAQ,31/07/2026,2400,2400,2400
Uttar Pradesh,Ayodhya,Ayodhya APMC,Wheat,Dara,FAQ,31/07/2026,2425,2425,2425
Uttar Pradesh,Ghaziabad,Hapur APMC,Green Gram Dal(Moong Dal),Other,FAQ,31/07/2026,8700,8700,8700
Uttar Pradesh,Ghaziabad,Hapur APMC,Rice,Common,FAQ,31/07/2026,3500,3500,3500
Uttar Pradesh,Sitapur,Hargaon (Laharpur) APMC,Wood,Other,FAQ,31/07/2026,500,500,500
Uttar Pradesh,Jalaun (Orai),Jalaun APMC,Tomato,Other,FAQ,31/07/2026,1500,1500,1500
Uttar Pradesh,Bulandshahar,Khurja APMC,Green Chilli,Other,FAQ,31/07/2026,1800,1800,1800
Uttar Pradesh,Bijnor,Kiratpur APMC,Potato,Other,FAQ,31/07/2026,800,900,848.39
Uttar Pradesh,Hamirpur,Kurara APMC,Wheat,Dara,FAQ,31/07/2026,2400,2400,2400
Uttar Pradesh,Hamirpur,Kurara APMC,Mustard,Other,FAQ,31/07/2026,7000,7000,7000
Uttar Pradesh,Hardoi,Madhoganj APMC,Wheat,Dara,FAQ,31/07/2026,2430,2430,2430
Uttar Pradesh,Hardoi,Madhoganj APMC,Maize,Other,FAQ,31/07/2026,2000,2050,2016.03
Uttar Pradesh,Mathura,Mathura APMC,Onion,Other,FAQ,31/07/2026,2000,3000,2555.56
Uttar Pradesh,Mathura,Mathura APMC,Tomato,Other,FAQ,31/07/2026,1600,1800,1681.82
Uttar Pradesh,Gonda,Nawabganj APMC,Mustard,Other,FAQ,31/07/2026,5500,5500,5500
Uttar Pradesh,Lakhimpur,Paliakala APMC,Tomato,Other,FAQ,31/07/2026,1000,3000,2000
Uttar Pradesh,Lakhimpur,Paliakala APMC,Green Chilli,Other,FAQ,31/07/2026,4000,4000,4000
Uttar Pradesh,Pratapgarh,Pratapgarh APMC,Firewood,Firewood,FAQ,31/07/2026,445,445,445
Uttar Pradesh,Prayagraj,Prayagraj APMC,Onion,Other,FAQ,31/07/2026,900,900,900
Uttar Pradesh,Pillibhit,Puranpur APMC,Maize,Other,FAQ,31/07/2026,2100,2100,2100
Uttar Pradesh,Raebarelli,Raibareilly APMC,Wheat,White,FAQ,31/07/2026,2400,2400,2400
Uttar Pradesh,Sonbhadra,Robertsganj APMC,Tomato,Other,FAQ,31/07/2026,2000,2000,2000
Uttar Pradesh,Sonbhadra,Robertsganj APMC,Green Chilli,Other,FAQ,31/07/2026,2500,2500,2500
Uttar Pradesh,Ayodhya,Rudauli APMC,Firewood,Firewood,FAQ,31/07/2026,445,445,445
Uttar Pradesh,Kanpur Dehat,Rura APMC,Wheat,Other,FAQ,31/07/2026,2400,2550,2458.59
Uttar Pradesh,Hathras,Shadabad APMC,Potato,Other,FAQ,31/07/2026,500,500,500
Uttar Pradesh,Shamli,Shamli APMC,Tomato,Other,FAQ,31/07/2026,3000,3000,3000
Uttar Pradesh,Bulandshahar,Sikarpur APMC,Wood,Other,FAQ,31/07/2026,600,600,600
Uttar Pradesh,Hathras,Sikandraraau APMC,Maize,Other,FAQ,31/07/2026,1800,1800,1800
Uttar Pradesh,Shahjahanpur,Powayan APMC,Maize,Other,FAQ,31/07/2026,1940,1980,1953.15
Uttar Pradesh,Prayagraj,Ajuha APMC,Wheat,Dara,FAQ,31/07/2026,2400,2400,2400
Uttar Pradesh,Bulandshahar,Gulavati APMC,Bottle gourd,Bottle Gourd,FAQ,31/07/2026,1400,1600,1500
Uttar Pradesh,Sitapur,Maholi APMC,Wood,Other,FAQ,31/07/2026,500,500,500
Uttar Pradesh,Gorakhpur,Gorakhpur APMC,Wheat,Dara,FAQ,31/07/2026,2500,2550,2520.41
Uttar Pradesh,Kannuj,Kannauj APMC,Potato,Other,FAQ,31/07/2026,600,600,600
Uttar Pradesh,Kannuj,Kannauj APMC,Firewood,Firewood,FAQ,31/07/2026,500,500,500
Uttar Pradesh,Etawah,Jasvantnagar APMC,Maize,Other,FAQ,31/07/2026,2000,2160,2021.17
Uttar Pradesh,Etawah,Jasvantnagar APMC,Bottle gourd,Bottle Gourd,Medium,31/07/2026,1520,1620,1570
Uttar Pradesh,Lucknow,Lucknow APMC,Groundnut,Other,FAQ,31/07/2026,6705,7833,7314.33
Uttar Pradesh,Mainpuri,Mainpuri APMC,Groundnut,Other,FAQ,31/07/2026,6500,7400,6909.2
Uttar Pradesh,Badaun,Badayoun APMC,Onion,Other,FAQ,31/07/2026,2000,2000,2000
Uttar Pradesh,Badaun,Badayoun APMC,Potato,Other,FAQ,31/07/2026,650,650,650
Uttar Pradesh,Baghpat,Baraut APMC,Potato,Other,FAQ,31/07/2026,1000,1000,1000
Uttar Pradesh,Baghpat,Baraut APMC,Tomato,Other,FAQ,31/07/2026,1800,1800,1800
Uttar Pradesh,Badaun,Islam Nagar APMC,Maize,Other,FAQ,31/07/2026,1850,1850,1850
Uttar Pradesh,Gorakhpur,Sehjanwa APMC,Rice,Common,FAQ,31/07/2026,2200,2200,2200
Uttar Pradesh,Raebarelli,Lalganj APMC,Wood,Eucalyptus,FAQ,31/07/2026,640,640,640
Uttar Pradesh,Raebarelli,Lalganj APMC,Pointed gourd(Parval),Pointed gourd (Parval),FAQ,31/07/2026,2100,2300,2200
Uttar Pradesh,Kasganj,Ganj Dundwara APMC,Chicory(Chikori/Kasni),Other,FAQ,31/07/2026,3000,3000,3000
Uttar Pradesh,Khiri (Lakhimpur),Maigalganj APMC,Bhindi(Ladies Finger),Bhindi,FAQ,31/07/2026,2350,2380,2365
Uttar Pradesh,Kanpur Dehat,Pukharayan APMC,Onion,Other,FAQ,31/07/2026,1300,1300,1300
Uttar Pradesh,Rampur,Bilaspur APMC,Paddy(Common),Other,FAQ,31/07/2026,2405,2650,2500.68
Uttar Pradesh,Shamli,Khandhla APMC,Cucumbar(Kheera),Cucumbar,FAQ,31/07/2026,400,480,440
Uttar Pradesh,Shamli,Khandhla APMC,Bhindi(Ladies Finger),Bhindi,FAQ,31/07/2026,1700,1800,1750
Uttar Pradesh,Shamli,Khandhla APMC,Lemon,Lemon,FAQ,31/07/2026,4200,4300,4250
Uttar Pradesh,Shahjahanpur,Jalalabad APMC,Wheat,Other,FAQ,31/07/2026,2430,2600,2584.77
Uttar Pradesh,Shamli,Kairana APMC,Bhindi(Ladies Finger),Bhindi,FAQ,31/07/2026,1300,1400,1350
Uttar Pradesh,Shamli,Kairana APMC,Pumpkin,Pumpkin,FAQ,31/07/2026,900,1000,950
Uttar Pradesh,Jalaun (Orai),Ait APMC,Wheat,Other,FAQ,31/07/2026,2480,2480,2480
Uttar Pradesh,Farukhabad,Kamlaganj APMC,Maize,Other,FAQ,31/07/2026,2100,2100,2100
Uttar Pradesh,Muzaffarnagar,Khatauli APMC,Potato,Other,FAQ,31/07/2026,600,600,600
Uttar Pradesh,Muzaffarnagar,Shahpur APMC,Wheat,Medium,FAQ,31/07/2026,2450,2450,2450
Uttar Pradesh,Agra,Agra APMC,Tomato,Other,FAQ,31/07/2026,1700,2088,1905.32
Uttar Pradesh,Agra,Agra APMC,Gram Raw(Chholia),Other,FAQ,31/07/2026,6600,7250,6684.42
Uttar Pradesh,Mau(Maunathbhanjan),Kopaganj APMC,Cucumbar(Kheera),Cucumbar,FAQ,31/07/2026,1551,1590,1558
Uttar Pradesh,Mau(Maunathbhanjan),Kopaganj APMC,Garlic,Other,FAQ,31/07/2026,7000,7000,7000
Uttar Pradesh,Etah,Aliganj APMC,Tobacco,Other,FAQ,31/07/2026,1500,1500,1500
Uttar Pradesh,Fatehpur,Fatehpur APMC,Lemon,Other,FAQ,31/07/2026,5000,5000,5000
Uttar Pradesh,Azamgarh,Azamgarh APMC,Onion,Other,FAQ,31/07/2026,1200,1200,1200
Uttar Pradesh,Azamgarh,Azamgarh APMC,Potato,Other,FAQ,31/07/2026,1000,1000,1000
Uttar Pradesh,Badaun,Babrala APMC,Wood,Eucalyptus,Local,31/07/2026,580,600,590
Uttar Pradesh,Farukhabad,Farukhabad APMC,Maize,Other,FAQ,31/07/2026,2000,2000,2000
Uttar Pradesh,Lakhimpur,Golagokarnath APMC,Paddy(Common),Common,FAQ,31/07/2026,1800,1800,1800
Uttar Pradesh,Kasganj,Kasganj APMC,Firewood,Firewood,FAQ,31/07/2026,450,450,450
Uttar Pradesh,Sambhal,Sambhal APMC,Onion,Other,FAQ,31/07/2026,1500,1500,1500
Uttar Pradesh,Ghaziabad,Noida APMC,Green Chilli,Other,FAQ,31/07/2026,4000,4000,4000
Uttar Pradesh,Ghaziabad,Ghaziabad APMC,Green Chilli,Other,FAQ,31/07/2026,3500,3500,3500
Uttar Pradesh,Kanpur,Kanpur(Grain) APMC,Onion,Other,FAQ,31/07/2026,1800,1800,1800
Uttar Pradesh,Meerut,Meerut APMC,Firewood,Firewood,FAQ,31/07/2026,620,620,620
Uttar Pradesh,Sambhal,Muradabad APMC,Wood,Other,FAQ,31/07/2026,500,500,500
Uttar Pradesh,Shahjahanpur,Shahjahanpur APMC,Wheat,Other,FAQ,31/07/2026,2475,2475,2475
Uttar Pradesh,Sitapur,Sitapur APMC,Green Chilli,Other,FAQ,31/07/2026,1500,1500,1500
Uttar Pradesh,Sitapur,Sitapur APMC,Onion,Other,FAQ,31/07/2026,1500,1500,1500
Uttar Pradesh,Varanasi,Varanasi APMC,Garlic,Other,FAQ,31/07/2026,5000,5000,5000
Uttar Pradesh,Varanasi,Varanasi APMC,Ginger(Green),Other,FAQ,31/07/2026,9000,9000,9000
Uttar Pradesh,Balrampur,Utraula APMC,Wood,Other,FAQ,31/07/2026,450,450,450
Uttar Pradesh,Ghazipur,Saidpur APMC,Wheat,Medium,FAQ,31/07/2026,2510,2510,2510
Uttar Pradesh,Sitapur,Sidhauli APMC,Wheat,Hybrid,FAQ,31/07/2026,2400,2400,2400
Uttar Pradesh,Etah,Awagarh APMC,Green Chilli,Other,FAQ,31/07/2026,3500,3500,3500
Uttar Pradesh,Bijnor,Dhampur APMC,Tomato,Other,FAQ,31/07/2026,1500,1500,1500
Uttar Pradesh,Bareilly,Bareilly APMC,Black Gram Dal(Urd Dal),Other,FAQ,31/07/2026,9900,12350,10813.66
Uttar Pradesh,Balrampur,Balrampur APMC,Ginger(Green),Other,FAQ,31/07/2026,2000,2000,2000
Uttar Pradesh,Unnao,Bangarmau APMC,Maize,Other,FAQ,31/07/2026,1950,1950,1950
Uttar Pradesh,Barabanki,Barabanki APMC,Rice,Common,FAQ,31/07/2026,2400,2410,2405
Uttar Pradesh,Pillibhit,Bishalpur APMC,Firewood,Firewood,FAQ,31/07/2026,500,500,500
Uttar Pradesh,Sitapur,Viswan APMC,Wheat,Mill Quality,FAQ,31/07/2026,2400,2400,2400
Uttar Pradesh,Sambhal,Chandausi APMC,Green Chilli,Other,FAQ,31/07/2026,2060,2100,2091.37
Uttar Pradesh,Sambhal,Chandausi APMC,Gur(Jaggery),Other,FAQ,31/07/2026,3500,3500,3500
Uttar Pradesh,Saharanpur,Chutmalpur APMC,Tomato,Other,FAQ,31/07/2026,1900,1900,1900
Uttar Pradesh,Amethi,Jafarganj APMC,Wood,Eucalyptus,FAQ,31/07/2026,500,500,500
Uttar Pradesh,Amethi,Jafarganj APMC,Paddy(Common),Common,FAQ,31/07/2026,2060,2075,2070.69
Uttar Pradesh,Bulandshahar,Jahangirabad APMC,Potato,Other,FAQ,31/07/2026,650,650,650
Uttar Pradesh,Jalaun (Orai),Jalaun APMC,Peas(Dry),Other,FAQ,31/07/2026,3000,3000,3000
Uttar Pradesh,Jalaun (Orai),Jalaun APMC,Green Chilli,Other,FAQ,31/07/2026,3500,3500,3500
Uttar Pradesh,Bulandshahar,Khurja APMC,Wheat,Other,FAQ,31/07/2026,2450,2455,2451
Uttar Pradesh,Mathura,Mathura APMC,Wood,Other,FAQ,31/07/2026,4808.61,4808.61,4808.61
Uttar Pradesh,Mathura,Mathura APMC,Lemon,Other,FAQ,31/07/2026,2400,6000,3840
Uttar Pradesh,Lakhimpur,Paliakala APMC,Capsicum,Other,FAQ,31/07/2026,4000,4000,4000
Uttar Pradesh,Lakhimpur,Paliakala APMC,Lemon,Other,FAQ,31/07/2026,5000,5000,5000
Uttar Pradesh,Shravasti,Payagpur APMC,Rice,Common,FAQ,31/07/2026,2700,2700,2700
Uttar Pradesh,Pratapgarh,Pratapgarh APMC,Wood,Eucalyptus,FAQ,31/07/2026,480,500,490.38
Uttar Pradesh,Prayagraj,Prayagraj APMC,gulli,Other,FAQ,31/07/2026,3000,3000,3000
Uttar Pradesh,Prayagraj,Prayagraj APMC,Wheat,Dara,FAQ,31/07/2026,2250,2400,2289.16
Uttar Pradesh,Prayagraj,Prayagraj APMC,Tomato,Other,FAQ,31/07/2026,2500,2500,2500
Uttar Pradesh,Rampur,Rampur APMC,Firewood,Firewood,FAQ,31/07/2026,400,400,400
Uttar Pradesh,Badaun,Shahaswan APMC,Banana,Amruthapani,Medium,31/07/2026,2000,2200,2100
Uttar Pradesh,Ayodhya,Rudauli APMC,Broken Rice,Broken Rice,FAQ,31/07/2026,2300,2300,2300
Uttar Pradesh,Kanpur Dehat,Rura APMC,Wood,Other,FAQ,31/07/2026,575,575,575
Uttar Pradesh,Barabanki,Safdarganj APMC,Wood,Other,FAQ,31/07/2026,550,550,550
Uttar Pradesh,Barabanki,Safdarganj APMC,Wheat,Dara,FAQ,31/07/2026,2450,2500,2453.83
Uttar Pradesh,Siddharth Nagar,Sahiyapur APMC,Paddy(Common),Other,FAQ,31/07/2026,3200,3200,3200
Uttar Pradesh,Raebarelli,Salon APMC,Wheat,Medium,FAQ,31/07/2026,2400,2400,2400
Uttar Pradesh,Jaunpur,Shahganj APMC,Wood,Eucalyptus,FAQ,31/07/2026,500,500,500
Uttar Pradesh,Shamli,Shamli APMC,Potato,Other,FAQ,31/07/2026,1000,1200,1088.89
Uttar Pradesh,Firozabad,Shikohabad APMC,Maize,Other,FAQ,31/07/2026,1975,2000,1980.64
Uttar Pradesh,Bulandshahar,Siyana APMC,Maize,Other,FAQ,31/07/2026,2100,2100,2100
Uttar Pradesh,Prayagraj,Sirsa APMC,Tomato,Other,FAQ,31/07/2026,2500,2600,2580
Uttar Pradesh,Kanpur,Uttaripura APMC,Potato,Other,FAQ,31/07/2026,600,600,600
Uttar Pradesh,Hardoi,Sandila APMC,Wood,Eucalyptus,FAQ,31/07/2026,500,500,500
Uttar Pradesh,Sambhal,Bhehjoi APMC,Maize,Local,Local,31/07/2026,1500,2000,1800
Uttar Pradesh,Sambhal,Bhehjoi APMC,Wood,Eucalyptus,Local,31/07/2026,500,510,505
Uttar Pradesh,Sambhal,Bhehjoi APMC,Potato,Desi,Local,31/07/2026,600,610,605
Uttar Pradesh,Shahjahanpur,Powayan APMC,Gram Raw(Chholia),Other,FAQ,31/07/2026,7297.18,7297.18,7297.18
Uttar Pradesh,Kanpur,Baripaal APMC,Gur(Jaggery),Other,FAQ,31/07/2026,4810,4810,4810
Uttar Pradesh,Sitapur,Mishrit APMC,Wood,Other,FAQ,31/07/2026,410,410,410
Uttar Pradesh,Bulandshahar,Gulavati APMC,Pumpkin,Pumpkin,FAQ,31/07/2026,1000,1200,1100
Uttar Pradesh,Bulandshahar,Gulavati APMC,Lemon,Other,FAQ,31/07/2026,9000,9200,9100
Uttar Pradesh,Sitapur,Maholi APMC,Wood,Eucalyptus,FAQ,31/07/2026,570,570,570
Uttar Pradesh,Gorakhpur,Gorakhpur APMC,Sweet Saag,Other,FAQ,31/07/2026,15000,15000,15000
Uttar Pradesh,Gorakhpur,Gorakhpur APMC,Wheat,Medium,FAQ,31/07/2026,2500,2500,2500
Uttar Pradesh,Etawah,Jasvantnagar APMC,Cabbage,Cabbage,Medium,31/07/2026,2070,2170,2120
Uttar Pradesh,Etawah,Jasvantnagar APMC,Bhindi(Ladies Finger),Bhindi,Medium,31/07/2026,1770,1870,1820
Uttar Pradesh,Jaunpur,Jaunpur APMC,Onion,Other,FAQ,31/07/2026,1900,1900,1900
Uttar Pradesh,Jaunpur,Jaunpur APMC,Tomato,Other,FAQ,31/07/2026,1300,1300,1300
Uttar Pradesh,Lucknow,Lucknow APMC,Paddy(Common),Common,FAQ,31/07/2026,2650,2650,2650
Uttar Pradesh,Firozabad,Firozabad APMC,Bajra(Pearl Millet/Cumbu),Other,FAQ,31/07/2026,2000,2100,2010.73
Uttar Pradesh,Amroha,Amroha APMC,Ginger(Green),Other,FAQ,31/07/2026,5000,5000,5000
Uttar Pradesh,Raebarelli,Lalganj APMC,Firewood,Firewood,FAQ,31/07/2026,350,350,350
Uttar Pradesh,Raebarelli,Lalganj APMC,Bottle gourd,Bottle Gourd,FAQ,31/07/2026,1200,1400,1300
Uttar Pradesh,Amroha,Hasanpur APMC,Wheat,Other,FAQ,31/07/2026,2510,2510,2510
Uttar Pradesh,Amroha,Hasanpur APMC,Banana - Green,Banana - Green,FAQ,31/07/2026,1450,1520,1500
Uttar Pradesh,Amroha,Hasanpur APMC,Bhindi(Ladies Finger),Bhindi,FAQ,31/07/2026,1450,1520,1500
Uttar Pradesh,Amroha,Hasanpur APMC,Bitter gourd,Bitter Gourd,FAQ,31/07/2026,1850,2010,2000
Uttar Pradesh,Amroha,Hasanpur APMC,Cucumbar(Kheera),Cucumbar,FAQ,31/07/2026,1850,2020,2000
Uttar Pradesh,Amroha,Hasanpur APMC,Mango(Raw-Ripe),Mango - Raw-Ripe,FAQ,31/07/2026,1850,2040,2000
Uttar Pradesh,Amroha,Hasanpur APMC,Brinjal,Arkasheela Mattigulla,FAQ,31/07/2026,1450,1520,1500
Uttar Pradesh,Amroha,Hasanpur APMC,Cabbage,Cabbage,FAQ,31/07/2026,1450,2000,1800
Uttar Pradesh,Amroha,Hasanpur APMC,Lemon,Lemon,FAQ,31/07/2026,4000,4020,4010
Uttar Pradesh,Khiri (Lakhimpur),Maigalganj APMC,Bottle gourd,Bottle Gourd,FAQ,31/07/2026,1110,1145,1125
Uttar Pradesh,Khiri (Lakhimpur),Maigalganj APMC,Cauliflower,Cauliflower,FAQ,31/07/2026,1600,1630,1615
Uttar Pradesh,Saharanpur,Gangoh APMC,Paddy(Common),Basmati,FAQ,31/07/2026,3000,3941,3322.7
Uttar Pradesh,Kanpur Dehat,Pukharayan APMC,Wheat,Dara,FAQ,31/07/2026,2450,2560,2513.32
Uttar Pradesh,Rampur,Bilaspur APMC,Wood,Other,FAQ,31/07/2026,650,650,650
Uttar Pradesh,Shamli,Khandhla APMC,Mango,Chausa,Medium,31/07/2026,5400,5500,5450
Uttar Pradesh,Saharanpur,Nakur APMC,Paddy(Common),Basmati,FAQ,31/07/2026,3600,3600,3600
Uttar Pradesh,Mainpuri,Bewar APMC,Potato,Other,FAQ,31/07/2026,550,550,550
Uttar Pradesh,Shahjahanpur,Jalalabad APMC,Maize,Other,FAQ,31/07/2026,1800,1820,1809.46
Uttar Pradesh,Lucknow,Banthara APMC,Wheat,Dara,FAQ,31/07/2026,2500,2580,2509.13
Uttar Pradesh,Shamli,Kairana APMC,Lemon,Lemon,FAQ,31/07/2026,3900,4000,3950
Uttar Pradesh,Shamli,Kairana APMC,Raddish,Raddish,FAQ,31/07/2026,1200,1300,1250
Uttar Pradesh,Muzaffarnagar,Shahpur APMC,Gond,Other,FAQ,31/07/2026,2411,2411,2411
Uttar Pradesh,Agra,Agra APMC,Ginger(Green),Other,FAQ,31/07/2026,8500,8500,8500
Uttar Pradesh,Agra,Agra APMC,Green Chilli,Other,FAQ,31/07/2026,1100,1200,1154.55
Uttar Pradesh,Mau(Maunathbhanjan),Kopaganj APMC,Guava,Guava,Grade B,31/07/2026,4333,4500,4350
Uttar Pradesh,Mau(Maunathbhanjan),Kopaganj APMC,Bottle gourd,Bottle Gourd,FAQ,31/07/2026,1166,1190,1180
Uttar Pradesh,Mau(Maunathbhanjan),Kopaganj APMC,Brinjal,Brinjal,FAQ,31/07/2026,1386,1390,1389
Uttar Pradesh,Mau(Maunathbhanjan),Kopaganj APMC,Rice,Common,FAQ,31/07/2026,2700,2700,2700
Uttar Pradesh,Maharajganj,Partaval APMC,Wheat,Dara,FAQ,31/07/2026,2400,2400,2400
Uttar Pradesh,Raebarelli,Bachranwa APMC,Paddy(Common),Common,FAQ,31/07/2026,2410,2600,2474.61
Uttar Pradesh,Agra,Achnera APMC,Tomato,Other,FAQ,31/07/2026,1000,1000,1000
Uttar Pradesh,Fatehpur,Fatehpur APMC,Potato,Other,FAQ,31/07/2026,810,820,815.39
Uttar Pradesh,Aligarh,Atrauli APMC,Mango,Other,Medium,31/07/2026,2800,2900,2850
Uttar Pradesh,Azamgarh,Azamgarh APMC,Green Chilli,Other,FAQ,31/07/2026,1500,4000,2766.89
Uttar Pradesh,Mainpuri,Ghiraur APMC,Maize,Other,FAQ,31/07/2026,2000,2000,2000
Uttar Pradesh,Jalaun (Orai),Kalpi APMC,Peas(Dry),Other,FAQ,31/07/2026,3500,3500,3500
Uttar Pradesh,Ghaziabad,Noida APMC,Potato,Other,FAQ,31/07/2026,1000,1000,1000
Uttar Pradesh,Saharanpur,Saharanpur APMC,Tobacco,Other,FAQ,31/07/2026,1150,1150,1150
Uttar Pradesh,Saharanpur,Saharanpur APMC,Ginger(Green),Other,FAQ,31/07/2026,5000,6500,5919.35
Uttar Pradesh,Bulandshahar,Sikanderabad APMC,Wheat,Dara,FAQ,31/07/2026,2500,2500,2500
Uttar Pradesh,Bulandshahar,Sikanderabad APMC,Potato,Other,FAQ,31/07/2026,800,800,800
Uttar Pradesh,Maharajganj,Gadaura APMC,Onion,Other,FAQ,31/07/2026,1500,1500,1500
Uttar Pradesh,Agra,Jagnair APMC,Bajra(Pearl Millet/Cumbu),Other,FAQ,31/07/2026,1900,1900,1900
Uttar Pradesh,Bareilly,Anwala APMC,Wheat,Dara,FAQ,31/07/2026,2450,2450,2450
Uttar Pradesh,Bareilly,Anwala APMC,Maize,Other,FAQ,31/07/2026,1800,1800,1800
Uttar Pradesh,Bijnor,Chaandpur APMC,Wood,Other,FAQ,31/07/2026,710,710,710
Uttar Pradesh,Saharanpur,Deoband APMC,Wheat,Other,FAQ,31/07/2026,2650,2650,2650
Uttar Pradesh,Etawah,Etawah APMC,Potato,Other,FAQ,31/07/2026,600,600,600
Uttar Pradesh,Etawah,Etawah APMC,Tomato,Other,FAQ,31/07/2026,1800,1800,1800
Uttar Pradesh,Ghaziabad,Ghaziabad APMC,Onion,Other,FAQ,31/07/2026,2200,2200,2200
Uttar Pradesh,Ghaziabad,Ghaziabad APMC,Tomato,Other,FAQ,31/07/2026,2800,2800,2800
Uttar Pradesh,Ghaziabad,Ghaziabad APMC,Potato,Other,FAQ,31/07/2026,1000,1000,1000
Uttar Pradesh,Kanpur,Kanpur(Grain) APMC,Wheat,Other,FAQ,31/07/2026,2560,2560,2560
Uttar Pradesh,Agra,Jarar APMC,Wheat,Dara,FAQ,31/07/2026,2450,2470,2467.52
Uttar Pradesh,Lakhimpur,Lakhimpur APMC,Chili Red,Other,FAQ,31/07/2026,8010,8010,8010
Uttar Pradesh,Lakhimpur,Lakhimpur APMC,Potato,Other,FAQ,31/07/2026,1120,1130,1127.27
Uttar Pradesh,Lakhimpur,Lakhimpur APMC,Green Chilli,Other,FAQ,31/07/2026,1800,1800,1800
Uttar Pradesh,Lakhimpur,Lakhimpur APMC,Lemon,Other,FAQ,31/07/2026,1800,1800,1800
Uttar Pradesh,Lalitpur,Lalitpur APMC,Mahua,Other,FAQ,31/07/2026,2304,2304,2304
Uttar Pradesh,Sambhal,Muradabad APMC,Rice,Other,FAQ,31/07/2026,8725.58,10376.7,9199.67
Uttar Pradesh,Sitapur,Sitapur APMC,Fish,Other,FAQ,31/07/2026,5500,5500,5500
Uttar Pradesh,Varanasi,Varanasi APMC,Turmeric,Other,FAQ,31/07/2026,11150,11150,11150
Uttar Pradesh,Varanasi,Varanasi APMC,Green Chilli,Other,FAQ,31/07/2026,1500,1500,1500
Uttar Pradesh,Etah,Awagarh APMC,Bajra(Pearl Millet/Cumbu),Other,FAQ,31/07/2026,1800,1800,1800
Uttar Pradesh,Ballia,Ballia APMC,Wheat,Medium,FAQ,31/07/2026,2600,2600,2600
Uttar Pradesh,Bareilly,Bareilly APMC,Green Gram(Moong)(Whole),Other,FAQ,31/07/2026,8650,8650,8650
Uttar Pradesh,Bareilly,Bareilly APMC,Wood,Eucalyptus,FAQ,31/07/2026,620,620,620
Uttar Pradesh,Unnao,Bangarmau APMC,Wood,Other,FAQ,31/07/2026,550,1005,816.62
Uttar Pradesh,Unnao,Bangarmau APMC,Wheat,Dara Mill Quality,FAQ,31/07/2026,2550,2550,2550
Uttar Pradesh,Barabanki,Barabanki APMC,Wheat,Dara,FAQ,31/07/2026,2450,2460,2453.99
Uttar Pradesh,Basti,Basti APMC,Wheat,Other,FAQ,31/07/2026,2450,2450,2450
Uttar Pradesh,Sitapur,Viswan APMC,Wheat,Local,FAQ,31/07/2026,2400,2500,2442.53
Uttar Pradesh,Bulandshahar,Buland Shahr APMC,Garlic,Other,FAQ,31/07/2026,7500,7500,7500
Uttar Pradesh,Sambhal,Chandausi APMC,Potato,Other,FAQ,31/07/2026,605,620,614.47
Uttar Pradesh,Sambhal,Chandausi APMC,Ginger(Green),Other,FAQ,31/07/2026,5400,5500,5464.79
Uttar Pradesh,Aligarh,Charra APMC,Wheat,Medium,FAQ,31/07/2026,2500,2500,2500
Uttar Pradesh,Gautam Budh Nagar,Dankaur APMC,Wheat,Medium,FAQ,31/07/2026,2585,2585,2585
Uttar Pradesh,Gautam Budh Nagar,Dankaur APMC,Wheat,Dara,FAQ,31/07/2026,2450,2450,2450
Uttar Pradesh,Gonda,Colonelganj APMC,Wood,Other,FAQ,31/07/2026,420,420,420
Uttar Pradesh,Jhansi,Gurusarai APMC,Gram Raw(Chholia),Other,FAQ,31/07/2026,5500,5500,5500
Uttar Pradesh,Ghaziabad,Hapur APMC,Bengal Gram Dal(Chana Dal),Other,FAQ,31/07/2026,6800,6800,6800
Uttar Pradesh,Ghaziabad,Hapur APMC,Masur Dal,Other,FAQ,31/07/2026,7400,9500,8545.45
Uttar Pradesh,Ghaziabad,Hapur APMC,Firewood,Firewood,FAQ,31/07/2026,500,876,645.21
Uttar Pradesh,Ghaziabad,Hapur APMC,Paddy(Common),Basmati,FAQ,31/07/2026,2800,3110,2996.2
Uttar Pradesh,Amethi,Jafarganj APMC,Wheat,Dara,FAQ,31/07/2026,2450,2510,2493
Uttar Pradesh,Ghazipur,Jangipura APMC,Tomato,Other,FAQ,31/07/2026,1500,1500,1500
Uttar Pradesh,Kaushambi,Manjhanpur APMC,Wood,Other,FAQ,31/07/2026,400,400,400
Uttar Pradesh,Baghpat,Khekda APMC,Wheat,Dara,FAQ,31/07/2026,2600,2600,2600
Uttar Pradesh,Bijnor,Kiratpur APMC,Garlic,Other,FAQ,31/07/2026,5200,5200,5200
Uttar Pradesh,Bijnor,Kiratpur APMC,Tomato,Other,FAQ,31/07/2026,2300,2300,2300
Uttar Pradesh,Hardoi,Madhoganj APMC,Groundnut,Other,FAQ,31/07/2026,6500,6500,6500
Uttar Pradesh,Mahoba,Mahoba APMC,Peas(Dry),Other,FAQ,31/07/2026,4240,4590,4347.09
Uttar Pradesh,Mathura,Mathura APMC,Wheat,Other,FAQ,31/07/2026,2450,2501,2474.26
Uttar Pradesh,Muzaffarnagar,Muzzafarnagar APMC,Gur(Jaggery),Other,FAQ,31/07/2026,3600,3600,3600
Uttar Pradesh,Gonda,Nawabganj APMC,Paddy(Common),Common,FAQ,31/07/2026,2800,2800,2800
Uttar Pradesh,Balrampur,Panchpedwa APMC,Rice,Common,FAQ,31/07/2026,2200,2200,2200
Uttar Pradesh,Balrampur,Panchpedwa APMC,Mustard,Other,FAQ,31/07/2026,4100,4100,4100
Uttar Pradesh,Balrampur,Panchpedwa APMC,Paddy(Common),Common,FAQ,31/07/2026,2000,2000,2000
Uttar Pradesh,Lakhimpur,Paliakala APMC,Garlic,Other,FAQ,31/07/2026,5000,5000,5000
Uttar Pradesh,Prayagraj,Prayagraj APMC,Wood,Other,FAQ,31/07/2026,450,450,450
Uttar Pradesh,Prayagraj,Prayagraj APMC,Potato,Other,FAQ,31/07/2026,700,710,703.14
Uttar Pradesh,Prayagraj,Prayagraj APMC,Wheat,Other,FAQ,31/07/2026,2300,2300,2300
Uttar Pradesh,Prayagraj,Prayagraj APMC,Firewood,Firewood,FAQ,31/07/2026,300,300,300
Uttar Pradesh,Raebarelli,Raibareilly APMC,Pegeon Pea(Arhar Fali),Other,FAQ,31/07/2026,8050,8050,8050
Uttar Pradesh,Rampur,Rampur APMC,Wheat,Other,FAQ,31/07/2026,2610,2615,2612.56
Uttar Pradesh,Badaun,Shahaswan APMC,Apple,Apple,Medium,31/07/2026,8500,9500,9000
Uttar Pradesh,Badaun,Shahaswan APMC,Mango,Other,Medium,31/07/2026,2600,3200,3000
Uttar Pradesh,Sonbhadra,Robertsganj APMC,Ginger(Green),Other,FAQ,31/07/2026,4000,4000,4000
Uttar Pradesh,Sonbhadra,Robertsganj APMC,Garlic,Other,FAQ,31/07/2026,5000,5000,5000
Uttar Pradesh,Ayodhya,Rudauli APMC,Rice,Common,FAQ,31/07/2026,2620,2620,2620
Uttar Pradesh,Kanpur Dehat,Rura APMC,Wheat,Wheat-Organic,FAQ,31/07/2026,2400,2400,2400
Uttar Pradesh,Kanpur Dehat,Rura APMC,Wheat,Medium,FAQ,31/07/2026,2400,2400,2400
Uttar Pradesh,Siddharth Nagar,Sahiyapur APMC,Wheat,Dara,FAQ,31/07/2026,2430,2430,2430
Uttar Pradesh,Firozabad,Shikohabad APMC,Potato,Other,FAQ,31/07/2026,500,500,500
Uttar Pradesh,Badaun,Bisoli APMC,Maize,Other,FAQ,31/07/2026,1900,1900,1900
Uttar Pradesh,Firozabad,Tundla APMC,Maize,Other,FAQ,31/07/2026,1900,2000,1960.75
Uttar Pradesh,Unnao,Unnao APMC,Wheat,Dara Mill Quality,FAQ,31/07/2026,2550,2550,2550
Uttar Pradesh,Badaun,Wazirganj APMC,Maize,Other,FAQ,31/07/2026,1900,1900,1900
Uttar Pradesh,Kanpur,Baripaal APMC,Onion,Other,FAQ,31/07/2026,2000,2000,2000
Uttar Pradesh,Bulandshahar,Gulavati APMC,Sponge gourd,Other,FAQ,31/07/2026,2000,2200,2100
Uttar Pradesh,Bulandshahar,Gulavati APMC,Cauliflower,Cauliflower,FAQ,31/07/2026,2000,2200,2100
Uttar Pradesh,Gorakhpur,Gorakhpur APMC,Turmeric,Other,FAQ,31/07/2026,16190.48,16190.48,16190.48
Uttar Pradesh,Gorakhpur,Gorakhpur APMC,Onion,Other,FAQ,31/07/2026,1000,1000,1000
Uttar Pradesh,Gorakhpur,Gorakhpur APMC,Garlic,Other,FAQ,31/07/2026,6000,6000,6000
Uttar Pradesh,Etawah,Jasvantnagar APMC,Bitter gourd,Bitter Gourd,Medium,31/07/2026,2365,2465,2415
Uttar Pradesh,Etawah,Jasvantnagar APMC,Brinjal,Round/Long,Medium,31/07/2026,1760,1860,1810
Uttar Pradesh,Hardoi,Hardoi APMC,Tomato,Other,FAQ,31/07/2026,800,1100,949.32
Uttar Pradesh,Jaunpur,Jaunpur APMC,Paddy(Common),Common,FAQ,31/07/2026,3000,3000,3000
Uttar Pradesh,Lucknow,Lucknow APMC,Pegeon Pea(Arhar Fali),Other,FAQ,31/07/2026,8400,8400,8400
Uttar Pradesh,Firozabad,Firozabad APMC,Barley(Jau),Other,FAQ,31/07/2026,2460,2460,2460
Uttar Pradesh,Raebarelli,Lalganj APMC,Wheat,Medium,FAQ,31/07/2026,2400,2400,2400
Uttar Pradesh,Raebarelli,Lalganj APMC,Ridgeguard(Tori),Ridgeguard(Tori),FAQ,31/07/2026,1300,1500,1400
Uttar Pradesh,Amroha,Hasanpur APMC,Carrot,Carrot,FAQ,31/07/2026,1850,2020,2000
Uttar Pradesh,Siddharth Nagar,Bansi APMC,Paddy(Common),Other,FAQ,31/07/2026,2500,2500,2500
Uttar Pradesh,Banda,Atarra APMC,Gram Raw(Chholia),Other,FAQ,31/07/2026,5200,5200,5200
Uttar Pradesh,Khiri (Lakhimpur),Maigalganj APMC,Cabbage,Cabbage,FAQ,31/07/2026,1040,1170,1055
Uttar Pradesh,Khiri (Lakhimpur),Maigalganj APMC,Wheat,Dara,FAQ,31/07/2026,2400,2400,2400
Uttar Pradesh,Sant Kabir Nagar,Khalilabad APMC,Rice,Common,FAQ,31/07/2026,2700,2700,2700
Uttar Pradesh,Badaun,Dataganj APMC,Wheat,Dara,FAQ,31/07/2026,2450,2510,2500
Uttar Pradesh,Rampur,Bilaspur APMC,Banana,Other,Medium,31/07/2026,2200,2400,2300
Uttar Pradesh,Shamli,Khandhla APMC,Guava,Guava,Medium,31/07/2026,3700,3800,3750
Uttar Pradesh,Shamli,Khandhla APMC,Brinjal,Brinjal,FAQ,31/07/2026,700,800,750
Uttar Pradesh,Shamli,Khandhla APMC,Cabbage,Cabbage,FAQ,31/07/2026,500,600,550
Uttar Pradesh,Shamli,Khandhla APMC,Raddish,Raddish,FAQ,31/07/2026,1200,1240,1220
Uttar Pradesh,Shahjahanpur,Jalalabad APMC,Groundnut,Other,FAQ,31/07/2026,6000,6000,6000
Uttar Pradesh,Lucknow,Banthara APMC,Firewood,Firewood,FAQ,31/07/2026,400,400,400
Uttar Pradesh,Shamli,Kairana APMC,Bitter gourd,Bitter Gourd,FAQ,31/07/2026,2400,2500,2450
Uttar Pradesh,Agra,Agra APMC,Lemon,Other,FAQ,31/07/2026,2500,2600,2503.03
Uttar Pradesh,Mau(Maunathbhanjan),Kopaganj APMC,Apple,Apple,Grade B,31/07/2026,8890,8900,8895
Uttar Pradesh,Mau(Maunathbhanjan),Kopaganj APMC,Mango,Dusheri,Grade B,31/07/2026,3340,3390,3370
Uttar Pradesh,Mau(Maunathbhanjan),Kopaganj APMC,Bhindi(Ladies Finger),Bhindi,FAQ,31/07/2026,1480,1500,1490
Uttar Pradesh,Mau(Maunathbhanjan),Kopaganj APMC,Bitter gourd,Bitter Gourd,FAQ,31/07/2026,1999,2100,2000
Uttarakhand,Udhamsinghnagar,Kicchha APMC,Green Chilli,Green Chilly,Local,31/07/2026,1100,1300,1200
Uttarakhand,Haridwar,Roorkee APMC,Banana,Other,Medium,31/07/2026,800,1200,1000
Uttarakhand,Udhamsinghnagar,Rudrapur APMC,Sponge gourd,Other,Medium,31/07/2026,2000,2500,2200
Uttarakhand,Udhamsinghnagar,Rudrapur APMC,Apple,Other,Medium,31/07/2026,9000,15000,10000
Uttarakhand,Udhamsinghnagar,Kicchha APMC,Bottle gourd,Bottle Gourd,Local,31/07/2026,300,400,350
Uttarakhand,Udhamsinghnagar,Kicchha APMC,Sponge gourd,Sponge gourd,Local,31/07/2026,700,800,750
Uttarakhand,Udhamsinghnagar,Kicchha APMC,Pumpkin,Pumpkin,Local,31/07/2026,300,400,350
Uttarakhand,Udhamsinghnagar,Kicchha APMC,Mousambi(Sweet Lime),Mousambi,Medium,31/07/2026,3000,3500,3200
Uttarakhand,Udhamsinghnagar,Rudrapur APMC,Potato,Other,Medium,31/07/2026,500,1000,800
Uttarakhand,Udhamsinghnagar,Rudrapur APMC,Guava,Other,Medium,31/07/2026,2000,3000,2500
Uttarakhand,Udhamsinghnagar,Rudrapur APMC,Bitter gourd,Other,Medium,31/07/2026,1500,2500,1800
Uttarakhand,Udhamsinghnagar,Rudrapur APMC,Jack Fruit(Ripe),Other,Medium,31/07/2026,900,2000,1200
Uttarakhand,Udhamsinghnagar,Kicchha APMC,Cauliflower,Cauliflower,Medium,31/07/2026,1800,1900,1820
Uttarakhand,Haridwar,Roorkee APMC,Potato,Other,Medium,31/07/2026,800,1200,1000
Uttarakhand,Udhamsinghnagar,Rudrapur APMC,Cucumbar(Kheera),Other,Medium,31/07/2026,1000,2000,1800
Uttarakhand,Udhamsinghnagar,Rudrapur APMC,Lemon,Other,Medium,31/07/2026,4000,6000,5000
Uttarakhand,Dehradoon,Vikasnagar APMC,Cabbage,Cabbage,Medium,31/07/2026,500,1000,1000
Uttarakhand,Dehradoon,Vikasnagar APMC,Banana,Other,Medium,31/07/2026,600,900,900
Uttarakhand,Dehradoon,Vikasnagar APMC,Pomegranate,Other,Medium,31/07/2026,3800,4500,4500
Uttarakhand,Dehradoon,Vikasnagar APMC,Apple,Other,Medium,31/07/2026,3700,4000,4000
Uttarakhand,Dehradoon,Vikasnagar APMC,Bitter gourd,Other,Medium,31/07/2026,800,1000,1000
Uttarakhand,Dehradoon,Chakrata APMC,Tomato,Local,FAQ,31/07/2026,1400,1550,1450
Uttarakhand,Udhamsinghnagar,Kicchha APMC,Potato,Desi,Non-FAQ,31/07/2026,300,400,350
Uttarakhand,Udhamsinghnagar,Kicchha APMC,Tomato,Hybrid,Non-FAQ,31/07/2026,1700,1800,1750
Uttarakhand,Haridwar,Roorkee APMC,Onion,Other,Medium,31/07/2026,2000,4000,3000
Uttarakhand,Udhamsinghnagar,Rudrapur APMC,Tomato,Other,Medium,31/07/2026,2000,2500,2200
Uttarakhand,Udhamsinghnagar,Rudrapur APMC,Onion,Other,Medium,31/07/2026,2000,3000,2500
Uttarakhand,Udhamsinghnagar,Rudrapur APMC,Pumpkin,Other,Medium,31/07/2026,1000,2000,1500
Uttarakhand,Udhamsinghnagar,Rudrapur APMC,Bhindi(Ladies Finger),Other,Medium,31/07/2026,1000,2000,1800
Uttarakhand,Udhamsinghnagar,Rudrapur APMC,Ginger(Green),Other,Medium,31/07/2026,9000,12000,10000
Uttarakhand,Udhamsinghnagar,Rudrapur APMC,Pomegranate,Other,Medium,31/07/2026,8000,12000,10000
Uttarakhand,Udhamsinghnagar,Bazpur APMC,Rice,Common,FAQ,31/07/2026,3880,3880,3880
Uttarakhand,Dehradoon,Vikasnagar APMC,Tomato,Local,Medium,31/07/2026,500,800,800
Uttarakhand,Dehradoon,Vikasnagar APMC,Potato,Other,Medium,31/07/2026,400,600,600
Uttarakhand,Dehradoon,Vikasnagar APMC,Mango,Other,Medium,31/07/2026,500,700,700
Uttarakhand,Haridwar,Lakshar APMC,Wheat,Other,Local,31/07/2026,2585,2600,2600
Uttarakhand,Dehradoon,Chakrata APMC,Pumpkin,Other,FAQ,31/07/2026,600,750,700
Uttarakhand,Udhamsinghnagar,Nanakmatta APMC,Wheat,Other,Local,31/07/2026,2585,2585,2585
Uttarakhand,Udhamsinghnagar,Kicchha APMC,Mango,Chausa,Medium,31/07/2026,3000,4000,3400
Uttarakhand,Udhamsinghnagar,Kicchha APMC,Banana,Banana - Ripe,Medium,31/07/2026,600,700,650
Uttarakhand,Udhamsinghnagar,Rudrapur APMC,Bottle gourd,Other,Medium,31/07/2026,1500,2500,2000
Uttarakhand,Udhamsinghnagar,Rudrapur APMC,French Beans(Frasbean),Other,Medium,31/07/2026,4000,6000,5000
Uttarakhand,Udhamsinghnagar,Rudrapur APMC,Cabbage,Other,Medium,31/07/2026,6000,7000,6500
Uttarakhand,Udhamsinghnagar,Rudrapur APMC,Brinjal,Other,Medium,31/07/2026,1000,2500,1500
Uttarakhand,Udhamsinghnagar,Rudrapur APMC,Colacasia,Other,Medium,31/07/2026,1500,2000,1800
Uttarakhand,Udhamsinghnagar,Rudrapur APMC,Raddish,Other,Medium,31/07/2026,1500,2000,1800
Uttarakhand,Udhamsinghnagar,Rudrapur APMC,Green Chilli,Other,Medium,31/07/2026,4000,6000,5000
Uttarakhand,Udhamsinghnagar,Rudrapur APMC,Garlic,Average,Local,31/07/2026,10000,12000,11000
Uttarakhand,Udhamsinghnagar,Rudrapur APMC,Pointed gourd(Parval),Other,Medium,31/07/2026,2000,3000,2500
Uttarakhand,Udhamsinghnagar,Rudrapur APMC,Mousambi(Sweet Lime),Other,Medium,31/07/2026,5000,7000,6000
Uttarakhand,Dehradoon,Vikasnagar APMC,Mousambi(Sweet Lime),Other,Medium,31/07/2026,2800,4000,4000
Uttarakhand,Dehradoon,Vikasnagar APMC,Papaya,Papaya,Medium,31/07/2026,1800,2100,2100
Uttarakhand,Dehradoon,Vikasnagar APMC,Cucumbar(Kheera),Other,Medium,31/07/2026,700,900,900
Uttarakhand,Dehradoon,Vikasnagar APMC,French Beans(Frasbean),Other,Medium,31/07/2026,1700,1900,1900
West Bengal,Medinipur(E),Tamluk (Medinipur E) APMC,Betal Leaves,Other,FAQ,31/07/2026,15000,40000,28000
West Bengal,Medinipur(E),Kolaghat APMC,Rice,Common,FAQ,31/07/2026,3600,3800,3700
West Bengal,Darjeeling,Darjeeling APMC,Raddish,Raddish,FAQ,31/07/2026,3200,3400,3300
West Bengal,Darjeeling,Siliguri APMC,Ginger(Green),Green Ginger,FAQ,31/07/2026,11000,12000,11500
West Bengal,Darjeeling,Siliguri APMC,Onion,Onion,FAQ,31/07/2026,2900,3100,3000
West Bengal,Darjeeling,Siliguri APMC,Potato,Jyoti,FAQ,31/07/2026,670,700,680
West Bengal,Jhargram,Jhargram APMC,Carrot,Other,FAQ,31/07/2026,2600,3000,2800
West Bengal,Jhargram,Jhargram APMC,Pointed gourd(Parval),Other,FAQ,31/07/2026,2800,3200,3000
West Bengal,Malda,Samsi APMC,Onion,Nasik,FAQ,31/07/2026,2450,3000,2850
West Bengal,Paschim Bardhaman,Asansol APMC,Rice,Fine,FAQ,31/07/2026,4650,4850,4765
West Bengal,Paschim Bardhaman,Asansol APMC,Mustard,Other,FAQ,31/07/2026,6250,6500,6400
West Bengal,Paschim Bardhaman,Asansol APMC,Potato,Jyoti,FAQ,31/07/2026,850,900,880
West Bengal,Paschim Bardhaman,Asansol APMC,Sweet Pumpkin,Other,FAQ,31/07/2026,1700,1950,1850
West Bengal,Medinipur(E),Tamluk (Medinipur E) APMC,Brinjal,Brinjal,FAQ,31/07/2026,4400,4800,4600
West Bengal,Medinipur(E),Kolaghat APMC,Rice,Fine,FAQ,31/07/2026,4600,4800,4700
West Bengal,Medinipur(E),Kolaghat APMC,Potato,Jyoti,FAQ,31/07/2026,760,800,780
West Bengal,Darjeeling,Karsiyang(Matigara) APMC,Onion,Nasik,FAQ,31/07/2026,3900,4100,4000
West Bengal,Darjeeling,Darjeeling APMC,Potato,Red,FAQ,31/07/2026,1400,1600,1500
West Bengal,Darjeeling,Siliguri APMC,Rice,Fine(Basmati),FAQ,31/07/2026,5100,5300,5200
West Bengal,Darjeeling,Siliguri APMC,Banana,Banana - Ripe,Grade A,31/07/2026,2100,2300,2200
West Bengal,Darjeeling,Siliguri APMC,Green Gram Dal(Moong Dal),Green Gram Dal,FAQ,31/07/2026,9600,9800,9700
West Bengal,Jhargram,Jhargram APMC,Sweet Pumpkin,Other,FAQ,31/07/2026,2600,3000,2800
West Bengal,Dakshin Dinajpur,Balurghat APMC,Onion,1st Sort,FAQ,31/07/2026,2600,3000,2800
West Bengal,Dakshin Dinajpur,Balurghat APMC,Brinjal,Round/Long,FAQ,31/07/2026,4000,4500,4200
West Bengal,Dakshin Dinajpur,Balurghat APMC,Green Chilli,Other,FAQ,31/07/2026,6000,7000,6500
West Bengal,Malda,Samsi APMC,Rice,Fine,FAQ,31/07/2026,5150,5400,5350
West Bengal,Paschim Bardhaman,Asansol APMC,Wheat,Kalyan,FAQ,31/07/2026,2500,2700,2600
West Bengal,Paschim Bardhaman,Asansol APMC,Ginger(Green),Other,FAQ,31/07/2026,9750,11000,9850
West Bengal,Paschim Bardhaman,Asansol APMC,Red gram split/Arhar dal/Tur dal,Arhar Dal(Tur),FAQ,31/07/2026,12500,12700,12600
West Bengal,Paschim Bardhaman,Asansol APMC,Onion,Nasik,FAQ,31/07/2026,2650,2800,2700
West Bengal,Medinipur(E),Tamluk (Medinipur E) APMC,Rice,Fine,FAQ,31/07/2026,4600,4800,4700
West Bengal,Medinipur(E),Tamluk (Medinipur E) APMC,Betal Leaves,Local,FAQ,31/07/2026,3000,9000,6000
West Bengal,Medinipur(E),Kolaghat APMC,Masur Dal,Masur Dal,FAQ,31/07/2026,10400,10800,10600
West Bengal,Darjeeling,Karsiyang(Matigara) APMC,Cabbage,Other,FAQ,31/07/2026,2600,2800,2700
West Bengal,Darjeeling,Darjeeling APMC,Cabbage,Other,FAQ,31/07/2026,2600,2800,2700
West Bengal,Darjeeling,Darjeeling APMC,Tomato,Other,FAQ,31/07/2026,3600,3800,3700
West Bengal,Darjeeling,Siliguri APMC,Masur Dal,Masur Dal,FAQ,31/07/2026,12300,12700,12500
West Bengal,Darjeeling,Siliguri APMC,Tomato,Tomato,FAQ,31/07/2026,2600,2800,2700
West Bengal,Darjeeling,Siliguri APMC,Squash(Chappal Kadoo),Other,FAQ,31/07/2026,1800,2000,1900
West Bengal,Jhargram,Jhargram APMC,Ladies Finger,Other,FAQ,31/07/2026,3800,4200,4000
West Bengal,Jhargram,Jhargram APMC,Green Chilli,Other,FAQ,31/07/2026,10500,11500,11000
West Bengal,Dakshin Dinajpur,Balurghat APMC,Tomato,Other,FAQ,31/07/2026,2800,3200,3000
West Bengal,Malda,Samsi APMC,Potato,Local,FAQ,31/07/2026,680,700,690
West Bengal,Paschim Bardhaman,Asansol APMC,Peas(Dry),Other,FAQ,31/07/2026,6765,7000,6850
West Bengal,Paschim Bardhaman,Asansol APMC,Brinjal,Other,FAQ,31/07/2026,3500,3800,3685
West Bengal,Dakshin Dinajpur,Gangarampur(Dakshin Dinajpur) APMC,Tomato,Other,FAQ,31/07/2026,2500,3000,2800
West Bengal,Dakshin Dinajpur,Gangarampur(Dakshin Dinajpur) APMC,Ridgeguard(Tori),Other,FAQ,31/07/2026,3500,4000,3800
West Bengal,Dakshin Dinajpur,Gangarampur(Dakshin Dinajpur) APMC,Bitter gourd,Other,FAQ,31/07/2026,3500,4000,3800
West Bengal,Medinipur(E),Kolaghat APMC,Marigold(loose),Marigold(Loose),FAQ,31/07/2026,5500,6500,6000
West Bengal,Medinipur(E),Kolaghat APMC,Tube Rose(Loose),Tube Rose (Loose),FAQ,31/07/2026,5000,6000,5500
West Bengal,Darjeeling,Karsiyang(Matigara) APMC,Squash(Chappal Kadoo),Other,FAQ,31/07/2026,2400,2600,2500
West Bengal,Darjeeling,Karsiyang(Matigara) APMC,Potato,Red,FAQ,31/07/2026,1400,1600,1500
West Bengal,Darjeeling,Darjeeling APMC,Squash(Chappal Kadoo),Other,FAQ,31/07/2026,2400,2600,2500
West Bengal,Darjeeling,Siliguri APMC,Black Gram Dal(Urd Dal),Black Gram Dal,FAQ,31/07/2026,12000,13000,12500
West Bengal,Jhargram,Jhargram APMC,Cucumbar(Kheera),Other,FAQ,31/07/2026,2400,2800,2600
West Bengal,Jhargram,Jhargram APMC,Little gourd(Kundru),Little gourd (Kundru),FAQ,31/07/2026,2600,3000,2800
West Bengal,Jhargram,Jhargram APMC,Potato,Jyoti,FAQ,31/07/2026,760,820,790
West Bengal,Dakshin Dinajpur,Balurghat APMC,Potato,Local,FAQ,31/07/2026,670,700,680
West Bengal,Dakshin Dinajpur,Balurghat APMC,Bitter gourd,Bitter Gourd,FAQ,31/07/2026,3800,4200,4000
West Bengal,Dakshin Dinajpur,Balurghat APMC,Cucumbar(Kheera),Cucumbar,FAQ,31/07/2026,3800,4200,4000
West Bengal,Dakshin Dinajpur,Balurghat APMC,Pointed gourd(Parval),Other,FAQ,31/07/2026,3500,4000,3800
West Bengal,Dakshin Dinajpur,Balurghat APMC,Ridgeguard(Tori),Other,FAQ,31/07/2026,3800,4200,4000
West Bengal,Dakshin Dinajpur,Gangarampur(Dakshin Dinajpur) APMC,Potato,Local,FAQ,31/07/2026,660,680,670
West Bengal,Dakshin Dinajpur,Gangarampur(Dakshin Dinajpur) APMC,Sweet Pumpkin,Other,FAQ,31/07/2026,1800,2200,2000
West Bengal,Dakshin Dinajpur,Gangarampur(Dakshin Dinajpur) APMC,Bhindi(Ladies Finger),Other,FAQ,31/07/2026,3500,4000,3800
West Bengal,Dakshin Dinajpur,Gangarampur(Dakshin Dinajpur) APMC,Cucumbar(Kheera),Other,FAQ,31/07/2026,3500,4000,3800
West Bengal,Dakshin Dinajpur,Gangarampur(Dakshin Dinajpur) APMC,Pointed gourd(Parval),Other,FAQ,31/07/2026,3500,4000,3800
West Bengal,Medinipur(E),Tamluk (Medinipur E) APMC,Masur Dal,Masur Dal,FAQ,31/07/2026,10400,10800,10600
West Bengal,Medinipur(E),Tamluk (Medinipur E) APMC,Rice,Common,FAQ,31/07/2026,3600,3800,3700
West Bengal,Medinipur(E),Tamluk (Medinipur E) APMC,Bitter gourd,Bitter Gourd,FAQ,31/07/2026,3800,4200,4000
West Bengal,Medinipur(E),Tamluk (Medinipur E) APMC,Onion,Onion,FAQ,31/07/2026,2200,2600,2400
West Bengal,Medinipur(E),Tamluk (Medinipur E) APMC,Sweet Pumpkin,Sweet Pumpkin,FAQ,31/07/2026,1800,2200,2000
West Bengal,Medinipur(E),Tamluk (Medinipur E) APMC,Potato,Jyoti,FAQ,31/07/2026,760,800,780
West Bengal,Medinipur(E),Kolaghat APMC,Rose(Local),Rose (Local),FAQ,31/07/2026,35000,37000,36000
West Bengal,Darjeeling,Karsiyang(Matigara) APMC,Carrot,Other,FAQ,31/07/2026,3300,3500,3400
West Bengal,Darjeeling,Karsiyang(Matigara) APMC,Tomato,Other,FAQ,31/07/2026,3600,3800,3700
West Bengal,Darjeeling,Darjeeling APMC,Ginger(Green),Other,FAQ,31/07/2026,9000,9500,9200
West Bengal,Darjeeling,Siliguri APMC,Green Chilli,Green Chilly,FAQ,31/07/2026,8000,8500,8200
West Bengal,Jhargram,Jhargram APMC,Brinjal,Other,FAQ,31/07/2026,4000,4500,4200
West Bengal,Dakshin Dinajpur,Balurghat APMC,Sweet Pumpkin,Other,FAQ,31/07/2026,1600,2000,1800
West Bengal,Dakshin Dinajpur,Balurghat APMC,Bhindi(Ladies Finger),Other,FAQ,31/07/2026,3800,4100,4000
West Bengal,Paschim Bardhaman,Asansol APMC,Masur Dal,Masur Dal,FAQ,31/07/2026,9685,9850,9750
West Bengal,Paschim Bardhaman,Asansol APMC,Green Gram Dal(Moong Dal),Green Gram Dal,FAQ,31/07/2026,12500,12650,12565
West Bengal,Dakshin Dinajpur,Gangarampur(Dakshin Dinajpur) APMC,Brinjal,Other,FAQ,31/07/2026,3500,4500,4000
West Bengal,Dakshin Dinajpur,Gangarampur(Dakshin Dinajpur) APMC,Onion,1st Sort,FAQ,31/07/2026,2500,3000,2800
West Bengal,Dakshin Dinajpur,Gangarampur(Dakshin Dinajpur) APMC,Green Chilli,Other,FAQ,31/07/2026,6000,7000,6500
West Bengal,Dakshin Dinajpur,Gangarampur(Dakshin Dinajpur) APMC,Squash(Chappal Kadoo),Other,FAQ,31/07/2026,2000,2500,2300
West Bengal,Dakshin Dinajpur,Gangarampur(Dakshin Dinajpur) APMC,Carrot,Other,FAQ,31/07/2026,3500,4000,3800
Andaman and Nicobar,North and Middle Andaman ,Diglipur Vegetable Market (Subhashgram),Ashgourd,Other,FAQ,31/07/2026,2500,5000,3500
Andaman and Nicobar,North and Middle Andaman ,Diglipur Vegetable Market (Subhashgram),Brinjal,Other,FAQ,31/07/2026,6000,12000,8000
Andaman and Nicobar,North and Middle Andaman ,Diglipur Vegetable Market (Subhashgram),Papaya(Raw),Other,FAQ,31/07/2026,3000,6000,4500
Andaman and Nicobar,North and Middle Andaman ,Diglipur Vegetable Market (Subhashgram),Coconut,Coconut,FAQ,31/07/2026,20,40,30
Andaman and Nicobar,North and Middle Andaman ,Diglipur Vegetable Market (Subhashgram),Banana - Green,Other,FAQ,31/07/2026,2000,4000,3000
Andaman and Nicobar,North and Middle Andaman ,Diglipur Vegetable Market (Subhashgram),Bhindi(Ladies Finger),Other,FAQ,31/07/2026,3000,6000,4500
Andaman and Nicobar,North and Middle Andaman ,Diglipur Vegetable Market (Subhashgram),Green Chilli,Other,FAQ,31/07/2026,40000,50000,45000
Andaman and Nicobar,North and Middle Andaman ,Diglipur Vegetable Market (Subhashgram),Pumpkin,Other,FAQ,31/07/2026,4000,8000,6000
Andaman and Nicobar,North and Middle Andaman ,Diglipur Vegetable Market (Subhashgram),Snakeguard,Other,FAQ,31/07/2026,3000,6000,4500
Andaman and Nicobar,North and Middle Andaman ,Diglipur Vegetable Market (Subhashgram),Black Gram(Urd Beans)(Whole),Other,FAQ,31/07/2026,8000,12000,9500
Andaman and Nicobar,North and Middle Andaman ,Diglipur Vegetable Market (Subhashgram),Amaranthus,Other,FAQ,31/07/2026,2000,4000,3000
Andaman and Nicobar,North and Middle Andaman ,Diglipur Vegetable Market (Subhashgram),Cowpea(Veg),Cowpea (Veg),FAQ,31/07/2026,2000,4000,3000
Andaman and Nicobar,North and Middle Andaman ,Diglipur Vegetable Market (Subhashgram),Ginger(Green),Other,FAQ,31/07/2026,20000,30000,25000
Andaman and Nicobar,North and Middle Andaman ,Diglipur Vegetable Market (Subhashgram),Little gourd(Kundru),Other,FAQ,31/07/2026,3000,6000,4500
Andaman and Nicobar,North and Middle Andaman ,Diglipur Vegetable Market (Subhashgram),Banana,Banana - Ripe,Local,31/07/2026,3000,6000,4500
Andaman and Nicobar,North and Middle Andaman ,Diglipur Vegetable Market (Subhashgram),Turmeric,Other,FAQ,31/07/2026,20000,30000,25000
Andaman and Nicobar,North and Middle Andaman ,Diglipur Vegetable Market (Subhashgram),Bitter gourd,Other,FAQ,31/07/2026,3000,6000,4500
Andaman and Nicobar,North and Middle Andaman ,Diglipur Vegetable Market (Subhashgram),Bottle gourd,Other,FAQ,31/07/2026,2000,4000,3000
Andaman and Nicobar,North and Middle Andaman ,Diglipur Vegetable Market (Subhashgram),Coriander(Leaves),Local,FAQ,31/07/2026,20000,30000,25000
Andaman and Nicobar,North and Middle Andaman ,Diglipur Vegetable Market (Subhashgram),Lemon,Other,FAQ,31/07/2026,3,7,5
Andaman and Nicobar,North and Middle Andaman ,Diglipur Vegetable Market (Subhashgram),Cucumbar(Kheera),Other,FAQ,31/07/2026,2000,4000,3000
Andaman and Nicobar,North and Middle Andaman ,Diglipur Vegetable Market (Subhashgram),Ridgeguard(Tori),Other,FAQ,31/07/2026,3000,6000,4500
Andaman and Nicobar,North and Middle Andaman ,Diglipur Vegetable Market (Subhashgram),Tender Coconut,Tender Coconut,Medium,31/07/2026,25,50,35
Andaman and Nicobar,North and Middle Andaman ,Diglipur Vegetable Market (Subhashgram),Green Gram(Moong)(Whole),Other,FAQ,31/07/2026,8000,12000,9500
Chandigarh,Chandigarh,Chandigarh (Grain/F&V) APMC,Mango,Other,Medium,31/07/2026,1000,7000,6000
Chandigarh,Chandigarh,Chandigarh (Grain/F&V) APMC,Tomato,Tomato,FAQ,31/07/2026,200,1200,1000
Chandigarh,Chandigarh,Chandigarh (Grain/F&V) APMC,Capsicum,Capsicum,FAQ,31/07/2026,3000,4000,3500
Chandigarh,Chandigarh,Chandigarh (Grain/F&V) APMC,Potato,Potato,FAQ,31/07/2026,400,1000,800
Chandigarh,Chandigarh,Chandigarh (Grain/F&V) APMC,Pumpkin,Pumpkin,Local,31/07/2026,800,1300,1200
Chandigarh,Chandigarh,Chandigarh (Grain/F&V) APMC,Ginger(Green),Green Ginger,FAQ,31/07/2026,5000,8500,8000
Chandigarh,Chandigarh,Chandigarh (Grain/F&V) APMC,Bitter gourd,Bitter Gourd,Local,31/07/2026,1000,1800,1500
Chandigarh,Chandigarh,Chandigarh (Grain/F&V) APMC,Lemon,Other,FAQ,31/07/2026,2500,3500,3000
Chandigarh,Chandigarh,Chandigarh (Grain/F&V) APMC,Onion,Onion,FAQ,31/07/2026,1400,3000,2800
Chandigarh,Chandigarh,Chandigarh (Grain/F&V) APMC,Mousambi(Sweet Lime),Mousambi,Medium,31/07/2026,1500,4000,3500
Chandigarh,Chandigarh,Chandigarh (Grain/F&V) APMC,Apple,Apple,Medium,31/07/2026,8000,28000,18000
Chandigarh,Chandigarh,Chandigarh (Grain/F&V) APMC,Water Melon,Other,Medium,31/07/2026,1000,2000,1500
Chandigarh,Chandigarh,Chandigarh (Grain/F&V) APMC,Cabbage,Cabbage,Local,31/07/2026,300,1000,800
Chandigarh,Chandigarh,Chandigarh (Grain/F&V) APMC,Carrot,Carrot,FAQ,31/07/2026,2500,3500,3000
Chandigarh,Chandigarh,Chandigarh (Grain/F&V) APMC,Cauliflower,Cauliflower,FAQ,31/07/2026,1500,2000,1800
Chandigarh,Chandigarh,Chandigarh (Grain/F&V) APMC,Plum,Other,Medium,31/07/2026,4000,8000,6000
Chandigarh,Chandigarh,Chandigarh (Grain/F&V) APMC,Pomegranate,Pomogranate,Medium,31/07/2026,5000,13000,10000
Chandigarh,Chandigarh,Chandigarh (Grain/F&V) APMC,Bottle gourd,Bottle Gourd,Local,31/07/2026,1000,1600,1400
Chandigarh,Chandigarh,Chandigarh (Grain/F&V) APMC,Bhindi(Ladies Finger),Bhindi,Local,31/07/2026,1000,1800,1500
Chandigarh,Chandigarh,Chandigarh (Grain/F&V) APMC,Brinjal,Brinjal,Local,31/07/2026,1000,1600,1400
Chandigarh,Chandigarh,Chandigarh (Grain/F&V) APMC,Cucumbar(Kheera),Cucumbar,Local,31/07/2026,500,1200,1000
Chandigarh,Chandigarh,Chandigarh (Grain/F&V) APMC,Green Chilli,Green Chilly,FAQ,31/07/2026,1500,3500,3000
Chandigarh,Chandigarh,Chandigarh (Grain/F&V) APMC,Peas Wet,Peas Wet,FAQ,31/07/2026,3000,5000,4500
Jammu and Kashmir,Baramulla,Sopore (Nowpora) (F&V),Apple,Condition,Grade A,31/07/2026,1850,1850,1850
Jammu and Kashmir,Jammu,MAC F&V Market Narwal Jammu,Mango,Langra,Medium,31/07/2026,7000,9000,8000
Jammu and Kashmir,Jammu,MAC F&V Market Narwal Jammu,Colacasia,Colacasia,FAQ,31/07/2026,1600,1800,1700
Jammu and Kashmir,Jammu,MAC F&V Market Narwal Jammu,French Beans(Frasbean),French Beans (Frasbean),FAQ,31/07/2026,3000,3500,3250
Jammu and Kashmir,Jammu,MAC F&V Market Narwal Jammu,Bitter gourd,Bitter Gourd,FAQ,31/07/2026,3000,3500,3250
Jammu and Kashmir,Jammu,MAC F&V Market Narwal Jammu,Carrot,Carrot,FAQ,31/07/2026,3000,4000,3500
Jammu and Kashmir,Udhampur,Fruit and Vegetable Market Udhampur,Pomegranate,Other,Grade B,31/07/2026,14000,14000,14000
Jammu and Kashmir,Kathua,Kathua (F&V),Papaya,Papaya,Grade B,31/07/2026,4500,5000,4750
Jammu and Kashmir,Kathua,Kathua (F&V),Cabbage,Cabbage,FAQ,31/07/2026,1500,2500,2000
Jammu and Kashmir,Kathua,Kathua (F&V),Indian Beans(Seam),Other,FAQ,31/07/2026,2500,5000,3750
Jammu and Kashmir,Kathua,Kathua (F&V),Potato,Potato,FAQ,31/07/2026,800,1600,1200
Jammu and Kashmir,Kathua,Kathua (F&V),Ridgeguard(Tori),Other,FAQ,31/07/2026,3000,4000,3500
Jammu and Kashmir,Kathua,Kathua (F&V),Round gourd,Round gourd,FAQ,31/07/2026,3500,4500,4000
Jammu and Kashmir,Jammu,MAC F&V Market Narwal Jammu,Karbuja(Musk Melon),Karbhuja,Medium,31/07/2026,6000,7000,6500
Jammu and Kashmir,Jammu,MAC F&V Market Narwal Jammu,Mango,Totapuri,Medium,31/07/2026,4500,7000,5750
Jammu and Kashmir,Jammu,MAC F&V Market Narwal Jammu,Cabbage,Cabbage,FAQ,31/07/2026,3000,3500,3250
Jammu and Kashmir,Jammu,MAC F&V Market Narwal Jammu,Brinjal,Brinjal,FAQ,31/07/2026,1800,2500,2150
Jammu and Kashmir,Jammu,MAC F&V Market Narwal Jammu,Capsicum,Capsicum,FAQ,31/07/2026,3000,3500,3250
Jammu and Kashmir,Jammu,MAC F&V Market Narwal Jammu,Cauliflower,Cauliflower,FAQ,31/07/2026,3000,4000,3500
Jammu and Kashmir,Jammu,MAC F&V Market Narwal Jammu,Coriander(Leaves),Coriander,FAQ,31/07/2026,3000,4500,3750
Jammu and Kashmir,Jammu,MAC F&V Market Narwal Jammu,Banana,Banana - Ripe,Grade B,31/07/2026,3500,4400,3950
Jammu and Kashmir,Jammu,MAC F&V Market Narwal Jammu,Pomegranate,Pomogranate,Medium,31/07/2026,8000,16000,12000
Jammu and Kashmir,Udhampur,Fruit and Vegetable Market Udhampur,Apple,Apple,Grade B,31/07/2026,12000,12000,12000
Jammu and Kashmir,Udhampur,Fruit and Vegetable Market Udhampur,Indian Beans(Seam),Other,Grade B,31/07/2026,4300,4300,4300
Jammu and Kashmir,Kathua,Kathua (F&V),Cucumbar(Kheera),Other,FAQ,31/07/2026,2500,4000,3250
Jammu and Kashmir,Kupwara,Handwara Kupwara (F&V),Apple,Hazratbali/Benoni,Medium,31/07/2026,2500,3000,2750
Jammu and Kashmir,Jammu,MAC F&V Market Narwal Jammu,Water Melon,Water Melon,Medium,31/07/2026,2000,3000,2500
Jammu and Kashmir,Jammu,MAC F&V Market Narwal Jammu,Plum,Plum,Medium,31/07/2026,6000,10000,8000
Jammu and Kashmir,Jammu,MAC F&V Market Narwal Jammu,Peach,Other,Medium,31/07/2026,4000,8000,6000
Jammu and Kashmir,Jammu,MAC F&V Market Narwal Jammu,Cucumbar(Kheera),Cucumbar,FAQ,31/07/2026,2000,2200,2100
Jammu and Kashmir,Jammu,MAC F&V Market Narwal Jammu,Guava,Guava,Medium,31/07/2026,7000,8500,7750
Jammu and Kashmir,Udhampur,Fruit and Vegetable Market Udhampur,Banana,Other,Grade B,31/07/2026,4400,4400,4400
Jammu and Kashmir,Udhampur,Fruit and Vegetable Market Udhampur,Tomato,Other,Grade B,31/07/2026,2300,2300,2300
Jammu and Kashmir,Kathua,Kathua (F&V),Pomegranate,Pomogranate,Grade B,31/07/2026,12000,15000,13500
Jammu and Kashmir,Kathua,Kathua (F&V),Bhindi(Ladies Finger),Bhindi,FAQ,31/07/2026,2000,2500,2250
Jammu and Kashmir,Kathua,Kathua (F&V),Capsicum,Capsicum,FAQ,31/07/2026,2000,5000,3500
Jammu and Kashmir,Kathua,Kathua (F&V),Green Chilli,Green Chilly,FAQ,31/07/2026,2000,3500,2750
Jammu and Kashmir,Kathua,Kathua (F&V),Onion,Nasik,FAQ,31/07/2026,2500,3000,2750
Jammu and Kashmir,Kathua,Kathua (F&V),Raddish,Raddish,FAQ,31/07/2026,1000,2000,1500
Jammu and Kashmir,Kathua,Kathua (F&V),Tomato,Hybrid,FAQ,31/07/2026,1000,3000,2000
Jammu and Kashmir,Baramulla,Sopore (Nowpora) (F&V),Apple,Hazratbali/Benoni,Grade A,31/07/2026,1350,1350,1350
Jammu and Kashmir,Jammu,MAC F&V Market Narwal Jammu,Beetroot,Beetroot,FAQ,31/07/2026,2800,3000,2900
Jammu and Kashmir,Jammu,MAC F&V Market Narwal Jammu,Mousambi(Sweet Lime),Mousambi,Medium,31/07/2026,4000,6000,5000
Jammu and Kashmir,Jammu,MAC F&V Market Narwal Jammu,Papaya,Papaya,Medium,31/07/2026,4000,5500,4750
Jammu and Kashmir,Jammu,MAC F&V Market Narwal Jammu,Pineapple,Pine Apple,Medium,31/07/2026,4000,4500,4250
Jammu and Kashmir,Udhampur,Fruit and Vegetable Market Udhampur,Cabbage,Other,Grade B,31/07/2026,2500,2500,2500
Jammu and Kashmir,Udhampur,Fruit and Vegetable Market Udhampur,Papaya,Papaya,Grade B,31/07/2026,5750,5750,5750
Jammu and Kashmir,Udhampur,Fruit and Vegetable Market Udhampur,Cucumbar(Kheera),Other,Grade B,31/07/2026,2300,2300,2300
Jammu and Kashmir,Udhampur,Fruit and Vegetable Market Udhampur,Brinjal,Other,Grade B,31/07/2026,2250,2250,2250
Jammu and Kashmir,Kathua,Kathua (F&V),Banana,Other,Grade B,31/07/2026,5000,5500,5250
Jammu and Kashmir,Kathua,Kathua (F&V),Pineapple,Pine Apple,Grade B,31/07/2026,4800,5000,4900
Jammu and Kashmir,Kathua,Kathua (F&V),Mousambi(Sweet Lime),Other,Grade B,31/07/2026,8000,10000,9000
Jammu and Kashmir,Kathua,Kathua (F&V),Pear(Marasebu),Other,Grade B,31/07/2026,7000,10000,8500
Jammu and Kashmir,Kathua,Kathua (F&V),Lemon,Other,FAQ,31/07/2026,6000,8000,7000
Jammu and Kashmir,Kathua,Kathua (F&V),Garlic,Garlic,FAQ,31/07/2026,15000,17000,16000
Jammu and Kashmir,Kathua,Kathua (F&V),Tinda,Other,FAQ,31/07/2026,4000,6000,5000
Jammu and Kashmir,Kathua,Kathua (F&V),Bottle gourd,Bottle Gourd,FAQ,31/07/2026,2000,3000,2500
Jammu and Kashmir,Jammu,MAC F&V Market Narwal Jammu,Mango,Chausa,Medium,31/07/2026,8000,10000,9000
Jammu and Kashmir,Jammu,MAC F&V Market Narwal Jammu,Mango,Fazli,Medium,31/07/2026,5400,6500,5950
Jammu and Kashmir,Jammu,MAC F&V Market Narwal Jammu,Pear(Marasebu),Pears,Medium,31/07/2026,6000,13000,9500
Jammu and Kashmir,Jammu,MAC F&V Market Narwal Jammu,Tender Coconut,Tender Coconut,Medium,31/07/2026,6600,7000,6800
Jammu and Kashmir,Udhampur,Fruit and Vegetable Market Udhampur,Bitter gourd,Bitter Gourd,Grade B,31/07/2026,4000,4000,4000
Jammu and Kashmir,Udhampur,Fruit and Vegetable Market Udhampur,Bhindi(Ladies Finger),Other,Grade B,31/07/2026,3500,3500,3500
Jammu and Kashmir,Udhampur,Fruit and Vegetable Market Udhampur,Potato,Other,Grade B,31/07/2026,1400,1400,1400
Jammu and Kashmir,Udhampur,Fruit and Vegetable Market Udhampur,Cauliflower,Other,Grade B,31/07/2026,2250,2250,2250
Jammu and Kashmir,Udhampur,Fruit and Vegetable Market Udhampur,Onion,Other,Grade B,31/07/2026,3100,3100,3100
Jammu and Kashmir,Kathua,Kathua (F&V),Apple,Delicious,Grade A,31/07/2026,4000,13000,8500
Jammu and Kashmir,Kathua,Kathua (F&V),Plum,Other,Grade B,31/07/2026,5000,6500,5750
Jammu and Kashmir,Kathua,Kathua (F&V),Bitter gourd,Other,FAQ,31/07/2026,2500,3500,3000
Jammu and Kashmir,Kathua,Kathua (F&V),Brinjal,Round/Long,FAQ,31/07/2026,2000,3000,2500
Jammu and Kashmir,Kathua,Kathua (F&V),Ginger(Green),Green Ginger,FAQ,31/07/2026,14000,16000,15000
Jammu and Kashmir,Kathua,Kathua (F&V),Knool Khol,Knool Khol,FAQ,31/07/2026,2000,5000,3500
Jammu and Kashmir,Kathua,Kathua (F&V),Cauliflower,Other,FAQ,31/07/2026,1500,4500,3000
Jammu and Kashmir,Kathua,Kathua (F&V),Pumpkin,Pumpkin,FAQ,31/07/2026,700,1500,1100
Jammu and Kashmir,Kupwara,Handwara Kupwara (F&V),Apple,Rizakwadi,Medium,31/07/2026,2500,2500,2500
Jammu and Kashmir,Kupwara,Handwara Kupwara (F&V),Apple,Hdp Gala Group,Medium,31/07/2026,4375,4375,4375
